1	2.34
2	0.9037
3	2.927
4	3.399
5	3.009
6	4.291
7	0.8108
8	2.083
9	1.852
10	2.731
11	4.98
12	2.914
13	2.868
14	3.365
15	2.768
16	3.272
17	3.167
18	3.405
19	1.893
20	1.01
21	2.755
22	1.671
23	1.262
24	2.618
25	1.676
26	4.649
27	3.178
28	1.091
29	2.151
30	2.688
31	2.605
32	1.728
33	2.723
34	0.9338
35	2.503
36	1.981
37	1.769
38	1.815
39	1.755
40	1.959
41	3.199
42	3.221
43	2.802
44	2.519
45	2.455
46	1.814
47	2.885
48	1.655
49	5.347
50	3.183
51	2.832
52	1.803
53	1.881
54	1.689
55	4.124
56	4.578
57	3.847
58	3.137
59	2.038
60	3.18
61	5.429
62	2.705
63	1.853
64	2.342
65	2.585
66	1.619
67	2.908
68	1.823
69	1.142
70	3.458
71	4.269
72	1.96
73	3.379
74	2.201
75	1.922
76	0.9269
77	2.991
78	1.765
79	4.451
80	5.257
81	2.762
82	2.317
83	0.7129
84	1.723
85	1.53
86	0.7938
87	0.9566
88	2.117
89	1.466
90	2.429
91	2.151
92	2.298
93	1.491
94	3.558
95	2.803
96	2.299
97	2.902
98	2.117
99	1.046
100	2.956
101	2.648
102	2.59
103	3.037
104	2.089
105	3.472
106	1.357
107	2.999
108	3.416
109	3.773
110	2.152
111	1.89
112	2.761
113	2.584
114	2.887
115	1.847
116	1.862
117	3.236
118	1.843
119	3.713
120	6.455
121	2.617
122	2.169
123	3.908
124	1.852
125	2.841
126	1.436
127	2.087
128	1.412
129	2.157
130	2.45
131	2.437
132	5.205
133	3.657
134	2.517
135	2.162
136	1.301
137	2.515
138	1.952
139	4.542
140	3.843
141	6.301
142	5.032
143	3.077
144	1.021
145	3.086
146	2.186
147	1.045
148	3.001
149	3.522
150	1.905
151	0.9564
152	1.996
153	2.061
154	2.6
155	0.8556
156	0.8904
157	2.152
158	2.983
159	2.491
160	2.979
161	3.389
162	4.38
163	4.833
164	2.375
165	3.097
166	3.409
167	1.599
168	3.339
169	3.043
170	2.648
171	3.868
172	5.395
173	2.335
174	2.393
175	3.931
176	5.896
177	4.019
178	2.97
179	3.49
180	4.699
181	2.696
182	3.084
183	3.001
184	0.8809
185	3.445
186	3.536
187	2.911
188	1.583
189	2.021
190	2.309
191	4.133
192	1.423
193	4.082
194	3.387
195	4.091
196	1.908
197	2.379
198	2.426
199	2.527
200	2.669
201	2.046
202	3.537
203	2.036
204	3.809
205	3.952
206	1.944
207	5.546
208	2.88
209	2.68
210	1.44
211	2.835
212	1.247
213	3.015
214	4.078
215	6.383
216	2.095
217	5.67
218	3.229
219	2.739
220	3.229
221	2.482
222	0.6945
223	7.142
224	4.493
225	2.065
226	5.307
227	4.246
228	1.652
229	2.42
230	3.999
231	2.851
232	1.253
233	0.76
234	1.072
235	2.047
236	1.976
237	3.051
238	2.501
239	3.434
240	4.01
241	2.764
242	1.933
243	1.654
244	1.493
245	4.856
246	2.572
247	2.077
248	2.476
249	1.67
250	4.672
251	1.484
252	1.317
253	1.819
254	3.031
255	1.84
256	1.713
257	1.884
258	4.341
259	2.997
260	3.1
261	2.653
262	2.688
263	1.675
264	1.242
265	4.534
266	2.958
267	0.7372
268	2.689
269	3.15
270	3.018
271	3.2
272	2.348
273	1.644
274	1.588
275	3.377
276	1.73
277	2.436
278	3.193
279	3.896
280	1.732
281	1.966
282	3.659
283	1.486
284	4.342
285	2.058
286	1.687
287	2.246
288	3.104
289	2.241
290	2.342
291	2.657
292	2.033
293	1.7
294	2.282
295	1.501
296	3.545
297	3.599
298	6.344
299	3.457
300	3.484
301	3.871
302	0.9757
303	1.89
304	2.355
305	1.538
306	1.14
307	5.205
308	3.943
309	4.022
310	2.634
311	3.105
312	2.924
313	1.691
314	0.9574
315	5.169
316	5.217
317	2.036
318	2.699
319	1.353
320	0.8272
321	1.631
322	2.582
323	3.624
324	2.901
325	2.765
326	1.775
327	1.887
328	3.292
329	2.174
330	3.529
331	3.395
332	1.617
333	1.325
334	5.726
335	4.991
336	2.922
337	1.594
338	0.6536
339	1.17
340	3.2
341	2.76
342	9.197
343	3.752
344	4.098
345	2.856
346	3.773
347	5.548
348	1.972
349	2.813
350	1.353
351	1.598
352	3.45
353	2.996
354	1.496
355	2.421
356	3.012
357	3.075
358	3.639
359	3.268
360	2.764
361	4.541
362	3.228
363	3.726
364	1.942
365	2.632
366	2.53
367	2.266
368	1.927
369	2.657
370	2.543
371	1.669
372	4.303
373	3.753
374	2.008
375	1.704
376	2.457
377	1.21
378	1.989
379	2.844
380	2.368
381	5.618
382	1.899
383	6.096
384	2.993
385	2.551
386	0.7198
387	2.041
388	2.16
389	4.242
390	3.688
391	3.705
392	6.324
393	3.796
394	3.008
395	1.324
396	1.772
397	2.453
398	2.662
399	2.54
400	2.732
401	0.9399
402	1.354
403	3.947
404	3.09
405	4.518
406	1.677
407	3.355
408	4.592
409	1.82
410	0.6339
411	0.9392
412	3.089
413	4.728
414	5.791
415	1.699
416	4.137
417	2.491
418	2.672
419	3.939
420	2.431
421	3.051
422	2.863
423	1.466
424	2.059
425	2.121
426	4.489
427	1.307
428	1.58
429	3.443
430	3.038
431	2.151
432	3.572
433	4.145
434	3.868
435	4.765
436	2.524
437	4.484
438	4.346
439	3.501
440	6.147
441	4.579
442	3.9
443	2.92
444	2.087
445	1.325
446	2.71
447	2.476
448	4.046
449	3.146
450	3.222
451	3.187
452	1.842
453	5.394
454	3.119
455	3.277
456	2.223
457	1.553
458	2.937
459	4.702
460	3.921
461	1.978
462	8.356
463	4.345
464	3.167
465	2.46
466	5.967
467	3.686
468	1.622
469	1.267
470	3.797
471	2.455
472	3.171
473	2.661
474	1.77
475	3.31
476	3.219
477	2.755
478	1.004
479	7.299
480	3.992
481	4.228
482	4.359
483	3.251
484	2.415
485	1.097
486	0.8684
487	1.7
488	2.384
489	1.388
490	1.144
491	0.8256
492	2.337
493	2.062
494	3.255
495	4.071
496	2.558
497	1.38
498	1.127
499	2.147
500	0.7353
501	1.359
502	1.934
503	2.12
504	1.391
505	3.259
506	1.927
507	1.023
508	0.5946
509	0.7634
510	5.069
511	5.242
512	4.336
513	1.417
514	2.005
515	3.127
516	3.317
517	2.301
518	2.332
519	2.5
520	3.967
521	3.348
522	4.55
523	5.447
524	0.8499
525	1.226
526	1.802
527	4.419
528	2.55
529	3.933
530	2.747
531	2.007
532	2.42
533	4.09
534	2.039
535	3.171
536	2.605
537	5.163
538	0.8809
539	1.26
540	1.711
541	2.992
542	1.924
543	4.629
544	3.778
545	3.115
546	2.429
547	2.21
548	5.175
549	5.905
550	1.895
551	2.895
552	3.253
553	3.36
554	2.813
555	2.701
556	4.017
557	3.602
558	6.145
559	3.861
560	2.396
561	3.807
562	3.541
563	2.154
564	4.309
565	3.314
566	3.548
567	2.054
568	2.696
569	2.494
570	1.91
571	2.776
572	2.593
573	2.719
574	2.264
575	2.021
576	3.527
577	1.804
578	2.436
579	4.421
580	4.063
581	2.546
582	3.793
583	1.113
584	2.023
585	2.697
586	2.713
587	2.701
588	3.283
589	3.596
590	2.722
591	3.652
592	2.219
593	2.711
594	3.17
595	5.378
596	3.357
597	2.039
598	2.594
599	2.469
600	5.856
601	3.518
602	4.855
603	3.159
604	4.436
605	6.987
606	5.571
607	3.256
608	2.928
609	2.432
610	4.036
611	4.978
612	2.505
613	2.103
614	2.975
615	2.169
616	1.388
617	2.375
618	4.223
619	2.18
620	3.232
621	4.999
622	3.63
623	5.085
624	4.694
625	2.649
626	3.144
627	5.871
628	4.5
629	3.65
630	2.052
631	3.673
632	3.017
633	2.667
634	1.318
635	1.049
636	4.636
637	1.309
638	3.059
639	2.165
640	2.412
641	4.531
642	6.568
643	3.273
644	1.852
645	2.424
646	2.23
647	3.37
648	3.043
649	2.574
650	2.382
651	4.145
652	3.394
653	3.984
654	2.853
655	3.031
656	3.207
657	4.095
658	3.706
659	3.723
660	2.501
661	3.346
662	2.58
663	1.476
664	4.463
665	2.752
666	4.88
667	2.176
668	2.936
669	2.596
670	1.478
671	4.289
672	2.518
673	1.912
674	1.745
675	1.736
676	2.075
677	2.202
678	3.502
679	5.113
680	2.072
681	1.658
682	0.775
683	1.416
684	3.702
685	2.561
686	2.598
687	2.596
688	2.49
689	3.577
690	1.971
691	1.841
692	1.852
693	2.409
694	3.27
695	1.804
696	1.513
697	3.108
698	1.897
699	7.018
700	2.957
701	4.242
702	2.745
703	5.597
704	4.093
705	2.611
706	3.301
707	3.031
708	3.42
709	3.211
710	3.387
711	4.062
712	2.743
713	3.202
714	2.396
715	1.47
716	0.7753
717	1.582
718	2.88
719	1.608
720	1.333
721	1.929
722	3.337
723	2.717
724	2.493
725	0.9857
726	2.357
727	3.28
728	2.942
729	2.0
730	2.588
731	3.301
732	3.491
733	4.177
734	2.903
735	1.001
736	2.165
737	2.544
738	0.9949
739	1.983
740	4.118
741	2.61
742	1.774
743	2.314
744	2.115
745	3.019
746	3.769
747	2.47
748	2.586
749	1.781
750	2.112
751	3.375
752	2.856
753	6.307
754	2.707
755	3.293
756	4.186
757	4.531
758	2.506
759	4.7
760	1.862
761	3.503
762	2.786
763	1.66
764	2.744
765	6.526
766	1.298
767	3.442
768	2.704
769	2.442
770	0.6162
771	3.25
772	2.146
773	3.787
774	1.814
775	2.989
776	4.985
777	3.759
778	2.049
779	6.998
780	3.138
781	1.955
782	2.342
783	3.149
784	2.667
785	2.723
786	2.411
787	2.56
788	3.021
789	3.141
790	2.734
791	1.495
792	1.483
793	3.562
794	1.804
795	2.781
796	1.479
797	1.948
798	4.323
799	2.415
800	2.113
801	5.426
802	5.886
803	1.266
804	1.596
805	3.265
806	2.531
807	2.808
808	2.521
809	3.648
810	1.538
811	2.553
812	1.575
813	3.285
814	2.009
815	1.611
816	1.883
817	3.906
818	2.664
819	2.551
820	2.278
821	4.733
822	3.035
823	4.483
824	1.499
825	1.819
826	2.808
827	4.916
828	3.803
829	2.838
830	3.414
831	1.844
832	0.9627
833	3.455
834	3.513
835	2.271
836	3.027
837	5.601
838	2.213
839	3.518
840	1.99
841	1.753
842	2.69
843	1.901
844	2.663
845	2.031
846	2.749
847	1.386
848	2.109
849	4.326
850	3.868
851	5.125
852	4.625
853	3.426
854	2.632
855	7.375
856	3.728
857	2.615
858	1.394
859	2.992
860	6.779
861	3.078
862	3.318
863	4.096
864	2.964
865	1.45
866	1.107
867	1.177
868	1.719
869	2.514
870	2.121
871	1.749
872	1.969
873	2.165
874	6.708
875	1.693
876	1.356
877	3.812
878	3.394
879	1.258
880	2.337
881	2.282
882	3.978
883	1.708
884	2.88
885	4.264
886	2.089
887	5.315
888	1.098
889	3.56
890	3.204
891	4.676
892	4.165
893	4.321
894	1.182
895	4.393
896	2.514
897	1.144
898	1.257
899	5.012
900	2.602
901	2.886
902	2.46
903	0.9182
904	1.47
905	1.197
906	1.19
907	1.749
908	3.734
909	2.601
910	4.315
911	4.587
912	1.751
913	2.583
914	2.492
915	2.966
916	1.863
917	1.975
918	4.067
919	2.941
920	5.052
921	1.027
922	2.29
923	4.518
924	3.115
925	2.756
926	5.137
927	0.8953
928	2.152
929	1.013
930	1.636
931	3.419
932	3.16
933	5.755
934	4.98
935	1.656
936	3.873
937	2.45
938	3.943
939	2.896
940	3.513
941	2.017
942	3.297
943	2.017
944	1.437
945	2.949
946	3.699
947	4.082
948	2.521
949	2.655
950	0.3544
951	3.068
952	3.149
953	2.687
954	5.271
955	1.345
956	2.919
957	2.122
958	1.803
959	2.524
960	2.685
961	0.5827
962	2.374
963	3.514
964	2.138
965	2.012
966	4.003
967	4.289
968	3.207
969	1.938
970	2.364
971	2.918
972	4.3
973	1.026
974	1.446
975	5.274
976	2.45
977	3.071
978	2.262
979	1.369
980	0.7989
981	1.647
982	2.187
983	4.828
984	6.922
985	2.555
986	1.409
987	3.618
988	2.943
989	2.858
990	2.083
991	2.224
992	2.494
993	2.072
994	1.736
995	4.211
996	4.562
997	4.536
998	2.565
999	5.36
1000	2.278
1001	2.031
1002	2.063
1003	0.9376
1004	3.238
1005	1.45
1006	2.46
1007	1.602
1008	2.48
1009	5.333
1010	3.365
1011	3.924
1012	2.168
1013	2.738
1014	6.692
1015	1.83
1016	1.641
1017	2.947
1018	1.47
1019	3.27
1020	2.027
1021	3.226
1022	2.395
1023	1.979
1024	2.852
1025	3.664
1026	3.972
1027	4.663
1028	3.283
1029	5.935
1030	1.998
1031	2.095
1032	4.388
1033	3.537
1034	1.954
1035	1.367
1036	2.906
1037	3.783
1038	1.618
1039	2.436
1040	2.587
1041	2.711
1042	2.338
1043	7.259
1044	3.088
1045	1.919
1046	5.62
1047	5.56
1048	2.714
1049	3.948
1050	7.49
1051	2.99
1052	1.5
1053	1.084
1054	1.23
1055	5.943
1056	1.579
1057	3.224
1058	2.645
1059	3.067
1060	2.721
1061	1.955
1062	2.42
1063	2.888
1064	2.721
1065	2.243
1066	2.697
1067	1.317
1068	1.479
1069	1.108
1070	2.246
1071	2.896
1072	1.998
1073	5.902
1074	2.417
1075	2.717
1076	1.401
1077	2.954
1078	1.386
1079	3.485
1080	3.967
1081	2.567
1082	2.56
1083	2.913
1084	2.316
1085	1.706
1086	2.538
1087	4.359
1088	4.107
1089	3.222
1090	2.299
1091	2.393
1092	1.645
1093	2.194
1094	2.611
1095	2.6
1096	5.177
1097	3.758
1098	1.528
1099	2.661
1100	3.678
1101	2.112
1102	4.828
1103	2.742
1104	3.67
1105	2.222
1106	4.085
1107	3.985
1108	4.466
1109	3.606
1110	4.479
1111	2.359
1112	2.171
1113	2.218
1114	1.821
1115	6.457
1116	2.467
1117	3.032
1118	2.822
1119	3.692
1120	2.623
1121	2.617
1122	1.6
1123	2.749
1124	4.239
1125	2.312
1126	1.66
1127	2.27
1128	3.209
1129	1.972
1130	4.731
1131	5.248
1132	2.694
1133	2.17
1134	3.264
1135	5.286
1136	3.173
1137	1.899
1138	1.798
1139	1.672
1140	5.283
1141	4.454
1142	3.602
1143	1.965
1144	1.244
1145	2.858
1146	2.728
1147	2.516
1148	2.109
1149	4.244
1150	1.095
1151	3.828
1152	4.83
1153	3.727
1154	3.207
1155	5.041
1156	4.189
1157	1.291
1158	2.974
1159	4.467
1160	1.246
1161	3.861
1162	3.744
1163	2.94
1164	4.387
1165	2.637
1166	4.572
1167	2.657
1168	2.608
1169	0.5317
1170	3.977
1171	2.855
1172	2.786
1173	1.688
1174	5.487
1175	3.581
1176	3.211
1177	5.782
1178	1.303
1179	3.096
1180	1.861
1181	1.383
1182	4.25
1183	4.809
1184	1.731
1185	1.537
1186	2.795
1187	2.111
1188	3.067
1189	3.624
1190	4.859
1191	2.689
1192	1.341
1193	1.141
1194	2.862
1195	2.959
1196	4.172
1197	2.768
1198	2.218
1199	3.947
1200	3.186
1201	3.931
1202	1.959
1203	1.699
1204	2.491
1205	1.663
1206	2.113
1207	1.624
1208	2.271
1209	3.53
1210	0.858
1211	2.431
1212	3.117
1213	1.859
1214	3.464
1215	4.821
1216	2.864
1217	1.901
1218	3.462
1219	2.96
1220	1.585
1221	1.829
1222	4.115
1223	4.065
1224	2.03
1225	2.01
1226	1.965
1227	6.689
1228	1.76
1229	2.617
1230	1.656
1231	2.454
1232	2.564
1233	1.577
1234	2.62
1235	5.541
1236	1.361
1237	4.286
1238	2.72
1239	1.337
1240	2.517
1241	5.302
1242	3.579
1243	1.27
1244	4.29
1245	2.266
1246	4.397
1247	2.128
1248	2.018
1249	2.745
1250	1.027
1251	1.505
1252	3.052
1253	1.877
1254	2.539
1255	2.217
1256	2.864
1257	3.583
1258	2.745
1259	2.135
1260	5.163
1261	2.283
1262	2.164
1263	1.581
1264	1.238
1265	1.128
1266	2.2
1267	1.646
1268	4.032
1269	3.605
1270	3.402
1271	1.546
1272	2.48
1273	3.606
1274	4.635
1275	2.793
1276	3.077
1277	3.083
1278	1.866
1279	1.649
1280	2.665
1281	3.952
1282	2.428
1283	3.004
1284	3.367
1285	2.083
1286	4.333
1287	3.228
1288	3.182
1289	3.776
1290	3.745
1291	5.294
1292	2.101
1293	2.249
1294	1.798
1295	4.213
1296	2.46
1297	1.103
1298	2.564
1299	3.733
1300	3.094
1301	1.513
1302	2.822
1303	2.379
1304	2.829
1305	2.172
1306	4.26
1307	4.178
1308	2.817
1309	2.936
1310	2.708
1311	3.41
1312	3.701
1313	4.806
1314	2.223
1315	7.485
1316	2.913
1317	1.144
1318	1.779
1319	1.757
1320	3.111
1321	4.187
1322	2.94
1323	3.86
1324	2.497
1325	2.022
1326	1.808
1327	2.104
1328	3.528
1329	1.4
1330	2.97
1331	2.247
1332	3.296
1333	1.481
1334	2.577
1335	1.817
1336	1.154
1337	0.7583
1338	2.795
1339	1.859
1340	2.222
1341	1.911
1342	3.835
1343	3.008
1344	3.562
1345	1.641
1346	3.465
1347	4.062
1348	1.829
1349	2.015
1350	4.491
1351	5.542
1352	6.043
1353	2.11
1354	3.171
1355	4.57
1356	2.106
1357	2.279
1358	2.219
1359	1.413
1360	4.111
1361	4.746
1362	1.989
1363	2.908
1364	4.775
1365	4.006
1366	3.288
1367	1.664
1368	5.373
1369	2.72
1370	7.089
1371	1.264
1372	4.03
1373	0.7071
1374	1.574
1375	1.567
1376	3.718
1377	3.106
1378	3.409
1379	3.187
1380	3.218
1381	3.595
1382	3.754
1383	3.3
1384	2.39
1385	3.033
1386	2.583
1387	2.554
1388	0.7973
1389	1.552
1390	2.781
1391	1.395
1392	3.954
1393	3.396
1394	5.504
1395	3.175
1396	6.395
1397	2.208
1398	3.072
1399	2.941
1400	4.185
1401	2.269
1402	1.955
1403	4.522
1404	4.665
1405	4.158
1406	0.9751
1407	1.467
1408	2.979
1409	5.613
1410	1.532
1411	3.232
1412	1.825
1413	3.61
1414	4.981
1415	2.972
1416	2.512
1417	0.8631
1418	1.815
1419	1.515
1420	2.445
1421	3.638
1422	2.438
1423	4.036
1424	1.929
1425	2.863
1426	2.024
1427	3.547
1428	3.302
1429	2.377
1430	1.977
1431	3.154
1432	2.835
1433	3.48
1434	3.054
1435	2.978
1436	3.169
1437	2.93
1438	1.71
1439	2.576
1440	6.338
1441	2.212
1442	1.713
1443	2.4
1444	5.184
1445	4.877
1446	2.492
1447	3.513
1448	1.444
1449	1.106
1450	2.54
1451	1.661
1452	2.743
1453	1.474
1454	2.318
1455	3.902
1456	2.962
1457	3.295
1458	4.079
1459	3.242
1460	2.16
1461	2.965
1462	3.776
1463	5.246
1464	2.197
1465	3.952
1466	3.519
1467	1.818
1468	1.627
1469	2.193
1470	1.104
1471	3.323
1472	3.691
1473	4.985
1474	2.256
1475	5.967
1476	2.187
1477	1.463
1478	4.153
1479	1.963
1480	3.073
1481	1.295
1482	2.209
1483	2.587
1484	4.064
1485	1.425
1486	1.21
1487	2.364
1488	4.807
1489	4.068
1490	4.693
1491	4.903
1492	5.557
1493	2.743
1494	3.304
1495	3.677
1496	1.604
1497	2.072
1498	2.445
1499	3.639
1500	3.628
1501	1.361
1502	2.146
1503	0.8941
1504	1.326
1505	2.976
1506	1.339
1507	1.108
1508	2.701
1509	1.953
1510	3.589
1511	1.639
1512	2.231
1513	2.226
1514	4.153
1515	1.293
1516	6.46
1517	3.238
1518	4.176
1519	1.748
1520	4.397
1521	4.757
1522	3.206
1523	1.953
1524	2.214
1525	1.019
1526	0.856
1527	2.152
1528	3.169
1529	4.126
1530	2.967
1531	2.449
1532	2.845
1533	4.094
1534	3.547
1535	3.583
1536	2.985
1537	3.773
1538	2.867
1539	1.741
1540	2.571
1541	1.678
1542	5.623
1543	0.9364
1544	3.123
1545	3.574
1546	2.919
1547	4.689
1548	4.456
1549	2.618
1550	1.876
1551	2.17
1552	3.535
1553	1.935
1554	1.729
1555	2.067
1556	4.642
1557	1.526
1558	1.272
1559	1.862
1560	3.629
1561	3.043
1562	1.32
1563	2.472
1564	1.453
1565	0.9459
1566	3.216
1567	2.973
1568	2.363
1569	3.695
1570	1.546
1571	2.865
1572	2.489
1573	1.988
1574	4.036
1575	2.525
1576	1.075
1577	2.348
1578	2.18
1579	5.915
1580	3.179
1581	6.409
1582	1.117
1583	0.9867
1584	1.627
1585	2.009
1586	2.722
1587	2.618
1588	2.301
1589	2.757
1590	2.778
1591	1.889
1592	2.624
1593	2.447
1594	2.689
1595	1.45
1596	5.985
1597	3.552
1598	1.103
1599	0.8442
1600	3.506
1601	1.346
1602	4.893
1603	3.135
1604	1.367
1605	2.123
1606	2.224
1607	6.416
1608	3.536
1609	3.407
1610	1.272
1611	2.706
1612	2.578
1613	2.065
1614	3.708
1615	3.769
1616	1.987
1617	1.778
1618	1.73
1619	3.214
1620	4.561
1621	2.684
1622	2.638
1623	1.337
1624	1.286
1625	2.679
1626	3.935
1627	5.34
1628	2.555
1629	3.091
1630	3.025
1631	2.515
1632	2.67
1633	2.874
1634	1.644
1635	1.481
1636	2.371
1637	2.438
1638	2.341
1639	3.462
1640	2.842
1641	3.061
1642	4.091
1643	4.231
1644	2.088
1645	5.994
1646	2.016
1647	3.281
1648	4.177
1649	1.822
1650	1.156
1651	1.536
1652	1.884
1653	1.785
1654	1.843
1655	3.029
1656	2.101
1657	2.065
1658	2.212
1659	3.189
1660	1.747
1661	2.111
1662	4.388
1663	3.057
1664	1.988
1665	2.37
1666	3.116
1667	3.61
1668	2.656
1669	2.593
1670	2.59
1671	2.146
1672	1.702
1673	2.269
1674	1.976
1675	1.803
1676	5.42
1677	3.522
1678	1.487
1679	1.492
1680	2.852
1681	2.057
1682	1.886
1683	1.125
1684	2.352
1685	2.178
1686	2.688
1687	2.286
1688	4.542
1689	4.312
1690	2.213
1691	3.522
1692	4.641
1693	3.517
1694	5.184
1695	2.705
1696	4.914
1697	2.058
1698	1.886
1699	2.991
1700	2.429
1701	3.764
1702	2.801
1703	2.734
1704	5.585
1705	2.632
1706	6.615
1707	3.679
1708	1.584
1709	1.953
1710	3.287
1711	3.036
1712	4.311
1713	1.673
1714	2.164
1715	2.444
1716	1.017
1717	3.675
1718	1.116
1719	1.611
1720	1.924
1721	2.346
1722	2.07
1723	1.136
1724	2.528
1725	4.423
1726	2.693
1727	5.25
1728	3.407
1729	2.597
1730	4.25
1731	2.532
1732	2.084
1733	2.267
1734	5.064
1735	1.837
1736	3.316
1737	2.154
1738	1.831
1739	0.6966
1740	4.529
1741	3.388
1742	5.23
1743	2.586
1744	2.387
1745	5.078
1746	6.245
1747	3.449
1748	1.37
1749	1.461
1750	4.861
1751	2.124
1752	2.856
1753	2.104
1754	2.2
1755	6.048
1756	1.721
1757	3.545
1758	3.385
1759	6.187
1760	5.961
1761	5.016
1762	4.272
1763	2.24
1764	1.92
1765	2.979
1766	6.583
1767	6.181
1768	5.545
1769	1.428
1770	3.196
1771	2.542
1772	4.291
1773	2.047
1774	2.274
1775	2.965
1776	1.749
1777	2.79
1778	3.685
1779	1.791
1780	2.713
1781	5.177
1782	2.327
1783	4.275
1784	2.303
1785	4.818
1786	1.499
1787	2.723
1788	2.896
1789	4.329
1790	6.2
1791	4.062
1792	1.291
1793	2.595
1794	2.886
1795	3.464
1796	2.665
1797	2.283
1798	1.18
1799	1.937
1800	5.587
1801	3.982
1802	4.495
1803	3.908
1804	3.642
1805	3.069
1806	5.209
1807	2.695
1808	4.303
1809	3.593
1810	2.707
1811	3.121
1812	2.923
1813	3.707
1814	3.837
1815	2.335
1816	3.523
1817	5.266
1818	4.639
1819	4.335
1820	1.063
1821	1.974
1822	0.6384
1823	1.647
1824	2.841
1825	2.108
1826	2.477
1827	2.916
1828	2.191
1829	2.79
1830	3.417
1831	1.957
1832	2.884
1833	4.596
1834	1.798
1835	6.437
1836	3.39
1837	2.029
1838	1.412
1839	2.188
1840	3.593
1841	1.968
1842	3.623
1843	1.714
1844	2.539
1845	4.49
1846	2.955
1847	3.826
1848	4.81
1849	1.796
1850	1.953
1851	1.982
1852	2.058
1853	3.478
1854	5.696
1855	0.8095
1856	2.646
1857	2.659
1858	3.869
1859	4.712
1860	1.691
1861	3.309
1862	2.875
1863	1.936
1864	2.521
1865	1.3
1866	3.861
1867	1.96
1868	2.587
1869	4.558
1870	5.307
1871	5.051
1872	5.402
1873	2.034
1874	2.574
1875	1.992
1876	0.813
1877	4.763
1878	2.748
1879	3.333
1880	3.573
1881	3.115
1882	2.925
1883	4.991
1884	3.059
1885	2.645
1886	2.02
1887	2.741
1888	2.824
1889	1.775
1890	1.863
1891	4.463
1892	3.648
1893	5.174
1894	1.668
1895	3.115
1896	2.549
1897	1.469
1898	1.959
1899	1.044
1900	1.585
1901	2.606
1902	2.24
1903	3.455
1904	1.627
1905	0.7499
1906	1.74
1907	2.828
1908	2.22
1909	3.273
1910	3.811
1911	1.666
1912	1.747
1913	2.759
1914	6.798
1915	3.627
1916	2.335
1917	3.93
1918	4.863
1919	2.703
1920	2.213
1921	2.822
1922	3.025
1923	4.634
1924	1.536
1925	2.104
1926	2.991
1927	4.458
1928	3.239
1929	2.515
1930	3.439
1931	6.112
1932	1.674
1933	1.632
1934	3.107
1935	6.008
1936	1.565
1937	1.673
1938	3.464
1939	4.324
1940	1.626
1941	3.472
1942	2.651
1943	1.952
1944	1.618
1945	2.973
1946	3.48
1947	1.976
1948	1.035
1949	2.032
1950	2.901
1951	1.258
1952	3.111
1953	3.434
1954	2.377
1955	2.165
1956	1.712
1957	0.6006
1958	1.487
1959	2.218
1960	2.866
1961	1.167
1962	1.363
1963	1.962
1964	2.276
1965	2.517
1966	1.037
1967	3.169
1968	4.168
1969	4.354
1970	4.946
1971	2.28
1972	2.148
1973	4.064
1974	3.251
1975	1.715
1976	2.581
1977	3.682
1978	2.664
1979	4.634
1980	1.905
1981	1.423
1982	1.157
1983	1.998
1984	5.647
1985	2.33
1986	2.484
1987	2.144
1988	1.532
1989	5.014
1990	1.474
1991	3.267
1992	3.375
1993	2.014
1994	2.37
1995	4.175
1996	5.393
1997	2.53
1998	2.193
1999	3.134
2000	1.69
2001	4.082
2002	2.182
2003	1.026
2004	2.271
2005	3.08
2006	1.106
2007	1.721
2008	1.843
2009	3.113
2010	3.584
2011	3.49
2012	4.442
2013	2.671
2014	4.511
2015	2.963
2016	4.024
2017	2.694
2018	1.596
2019	4.456
2020	3.06
2021	1.681
2022	1.396
2023	1.861
2024	3.625
2025	2.534
2026	2.251
2027	2.039
2028	1.29
2029	1.636
2030	1.802
2031	4.919
2032	3.136
2033	2.988
2034	2.655
2035	2.14
2036	2.835
2037	2.27
2038	1.598
2039	2.654
2040	0.766
2041	0.6366
2042	1.803
2043	1.558
2044	3.382
2045	2.592
2046	1.301
2047	3.241
2048	1.929
2049	4.103
2050	2.667
2051	2.206
2052	4.525
2053	2.657
2054	2.476
2055	4.852
2056	6.782
2057	3.972
2058	2.407
2059	4.018
2060	3.442
2061	4.345
2062	3.039
2063	2.66
2064	2.824
2065	1.626
2066	2.96
2067	2.356
2068	3.066
2069	2.777
2070	0.9775
2071	1.422
2072	2.288
2073	3.677
2074	3.968
2075	3.073
2076	4.225
2077	4.759
2078	3.049
2079	5.558
2080	5.367
2081	1.259
2082	3.208
2083	2.863
2084	2.623
2085	1.678
2086	1.766
2087	2.704
2088	3.678
2089	2.83
2090	3.874
2091	3.609
2092	5.613
2093	3.893
2094	1.814
2095	2.816
2096	3.617
2097	3.287
2098	3.626
2099	4.784
2100	2.469
2101	5.054
2102	1.9
2103	3.086
2104	3.116
2105	1.287
2106	1.186
2107	3.936
2108	1.125
2109	2.688
2110	2.963
2111	1.998
2112	3.033
2113	5.92
2114	2.414
2115	4.701
2116	3.595
2117	2.111
2118	2.377
2119	4.056
2120	2.478
2121	2.11
2122	6.711
2123	6.97
2124	3.215
2125	2.714
2126	1.478
2127	3.311
2128	4.929
2129	3.163
2130	1.576
2131	3.549
2132	1.877
2133	3.226
2134	1.565
2135	2.719
2136	2.134
2137	5.12
2138	4.188
2139	3.074
2140	1.476
2141	2.039
2142	2.316
2143	1.784
2144	4.043
2145	0.8633
2146	1.521
2147	4.033
2148	2.76
2149	5.172
2150	5.96
2151	1.959
2152	3.4
2153	2.018
2154	4.345
2155	2.921
2156	1.22
2157	3.161
2158	3.225
2159	0.7337
2160	1.363
2161	1.587
2162	4.213
2163	2.507
2164	1.645
2165	5.308
2166	5.135
2167	3.47
2168	1.677
2169	5.981
2170	2.09
2171	2.313
2172	1.518
2173	3.564
2174	1.692
2175	3.52
2176	1.085
2177	2.413
2178	4.013
2179	0.8691
2180	2.689
2181	1.813
2182	2.773
2183	3.227
2184	1.755
2185	1.802
2186	3.864
2187	3.221
2188	2.896
2189	4.52
2190	4.687
2191	4.274
2192	2.869
2193	3.771
2194	1.169
2195	3.558
2196	2.074
2197	2.087
2198	1.923
2199	7.247
2200	3.013
2201	2.267
2202	2.345
2203	4.132
2204	4.042
2205	2.503
2206	5.168
2207	7.331
2208	4.038
2209	1.152
2210	0.9898
2211	2.992
2212	1.569
2213	2.789
2214	2.874
2215	3.76
2216	3.132
2217	5.073
2218	5.107
2219	2.966
2220	2.745
2221	2.352
2222	2.94
2223	3.148
2224	3.883
2225	1.585
2226	4.026
2227	4.45
2228	3.83
2229	6.022
2230	3.778
2231	2.316
2232	2.951
2233	2.742
2234	1.672
2235	1.985
2236	4.332
2237	2.173
2238	3.908
2239	3.528
2240	1.133
2241	1.782
2242	3.82
2243	6.401
2244	4.058
2245	2.993
2246	2.543
2247	2.679
2248	2.806
2249	2.014
2250	1.705
2251	3.815
2252	1.807
2253	2.065
2254	3.504
2255	1.909
2256	3.352
2257	3.592
2258	3.352
2259	2.704
2260	2.781
2261	4.067
2262	2.75
2263	3.486
2264	1.736
2265	2.146
2266	1.624
2267	4.863
2268	2.823
2269	1.679
2270	2.389
2271	7.102
2272	4.683
2273	4.021
2274	2.441
2275	2.756
2276	1.808
2277	1.755
2278	5.025
2279	3.786
2280	4.52
2281	4.325
2282	3.93
2283	4.016
2284	4.342
2285	2.173
2286	1.699
2287	1.02
2288	1.639
2289	1.511
2290	2.767
2291	3.274
2292	3.309
2293	1.599
2294	2.774
2295	2.706
2296	1.653
2297	3.575
2298	2.684
2299	3.81
2300	3.545
2301	5.598
2302	1.631
2303	1.776
2304	2.19
2305	1.274
2306	3.161
2307	1.155
2308	4.673
2309	2.984
2310	1.963
2311	3.904
2312	0.8587
2313	0.8661
2314	1.043
2315	0.4518
2316	3.585
2317	4.048
2318	2.951
2319	1.92
2320	3.328
2321	2.543
2322	2.325
2323	2.252
2324	3.291
2325	3.829
2326	2.991
2327	2.405
2328	2.062
2329	4.997
2330	3.161
2331	2.082
2332	3.989
2333	2.673
2334	1.759
2335	3.712
2336	2.615
2337	2.109
2338	3.263
2339	2.136
2340	3.026
2341	4.261
2342	3.751
2343	2.279
2344	2.42
2345	2.994
2346	2.179
2347	2.376
2348	3.888
2349	3.029
2350	3.339
2351	2.677
2352	1.305
2353	1.497
2354	1.022
2355	5.013
2356	1.718
2357	4.084
2358	4.656
2359	2.195
2360	7.118
2361	4.343
2362	2.221
2363	2.184
2364	1.736
2365	2.177
2366	2.377
2367	2.14
2368	3.114
2369	1.11
2370	4.127
2371	2.764
2372	5.384
2373	2.488
2374	2.778
2375	1.882
2376	2.784
2377	2.83
2378	1.286
2379	2.251
2380	2.78
2381	3.296
2382	2.908
2383	4.418
2384	2.791
2385	5.617
2386	2.783
2387	2.072
2388	1.562
2389	3.13
2390	2.934
2391	2.865
2392	2.104
2393	1.508
2394	2.937
2395	3.576
2396	3.741
2397	1.726
2398	2.537
2399	2.031
2400	1.734
2401	3.047
2402	3.16
2403	1.148
2404	2.098
2405	3.397
2406	1.899
2407	3.413
2408	1.301
2409	2.728
2410	4.708
2411	3.775
2412	2.282
2413	2.436
2414	3.015
2415	4.895
2416	6.117
2417	4.549
2418	5.063
2419	3.812
2420	1.77
2421	0.9597
2422	3.093
2423	4.411
2424	2.33
2425	2.75
2426	2.858
2427	1.43
2428	4.787
2429	2.404
2430	2.315
2431	3.895
2432	2.214
2433	1.714
2434	1.775
2435	3.061
2436	2.761
2437	5.072
2438	2.921
2439	2.523
2440	4.785
2441	4.173
2442	3.717
2443	1.852
2444	3.106
2445	3.38
2446	7.806
2447	1.907
2448	3.511
2449	2.944
2450	1.559
2451	0.9333
2452	2.37
2453	6.761
2454	1.988
2455	4.204
2456	4.66
2457	3.507
2458	1.374
2459	1.32
2460	2.295
2461	2.504
2462	3.635
2463	4.767
2464	3.354
2465	1.769
2466	2.76
2467	2.901
2468	3.453
2469	8.082
2470	2.093
2471	1.976
2472	4.008
2473	3.15
2474	1.967
2475	4.274
2476	1.881
2477	2.703
2478	1.964
2479	5.938
2480	5.018
2481	2.136
2482	2.391
2483	1.25
2484	2.494
2485	2.446
2486	5.592
2487	1.989
2488	2.484
2489	1.515
2490	2.797
2491	3.777
2492	2.745
2493	3.534
2494	3.887
2495	4.342
2496	5.626
2497	2.071
2498	4.23
2499	5.312
2500	2.86
2501	1.958
2502	2.216
2503	2.484
2504	1.891
2505	1.46
2506	2.419
2507	1.441
2508	2.319
2509	1.596
2510	4.24
2511	3.777
2512	2.247
2513	2.408
2514	2.416
2515	1.815
2516	3.253
2517	3.843
2518	3.416
2519	3.241
2520	2.624
2521	3.98
2522	2.94
2523	2.608
2524	2.847
2525	3.517
2526	2.964
2527	1.815
2528	2.673
2529	2.333
2530	2.109
2531	3.841
2532	3.426
2533	2.63
2534	5.394
2535	2.377
2536	2.148
2537	3.732
2538	2.778
2539	1.981
2540	2.011
2541	1.415
2542	1.862
2543	3.07
2544	1.935
2545	5.454
2546	5.621
2547	3.134
2548	3.216
2549	1.358
2550	2.693
2551	1.365
2552	2.908
2553	4.861
2554	2.697
2555	4.472
2556	5.219
2557	2.691
2558	2.753
2559	3.469
2560	4.56
2561	1.974
2562	2.586
2563	4.642
2564	3.001
2565	2.896
2566	1.88
2567	1.896
2568	2.599
2569	1.908
2570	1.652
2571	2.465
2572	1.791
2573	3.011
2574	0.8279
2575	1.768
2576	1.353
2577	1.69
2578	1.296
2579	2.558
2580	2.715
2581	1.257
2582	1.198
2583	8.078
2584	1.848
2585	1.565
2586	3.457
2587	1.465
2588	3.662
2589	2.217
2590	3.386
2591	0.9019
2592	0.989
2593	2.653
2594	2.652
2595	2.236
2596	3.054
2597	2.596
2598	4.401
2599	2.445
2600	1.768
2601	2.184
2602	3.047
2603	2.379
2604	1.341
2605	1.975
2606	2.178
2607	3.042
2608	2.09
2609	0.7818
2610	3.245
2611	1.589
2612	3.152
2613	2.563
2614	3.779
2615	2.2
2616	2.067
2617	3.743
2618	2.825
2619	1.189
2620	1.549
2621	4.184
2622	1.937
2623	3.577
2624	2.519
2625	3.152
2626	1.649
2627	1.649
2628	2.348
2629	1.214
2630	1.406
2631	2.181
2632	2.67
2633	5.578
2634	6.045
2635	3.608
2636	1.632
2637	2.138
2638	2.076
2639	5.257
2640	3.845
2641	2.074
2642	2.927
2643	1.408
2644	1.398
2645	2.809
2646	2.149
2647	5.305
2648	2.047
2649	2.391
2650	5.385
2651	3.322
2652	1.087
2653	2.795
2654	2.113
2655	2.531
2656	1.521
2657	3.934
2658	3.65
2659	3.374
2660	3.011
2661	4.778
2662	2.766
2663	3.291
2664	3.521
2665	2.904
2666	1.88
2667	2.041
2668	4.739
2669	1.149
2670	2.066
2671	4.233
2672	3.415
2673	4.023
2674	1.808
2675	1.699
2676	3.138
2677	2.527
2678	2.935
2679	2.168
2680	4.668
2681	4.302
2682	2.179
2683	5.146
2684	6.11
2685	1.823
2686	2.759
2687	2.289
2688	2.253
2689	4.088
2690	2.682
2691	2.808
2692	3.585
2693	2.217
2694	3.509
2695	4.061
2696	4.356
2697	2.93
2698	1.903
2699	1.801
2700	0.772
2701	2.344
2702	3.327
2703	3.229
2704	3.684
2705	3.217
2706	3.971
2707	2.069
2708	3.22
2709	4.614
2710	4.515
2711	4.318
2712	1.56
2713	2.098
2714	3.112
2715	3.337
2716	1.107
2717	2.576
2718	2.538
2719	1.76
2720	1.64
2721	3.589
2722	3.381
2723	2.741
2724	3.724
2725	6.186
2726	3.102
2727	4.296
2728	2.642
2729	4.526
2730	3.813
2731	1.653
2732	4.113
2733	5.309
2734	3.187
2735	4.881
2736	2.589
2737	1.098
2738	3.251
2739	1.081
2740	5.152
2741	2.8
2742	1.933
2743	2.542
2744	1.601
2745	3.72
2746	5.431
2747	4.268
2748	1.142
2749	2.688
2750	1.96
2751	2.513
2752	2.941
2753	3.218
2754	3.203
2755	1.683
2756	0.8964
2757	1.752
2758	4.356
2759	2.173
2760	1.853
2761	4.174
2762	5.247
2763	2.657
2764	2.874
2765	0.9758
2766	2.876
2767	3.079
2768	2.283
2769	3.789
2770	3.032
2771	2.419
2772	1.134
2773	1.253
2774	2.17
2775	2.672
2776	3.3
2777	5.412
2778	1.538
2779	1.752
2780	2.856
2781	3.798
2782	3.247
2783	2.965
2784	3.879
2785	4.335
2786	2.441
2787	3.297
2788	1.465
2789	1.952
2790	1.697
2791	2.088
2792	5.303
2793	3.078
2794	3.4
2795	6.374
2796	2.049
2797	1.681
2798	3.163
2799	4.188
2800	1.113
2801	2.878
2802	2.046
2803	2.081
2804	2.654
2805	3.259
2806	2.966
2807	4.6
2808	2.012
2809	5.241
2810	4.555
2811	2.615
2812	2.492
2813	2.429
2814	1.851
2815	5.892
2816	2.045
2817	5.269
2818	4.73
2819	2.398
2820	2.464
2821	5.289
2822	4.283
2823	4.568
2824	3.441
2825	4.432
2826	1.485
2827	2.701
2828	0.9439
2829	2.059
2830	4.478
2831	3.183
2832	1.831
2833	5.824
2834	3.778
2835	1.387
2836	1.597
2837	1.109
2838	1.785
2839	2.421
2840	3.184
2841	2.624
2842	2.689
2843	4.566
2844	4.594
2845	1.326
2846	3.094
2847	3.744
2848	1.464
2849	1.972
2850	3.783
2851	2.637
2852	1.837
2853	2.066
2854	1.634
2855	2.733
2856	4.093
2857	2.308
2858	2.544
2859	1.374
2860	2.052
2861	2.974
2862	2.508
2863	3.291
2864	4.151
2865	2.837
2866	2.686
2867	2.974
2868	6.013
2869	2.219
2870	2.831
2871	2.081
2872	4.335
2873	2.478
2874	1.959
2875	2.436
2876	6.772
2877	4.016
2878	4.832
2879	5.41
2880	2.441
2881	1.306
2882	3.614
2883	2.164
2884	2.011
2885	1.661
2886	2.001
2887	3.219
2888	3.74
2889	2.738
2890	4.768
2891	4.943
2892	4.853
2893	3.441
2894	1.664
2895	2.162
2896	4.83
2897	3.956
2898	6.299
2899	2.711
2900	2.19
2901	2.179
2902	3.057
2903	2.408
2904	3.907
2905	2.292
2906	1.883
2907	3.314
2908	2.266
2909	1.933
2910	2.493
2911	3.97
2912	1.905
2913	3.045
2914	3.229
2915	3.476
2916	2.449
2917	0.4553
2918	2.287
2919	3.487
2920	1.844
2921	3.569
2922	3.23
2923	4.139
2924	5.208
2925	3.081
2926	2.64
2927	2.264
2928	3.059
2929	2.807
2930	2.733
2931	1.588
2932	1.09
2933	1.901
2934	1.491
2935	3.824
2936	3.284
2937	2.32
2938	3.882
2939	2.718
2940	2.985
2941	2.73
2942	3.472
2943	1.577
2944	3.241
2945	6.586
2946	3.913
2947	0.9724
2948	3.742
2949	1.915
2950	1.419
2951	3.009
2952	1.514
2953	2.533
2954	1.657
2955	7.063
2956	5.512
2957	1.351
2958	1.255
2959	1.793
2960	3.703
2961	4.766
2962	2.037
2963	1.537
2964	2.879
2965	1.101
2966	0.5507
2967	5.268
2968	2.505
2969	3.592
2970	1.256
2971	2.508
2972	1.95
2973	3.728
2974	3.92
2975	2.611
2976	2.234
2977	1.233
2978	2.315
2979	1.029
2980	2.616
2981	4.805
2982	3.269
2983	1.769
2984	3.654
2985	4.176
2986	5.025
2987	1.847
2988	4.608
2989	2.789
2990	2.432
2991	2.284
2992	4.468
2993	3.196
2994	3.151
2995	4.029
2996	3.368
2997	3.459
2998	3.276
2999	3.339
3000	5.886
3001	2.12
3002	8.063
3003	3.634
3004	2.676
3005	3.395
3006	3.054
3007	4.243
3008	3.957
3009	2.921
3010	5.997
3011	1.453
3012	3.242
3013	3.397
3014	5.223
3015	1.723
3016	2.567
3017	3.051
3018	2.475
3019	2.501
3020	4.414
3021	1.455
3022	4.648
3023	4.659
3024	4.308
3025	1.358
3026	3.19
3027	5.535
3028	2.137
3029	4.876
3030	3.426
3031	4.647
3032	4.518
3033	3.68
3034	1.687
3035	4.217
3036	0.9142
3037	3.513
3038	2.682
3039	3.927
3040	2.304
3041	2.502
3042	3.83
3043	3.776
3044	2.06
3045	5.118
3046	3.027
3047	2.11
3048	3.831
3049	2.085
3050	1.184
3051	3.522
3052	2.919
3053	3.256
3054	0.8336
3055	2.66
3056	3.597
3057	5.419
3058	1.518
3059	4.187
3060	1.319
3061	2.128
3062	3.23
3063	2.393
3064	2.535
3065	3.817
3066	2.844
3067	3.162
3068	2.347
3069	2.443
3070	1.972
3071	3.052
3072	1.438
3073	1.945
3074	0.7182
3075	1.28
3076	2.614
3077	1.356
3078	1.973
3079	3.197
3080	4.113
3081	2.577
3082	1.948
3083	2.846
3084	2.203
3085	1.625
3086	3.822
3087	2.943
3088	2.759
3089	3.868
3090	4.319
3091	2.663
3092	3.802
3093	3.337
3094	2.026
3095	2.188
3096	2.754
3097	3.0
3098	3.378
3099	3.825
3100	2.227
3101	2.499
3102	1.876
3103	4.269
3104	4.226
3105	2.939
3106	3.296
3107	4.353
3108	4.667
3109	5.434
3110	3.67
3111	2.726
3112	1.645
3113	5.359
3114	3.797
3115	2.724
3116	3.83
3117	3.862
3118	2.385
3119	4.38
3120	2.561
3121	2.745
3122	6.68
3123	3.478
3124	3.528
3125	1.931
3126	5.074
3127	2.484
3128	4.304
3129	1.045
3130	1.059
3131	2.8
3132	1.911
3133	2.858
3134	1.85
3135	2.155
3136	1.66
3137	1.257
3138	2.919
3139	1.644
3140	2.208
3141	2.83
3142	2.499
3143	2.673
3144	3.358
3145	4.198
3146	4.092
3147	1.806
3148	2.435
3149	4.479
3150	2.028
3151	2.431
3152	3.713
3153	2.152
3154	3.196
3155	2.694
3156	1.198
3157	2.543
3158	2.769
3159	3.508
3160	4.493
3161	1.972
3162	2.449
3163	2.814
3164	4.946
3165	2.688
3166	2.263
3167	4.029
3168	3.205
3169	1.401
3170	2.773
3171	3.869
3172	2.631
3173	0.8322
3174	0.7873
3175	2.788
3176	1.485
3177	1.521
3178	1.242
3179	2.936
3180	2.262
3181	2.629
3182	1.213
3183	1.733
3184	1.83
3185	3.091
3186	3.705
3187	3.428
3188	5.757
3189	2.122
3190	3.347
3191	1.174
3192	3.582
3193	2.003
3194	2.495
3195	1.242
3196	3.61
3197	1.957
3198	1.148
3199	1.53
3200	1.395
3201	2.373
3202	1.261
3203	1.744
3204	3.512
3205	3.103
3206	1.58
3207	5.124
3208	2.3
3209	2.202
3210	5.473
3211	3.834
3212	1.456
3213	1.202
3214	0.9361
3215	2.365
3216	1.935
3217	4.043
3218	2.849
3219	8.641
3220	3.909
3221	1.966
3222	3.799
3223	2.928
3224	3.463
3225	3.722
3226	0.7424
3227	2.887
3228	3.189
3229	4.691
3230	2.544
3231	3.224
3232	2.059
3233	2.569
3234	1.505
3235	0.9353
3236	2.159
3237	1.343
3238	2.641
3239	2.13
3240	2.93
3241	3.517
3242	1.728
3243	2.515
3244	2.914
3245	1.59
3246	2.908
3247	3.351
3248	4.284
3249	0.8815
3250	1.352
3251	1.631
3252	1.459
3253	1.19
3254	2.341
3255	3.417
3256	3.917
3257	2.466
3258	2.137
3259	1.286
3260	2.245
3261	5.049
3262	2.667
3263	4.649
3264	2.727
3265	4.342
3266	4.633
3267	1.104
3268	1.244
3269	2.59
3270	2.842
3271	0.9646
3272	5.452
3273	3.346
3274	2.852
3275	1.713
3276	4.098
3277	3.267
3278	2.565
3279	4.158
3280	1.307
3281	2.716
3282	3.929
3283	1.343
3284	1.479
3285	2.326
3286	4.83
3287	2.71
3288	2.879
3289	2.54
3290	2.408
3291	4.455
3292	2.052
3293	4.128
3294	2.913
3295	3.872
3296	2.727
3297	2.275
3298	1.722
3299	2.873
3300	1.563
3301	1.703
3302	3.789
3303	4.673
3304	1.881
3305	2.423
3306	1.943
3307	3.166
3308	1.467
3309	3.772
3310	2.744
3311	4.818
3312	2.091
3313	1.539
3314	4.531
3315	3.756
3316	2.322
3317	3.419
3318	2.289
3319	0.6806
3320	2.738
3321	5.944
3322	3.651
3323	2.505
3324	4.23
3325	3.217
3326	3.768
3327	2.745
3328	3.218
3329	3.232
3330	2.031
3331	3.063
3332	2.783
3333	2.605
3334	1.944
3335	2.469
3336	1.927
3337	2.143
3338	4.545
3339	2.616
3340	3.424
3341	2.615
3342	2.994
3343	1.559
3344	2.522
3345	5.364
3346	4.644
3347	3.083
3348	4.159
3349	2.654
3350	2.639
3351	2.117
3352	5.881
3353	1.505
3354	3.167
3355	2.36
3356	2.947
3357	3.136
3358	2.597
3359	0.7557
3360	4.4
3361	4.194
3362	3.086
3363	1.495
3364	2.626
3365	1.845
3366	1.871
3367	2.031
3368	1.726
3369	1.444
3370	3.657
3371	2.135
3372	0.7743
3373	1.772
3374	2.28
3375	1.655
3376	1.783
3377	1.532
3378	5.202
3379	3.07
3380	1.969
3381	2.259
3382	3.634
3383	4.225
3384	4.136
3385	4.139
3386	3.867
3387	3.256
3388	2.54
3389	3.211
3390	3.864
3391	2.78
3392	2.935
3393	2.269
3394	3.029
3395	2.18
3396	2.461
3397	5.536
3398	1.904
3399	2.063
3400	3.179
3401	3.337
3402	1.655
3403	2.951
3404	1.336
3405	2.75
3406	2.185
3407	4.17
3408	3.51
3409	2.066
3410	2.844
3411	1.308
3412	1.873
3413	1.57
3414	3.216
3415	2.979
3416	3.488
3417	2.411
3418	1.482
3419	3.671
3420	2.621
3421	5.263
3422	1.338
3423	0.8997
3424	2.715
3425	4.575
3426	3.755
3427	2.515
3428	4.442
3429	4.324
3430	2.668
3431	2.232
3432	1.36
3433	3.446
3434	3.547
3435	3.22
3436	2.802
3437	2.245
3438	3.135
3439	4.988
3440	6.111
3441	7.721
3442	2.259
3443	3.972
3444	3.981
3445	1.384
3446	4.223
3447	4.463
3448	1.848
3449	2.958
3450	2.148
3451	3.144
3452	2.817
3453	2.604
3454	1.683
3455	1.41
3456	2.469
3457	5.628
3458	2.343
3459	1.889
3460	2.974
3461	3.381
3462	3.522
3463	6.526
3464	1.77
3465	2.963
3466	1.627
3467	1.403
3468	2.042
3469	2.658
3470	1.063
3471	1.249
3472	0.8466
3473	3.028
3474	2.624
3475	2.856
3476	3.624
3477	2.852
3478	5.075
3479	2.926
3480	1.806
3481	2.643
3482	2.82
3483	3.755
3484	1.416
3485	1.99
3486	2.627
3487	1.456
3488	2.644
3489	4.365
3490	5.375
3491	1.795
3492	2.092
3493	0.819
3494	1.961
3495	5.197
3496	2.055
3497	1.687
3498	2.416
3499	4.09
3500	1.274
3501	2.206
3502	1.182
3503	2.696
3504	2.489
3505	2.179
3506	2.92
3507	2.138
3508	4.474
3509	3.133
3510	2.115
3511	3.525
3512	2.151
3513	3.092
3514	5.428
3515	3.526
3516	5.952
3517	4.809
3518	3.939
3519	2.963
3520	3.385
3521	4.403
3522	1.236
3523	2.465
3524	1.756
3525	1.93
3526	2.354
3527	2.915
3528	2.386
3529	4.428
3530	4.949
3531	1.804
3532	2.768
3533	2.533
3534	3.466
3535	1.035
3536	1.772
3537	4.165
3538	2.508
3539	2.492
3540	1.325
3541	1.872
3542	2.486
3543	3.171
3544	3.11
3545	2.068
3546	2.458
3547	5.298
3548	1.075
3549	2.838
3550	2.546
3551	3.709
3552	3.383
3553	2.752
3554	0.9096
3555	1.758
3556	2.369
3557	2.526
3558	1.657
3559	1.922
3560	2.114
3561	4.494
3562	2.345
3563	4.356
3564	4.254
3565	3.009
3566	3.051
3567	2.593
3568	3.594
3569	3.679
3570	4.513
3571	2.274
3572	2.817
3573	2.027
3574	2.659
3575	3.97
3576	1.886
3577	2.591
3578	3.591
3579	3.776
3580	5.057
3581	2.203
3582	1.737
3583	5.538
3584	1.34
3585	2.333
3586	1.188
3587	2.927
3588	1.703
3589	1.739
3590	0.6749
3591	5.608
3592	1.936
3593	4.136
3594	1.849
3595	3.815
3596	2.093
3597	2.822
3598	6.498
3599	3.331
3600	1.755
3601	4.02
3602	2.033
3603	1.899
3604	3.382
3605	2.242
3606	5.64
3607	3.127
3608	4.138
3609	2.607
3610	3.38
3611	4.677
3612	3.567
3613	2.574
3614	5.097
3615	5.04
3616	1.647
3617	1.319
3618	4.701
3619	5.408
3620	2.842
3621	5.026
3622	3.861
3623	3.548
3624	4.487
3625	6.138
3626	5.367
3627	1.949
3628	3.172
3629	4.156
3630	2.328
3631	3.757
3632	2.312
3633	0.5099
3634	4.677
3635	5.352
3636	2.226
3637	2.35
3638	2.845
3639	5.031
3640	2.068
3641	1.124
3642	1.412
3643	2.667
3644	2.255
3645	2.591
3646	1.769
3647	1.253
3648	2.329
3649	5.051
3650	2.094
3651	2.864
3652	2.543
3653	3.042
3654	1.936
3655	3.703
3656	1.888
3657	2.233
3658	2.708
3659	1.907
3660	2.549
3661	3.506
3662	1.23
3663	4.188
3664	1.946
3665	3.759
3666	3.094
3667	1.516
3668	2.634
3669	2.953
3670	2.187
3671	3.159
3672	0.7504
3673	2.542
3674	2.133
3675	1.818
3676	3.515
3677	4.147
3678	3.086
3679	3.835
3680	3.696
3681	2.465
3682	3.351
3683	2.443
3684	1.982
3685	2.859
3686	2.03
3687	1.992
3688	3.135
3689	4.129
3690	2.135
3691	3.135
3692	4.173
3693	2.249
3694	3.839
3695	3.187
3696	2.472
3697	4.516
3698	5.181
3699	4.632
3700	4.06
3701	1.322
3702	3.521
3703	1.755
3704	3.123
3705	2.596
3706	2.269
3707	2.841
3708	2.893
3709	1.927
3710	0.9621
3711	2.072
3712	3.839
3713	3.241
3714	4.873
3715	3.259
3716	4.586
3717	1.669
3718	1.224
3719	5.923
3720	1.607
3721	2.262
3722	2.175
3723	3.716
3724	2.274
3725	3.282
3726	5.592
3727	4.962
3728	1.914
3729	3.306
3730	2.551
3731	0.8905
3732	1.884
3733	2.869
3734	2.634
3735	2.552
3736	1.07
3737	0.6914
3738	1.798
3739	2.596
3740	1.999
3741	4.585
3742	4.089
3743	2.118
3744	1.395
3745	2.629
3746	3.59
3747	2.843
3748	0.9351
3749	2.975
3750	2.911
3751	2.681
3752	4.701
3753	5.065
3754	4.403
3755	2.045
3756	3.079
3757	2.185
3758	1.584
3759	1.812
3760	1.365
3761	2.087
3762	2.0
3763	1.866
3764	2.268
3765	4.189
3766	1.557
3767	1.478
3768	2.316
3769	2.835
3770	3.07
3771	3.364
3772	3.851
3773	5.327
3774	1.682
3775	2.801
3776	3.354
3777	2.238
3778	3.049
3779	3.455
3780	2.274
3781	2.617
3782	2.588
3783	0.6732
3784	2.537
3785	4.458
3786	2.361
3787	1.959
3788	0.9884
3789	0.8728
3790	7.157
3791	2.967
3792	3.268
3793	7.157
3794	5.249
3795	6.113
3796	1.601
3797	2.873
3798	1.627
3799	2.974
3800	2.196
3801	3.695
3802	2.04
3803	2.672
3804	3.953
3805	2.067
3806	3.647
3807	2.898
3808	2.922
3809	1.667
3810	6.971
3811	2.662
3812	2.001
3813	1.791
3814	5.563
3815	1.721
3816	1.663
3817	1.992
3818	0.8449
3819	2.889
3820	1.477
3821	1.385
3822	3.686
3823	1.179
3824	2.583
3825	1.756
3826	1.134
3827	3.408
3828	5.503
3829	5.446
3830	3.121
3831	3.638
3832	3.205
3833	2.2
3834	3.299
3835	1.118
3836	0.9308
3837	1.774
3838	1.679
3839	4.533
3840	2.791
3841	4.269
3842	2.802
3843	2.576
3844	7.042
3845	2.651
3846	2.369
3847	2.234
3848	2.76
3849	4.078
3850	3.917
3851	4.125
3852	1.248
3853	2.899
3854	7.016
3855	4.715
3856	1.766
3857	1.624
3858	1.517
3859	3.634
3860	6.059
3861	6.289
3862	2.07
3863	2.834
3864	1.006
3865	1.644
3866	2.393
3867	3.293
3868	4.888
3869	3.823
3870	4.66
3871	3.256
3872	1.167
3873	2.598
3874	2.878
3875	3.262
3876	1.624
3877	1.529
3878	1.093
3879	3.304
3880	3.292
3881	5.475
3882	2.313
3883	2.623
3884	2.95
3885	3.797
3886	2.103
3887	3.74
3888	2.871
3889	1.924
3890	1.688
3891	2.154
3892	2.891
3893	3.792
3894	4.161
3895	2.837
3896	2.785
3897	2.188
3898	4.825
3899	4.39
3900	2.089
3901	1.58
3902	4.768
3903	2.014
3904	3.61
3905	4.161
3906	2.301
3907	3.205
3908	4.655
3909	2.36
3910	2.732
3911	4.691
3912	3.278
3913	3.895
3914	5.366
3915	4.604
3916	3.229
3917	2.048
3918	2.791
3919	3.075
3920	1.578
3921	1.799
3922	2.376
3923	2.197
3924	2.13
3925	2.516
3926	2.623
3927	0.7905
3928	1.037
3929	2.128
3930	2.771
3931	4.296
3932	3.237
3933	1.672
3934	0.8701
3935	2.564
3936	3.553
3937	2.155
3938	2.69
3939	4.415
3940	4.803
3941	2.258
3942	4.83
3943	5.025
3944	5.065
3945	2.506
3946	1.785
3947	3.736
3948	3.972
3949	0.8343
3950	2.938
3951	3.901
3952	4.218
3953	3.617
3954	3.782
3955	4.321
3956	5.916
3957	1.611
3958	3.567
3959	3.566
3960	7.48
3961	2.348
3962	3.319
3963	3.009
3964	1.395
3965	1.543
3966	3.663
3967	3.619
3968	3.622
3969	1.459
3970	2.597
3971	9.074
3972	5.268
3973	3.402
3974	1.673
3975	6.037
3976	2.298
3977	3.955
3978	6.793
3979	2.106
3980	3.062
3981	4.161
3982	2.294
3983	1.992
3984	1.023
3985	2.212
3986	4.543
3987	1.739
3988	2.129
3989	2.672
3990	3.31
3991	3.04
3992	1.868
3993	4.457
3994	5.177
3995	4.353
3996	1.835
3997	0.813
3998	2.556
3999	2.977
4000	5.14
4001	3.076
4002	3.231
4003	2.862
4004	5.213
4005	4.822
4006	2.194
4007	1.09
4008	4.757
4009	2.052
4010	3.004
4011	1.36
4012	1.15
4013	2.924
4014	3.749
4015	3.071
4016	2.57
4017	4.15
4018	1.632
4019	1.497
4020	4.31
4021	2.439
4022	1.952
4023	1.471
4024	2.462
4025	4.051
4026	2.58
4027	1.558
4028	2.057
4029	1.663
4030	3.258
4031	3.127
4032	2.473
4033	3.567
4034	4.804
4035	2.1
4036	3.344
4037	2.726
4038	2.213
4039	4.823
4040	1.477
4041	1.586
4042	3.55
4043	4.375
4044	3.85
4045	3.834
4046	1.869
4047	3.001
4048	3.088
4049	3.669
4050	4.751
4051	2.748
4052	1.056
4053	2.24
4054	2.706
4055	3.418
4056	2.95
4057	3.745
4058	2.963
4059	5.513
4060	4.909
4061	3.551
4062	3.386
4063	2.999
4064	3.794
4065	4.595
4066	1.928
4067	2.081
4068	1.272
4069	1.787
4070	3.908
4071	3.297
4072	1.297
4073	3.54
4074	1.5
4075	1.187
4076	4.983
4077	2.547
4078	0.7207
4079	2.639
4080	4.905
4081	3.646
4082	3.452
4083	1.069
4084	3.57
4085	6.872
4086	2.22
4087	2.0
4088	2.356
4089	3.228
4090	5.143
4091	1.519
4092	2.468
4093	0.7697
4094	3.003
4095	2.252
4096	5.686
4097	6.566
4098	2.77
4099	3.366
4100	3.095
4101	3.135
4102	4.584
4103	3.771
4104	2.408
4105	4.754
4106	5.463
4107	2.516
4108	3.208
4109	4.204
4110	1.954
4111	2.26
4112	1.867
4113	2.428
4114	1.972
4115	1.034
4116	4.653
4117	3.738
4118	5.205
4119	3.541
4120	4.57
4121	3.211
4122	2.729
4123	1.603
4124	2.363
4125	2.434
4126	4.167
4127	2.759
4128	1.533
4129	1.428
4130	2.238
4131	4.473
4132	1.614
4133	3.457
4134	1.925
4135	1.954
4136	5.648
4137	4.788
4138	3.069
4139	3.195
4140	3.784
4141	2.271
4142	3.392
4143	2.007
4144	5.572
4145	2.79
4146	3.202
4147	4.581
4148	1.233
4149	2.495
4150	1.181
4151	1.577
4152	3.418
4153	4.356
4154	4.384
4155	4.211
4156	1.759
4157	3.027
4158	3.321
4159	2.64
4160	2.283
4161	2.741
4162	3.09
4163	3.842
4164	2.286
4165	1.804
4166	5.255
4167	4.901
4168	2.568
4169	2.202
4170	1.532
4171	1.239
4172	1.86
4173	3.345
4174	3.142
4175	3.888
4176	5.083
4177	1.422
4178	2.888
4179	6.412
4180	1.999
4181	3.155
4182	2.799
4183	2.632
4184	1.744
4185	1.983
4186	3.494
4187	1.498
4188	4.594
4189	3.485
4190	2.069
4191	3.951
4192	6.643
4193	2.33
4194	5.666
4195	2.64
4196	1.857
4197	2.44
4198	2.769
4199	1.998
4200	4.455
4201	1.747
4202	0.923
4203	1.854
4204	1.976
4205	2.185
4206	4.113
4207	2.04
4208	2.954
4209	3.721
4210	2.226
4211	3.643
4212	1.597
4213	4.886
4214	2.177
4215	3.381
4216	2.677
4217	2.881
4218	3.277
4219	2.474
4220	2.463
4221	4.348
4222	4.428
4223	4.518
4224	7.762
4225	3.391
4226	1.213
4227	1.629
4228	2.758
4229	3.591
4230	2.355
4231	1.957
4232	6.277
4233	3.639
4234	2.374
4235	2.676
4236	3.536
4237	1.418
4238	1.495
4239	2.903
4240	2.096
4241	1.237
4242	1.573
4243	3.067
4244	1.231
4245	1.339
4246	2.924
4247	1.837
4248	2.55
4249	5.749
4250	2.946
4251	4.488
4252	2.097
4253	2.222
4254	1.949
4255	2.527
4256	2.516
4257	5.176
4258	3.977
4259	3.867
4260	4.303
4261	2.662
4262	2.463
4263	5.656
4264	3.392
4265	1.019
4266	0.5829
4267	0.9079
4268	3.397
4269	4.009
4270	3.991
4271	3.135
4272	4.948
4273	2.533
4274	4.391
4275	5.541
4276	4.519
4277	4.355
4278	3.847
4279	2.987
4280	2.826
4281	3.635
4282	2.029
4283	2.487
4284	3.859
4285	3.629
4286	4.524
4287	3.673
4288	2.596
4289	3.41
4290	1.817
4291	3.163
4292	4.277
4293	3.169
4294	1.634
4295	1.829
4296	1.8
4297	2.823
4298	4.191
4299	4.858
4300	3.455
4301	3.753
4302	1.873
4303	3.183
4304	2.102
4305	2.828
4306	2.018
4307	3.126
4308	2.799
4309	1.954
4310	2.999
4311	5.081
4312	2.492
4313	7.336
4314	1.782
4315	4.219
4316	4.186
4317	2.888
4318	3.436
4319	3.946
4320	1.952
4321	3.555
4322	4.111
4323	4.145
4324	3.656
4325	2.625
4326	2.933
4327	4.35
4328	4.791
4329	3.592
4330	1.427
4331	2.863
4332	1.775
4333	3.443
4334	2.385
4335	1.654
4336	3.699
4337	4.64
4338	2.677
4339	4.386
4340	3.524
4341	4.273
4342	1.688
4343	2.56
4344	2.682
4345	2.053
4346	1.997
4347	2.294
4348	4.729
4349	1.975
4350	2.074
4351	1.284
4352	4.199
4353	3.277
4354	3.548
4355	1.167
4356	3.954
4357	3.737
4358	2.113
4359	2.67
4360	2.391
4361	3.168
4362	1.129
4363	4.598
4364	3.398
4365	6.42
4366	2.77
4367	1.553
4368	0.7261
4369	3.788
4370	1.621
4371	2.073
4372	3.087
4373	3.455
4374	2.708
4375	3.717
4376	2.005
4377	2.711
4378	2.647
4379	1.62
4380	1.774
4381	0.835
4382	1.377
4383	0.9358
4384	1.959
4385	2.535
4386	3.806
4387	4.167
4388	3.273
4389	2.657
4390	2.237
4391	3.247
4392	2.365
4393	5.111
4394	3.353
4395	1.573
4396	1.302
4397	4.033
4398	3.156
4399	3.479
4400	3.477
4401	2.625
4402	2.161
4403	2.248
4404	1.712
4405	1.478
4406	2.556
4407	3.751
4408	3.921
4409	2.345
4410	2.389
4411	1.116
4412	2.259
4413	2.156
4414	1.342
4415	2.435
4416	2.295
4417	1.796
4418	4.411
4419	1.982
4420	2.412
4421	3.642
4422	2.9
4423	3.155
4424	1.691
4425	4.304
4426	2.3
4427	2.304
4428	6.029
4429	2.243
4430	3.754
4431	3.754
4432	1.92
4433	2.603
4434	2.549
4435	2.75
4436	4.007
4437	5.285
4438	4.958
4439	4.173
4440	4.395
4441	2.049
4442	2.232
4443	1.847
4444	3.059
4445	2.277
4446	3.885
4447	0.9262
4448	1.743
4449	3.741
4450	5.793
4451	1.127
4452	2.799
4453	2.396
4454	1.311
4455	2.201
4456	4.778
4457	2.55
4458	2.289
4459	5.292
4460	5.515
4461	5.356
4462	4.879
4463	3.992
4464	2.818
4465	4.965
4466	4.909
4467	3.761
4468	0.8149
4469	2.035
4470	1.887
4471	1.665
4472	3.118
4473	4.027
4474	4.213
4475	1.604
4476	3.18
4477	2.062
4478	4.08
4479	4.251
4480	4.451
4481	3.699
4482	2.3
4483	4.428
4484	3.276
4485	4.405
4486	1.887
4487	3.288
4488	1.752
4489	3.975
4490	2.271
4491	1.626
4492	2.439
4493	1.031
4494	1.978
4495	2.96
4496	2.575
4497	1.819
4498	2.842
4499	2.815
4500	4.409
4501	2.881
4502	3.513
4503	2.498
4504	4.045
4505	1.605
4506	1.737
4507	2.367
4508	3.193
4509	4.145
4510	2.244
4511	2.384
4512	2.971
4513	1.81
4514	3.248
4515	2.476
4516	2.073
4517	2.269
4518	2.253
4519	1.849
4520	3.93
4521	3.78
4522	3.843
4523	3.246
4524	3.065
4525	1.735
4526	2.374
4527	2.343
4528	1.908
4529	2.06
4530	5.928
4531	2.107
4532	2.685
4533	2.495
4534	3.754
4535	2.715
4536	1.544
4537	1.148
4538	2.975
4539	2.192
4540	2.513
4541	1.518
4542	2.59
4543	2.439
4544	1.471
4545	2.894
4546	2.518
4547	1.548
4548	4.876
4549	2.927
4550	1.435
4551	2.431
4552	4.183
4553	2.159
4554	1.574
4555	2.487
4556	3.803
4557	4.212
4558	2.846
4559	1.036
4560	1.826
4561	2.413
4562	3.566
4563	4.238
4564	3.183
4565	2.64
4566	3.265
4567	1.252
4568	1.498
4569	0.8746
4570	2.116
4571	1.431
4572	1.965
4573	1.243
4574	4.074
4575	4.007
4576	3.794
4577	1.475
4578	1.51
4579	1.402
4580	1.764
4581	2.025
4582	1.223
4583	2.161
4584	2.038
4585	2.783
4586	1.035
4587	1.521
4588	2.374
4589	2.344
4590	0.8477
4591	2.058
4592	2.014
4593	2.178
4594	3.14
4595	3.503
4596	2.268
4597	1.113
4598	4.631
4599	2.576
4600	2.537
4601	3.362
4602	2.214
4603	1.056
4604	2.63
4605	1.713
4606	3.072
4607	2.25
4608	2.287
4609	2.048
4610	4.425
4611	1.742
4612	1.77
4613	1.799
4614	6.056
4615	1.795
4616	2.688
4617	1.823
4618	3.902
4619	1.651
4620	0.9622
4621	4.094
4622	2.386
4623	1.852
4624	4.854
4625	3.569
4626	4.713
4627	1.993
4628	3.704
4629	2.542
4630	5.078
4631	3.17
4632	4.64
4633	3.169
4634	1.917
4635	3.014
4636	2.755
4637	4.992
4638	4.521
4639	1.743
4640	2.548
4641	1.382
4642	1.918
4643	2.197
4644	1.091
4645	2.037
4646	2.307
4647	1.962
4648	3.007
4649	1.577
4650	1.259
4651	2.733
4652	2.953
4653	5.459
4654	1.65
4655	1.917
4656	4.181
4657	5.196
4658	2.631
4659	8.26
4660	2.539
4661	3.658
4662	1.207
4663	3.487
4664	4.885
4665	1.671
4666	2.693
4667	2.621
4668	2.032
4669	3.896
4670	3.39
4671	2.245
4672	2.472
4673	1.016
4674	1.5
4675	3.292
4676	3.162
4677	3.704
4678	3.039
4679	1.851
4680	1.6
4681	2.492
4682	1.781
4683	2.998
4684	1.395
4685	2.766
4686	4.243
4687	3.009
4688	2.754
4689	2.02
4690	1.512
4691	1.167
4692	4.57
4693	2.16
4694	6.277
4695	3.11
4696	1.894
4697	2.222
4698	3.54
4699	3.861
4700	4.196
4701	6.396
4702	2.995
4703	1.837
4704	3.05
4705	1.882
4706	3.97
4707	2.042
4708	2.177
4709	1.884
4710	2.01
4711	2.126
4712	0.5337
4713	2.706
4714	2.782
4715	2.909
4716	2.04
4717	2.323
4718	5.232
4719	2.723
4720	4.41
4721	4.657
4722	2.807
4723	3.798
4724	2.731
4725	2.233
4726	2.162
4727	2.326
4728	2.998
4729	3.309
4730	2.287
4731	6.838
4732	3.946
4733	1.912
4734	4.474
4735	2.265
4736	2.357
4737	1.255
4738	5.875
4739	4.095
4740	2.653
4741	1.469
4742	1.763
4743	3.395
4744	1.133
4745	2.645
4746	1.706
4747	4.891
4748	2.799
4749	2.561
4750	3.18
4751	3.373
4752	2.143
4753	1.573
4754	1.886
4755	1.278
4756	1.797
4757	2.373
4758	4.111
4759	3.944
4760	1.636
4761	2.638
4762	3.756
4763	2.165
4764	1.487
4765	1.864
4766	1.783
4767	3.118
4768	7.515
4769	2.513
4770	2.627
4771	0.9091
4772	1.556
4773	4.12
4774	1.468
4775	1.365
4776	1.101
4777	4.072
4778	2.912
4779	0.5048
4780	5.101
4781	1.388
4782	2.102
4783	3.57
4784	1.774
4785	3.18
4786	1.365
4787	3.048
4788	3.547
4789	2.364
4790	1.814
4791	2.844
4792	5.375
4793	3.534
4794	3.403
4795	2.286
4796	2.085
4797	6.062
4798	1.535
4799	0.8499
4800	1.062
4801	1.894
4802	1.429
4803	2.239
4804	3.439
4805	3.277
4806	4.505
4807	1.486
4808	1.709
4809	1.517
4810	1.045
4811	0.9408
4812	2.618
4813	2.457
4814	4.064
4815	4.404
4816	2.058
4817	2.953
4818	4.538
4819	1.922
4820	1.5
4821	1.768
4822	1.585
4823	1.982
4824	5.837
4825	2.817
4826	1.772
4827	2.935
4828	2.243
4829	1.768
4830	2.035
4831	5.877
4832	2.124
4833	3.669
4834	1.443
4835	2.122
4836	5.442
4837	2.132
4838	5.37
4839	3.718
4840	2.15
4841	3.7
4842	2.622
4843	1.018
4844	2.719
4845	3.104
4846	2.088
4847	1.316
4848	1.474
4849	2.018
4850	4.286
4851	4.138
4852	1.863
4853	1.386
4854	2.422
4855	2.491
4856	2.802
4857	1.561
4858	3.385
4859	3.595
4860	2.973
4861	2.56
4862	2.941
4863	4.327
4864	2.933
4865	2.512
4866	2.215
4867	1.7
4868	3.575
4869	2.133
4870	4.151
4871	2.37
4872	1.642
4873	4.354
4874	2.163
4875	2.783
4876	2.818
4877	4.706
4878	2.016
4879	1.849
4880	2.065
4881	1.416
4882	3.433
4883	1.702
4884	3.356
4885	6.083
4886	1.938
4887	2.103
4888	1.814
4889	4.95
4890	3.897
4891	3.882
4892	3.363
4893	5.898
4894	5.785
4895	2.297
4896	1.05
4897	2.288
4898	5.313
4899	1.945
4900	4.239
4901	2.467
4902	4.995
4903	2.542
4904	5.003
4905	2.75
4906	4.064
4907	2.142
4908	2.675
4909	2.473
4910	3.015
4911	2.767
4912	2.741
4913	1.434
4914	3.68
4915	2.735
4916	2.347
4917	2.857
4918	6.268
4919	2.986
4920	4.186
4921	3.057
4922	7.532
4923	2.395
4924	3.28
4925	3.198
4926	3.008
4927	2.321
4928	4.728
4929	2.627
4930	6.302
4931	2.554
4932	3.418
4933	1.6
4934	2.456
4935	2.833
4936	4.03
4937	1.332
4938	3.802
4939	1.478
4940	2.009
4941	1.93
4942	2.648
4943	1.579
4944	2.79
4945	3.81
4946	3.167
4947	2.597
4948	2.788
4949	4.124
4950	2.894
4951	1.699
4952	2.046
4953	1.636
4954	3.033
4955	2.622
4956	2.882
4957	2.559
4958	2.857
4959	0.9979
4960	2.041
4961	1.19
4962	3.571
4963	3.953
4964	2.164
4965	1.038
4966	2.846
4967	2.371
4968	2.295
4969	1.542
4970	1.885
4971	3.953
4972	2.716
4973	6.437
4974	0.6147
4975	2.011
4976	2.377
4977	1.295
4978	0.9696
4979	4.408
4980	4.081
4981	2.811
4982	2.694
4983	2.602
4984	2.497
4985	3.389
4986	3.701
4987	4.228
4988	3.691
4989	2.55
4990	1.69
4991	4.24
4992	3.916
4993	3.603
4994	1.307
4995	4.442
4996	4.005
4997	3.14
4998	5.411
4999	3.267
5000	3.15
5001	3.786
5002	4.17
5003	3.064
5004	2.372
5005	4.235
5006	2.61
5007	5.606
5008	2.947
5009	1.983
5010	3.146
5011	1.387
5012	0.995
5013	2.082
5014	2.925
5015	1.38
5016	3.405
5017	2.279
5018	4.499
5019	2.118
5020	2.5
5021	2.372
5022	2.22
5023	3.553
5024	1.713
5025	5.489
5026	4.548
5027	2.296
5028	4.17
5029	2.008
5030	3.872
5031	3.977
5032	0.878
5033	1.232
5034	1.895
5035	3.814
5036	2.481
5037	1.437
5038	2.262
5039	2.552
5040	2.06
5041	3.241
5042	4.148
5043	3.257
5044	2.635
5045	1.939
5046	3.37
5047	4.552
5048	1.831
5049	1.72
5050	3.084
5051	1.812
5052	3.649
5053	2.533
5054	1.293
5055	4.28
5056	5.185
5057	4.734
5058	1.022
5059	2.599
5060	4.205
5061	0.8669
5062	2.1
5063	3.983
5064	2.383
5065	2.965
5066	3.565
5067	3.704
5068	1.827
5069	3.411
5070	0.5799
5071	0.6449
5072	3.902
5073	2.82
5074	2.649
5075	1.895
5076	5.025
5077	2.524
5078	3.734
5079	2.227
5080	1.831
5081	3.556
5082	1.962
5083	2.557
5084	3.882
5085	3.172
5086	1.106
5087	1.197
5088	1.494
5089	0.8264
5090	2.279
5091	2.527
5092	0.9199
5093	2.166
5094	4.707
5095	3.758
5096	4.641
5097	2.772
5098	1.853
5099	4.98
5100	1.68
5101	2.764
5102	1.859
5103	1.949
5104	1.845
5105	1.421
5106	2.734
5107	3.867
5108	2.41
5109	1.595
5110	3.446
5111	4.133
5112	3.049
5113	2.969
5114	3.514
5115	1.719
5116	3.548
5117	2.243
5118	4.23
5119	4.604
5120	2.382
5121	3.015
5122	3.768
5123	2.426
5124	2.915
5125	2.466
5126	4.129
5127	2.205
5128	1.361
5129	1.285
5130	1.145
5131	0.806
5132	0.8736
5133	2.015
5134	1.733
5135	2.719
5136	1.25
5137	1.459
5138	4.22
5139	2.935
5140	1.342
5141	2.021
5142	2.905
5143	1.638
5144	2.772
5145	2.731
5146	2.093
5147	2.333
5148	2.893
5149	1.632
5150	1.819
5151	3.108
5152	0.9731
5153	2.61
5154	2.284
5155	3.307
5156	6.083
5157	2.663
5158	4.232
5159	2.484
5160	2.004
5161	2.826
5162	4.583
5163	3.015
5164	1.632
5165	1.675
5166	1.918
5167	2.484
5168	3.013
5169	2.161
5170	1.641
5171	2.311
5172	1.786
5173	2.873
5174	1.782
5175	7.074
5176	2.815
5177	2.64
5178	2.864
5179	3.183
5180	3.779
5181	2.102
5182	2.292
5183	3.492
5184	2.952
5185	3.671
5186	1.658
5187	3.379
5188	1.71
5189	1.377
5190	2.062
5191	1.41
5192	1.298
5193	2.962
5194	1.844
5195	3.202
5196	1.489
5197	1.302
5198	1.598
5199	1.253
5200	1.888
5201	0.7177
5202	2.668
5203	3.126
5204	3.615
5205	2.22
5206	4.839
5207	3.422
5208	1.145
5209	1.644
5210	1.358
5211	2.048
5212	3.404
5213	1.567
5214	2.213
5215	2.819
5216	1.231
5217	1.138
5218	2.335
5219	1.493
5220	4.467
5221	3.786
5222	3.987
5223	2.36
5224	3.781
5225	2.862
5226	1.387
5227	3.446
5228	3.171
5229	2.451
5230	1.884
5231	2.101
5232	1.535
5233	0.6568
5234	1.435
5235	3.302
5236	1.334
5237	2.525
5238	5.681
5239	8.302
5240	1.932
5241	1.25
5242	1.417
5243	5.254
5244	3.801
5245	3.169
5246	2.64
5247	2.894
5248	1.425
5249	1.226
5250	3.064
5251	2.427
5252	1.115
5253	2.719
5254	1.42
5255	4.755
5256	5.537
5257	1.893
5258	1.922
5259	1.515
5260	5.507
5261	3.622
5262	6.418
5263	1.846
5264	1.86
5265	3.776
5266	2.132
5267	2.897
5268	2.23
5269	4.631
5270	1.985
5271	2.686
5272	4.021
5273	3.024
5274	4.183
5275	4.795
5276	3.092
5277	3.689
5278	2.504
5279	1.14
5280	1.169
5281	3.153
5282	2.934
5283	1.364
5284	2.482
5285	5.162
5286	3.421
5287	2.453
5288	3.317
5289	4.278
5290	4.733
5291	5.848
5292	2.332
5293	1.625
5294	2.799
5295	3.764
5296	1.831
5297	4.286
5298	5.852
5299	1.61
5300	1.513
5301	3.665
5302	1.841
5303	0.9389
5304	1.252
5305	0.9046
5306	1.551
5307	1.23
5308	3.066
5309	4.581
5310	2.106
5311	3.629
5312	2.776
5313	2.522
5314	1.831
5315	4.893
5316	3.159
5317	1.354
5318	4.464
5319	3.946
5320	3.221
5321	1.051
5322	1.949
5323	2.2
5324	4.767
5325	1.799
5326	2.537
5327	2.653
5328	1.667
5329	4.808
5330	1.764
5331	1.863
5332	3.219
5333	1.851
5334	4.651
5335	1.413
5336	4.779
5337	2.722
5338	2.913
5339	2.464
5340	6.879
5341	2.286
5342	2.923
5343	5.059
5344	4.03
5345	1.479
5346	2.698
5347	1.947
5348	4.034
5349	3.012
5350	5.895
5351	2.976
5352	3.927
5353	4.497
5354	2.183
5355	3.154
5356	4.582
5357	3.128
5358	5.098
5359	2.446
5360	2.154
5361	2.06
5362	1.27
5363	2.822
5364	4.394
5365	6.205
5366	2.117
5367	2.421
5368	4.327
5369	3.306
5370	1.661
5371	2.273
5372	1.884
5373	5.015
5374	2.581
5375	5.703
5376	4.105
5377	6.134
5378	4.103
5379	5.773
5380	2.552
5381	2.619
5382	0.9944
5383	4.967
5384	7.255
5385	3.982
5386	2.129
5387	4.489
5388	4.112
5389	2.001
5390	2.887
5391	3.028
5392	2.59
5393	3.591
5394	5.098
5395	5.373
5396	2.284
5397	2.297
5398	3.128
5399	4.507
5400	3.149
5401	2.224
5402	2.764
5403	4.933
5404	2.405
5405	1.307
5406	4.694
5407	3.504
5408	3.075
5409	2.233
5410	0.8454
5411	3.363
5412	2.277
5413	2.643
5414	1.257
5415	0.9229
5416	2.474
5417	1.513
5418	3.234
5419	3.895
5420	2.946
5421	2.407
5422	4.567
5423	2.623
5424	5.329
5425	3.155
5426	1.72
5427	3.956
5428	2.138
5429	1.794
5430	2.059
5431	2.964
5432	0.6591
5433	1.232
5434	1.945
5435	1.142
5436	0.8383
5437	2.736
5438	1.544
5439	1.407
5440	1.062
5441	3.052
5442	1.548
5443	1.885
5444	1.66
5445	1.997
5446	4.382
5447	1.702
5448	2.991
5449	1.415
5450	1.025
5451	2.276
5452	2.871
5453	1.788
5454	1.582
5455	1.677
5456	3.6
5457	5.296
5458	2.525
5459	4.613
5460	2.345
5461	2.05
5462	1.167
5463	3.997
5464	3.491
5465	1.452
5466	1.559
5467	3.628
5468	5.539
5469	2.048
5470	3.171
5471	5.016
5472	3.013
5473	2.819
5474	5.287
5475	2.265
5476	4.217
5477	0.9647
5478	2.056
5479	3.399
5480	3.589
5481	3.543
5482	0.9161
5483	3.156
5484	1.466
5485	2.647
5486	3.797
5487	4.222
5488	1.309
5489	1.769
5490	2.227
5491	2.886
5492	4.173
5493	1.257
5494	3.997
5495	2.61
5496	2.738
5497	2.561
5498	6.814
5499	5.247
5500	7.05
5501	2.206
5502	2.446
5503	2.64
5504	1.898
5505	1.969
5506	2.399
5507	3.675
5508	4.818
5509	5.737
5510	2.488
5511	4.75
5512	3.426
5513	2.068
5514	2.544
5515	1.502
5516	2.52
5517	5.73
5518	3.732
5519	2.0
5520	2.546
5521	5.115
5522	2.957
5523	2.148
5524	1.605
5525	3.686
5526	2.648
5527	2.573
5528	4.767
5529	4.54
5530	5.633
5531	4.607
5532	2.778
5533	1.657
5534	2.267
5535	3.362
5536	2.172
5537	2.47
5538	2.857
5539	2.626
5540	2.406
5541	6.345
5542	1.65
5543	0.9051
5544	2.727
5545	1.987
5546	2.21
5547	1.592
5548	2.358
5549	2.647
5550	3.186
5551	1.656
5552	1.764
5553	4.579
5554	4.702
5555	4.001
5556	3.095
5557	2.705
5558	1.33
5559	3.633
5560	3.025
5561	0.9663
5562	1.832
5563	1.772
5564	1.641
5565	1.058
5566	4.36
5567	2.867
5568	1.928
5569	1.161
5570	2.115
5571	3.808
5572	1.964
5573	4.794
5574	2.871
5575	4.81
5576	1.582
5577	3.672
5578	2.642
5579	0.8936
5580	4.399
5581	4.502
5582	1.883
5583	3.375
5584	3.019
5585	2.843
5586	1.932
5587	3.107
5588	2.068
5589	2.667
5590	1.804
5591	2.774
5592	2.701
5593	1.934
5594	1.245
5595	2.144
5596	1.366
5597	5.108
5598	1.398
5599	2.012
5600	2.357
5601	1.959
5602	3.178
5603	2.829
5604	3.009
5605	3.498
5606	1.069
5607	4.165
5608	3.17
5609	3.298
5610	3.872
5611	0.5457
5612	2.038
5613	0.9061
5614	1.615
5615	3.635
5616	2.196
5617	1.576
5618	1.548
5619	1.553
5620	2.232
5621	4.841
5622	2.186
5623	2.393
5624	2.256
5625	4.085
5626	4.331
5627	3.217
5628	0.7057
5629	2.843
5630	2.787
5631	1.925
5632	1.365
5633	2.681
5634	1.879
5635	2.806
5636	4.878
5637	2.339
5638	2.888
5639	5.882
5640	2.911
5641	1.852
5642	3.523
5643	1.969
5644	3.276
5645	1.877
5646	4.25
5647	5.526
5648	1.977
5649	1.948
5650	2.463
5651	1.216
5652	3.12
5653	2.001
5654	2.619
5655	2.845
5656	1.618
5657	1.566
5658	1.885
5659	3.626
5660	3.488
5661	3.364
5662	1.659
5663	4.602
5664	1.64
5665	3.098
5666	2.308
5667	2.249
5668	1.681
5669	4.093
5670	2.051
5671	2.283
5672	2.224
5673	3.4
5674	1.747
5675	1.005
5676	4.876
5677	3.089
5678	2.203
5679	1.674
5680	3.499
5681	3.277
5682	5.244
5683	2.666
5684	3.655
5685	1.122
5686	1.337
5687	1.541
5688	4.466
5689	1.078
5690	4.608
5691	2.495
5692	1.73
5693	2.73
5694	4.543
5695	4.349
5696	1.691
5697	2.775
5698	1.64
5699	1.815
5700	5.04
5701	3.99
5702	1.53
5703	2.242
5704	3.766
5705	3.272
5706	1.034
5707	1.843
5708	1.912
5709	1.071
5710	2.545
5711	3.9
5712	2.619
5713	1.381
5714	2.904
5715	1.354
5716	5.422
5717	4.477
5718	2.563
5719	1.555
5720	1.763
5721	0.5769
5722	1.856
5723	1.682
5724	1.211
5725	2.29
5726	5.721
5727	1.901
5728	2.667
5729	5.383
5730	6.195
5731	2.705
5732	2.888
5733	4.35
5734	5.891
5735	2.465
5736	1.714
5737	1.653
5738	4.092
5739	2.99
5740	6.034
5741	3.329
5742	4.284
5743	2.058
5744	2.632
5745	3.455
5746	2.844
5747	2.376
5748	2.253
5749	3.458
5750	3.704
5751	8.474
5752	4.534
5753	1.619
5754	1.723
5755	2.296
5756	1.964
5757	1.776
5758	3.271
5759	3.69
5760	1.582
5761	0.951
5762	1.936
5763	1.628
5764	2.39
5765	1.596
5766	3.963
5767	1.43
5768	2.824
5769	2.315
5770	4.543
5771	2.719
5772	2.869
5773	4.054
5774	3.965
5775	2.605
5776	5.13
5777	3.595
5778	1.55
5779	2.707
5780	2.351
5781	1.576
5782	1.583
5783	4.211
5784	3.367
5785	2.492
5786	3.371
5787	2.722
5788	3.431
5789	2.346
5790	2.178
5791	2.569
5792	2.524
5793	3.956
5794	1.827
5795	3.012
5796	4.535
5797	3.109
5798	2.573
5799	5.447
5800	4.702
5801	3.217
5802	3.62
5803	1.63
5804	4.545
5805	2.362
5806	2.75
5807	3.215
5808	2.502
5809	4.314
5810	1.738
5811	1.938
5812	1.104
5813	2.636
5814	4.6
5815	2.926
5816	2.612
5817	0.8619
5818	1.796
5819	3.05
5820	1.634
5821	2.883
5822	2.534
5823	3.535
5824	2.374
5825	2.583
5826	5.748
5827	7.404
5828	3.822
5829	2.986
5830	3.76
5831	2.407
5832	1.942
5833	2.692
5834	5.482
5835	3.864
5836	2.26
5837	3.09
5838	3.008
5839	2.489
5840	2.04
5841	1.466
5842	1.321
5843	2.153
5844	2.871
5845	2.622
5846	2.292
5847	2.664
5848	2.327
5849	5.764
5850	1.981
5851	1.496
5852	2.597
5853	2.77
5854	2.515
5855	1.895
5856	1.333
5857	1.433
5858	3.545
5859	1.75
5860	3.283
5861	5.678
5862	2.956
5863	3.311
5864	1.708
5865	2.394
5866	2.724
5867	1.752
5868	1.7
5869	1.479
5870	1.316
5871	2.422
5872	3.59
5873	1.677
5874	1.959
5875	3.97
5876	1.636
5877	1.451
5878	5.994
5879	4.286
5880	1.887
5881	2.869
5882	2.737
5883	3.025
5884	1.432
5885	1.701
5886	0.9321
5887	2.506
5888	3.778
5889	4.319
5890	3.402
5891	2.428
5892	2.435
5893	1.795
5894	4.049
5895	3.051
5896	2.39
5897	3.387
5898	1.827
5899	4.749
5900	4.047
5901	3.183
5902	1.405
5903	1.986
5904	2.381
5905	2.24
5906	1.903
5907	3.185
5908	1.873
5909	0.8716
5910	2.383
5911	2.069
5912	2.761
5913	1.07
5914	3.106
5915	2.854
5916	3.127
5917	1.089
5918	3.533
5919	6.922
5920	1.892
5921	4.346
5922	3.462
5923	6.42
5924	4.208
5925	1.518
5926	2.98
5927	2.714
5928	4.351
5929	3.659
5930	1.268
5931	3.503
5932	3.54
5933	1.481
5934	1.523
5935	2.691
5936	1.474
5937	2.823
5938	2.835
5939	1.915
5940	3.438
5941	3.755
5942	4.856
5943	2.483
5944	3.21
5945	2.077
5946	5.154
5947	3.291
5948	2.867
5949	3.064
5950	3.285
5951	1.378
5952	1.752
5953	2.568
5954	1.627
5955	4.408
5956	0.8966
5957	1.043
5958	2.362
5959	2.878
5960	1.448
5961	2.652
5962	2.318
5963	1.622
5964	1.81
5965	3.351
5966	0.9722
5967	1.454
5968	1.1
5969	3.206
5970	4.346
5971	3.27
5972	2.888
5973	2.073
5974	2.349
5975	2.054
5976	1.084
5977	1.7
5978	3.558
5979	4.14
5980	5.729
5981	4.524
5982	3.572
5983	1.873
5984	1.169
5985	2.377
5986	2.465
5987	3.064
5988	2.31
5989	4.026
5990	1.075
5991	3.843
5992	3.084
5993	2.073
5994	3.478
5995	2.641
5996	1.96
5997	1.806
5998	1.398
5999	1.976
6000	0.9829
6001	2.483
6002	3.121
6003	2.41
6004	2.065
6005	2.742
6006	4.799
6007	1.695
6008	4.828
6009	1.443
6010	7.032
6011	2.528
6012	1.782
6013	1.504
6014	4.146
6015	2.699
6016	5.839
6017	3.871
6018	1.451
6019	2.51
6020	3.88
6021	3.091
6022	3.593
6023	3.662
6024	3.357
6025	4.18
6026	1.889
6027	5.302
6028	5.568
6029	3.923
6030	2.253
6031	2.884
6032	2.299
6033	3.931
6034	2.612
6035	1.798
6036	5.022
6037	3.113
6038	2.489
6039	6.252
6040	2.437
6041	4.852
6042	5.384
6043	2.107
6044	4.121
6045	2.249
6046	2.727
6047	4.985
6048	3.354
6049	2.589
6050	4.435
6051	3.854
6052	0.5749
6053	1.544
6054	2.316
6055	2.412
6056	4.873
6057	2.824
6058	3.368
6059	2.081
6060	2.344
6061	2.312
6062	3.142
6063	1.69
6064	5.963
6065	5.354
6066	1.861
6067	1.107
6068	4.629
6069	3.59
6070	2.066
6071	2.425
6072	2.29
6073	1.334
6074	2.053
6075	2.731
6076	3.519
6077	1.434
6078	1.589
6079	4.041
6080	4.641
6081	5.529
6082	1.731
6083	1.534
6084	3.222
6085	2.825
6086	1.955
6087	2.698
6088	4.374
6089	1.629
6090	3.349
6091	6.85
6092	6.556
6093	3.311
6094	4.531
6095	5.026
6096	2.43
6097	1.047
6098	1.449
6099	4.808
6100	3.53
6101	5.313
6102	6.308
6103	3.114
6104	2.507
6105	2.177
6106	3.661
6107	1.919
6108	1.605
6109	1.041
6110	1.475
6111	2.357
6112	0.8466
6113	1.669
6114	1.15
6115	3.174
6116	3.819
6117	2.994
6118	5.136
6119	6.41
6120	2.533
6121	2.493
6122	2.169
6123	2.905
6124	2.341
6125	2.576
6126	2.976
6127	1.525
6128	2.497
6129	3.818
6130	4.32
6131	2.911
6132	4.209
6133	4.0
6134	1.928
6135	4.234
6136	3.292
6137	1.822
6138	3.817
6139	2.153
6140	3.517
6141	3.588
6142	3.315
6143	4.877
6144	4.224
6145	3.997
6146	4.371
6147	2.978
6148	3.417
6149	2.645
6150	2.867
6151	4.564
6152	1.687
6153	3.403
6154	1.68
6155	2.901
6156	1.997
6157	4.77
6158	0.7931
6159	2.139
6160	2.498
6161	3.866
6162	3.273
6163	2.845
6164	1.392
6165	2.782
6166	2.859
6167	2.09
6168	2.43
6169	0.7026
6170	1.908
6171	2.398
6172	3.082
6173	2.858
6174	1.623
6175	1.968
6176	3.199
6177	3.048
6178	2.555
6179	3.402
6180	1.313
6181	1.77
6182	1.888
6183	2.797
6184	6.606
6185	1.414
6186	1.615
6187	1.0
6188	1.677
6189	3.41
6190	2.026
6191	1.964
6192	1.807
6193	0.8522
6194	2.751
6195	3.793
6196	4.555
6197	2.408
6198	4.648
6199	3.91
6200	1.959
6201	3.553
6202	2.409
6203	3.715
6204	2.006
6205	2.232
6206	2.245
6207	3.286
6208	6.219
6209	4.077
6210	2.054
6211	1.551
6212	1.233
6213	2.159
6214	1.371
6215	2.084
6216	1.813
6217	3.497
6218	2.079
6219	0.9168
6220	2.516
6221	2.598
6222	3.431
6223	2.917
6224	4.377
6225	3.981
6226	1.45
6227	3.766
6228	3.181
6229	2.396
6230	2.994
6231	2.922
6232	3.042
6233	2.576
6234	4.156
6235	2.707
6236	1.401
6237	2.574
6238	2.415
6239	2.716
6240	1.564
6241	4.285
6242	3.278
6243	2.819
6244	2.354
6245	8.192
6246	1.969
6247	6.693
6248	4.329
6249	2.686
6250	2.083
6251	4.396
6252	1.774
6253	1.379
6254	1.305
6255	2.001
6256	2.946
6257	2.027
6258	3.267
6259	1.32
6260	1.249
6261	1.866
6262	3.24
6263	4.27
6264	4.152
6265	4.878
6266	1.689
6267	1.735
6268	2.312
6269	3.77
6270	5.135
6271	3.925
6272	3.139
6273	1.898
6274	4.977
6275	1.881
6276	1.48
6277	2.044
6278	4.317
6279	4.099
6280	0.9371
6281	0.8888
6282	3.647
6283	2.502
6284	3.009
6285	4.539
6286	3.017
6287	3.299
6288	3.072
6289	1.385
6290	0.7986
6291	5.072
6292	0.8258
6293	1.459
6294	2.275
6295	2.55
6296	2.184
6297	2.351
6298	3.825
6299	7.16
6300	2.153
6301	1.288
6302	4.21
6303	2.932
6304	1.392
6305	1.39
6306	3.35
6307	4.078
6308	4.309
6309	2.29
6310	2.83
6311	1.875
6312	3.274
6313	2.077
6314	0.8743
6315	2.93
6316	1.862
6317	3.958
6318	3.355
6319	1.15
6320	1.196
6321	2.04
6322	0.8196
6323	4.897
6324	1.979
6325	1.237
6326	1.832
6327	1.818
6328	3.393
6329	8.754
6330	2.977
6331	5.125
6332	3.012
6333	3.339
6334	3.476
6335	1.815
6336	1.804
6337	2.846
6338	4.577
6339	2.11
6340	1.916
6341	3.79
6342	3.813
6343	3.056
6344	2.344
6345	1.256
6346	2.557
6347	3.107
6348	0.9063
6349	1.891
6350	2.526
6351	1.506
6352	3.684
6353	2.906
6354	1.648
6355	2.494
6356	3.541
6357	3.66
6358	1.649
6359	1.905
6360	1.366
6361	2.517
6362	3.417
6363	2.074
6364	0.4881
6365	2.833
6366	2.826
6367	2.377
6368	3.363
6369	1.73
6370	2.22
6371	0.7005
6372	2.263
6373	2.192
6374	3.213
6375	2.057
6376	2.514
6377	4.424
6378	3.204
6379	3.235
6380	4.975
6381	1.781
6382	1.277
6383	2.332
6384	4.489
6385	6.123
6386	2.186
6387	1.21
6388	2.503
6389	5.065
6390	2.56
6391	2.652
6392	1.796
6393	1.351
6394	1.508
6395	2.255
6396	4.49
6397	3.037
6398	6.041
6399	4.162
6400	1.94
6401	2.309
6402	3.879
6403	1.329
6404	3.235
6405	2.064
6406	2.276
6407	3.576
6408	2.838
6409	4.176
6410	1.629
6411	3.545
6412	3.059
6413	3.359
6414	1.635
6415	3.834
6416	3.858
6417	3.071
6418	1.131
6419	4.703
6420	2.775
6421	1.96
6422	3.169
6423	3.534
6424	3.257
6425	2.553
6426	2.769
6427	2.225
6428	2.954
6429	4.645
6430	2.677
6431	5.422
6432	4.734
6433	3.651
6434	1.796
6435	5.268
6436	2.072
6437	4.122
6438	2.383
6439	2.725
6440	3.167
6441	2.175
6442	4.479
6443	2.817
6444	1.374
6445	0.6715
6446	2.277
6447	1.428
6448	3.024
6449	1.209
6450	2.31
6451	2.339
6452	2.142
6453	2.663
6454	4.22
6455	3.666
6456	3.0
6457	1.258
6458	2.361
6459	1.037
6460	1.493
6461	2.517
6462	4.121
6463	2.651
6464	2.448
6465	1.746
6466	1.891
6467	6.271
6468	2.529
6469	5.628
6470	3.417
6471	0.9512
6472	2.955
6473	4.345
6474	2.343
6475	3.766
6476	2.189
6477	2.157
6478	2.018
6479	5.38
6480	3.07
6481	1.627
6482	1.344
6483	1.208
6484	1.426
6485	2.19
6486	3.613
6487	2.486
6488	3.793
6489	1.941
6490	1.36
6491	2.404
6492	3.221
6493	2.09
6494	3.618
6495	2.567
6496	3.437
6497	2.502
6498	3.955
6499	4.656
6500	4.595
6501	2.891
6502	2.499
6503	3.347
6504	3.376
6505	3.132
6506	3.803
6507	3.788
6508	3.406
6509	1.612
6510	2.723
6511	5.917
6512	1.572
6513	2.79
6514	2.811
6515	2.649
6516	3.634
6517	3.377
6518	2.039
6519	2.547
6520	1.926
6521	1.282
6522	1.124
6523	4.114
6524	2.634
6525	3.532
6526	2.357
6527	2.432
6528	2.922
6529	2.351
6530	2.933
6531	8.079
6532	4.612
6533	3.857
6534	2.169
6535	3.215
6536	5.619
6537	3.29
6538	3.542
6539	1.557
6540	2.931
6541	4.075
6542	2.551
6543	3.95
6544	2.449
6545	2.987
6546	1.964
6547	4.22
6548	5.201
6549	3.221
6550	4.221
6551	1.966
6552	3.459
6553	2.232
6554	4.691
6555	3.826
6556	1.696
6557	2.941
6558	3.271
6559	3.067
6560	3.295
6561	2.345
6562	3.558
6563	1.924
6564	2.821
6565	2.445
6566	3.981
6567	2.874
6568	3.95
6569	1.366
6570	2.018
6571	0.6866
6572	4.357
6573	2.515
6574	5.656
6575	2.943
6576	1.573
6577	2.575
6578	2.052
6579	3.863
6580	3.599
6581	1.484
6582	2.423
6583	1.806
6584	2.726
6585	0.4983
6586	1.398
6587	2.954
6588	2.813
6589	2.4
6590	3.109
6591	3.422
6592	3.005
6593	1.743
6594	1.426
6595	1.508
6596	2.473
6597	2.076
6598	3.029
6599	6.43
6600	7.724
6601	1.641
6602	3.2
6603	2.64
6604	3.062
6605	2.608
6606	2.596
6607	4.206
6608	4.474
6609	1.3
6610	6.571
6611	2.481
6612	4.359
6613	2.758
6614	3.046
6615	1.665
6616	3.281
6617	2.138
6618	2.531
6619	2.763
6620	1.131
6621	2.886
6622	2.735
6623	2.555
6624	1.304
6625	2.167
6626	1.623
6627	1.314
6628	1.459
6629	1.021
6630	1.303
6631	2.177
6632	2.566
6633	1.41
6634	2.422
6635	2.182
6636	3.599
6637	3.76
6638	4.046
6639	3.302
6640	2.081
6641	2.32
6642	2.644
6643	5.9
6644	4.319
6645	3.734
6646	4.456
6647	2.744
6648	2.359
6649	4.47
6650	3.361
6651	3.502
6652	3.756
6653	4.47
6654	1.314
6655	1.166
6656	2.994
6657	2.253
6658	4.513
6659	3.492
6660	1.208
6661	1.601
6662	2.78
6663	4.783
6664	2.388
6665	2.484
6666	1.686
6667	2.502
6668	1.683
6669	2.169
6670	0.8078
6671	0.8004
6672	0.912
6673	1.485
6674	1.72
6675	3.139
6676	4.712
6677	1.624
6678	0.9061
6679	4.66
6680	1.864
6681	1.823
6682	0.922
6683	2.317
6684	1.549
6685	2.973
6686	2.202
6687	1.988
6688	1.056
6689	2.456
6690	2.586
6691	1.181
6692	3.216
6693	3.155
6694	3.628
6695	2.11
6696	4.024
6697	2.408
6698	0.9402
6699	2.887
6700	2.234
6701	2.719
6702	3.645
6703	1.843
6704	2.726
6705	3.486
6706	3.395
6707	2.093
6708	2.657
6709	3.429
6710	6.894
6711	3.644
6712	3.011
6713	2.415
6714	1.885
6715	1.71
6716	4.191
6717	2.09
6718	2.627
6719	3.348
6720	3.831
6721	1.984
6722	1.152
6723	2.681
6724	2.025
6725	1.902
6726	2.645
6727	1.058
6728	2.249
6729	7.067
6730	3.028
6731	2.124
6732	6.082
6733	1.93
6734	3.883
6735	2.698
6736	2.679
6737	1.356
6738	3.843
6739	2.046
6740	1.496
6741	1.977
6742	2.668
6743	4.743
6744	3.011
6745	1.966
6746	2.679
6747	4.589
6748	2.96
6749	2.781
6750	2.938
6751	3.174
6752	2.42
6753	2.634
6754	2.516
6755	1.434
6756	0.824
6757	1.622
6758	3.671
6759	4.103
6760	2.233
6761	3.717
6762	2.708
6763	3.809
6764	1.716
6765	5.517
6766	5.045
6767	2.866
6768	3.085
6769	1.005
6770	2.318
6771	3.872
6772	1.756
6773	2.946
6774	1.765
6775	1.467
6776	2.568
6777	2.624
6778	4.447
6779	3.768
6780	3.195
6781	1.557
6782	3.603
6783	3.357
6784	3.313
6785	1.612
6786	1.853
6787	3.194
6788	5.59
6789	3.716
6790	1.127
6791	3.741
6792	3.851
6793	1.773
6794	1.501
6795	2.455
6796	3.342
6797	4.736
6798	2.034
6799	3.19
6800	2.099
6801	2.336
6802	1.973
6803	4.168
6804	2.935
6805	1.913
6806	1.589
6807	2.662
6808	2.055
6809	2.721
6810	5.152
6811	1.937
6812	2.733
6813	3.741
6814	4.201
6815	1.637
6816	2.311
6817	1.463
6818	4.424
6819	3.604
6820	2.391
6821	1.847
6822	2.088
6823	5.605
6824	3.444
6825	2.798
6826	2.815
6827	2.681
6828	2.969
6829	1.301
6830	1.025
6831	2.123
6832	5.639
6833	2.55
6834	1.624
6835	1.613
6836	4.179
6837	2.106
6838	1.508
6839	1.429
6840	1.06
6841	1.594
6842	1.472
6843	2.3
6844	1.555
6845	4.084
6846	1.38
6847	1.397
6848	1.999
6849	1.232
6850	2.23
6851	3.895
6852	2.646
6853	3.298
6854	3.807
6855	2.024
6856	1.987
6857	3.706
6858	3.149
6859	1.753
6860	1.641
6861	2.07
6862	4.299
6863	3.837
6864	3.652
6865	2.975
6866	2.201
6867	2.83
6868	2.413
6869	1.761
6870	2.509
6871	2.871
6872	3.568
6873	3.302
6874	2.329
6875	2.49
6876	2.492
6877	3.267
6878	3.464
6879	1.626
6880	3.064
6881	3.505
6882	3.32
6883	1.022
6884	1.036
6885	0.9009
6886	1.219
6887	2.358
6888	2.223
6889	6.134
6890	4.466
6891	2.26
6892	2.051
6893	2.175
6894	2.838
6895	4.789
6896	3.328
6897	3.042
6898	1.725
6899	0.7112
6900	4.328
6901	4.46
6902	1.599
6903	4.036
6904	1.185
6905	1.331
6906	2.063
6907	2.317
6908	2.49
6909	1.484
6910	3.132
6911	4.686
6912	1.666
6913	1.743
6914	4.943
6915	3.152
6916	2.07
6917	0.6034
6918	1.895
6919	1.843
6920	3.845
6921	3.391
6922	2.163
6923	1.136
6924	5.102
6925	3.646
6926	3.196
6927	1.834
6928	2.121
6929	2.581
6930	4.86
6931	2.82
6932	3.849
6933	2.073
6934	3.97
6935	2.884
6936	1.276
6937	1.351
6938	1.46
6939	6.775
6940	4.561
6941	4.491
6942	2.376
6943	1.994
6944	4.016
6945	1.878
6946	2.823
6947	1.983
6948	1.596
6949	1.946
6950	4.165
6951	4.275
6952	3.991
6953	2.601
6954	2.14
6955	2.193
6956	3.888
6957	2.996
6958	1.644
6959	4.582
6960	2.202
6961	4.155
6962	3.674
6963	3.808
6964	2.435
6965	2.384
6966	2.111
6967	2.924
6968	4.171
6969	3.181
6970	2.399
6971	2.563
6972	4.469
6973	3.012
6974	4.716
6975	3.841
6976	2.995
6977	1.454
6978	0.6926
6979	1.897
6980	1.492
6981	1.433
6982	0.8919
6983	1.87
6984	2.811
6985	1.226
6986	2.404
6987	5.848
6988	2.906
6989	6.351
6990	2.169
6991	3.34
6992	2.343
6993	3.921
6994	2.471
6995	2.308
6996	1.471
6997	2.403
6998	2.162
6999	3.703
7000	4.0
7001	2.021
7002	3.938
7003	4.878
7004	4.543
7005	6.026
7006	2.419
7007	4.378
7008	4.015
7009	3.626
7010	3.678
7011	1.443
7012	1.949
7013	1.485
7014	1.859
7015	1.967
7016	3.267
7017	2.648
7018	2.103
7019	1.185
7020	1.619
7021	2.082
7022	4.745
7023	3.043
7024	4.206
7025	0.4948
7026	1.202
7027	5.562
7028	8.554
7029	5.908
7030	3.552
7031	3.498
7032	3.751
7033	3.35
7034	1.131
7035	1.75
7036	3.327
7037	2.805
7038	2.101
7039	1.486
7040	2.185
7041	2.349
7042	5.973
7043	4.016
7044	3.036
7045	2.131
7046	2.528
7047	1.779
7048	1.244
7049	1.815
7050	2.483
7051	6.127
7052	1.766
7053	2.806
7054	4.293
7055	3.065
7056	2.965
7057	4.31
7058	3.063
7059	2.562
7060	1.058
7061	2.505
7062	2.41
7063	6.492
7064	5.435
7065	2.02
7066	2.091
7067	2.371
7068	2.476
7069	3.346
7070	3.304
7071	2.565
7072	2.725
7073	2.548
7074	2.303
7075	1.335
7076	2.211
7077	2.108
7078	3.602
7079	4.72
7080	2.392
7081	2.983
7082	2.148
7083	3.275
7084	3.46
7085	1.985
7086	1.805
7087	3.902
7088	5.306
7089	1.882
7090	2.392
7091	2.744
7092	2.597
7093	2.803
7094	3.066
7095	2.685
7096	6.375
7097	2.689
7098	3.423
7099	2.51
7100	2.757
7101	1.557
7102	2.957
7103	2.616
7104	7.114
7105	7.248
7106	3.102
7107	4.038
7108	5.673
7109	2.301
7110	2.962
7111	2.501
7112	3.016
7113	2.857
7114	3.346
7115	3.573
7116	2.471
7117	2.785
7118	2.504
7119	2.787
7120	2.613
7121	5.121
7122	2.995
7123	1.806
7124	2.192
7125	1.742
7126	3.082
7127	3.408
7128	1.89
7129	2.822
7130	1.227
7131	1.28
7132	1.931
7133	5.119
7134	3.204
7135	4.873
7136	2.202
7137	1.059
7138	2.081
7139	4.086
7140	4.8
7141	3.302
7142	3.082
7143	5.176
7144	2.859
7145	4.047
7146	3.984
7147	2.822
7148	1.695
7149	1.509
7150	2.685
7151	2.798
7152	3.715
7153	2.671
7154	4.283
7155	3.735
7156	3.464
7157	4.323
7158	3.19
7159	2.275
7160	2.628
7161	1.725
7162	2.556
7163	0.8243
7164	3.281
7165	3.833
7166	1.782
7167	0.8856
7168	2.1
7169	3.075
7170	2.105
7171	1.455
7172	1.237
7173	2.09
7174	2.493
7175	4.296
7176	4.168
7177	5.789
7178	3.729
7179	2.761
7180	3.064
7181	0.9529
7182	2.197
7183	0.6977
7184	1.299
7185	3.667
7186	1.237
7187	5.516
7188	2.902
7189	3.114
7190	2.625
7191	4.074
7192	5.22
7193	4.055
7194	2.087
7195	1.758
7196	2.282
7197	1.429
7198	4.324
7199	5.849
7200	1.643
7201	2.489
7202	3.006
7203	1.664
7204	2.504
7205	3.872
7206	4.471
7207	1.441
7208	2.843
7209	4.611
7210	3.214
7211	6.341
7212	2.541
7213	1.866
7214	3.74
7215	2.389
7216	4.033
7217	5.967
7218	5.727
7219	4.014
7220	2.626
7221	2.565
7222	2.701
7223	2.863
7224	1.409
7225	2.362
7226	3.692
7227	2.273
7228	2.944
7229	4.493
7230	2.329
7231	2.272
7232	1.617
7233	3.084
7234	1.753
7235	2.668
7236	2.6
7237	1.233
7238	2.727
7239	2.509
7240	1.128
7241	2.143
7242	2.782
7243	2.984
7244	2.268
7245	3.965
7246	4.199
7247	3.304
7248	3.101
7249	2.143
7250	3.602
7251	5.219
7252	1.28
7253	2.631
7254	1.971
7255	3.596
7256	2.907
7257	1.415
7258	3.98
7259	4.601
7260	2.248
7261	3.075
7262	2.619
7263	3.682
7264	4.077
7265	2.81
7266	4.258
7267	1.592
7268	1.97
7269	1.607
7270	4.08
7271	1.929
7272	2.421
7273	2.602
7274	2.264
7275	3.818
7276	3.656
7277	2.669
7278	2.253
7279	5.22
7280	2.215
7281	1.066
7282	1.056
7283	1.212
7284	3.732
7285	4.114
7286	1.13
7287	3.053
7288	3.487
7289	1.669
7290	4.276
7291	4.563
7292	3.068
7293	1.782
7294	5.156
7295	2.711
7296	0.8682
7297	0.76
7298	0.894
7299	2.49
7300	2.772
7301	1.917
7302	3.165
7303	5.155
7304	1.73
7305	2.331
7306	4.379
7307	4.03
7308	2.452
7309	0.7557
7310	0.9777
7311	0.9157
7312	1.245
7313	2.41
7314	1.632
7315	2.602
7316	1.913
7317	1.871
7318	2.727
7319	3.354
7320	1.434
7321	3.791
7322	4.618
7323	3.51
7324	2.68
7325	0.5222
7326	0.4061
7327	2.306
7328	1.97
7329	2.207
7330	3.936
7331	1.813
7332	1.582
7333	2.957
7334	2.303
7335	1.216
7336	2.657
7337	1.376
7338	2.551
7339	2.687
7340	2.553
7341	2.586
7342	2.733
7343	3.625
7344	3.789
7345	2.878
7346	2.392
7347	1.982
7348	1.357
7349	3.404
7350	2.302
7351	4.836
7352	2.478
7353	2.171
7354	1.965
7355	0.9434
7356	2.233
7357	2.616
7358	1.928
7359	1.99
7360	1.424
7361	0.7891
7362	0.9124
7363	1.95
7364	2.121
7365	2.186
7366	2.295
7367	2.847
7368	2.539
7369	4.749
7370	2.05
7371	2.659
7372	1.452
7373	1.008
7374	1.105
7375	1.457
7376	2.386
7377	3.044
7378	2.06
7379	2.475
7380	3.009
7381	1.56
7382	2.806
7383	4.177
7384	2.101
7385	2.52
7386	2.194
7387	2.113
7388	1.163
7389	3.484
7390	2.864
7391	2.025
7392	3.67
7393	3.791
7394	1.829
7395	2.624
7396	5.128
7397	4.473
7398	3.951
7399	1.962
7400	2.28
7401	4.702
7402	2.682
7403	4.042
7404	5.824
7405	6.154
7406	3.471
7407	2.382
7408	3.604
7409	3.905
7410	1.404
7411	3.0
7412	3.016
7413	1.443
7414	2.677
7415	3.636
7416	2.565
7417	3.078
7418	2.942
7419	2.591
7420	1.889
7421	1.319
7422	1.857
7423	2.363
7424	2.529
7425	1.966
7426	1.714
7427	4.139
7428	3.767
7429	3.526
7430	3.359
7431	4.272
7432	3.756
7433	1.772
7434	5.296
7435	2.643
7436	5.059
7437	2.398
7438	2.157
7439	2.977
7440	6.609
7441	3.76
7442	3.512
7443	5.825
7444	1.38
7445	1.5
7446	4.414
7447	2.515
7448	3.141
7449	2.258
7450	1.36
7451	2.762
7452	2.349
7453	3.12
7454	4.286
7455	2.699
7456	2.899
7457	1.756
7458	2.254
7459	1.307
7460	1.542
7461	1.132
7462	1.509
7463	3.657
7464	2.118
7465	0.3652
7466	2.036
7467	1.458
7468	0.9922
7469	0.8589
7470	4.117
7471	1.368
7472	1.934
7473	3.94
7474	2.37
7475	2.401
7476	3.27
7477	1.6
7478	1.116
7479	1.76
7480	4.262
7481	1.46
7482	3.79
7483	2.585
7484	2.762
7485	7.658
7486	6.466
7487	2.069
7488	3.998
7489	2.699
7490	1.36
7491	5.037
7492	1.992
7493	3.426
7494	2.108
7495	2.771
7496	2.005
7497	1.349
7498	3.72
7499	3.404
7500	2.113
7501	1.756
7502	2.688
7503	1.233
7504	2.941
7505	4.143
7506	2.135
7507	1.661
7508	3.216
7509	2.828
7510	2.102
7511	0.8684
7512	2.126
7513	4.078
7514	3.156
7515	4.252
7516	8.205
7517	3.28
7518	2.277
7519	2.932
7520	3.462
7521	5.901
7522	2.221
7523	2.328
7524	2.447
7525	3.562
7526	4.569
7527	2.307
7528	5.074
7529	1.079
7530	3.681
7531	2.536
7532	2.232
7533	3.35
7534	3.778
7535	3.502
7536	1.831
7537	1.726
7538	0.9228
7539	1.17
7540	1.792
7541	2.717
7542	1.483
7543	3.251
7544	3.567
7545	2.406
7546	2.38
7547	2.361
7548	4.017
7549	6.475
7550	3.189
7551	3.471
7552	5.12
7553	2.44
7554	2.659
7555	1.694
7556	1.184
7557	0.9691
7558	3.029
7559	3.216
7560	2.779
7561	4.984
7562	3.036
7563	2.852
7564	3.085
7565	1.809
7566	1.871
7567	5.361
7568	4.531
7569	4.031
7570	1.984
7571	2.29
7572	2.079
7573	2.626
7574	2.447
7575	2.822
7576	2.472
7577	2.577
7578	1.336
7579	1.651
7580	2.083
7581	5.532
7582	3.301
7583	1.133
7584	3.28
7585	3.17
7586	1.866
7587	4.228
7588	3.297
7589	4.805
7590	3.358
7591	3.598
7592	3.14
7593	4.219
7594	3.3
7595	4.141
7596	3.27
7597	2.658
7598	2.613
7599	2.53
7600	2.279
7601	3.338
7602	2.078
7603	2.388
7604	2.982
7605	3.098
7606	3.28
7607	7.113
7608	3.548
7609	2.728
7610	2.996
7611	4.235
7612	2.68
7613	1.588
7614	1.459
7615	2.631
7616	2.705
7617	3.269
7618	3.173
7619	1.401
7620	4.329
7621	2.699
7622	1.475
7623	1.249
7624	1.259
7625	3.125
7626	2.737
7627	2.923
7628	2.335
7629	0.4865
7630	0.3552
7631	3.104
7632	5.454
7633	1.746
7634	1.937
7635	1.485
7636	3.096
7637	2.597
7638	2.832
7639	2.318
7640	1.936
7641	6.63
7642	2.029
7643	2.259
7644	4.506
7645	3.548
7646	4.912
7647	2.176
7648	2.795
7649	3.778
7650	5.615
7651	3.351
7652	2.536
7653	4.583
7654	3.804
7655	0.5474
7656	0.6344
7657	4.275
7658	1.476
7659	1.317
7660	4.009
7661	2.228
7662	3.352
7663	3.464
7664	4.613
7665	4.126
7666	2.353
7667	3.465
7668	2.684
7669	2.699
7670	2.602
7671	3.637
7672	6.23
7673	2.672
7674	3.408
7675	3.378
7676	3.828
7677	4.868
7678	6.22
7679	2.253
7680	1.183
7681	2.277
7682	4.07
7683	4.514
7684	4.433
7685	2.433
7686	2.905
7687	1.13
7688	4.565
7689	1.644
7690	3.179
7691	1.262
7692	3.491
7693	2.759
7694	2.775
7695	3.447
7696	4.329
7697	1.9
7698	2.528
7699	3.043
7700	2.592
7701	1.642
7702	1.023
7703	7.31
7704	1.187
7705	3.939
7706	3.996
7707	4.777
7708	1.566
7709	2.432
7710	2.543
7711	2.193
7712	2.387
7713	3.788
7714	0.7552
7715	2.31
7716	3.503
7717	1.553
7718	1.248
7719	3.131
7720	4.233
7721	3.336
7722	1.776
7723	2.98
7724	2.945
7725	3.218
7726	2.308
7727	3.359
7728	1.134
7729	3.162
7730	2.38
7731	2.167
7732	2.334
7733	5.038
7734	1.892
7735	3.913
7736	1.447
7737	1.157
7738	2.192
7739	2.292
7740	1.514
7741	2.317
7742	4.036
7743	3.161
7744	4.561
7745	1.365
7746	2.702
7747	4.329
7748	5.135
7749	1.869
7750	3.105
7751	1.632
7752	5.328
7753	2.909
7754	2.948
7755	2.605
7756	4.773
7757	5.21
7758	1.778
7759	3.419
7760	4.43
7761	2.858
7762	2.126
7763	1.882
7764	1.231
7765	1.897
7766	1.645
7767	3.138
7768	4.798
7769	3.569
7770	1.177
7771	1.877
7772	2.282
7773	3.424
7774	2.513
7775	2.392
7776	3.039
7777	3.534
7778	3.445
7779	2.324
7780	1.592
7781	1.609
7782	1.871
7783	2.712
7784	3.308
7785	3.255
7786	2.364
7787	2.96
7788	1.705
7789	2.379
7790	3.677
7791	3.141
7792	3.246
7793	3.469
7794	2.918
7795	2.4
7796	1.654
7797	1.628
7798	0.6026
7799	2.508
7800	2.664
7801	3.124
7802	2.94
7803	2.612
7804	2.812
7805	4.695
7806	3.702
7807	3.089
7808	4.814
7809	3.495
7810	3.626
7811	3.153
7812	2.277
7813	2.288
7814	3.578
7815	4.241
7816	1.977
7817	2.223
7818	2.958
7819	3.773
7820	0.9591
7821	3.815
7822	4.091
7823	0.9309
7824	2.337
7825	2.221
7826	4.564
7827	2.32
7828	3.301
7829	3.434
7830	4.387
7831	1.384
7832	3.019
7833	2.375
7834	4.571
7835	2.653
7836	2.687
7837	2.652
7838	1.648
7839	0.6916
7840	5.066
7841	3.389
7842	1.847
7843	1.255
7844	3.026
7845	2.903
7846	3.647
7847	3.924
7848	3.498
7849	2.33
7850	3.252
7851	2.727
7852	4.181
7853	4.14
7854	1.64
7855	3.317
7856	2.296
7857	3.803
7858	3.76
7859	1.223
7860	2.277
7861	3.253
7862	1.042
7863	3.308
7864	0.7801
7865	2.55
7866	5.278
7867	2.661
7868	2.046
7869	0.691
7870	1.128
7871	2.282
7872	4.53
7873	1.417
7874	1.833
7875	3.444
7876	2.4
7877	2.343
7878	1.008
7879	4.438
7880	3.845
7881	4.194
7882	2.618
7883	1.717
7884	4.13
7885	2.293
7886	1.671
7887	1.038
7888	3.657
7889	2.194
7890	2.855
7891	2.943
7892	1.444
7893	2.414
7894	2.713
7895	4.435
7896	2.61
7897	1.345
7898	2.421
7899	2.161
7900	2.236
7901	3.003
7902	3.881
7903	3.855
7904	3.922
7905	3.846
7906	1.565
7907	0.9728
7908	4.854
7909	3.832
7910	6.37
7911	4.845
7912	2.838
7913	2.314
7914	1.752
7915	1.957
7916	6.157
7917	4.633
7918	2.409
7919	3.944
7920	4.533
7921	4.251
7922	2.83
7923	2.776
7924	2.938
7925	4.172
7926	2.251
7927	4.366
7928	1.843
7929	2.257
7930	2.516
7931	1.711
7932	4.796
7933	2.218
7934	3.907
7935	4.595
7936	1.497
7937	1.181
7938	0.4019
7939	0.9303
7940	0.8807
7941	0.6508
7942	2.745
7943	3.999
7944	4.335
7945	3.372
7946	2.044
7947	4.181
7948	5.232
7949	5.716
7950	2.166
7951	5.093
7952	2.81
7953	2.308
7954	2.106
7955	2.724
7956	3.283
7957	4.169
7958	3.67
7959	2.489
7960	1.588
7961	2.569
7962	5.599
7963	1.59
7964	3.569
7965	6.793
7966	5.572
7967	0.4768
7968	1.783
7969	2.435
7970	1.219
7971	1.678
7972	1.227
7973	1.706
7974	2.106
7975	1.606
7976	1.798
7977	4.451
7978	1.134
7979	5.04
7980	2.26
7981	2.113
7982	1.935
7983	1.541
7984	2.115
7985	3.764
7986	3.91
7987	2.419
7988	4.162
7989	3.389
7990	1.542
7991	0.7197
7992	0.8194
7993	2.322
7994	3.943
7995	6.251
7996	1.871
7997	3.998
7998	1.286
7999	0.9231
8000	4.593
8001	2.166
8002	2.831
8003	2.245
8004	2.66
8005	4.038
8006	2.126
8007	2.004
8008	2.506
8009	4.25
8010	3.087
8011	1.879
8012	2.761
8013	3.698
8014	4.298
8015	5.926
8016	2.789
8017	4.574
8018	2.918
8019	3.945
8020	1.163
8021	1.067
8022	2.639
8023	4.906
8024	2.887
8025	4.475
8026	5.286
8027	1.711
8028	3.337
8029	2.029
8030	1.791
8031	2.952
8032	2.461
8033	2.87
8034	1.826
8035	2.377
8036	2.519
8037	3.068
8038	2.066
8039	2.023
8040	3.952
8041	3.287
8042	3.656
8043	2.79
8044	2.483
8045	1.209
8046	2.856
8047	2.165
8048	2.938
8049	2.136
8050	1.149
8051	3.766
8052	2.438
8053	1.417
8054	2.875
8055	3.702
8056	3.993
8057	3.903
8058	2.885
8059	4.91
8060	2.166
8061	1.332
8062	0.929
8063	0.7231
8064	2.169
8065	2.229
8066	1.68
8067	1.898
8068	3.032
8069	5.015
8070	2.219
8071	3.717
8072	3.119
8073	2.597
8074	1.617
8075	4.27
8076	3.023
8077	1.269
8078	5.107
8079	1.564
8080	1.401
8081	3.626
8082	2.838
8083	2.443
8084	2.489
8085	4.115
8086	2.637
8087	2.516
8088	2.473
8089	6.095
8090	1.671
8091	2.002
8092	3.493
8093	3.788
8094	2.187
8095	3.212
8096	2.953
8097	2.431
8098	3.784
8099	1.498
8100	2.865
8101	4.259
8102	5.397
8103	2.032
8104	2.037
8105	1.717
8106	1.249
8107	1.609
8108	2.014
8109	1.435
8110	3.771
8111	2.777
8112	2.603
8113	4.36
8114	3.187
8115	2.77
8116	3.24
8117	1.045
8118	2.201
8119	3.162
8120	7.476
8121	1.887
8122	1.473
8123	2.879
8124	1.687
8125	1.746
8126	7.769
8127	1.77
8128	3.651
8129	1.266
8130	3.316
8131	6.125
8132	5.101
8133	2.172
8134	2.157
8135	4.114
8136	2.399
8137	2.309
8138	1.069
8139	3.075
8140	1.794
8141	3.766
8142	1.539
8143	4.979
8144	1.689
8145	4.372
8146	3.01
8147	1.99
8148	2.867
8149	2.142
8150	3.224
8151	3.698
8152	2.495
8153	2.48
8154	2.057
8155	3.624
8156	2.759
8157	6.281
8158	4.553
8159	2.394
8160	2.095
8161	1.324
8162	3.683
8163	2.794
8164	2.632
8165	1.859
8166	2.359
8167	4.802
8168	1.473
8169	0.9133
8170	1.029
8171	2.891
8172	4.793
8173	2.944
8174	2.882
8175	2.991
8176	4.913
8177	2.133
8178	2.194
8179	2.96
8180	3.674
8181	2.318
8182	2.401
8183	2.472
8184	2.296
8185	3.296
8186	1.66
8187	3.129
8188	4.231
8189	5.263
8190	4.287
8191	3.04
8192	1.023
8193	2.62
8194	1.729
8195	2.113
8196	2.51
8197	1.61
8198	1.874
8199	1.217
8200	0.4896
8201	1.178
8202	3.617
8203	4.078
8204	2.789
8205	3.098
8206	4.288
8207	2.633
8208	1.347
8209	2.072
8210	2.559
8211	2.29
8212	5.264
8213	3.622
8214	1.694
8215	2.702
8216	2.758
8217	3.601
8218	3.177
8219	4.206
8220	1.882
8221	2.065
8222	1.809
8223	1.978
8224	0.8573
8225	2.869
8226	1.988
8227	1.6
8228	4.68
8229	2.257
8230	1.776
8231	3.426
8232	2.013
8233	2.944
8234	2.474
8235	1.63
8236	1.313
8237	1.623
8238	3.922
8239	6.485
8240	2.019
8241	5.466
8242	2.329
8243	4.447
8244	3.814
8245	2.421
8246	4.778
8247	3.712
8248	4.513
8249	1.882
8250	3.641
8251	1.725
8252	1.181
8253	1.623
8254	2.892
8255	3.347
8256	2.153
8257	3.758
8258	1.77
8259	2.152
8260	2.332
8261	3.222
8262	5.669
8263	3.036
8264	4.358
8265	4.484
8266	3.594
8267	1.362
8268	1.983
8269	3.426
8270	2.39
8271	5.036
8272	2.381
8273	2.561
8274	2.765
8275	1.865
8276	2.126
8277	1.593
8278	4.509
8279	2.737
8280	3.124
8281	2.063
8282	1.167
8283	2.117
8284	2.136
8285	1.71
8286	3.411
8287	1.984
8288	3.499
8289	3.766
8290	1.986
8291	2.596
8292	6.111
8293	4.118
8294	1.352
8295	3.38
8296	1.856
8297	3.006
8298	2.295
8299	1.378
8300	3.361
8301	3.38
8302	2.288
8303	2.047
8304	2.298
8305	2.841
8306	4.405
8307	1.35
8308	0.4475
8309	0.8261
8310	1.69
8311	2.755
8312	2.587
8313	4.647
8314	2.278
8315	2.96
8316	4.284
8317	2.753
8318	5.465
8319	3.075
8320	4.789
8321	1.921
8322	2.471
8323	2.876
8324	2.397
8325	3.793
8326	3.784
8327	2.368
8328	2.481
8329	3.241
8330	1.367
8331	1.811
8332	4.624
8333	1.973
8334	2.666
8335	2.179
8336	4.7
8337	1.545
8338	3.09
8339	2.266
8340	2.082
8341	1.769
8342	2.15
8343	1.975
8344	3.879
8345	2.454
8346	2.119
8347	1.847
8348	2.077
8349	3.988
8350	1.857
8351	1.791
8352	4.623
8353	2.308
8354	4.27
8355	1.908
8356	0.9885
8357	1.607
8358	1.592
8359	1.563
8360	3.219
8361	3.451
8362	3.184
8363	3.436
8364	2.135
8365	2.077
8366	0.7554
8367	1.021
8368	1.542
8369	1.179
8370	1.504
8371	2.756
8372	1.68
8373	2.386
8374	3.126
8375	4.386
8376	2.46
8377	1.912
8378	2.284
8379	1.632
8380	1.576
8381	2.604
8382	1.286
8383	1.478
8384	2.263
8385	2.736
8386	3.565
8387	3.502
8388	1.58
8389	1.472
8390	4.607
8391	3.343
8392	2.054
8393	2.054
8394	1.48
8395	2.132
8396	3.038
8397	2.328
8398	1.888
8399	2.743
8400	1.703
8401	1.178
8402	2.826
8403	5.925
8404	2.8
8405	4.207
8406	1.733
8407	0.7833
8408	2.184
8409	2.018
8410	2.526
8411	3.372
8412	4.28
8413	3.488
8414	1.948
8415	1.953
8416	1.998
8417	3.958
8418	3.413
8419	2.402
8420	3.579
8421	4.778
8422	1.261
8423	1.961
8424	2.334
8425	2.514
8426	4.705
8427	2.05
8428	1.586
8429	4.339
8430	2.402
8431	1.387
8432	1.358
8433	3.407
8434	2.773
8435	4.184
8436	2.754
8437	1.23
8438	3.367
8439	4.099
8440	2.454
8441	3.548
8442	1.83
8443	3.843
8444	2.055
8445	2.548
8446	3.199
8447	3.3
8448	3.709
8449	0.9248
8450	3.761
8451	1.671
8452	2.159
8453	2.762
8454	4.634
8455	5.155
8456	4.369
8457	2.897
8458	3.947
8459	2.712
8460	2.086
8461	2.979
8462	0.9771
8463	2.243
8464	3.072
8465	5.267
8466	3.65
8467	3.994
8468	2.74
8469	4.879
8470	2.934
8471	2.479
8472	2.972
8473	3.176
8474	1.611
8475	1.914
8476	0.7885
8477	2.271
8478	1.657
8479	4.682
8480	2.464
8481	3.669
8482	2.116
8483	3.563
8484	1.435
8485	1.357
8486	2.092
8487	2.63
8488	5.487
8489	3.875
8490	3.291
8491	2.213
8492	2.881
8493	4.481
8494	2.992
8495	4.246
8496	2.071
8497	2.551
8498	2.912
8499	5.091
8500	3.058
8501	6.329
8502	4.387
8503	3.344
8504	3.115
8505	6.081
8506	4.66
8507	3.303
8508	2.086
8509	3.192
8510	5.103
8511	2.375
8512	2.538
8513	3.701
8514	4.209
8515	2.597
8516	2.075
8517	2.25
8518	6.631
8519	4.742
8520	2.448
8521	1.728
8522	1.736
8523	1.027
8524	1.428
8525	4.948
8526	2.872
8527	2.388
8528	2.649
8529	2.356
8530	2.969
8531	5.433
8532	2.203
8533	0.9028
8534	4.48
8535	4.338
8536	1.753
8537	3.371
8538	4.674
8539	2.606
8540	1.036
8541	2.274
8542	3.265
8543	3.776
8544	4.267
8545	3.62
8546	0.8634
8547	3.228
8548	0.988
8549	2.498
8550	2.136
8551	2.404
8552	2.741
8553	2.124
8554	3.342
8555	2.89
8556	3.447
8557	2.606
8558	5.142
8559	2.269
8560	1.709
8561	3.048
8562	2.898
8563	3.127
8564	3.49
8565	1.678
8566	2.426
8567	0.7072
8568	5.395
8569	1.699
8570	1.228
8571	3.756
8572	3.301
8573	2.374
8574	4.416
8575	1.842
8576	3.594
8577	1.216
8578	3.546
8579	5.298
8580	5.08
8581	2.422
8582	2.311
8583	2.48
8584	2.581
8585	2.492
8586	2.955
8587	3.754
8588	2.771
8589	4.761
8590	4.67
8591	2.162
8592	3.279
8593	5.6
8594	4.279
8595	3.15
8596	6.115
8597	3.732
8598	2.016
8599	2.949
8600	2.911
8601	1.494
8602	6.662
8603	2.676
8604	2.741
8605	4.79
8606	2.198
8607	4.837
8608	2.841
8609	1.69
8610	3.087
8611	3.486
8612	1.622
8613	1.338
8614	4.088
8615	3.377
8616	2.428
8617	4.215
8618	2.372
8619	1.252
8620	4.805
8621	3.126
8622	1.441
8623	3.3
8624	3.189
8625	2.144
8626	2.333
8627	2.178
8628	8.308
8629	3.525
8630	1.739
8631	2.081
8632	2.208
8633	3.646
8634	1.805
8635	3.539
8636	1.254
8637	4.651
8638	3.921
8639	2.438
8640	2.423
8641	3.526
8642	3.122
8643	2.552
8644	2.15
8645	3.902
8646	2.344
8647	4.192
8648	2.566
8649	2.897
8650	4.598
8651	2.927
8652	1.95
8653	3.427
8654	3.319
8655	3.603
8656	3.969
8657	2.653
8658	2.177
8659	4.109
8660	1.099
8661	1.714
8662	3.367
8663	1.644
8664	4.539
8665	1.184
8666	3.571
8667	1.817
8668	2.57
8669	1.92
8670	3.082
8671	2.457
8672	3.888
8673	1.685
8674	2.274
8675	2.948
8676	2.152
8677	6.361
8678	3.122
8679	3.797
8680	3.904
8681	0.9946
8682	2.716
8683	4.539
8684	4.676
8685	3.293
8686	1.371
8687	1.805
8688	3.488
8689	1.746
8690	1.592
8691	2.151
8692	1.435
8693	1.696
8694	4.911
8695	2.467
8696	3.799
8697	2.42
8698	1.633
8699	2.964
8700	3.058
8701	2.664
8702	2.05
8703	1.724
8704	1.914
8705	3.186
8706	4.986
8707	1.672
8708	4.467
8709	2.593
8710	3.188
8711	4.39
8712	3.464
8713	1.853
8714	0.641
8715	2.094
8716	3.925
8717	2.234
8718	6.841
8719	2.9
8720	5.034
8721	2.133
8722	1.475
8723	2.174
8724	4.0
8725	2.373
8726	4.72
8727	2.579
8728	3.421
8729	2.743
8730	3.962
8731	6.273
8732	4.729
8733	7.253
8734	2.338
8735	2.406
8736	0.5789
8737	0.9401
8738	1.886
8739	2.793
8740	7.083
8741	4.442
8742	3.176
8743	3.888
8744	4.367
8745	2.241
8746	2.613
8747	3.314
8748	3.304
8749	3.622
8750	1.485
8751	2.312
8752	4.507
8753	5.518
8754	2.665
8755	2.516
8756	3.81
8757	4.509
8758	4.018
8759	1.284
8760	1.566
8761	1.852
8762	1.443
8763	3.057
8764	2.168
8765	1.839
8766	3.677
8767	1.854
8768	1.424
8769	1.659
8770	1.594
8771	4.091
8772	3.564
8773	5.626
8774	3.58
8775	2.518
8776	1.675
8777	1.303
8778	0.7789
8779	1.734
8780	2.374
8781	1.26
8782	3.611
8783	3.293
8784	1.835
8785	1.114
8786	1.31
8787	2.926
8788	4.839
8789	6.322
8790	2.471
8791	3.632
8792	1.575
8793	1.064
8794	2.425
8795	3.175
8796	3.641
8797	4.852
8798	3.528
8799	4.573
8800	3.955
8801	2.674
8802	1.635
8803	2.287
8804	4.053
8805	2.822
8806	2.157
8807	3.691
8808	2.848
8809	5.631
8810	4.559
8811	5.168
8812	6.55
8813	3.887
8814	2.821
8815	3.529
8816	5.033
8817	1.078
8818	0.6687
8819	1.704
8820	3.774
8821	4.346
8822	5.491
8823	1.979
8824	2.264
8825	1.475
8826	3.885
8827	2.51
8828	1.56
8829	2.662
8830	1.452
8831	1.674
8832	3.204
8833	2.168
8834	1.496
8835	2.799
8836	2.769
8837	3.304
8838	1.976
8839	2.751
8840	4.241
8841	3.185
8842	5.728
8843	3.85
8844	2.222
8845	5.777
8846	4.229
8847	3.47
8848	2.457
8849	2.35
8850	4.879
8851	2.779
8852	1.408
8853	2.119
8854	4.862
8855	2.313
8856	1.023
8857	4.439
8858	2.654
8859	7.578
8860	0.7435
8861	1.811
8862	2.526
8863	3.752
8864	2.447
8865	1.985
8866	1.887
8867	2.803
8868	2.772
8869	4.166
8870	3.37
8871	6.596
8872	2.836
8873	2.282
8874	1.362
8875	4.493
8876	3.781
8877	3.347
8878	3.539
8879	6.701
8880	3.289
8881	6.427
8882	2.171
8883	3.236
8884	1.411
8885	3.173
8886	3.92
8887	2.66
8888	2.87
8889	1.762
8890	2.12
8891	3.019
8892	7.215
8893	2.489
8894	3.105
8895	5.936
8896	4.288
8897	2.685
8898	2.125
8899	1.078
8900	5.147
8901	3.056
8902	2.728
8903	3.451
8904	1.817
8905	3.275
8906	1.362
8907	3.884
8908	3.419
8909	2.561
8910	0.6965
8911	4.229
8912	2.471
8913	1.526
8914	3.375
8915	2.563
8916	3.445
8917	1.418
8918	2.815
8919	4.654
8920	3.737
8921	2.695
8922	2.337
8923	2.132
8924	3.309
8925	1.974
8926	2.442
8927	2.387
8928	1.935
8929	3.658
8930	2.454
8931	3.909
8932	1.657
8933	1.656
8934	3.687
8935	2.854
8936	5.228
8937	3.213
8938	6.118
8939	3.021
8940	1.977
8941	1.501
8942	5.448
8943	1.439
8944	0.7927
8945	1.811
8946	1.266
8947	0.696
8948	2.827
8949	3.294
8950	6.481
8951	2.044
8952	5.685
8953	3.811
8954	1.83
8955	2.218
8956	0.9653
8957	3.003
8958	2.23
8959	1.217
8960	2.056
8961	2.479
8962	1.702
8963	1.899
8964	2.038
8965	2.463
8966	6.693
8967	0.8883
8968	2.489
8969	2.426
8970	2.626
8971	1.726
8972	3.726
8973	1.591
8974	1.598
8975	2.972
8976	2.416
8977	3.678
8978	2.208
8979	3.384
8980	1.835
8981	0.9516
8982	2.314
8983	3.353
8984	0.9736
8985	3.593
8986	1.285
8987	3.949
8988	3.761
8989	3.863
8990	5.919
8991	4.917
8992	3.556
8993	4.485
8994	3.19
8995	4.715
8996	2.181
8997	2.464
8998	3.493
8999	3.247
9000	1.699
9001	2.686
9002	2.175
9003	2.47
9004	2.5
9005	5.145
9006	2.192
9007	1.542
9008	3.429
9009	3.215
9010	4.457
9011	1.454
9012	3.071
9013	4.523
9014	5.358
9015	3.907
9016	3.21
9017	5.849
9018	2.948
9019	5.946
9020	3.836
9021	5.808
9022	3.561
9023	4.572
9024	3.636
9025	1.301
9026	1.222
9027	0.7998
9028	1.761
9029	3.727
9030	3.175
9031	2.646
9032	2.534
9033	2.176
9034	3.884
9035	2.779
9036	2.69
9037	1.919
9038	1.718
9039	2.834
9040	1.62
9041	1.419
9042	3.47
9043	1.26
9044	1.935
9045	1.644
9046	3.183
9047	2.218
9048	2.427
9049	5.446
9050	6.847
9051	1.309
9052	1.76
9053	2.105
9054	1.091
9055	1.764
9056	4.051
9057	2.911
9058	3.01
9059	2.6
9060	3.113
9061	2.064
9062	3.328
9063	5.251
9064	4.57
9065	2.901
9066	1.04
9067	1.938
9068	1.985
9069	1.733
9070	2.998
9071	4.747
9072	1.88
9073	3.194
9074	2.243
9075	1.373
9076	2.148
9077	4.04
9078	2.797
9079	3.741
9080	3.305
9081	2.698
9082	2.191
9083	0.9679
9084	3.606
9085	3.492
9086	4.485
9087	4.598
9088	1.834
9089	1.868
9090	2.816
9091	3.358
9092	5.35
9093	3.661
9094	3.546
9095	2.232
9096	2.701
9097	4.324
9098	1.675
9099	1.998
9100	2.749
9101	1.85
9102	4.523
9103	4.248
9104	3.233
9105	3.74
9106	4.768
9107	3.578
9108	1.354
9109	5.196
9110	0.8159
9111	1.793
9112	3.212
9113	2.961
9114	4.255
9115	2.981
9116	2.872
9117	6.684
9118	5.766
9119	1.582
9120	1.453
9121	1.373
9122	3.602
9123	3.025
9124	3.791
9125	4.663
9126	1.605
9127	4.576
9128	1.804
9129	1.548
9130	3.639
9131	1.167
9132	2.88
9133	2.017
9134	1.861
9135	2.525
9136	1.922
9137	2.282
9138	3.086
9139	3.614
9140	4.144
9141	1.989
9142	3.731
9143	4.395
9144	5.082
9145	1.494
9146	3.138
9147	5.609
9148	1.097
9149	2.46
9150	2.777
9151	5.26
9152	2.897
9153	2.901
9154	6.404
9155	1.494
9156	1.167
9157	4.825
9158	2.128
9159	1.954
9160	4.273
9161	2.274
9162	3.871
9163	4.186
9164	2.156
9165	3.415
9166	1.905
9167	1.871
9168	4.912
9169	0.944
9170	3.534
9171	2.199
9172	2.684
9173	1.413
9174	6.833
9175	2.896
9176	2.294
9177	2.008
9178	2.07
9179	1.577
9180	1.317
9181	0.9212
9182	1.693
9183	2.638
9184	2.317
9185	3.815
9186	4.346
9187	2.296
9188	3.816
9189	2.989
9190	2.031
9191	3.868
9192	1.801
9193	1.958
9194	2.255
9195	2.239
9196	2.715
9197	4.189
9198	2.644
9199	4.467
9200	2.539
9201	2.965
9202	3.821
9203	2.342
9204	2.582
9205	5.539
9206	4.188
9207	1.938
9208	1.452
9209	2.514
9210	4.888
9211	1.927
9212	3.942
9213	3.867
9214	2.538
9215	2.017
9216	3.49
9217	4.517
9218	2.93
9219	4.09
9220	3.386
9221	3.623
9222	2.216
9223	5.351
9224	4.092
9225	2.965
9226	2.221
9227	2.755
9228	1.892
9229	1.522
9230	2.821
9231	3.541
9232	1.747
9233	2.111
9234	2.798
9235	3.984
9236	4.207
9237	2.72
9238	1.505
9239	1.475
9240	2.121
9241	3.407
9242	3.412
9243	2.622
9244	2.339
9245	3.027
9246	4.301
9247	3.765
9248	0.8658
9249	3.073
9250	3.344
9251	3.287
9252	3.609
9253	2.107
9254	3.034
9255	4.454
9256	2.624
9257	2.754
9258	0.7633
9259	4.326
9260	5.388
9261	2.335
9262	2.957
9263	5.204
9264	2.822
9265	3.1
9266	3.422
9267	2.445
9268	7.035
9269	3.91
9270	4.542
9271	4.762
9272	2.391
9273	2.602
9274	2.353
9275	2.855
9276	5.278
9277	4.075
9278	1.557
9279	3.099
9280	2.573
9281	1.104
9282	1.229
9283	1.298
9284	2.098
9285	3.049
9286	2.028
9287	1.524
9288	1.983
9289	2.425
9290	2.356
9291	3.051
9292	0.9792
9293	2.224
9294	4.696
9295	4.825
9296	2.046
9297	4.258
9298	7.662
9299	2.61
9300	2.315
9301	5.981
9302	1.333
9303	3.2
9304	4.191
9305	1.743
9306	3.972
9307	2.579
9308	1.969
9309	2.053
9310	2.201
9311	1.258
9312	2.64
9313	3.6
9314	6.029
9315	2.345
9316	1.144
9317	3.455
9318	3.849
9319	3.024
9320	3.939
9321	6.696
9322	4.38
9323	1.713
9324	3.271
9325	0.8352
9326	2.179
9327	3.739
9328	2.986
9329	1.728
9330	3.261
9331	3.809
9332	3.538
9333	3.143
9334	3.455
9335	6.637
9336	2.669
9337	7.536
9338	1.698
9339	3.297
9340	4.301
9341	2.642
9342	2.482
9343	4.773
9344	4.815
9345	1.372
9346	1.647
9347	3.071
9348	1.379
9349	1.948
9350	2.588
9351	3.26
9352	5.636
9353	3.576
9354	0.592
9355	2.071
9356	2.652
9357	1.927
9358	3.077
9359	4.261
9360	2.422
9361	1.14
9362	1.121
9363	3.078
9364	1.573
9365	1.462
9366	4.304
9367	1.47
9368	4.491
9369	1.742
9370	3.039
9371	1.457
9372	3.026
9373	4.243
9374	3.304
9375	1.193
9376	3.829
9377	2.445
9378	4.558
9379	3.82
9380	2.673
9381	1.069
9382	2.318
9383	3.987
9384	2.022
9385	1.488
9386	2.71
9387	3.746
9388	3.023
9389	3.578
9390	3.517
9391	4.562
9392	3.715
9393	1.7
9394	2.036
9395	2.311
9396	2.972
9397	3.947
9398	4.175
9399	2.238
9400	1.289
9401	3.339
9402	1.148
9403	1.089
9404	3.724
9405	3.613
9406	2.784
9407	1.188
9408	3.358
9409	1.42
9410	1.396
9411	2.442
9412	2.166
9413	2.279
9414	1.478
9415	2.838
9416	4.56
9417	2.338
9418	3.845
9419	1.467
9420	3.492
9421	7.052
9422	3.358
9423	3.561
9424	2.19
9425	3.255
9426	1.879
9427	1.43
9428	1.352
9429	4.652
9430	2.965
9431	4.302
9432	2.971
9433	3.127
9434	0.9437
9435	1.244
9436	4.021
9437	3.614
9438	3.128
9439	1.398
9440	0.4217
9441	4.504
9442	2.526
9443	3.128
9444	1.847
9445	1.341
9446	0.9043
9447	1.66
9448	2.347
9449	1.989
9450	1.106
9451	1.693
9452	3.809
9453	3.462
9454	3.791
9455	1.733
9456	3.082
9457	1.993
9458	2.472
9459	1.802
9460	3.047
9461	1.44
9462	3.217
9463	4.164
9464	2.374
9465	4.183
9466	2.227
9467	3.628
9468	2.632
9469	2.227
9470	2.542
9471	3.679
9472	5.797
9473	3.46
9474	1.206
9475	1.435
9476	3.034
9477	0.8949
9478	0.8916
9479	1.86
9480	0.7089
9481	2.359
9482	3.484
9483	3.822
9484	2.131
9485	4.384
9486	3.174
9487	4.233
9488	3.925
9489	1.913
9490	3.665
9491	2.738
9492	2.612
9493	3.442
9494	1.668
9495	2.58
9496	2.014
9497	2.886
9498	1.799
9499	0.8256
9500	3.33
9501	3.469
9502	2.474
9503	1.599
9504	3.361
9505	4.983
9506	5.692
9507	4.346
9508	4.427
9509	0.9166
9510	4.296
9511	2.084
9512	2.846
9513	5.532
9514	3.126
9515	2.444
9516	5.074
9517	2.58
9518	4.507
9519	3.882
9520	2.734
9521	3.87
9522	3.528
9523	1.867
9524	1.966
9525	4.639
9526	4.928
9527	1.706
9528	4.289
9529	4.22
9530	4.145
9531	1.896
9532	1.342
9533	4.307
9534	2.374
9535	6.843
9536	1.585
9537	1.086
9538	2.401
9539	2.155
9540	0.9324
9541	1.112
9542	4.415
9543	2.593
9544	4.65
9545	4.165
9546	2.22
9547	3.235
9548	8.306
9549	2.162
9550	2.867
9551	5.195
9552	5.881
9553	3.314
9554	2.714
9555	3.194
9556	5.849
9557	3.143
9558	2.551
9559	1.06
9560	3.03
9561	2.705
9562	2.461
9563	6.706
9564	2.772
9565	3.332
9566	4.551
9567	3.003
9568	2.904
9569	2.895
9570	3.626
9571	2.387
9572	1.487
9573	1.611
9574	4.721
9575	2.489
9576	0.8968
9577	4.542
9578	3.046
9579	3.245
9580	3.173
9581	3.508
9582	1.729
9583	2.306
9584	3.461
9585	2.689
9586	3.271
9587	2.171
9588	2.616
9589	0.9456
9590	1.533
9591	2.131
9592	0.8497
9593	1.476
9594	1.513
9595	3.162
9596	4.197
9597	2.828
9598	1.564
9599	3.37
9600	5.278
9601	4.315
9602	2.656
9603	2.689
9604	3.119
9605	2.544
9606	1.901
9607	2.021
9608	3.876
9609	4.845
9610	1.76
9611	1.957
9612	2.482
9613	1.351
9614	3.486
9615	2.139
9616	5.535
9617	2.102
9618	1.617
9619	1.798
9620	1.524
9621	1.533
9622	3.045
9623	2.662
9624	4.154
9625	5.398
9626	2.344
9627	6.805
9628	3.775
9629	1.478
9630	1.922
9631	2.862
9632	5.717
9633	1.712
9634	1.001
9635	3.243
9636	3.4
9637	3.693
9638	2.799
9639	0.4715
9640	0.5637
9641	2.049
9642	0.8864
9643	2.345
9644	1.895
9645	3.356
9646	3.755
9647	1.164
9648	2.335
9649	4.021
9650	5.208
9651	3.111
9652	1.314
9653	1.873
9654	3.446
9655	3.242
9656	4.959
9657	1.928
9658	2.329
9659	1.665
9660	3.749
9661	4.472
9662	2.394
9663	1.676
9664	1.606
9665	2.781
9666	4.246
9667	4.279
9668	3.027
9669	1.069
9670	4.89
9671	0.7917
9672	3.205
9673	4.556
9674	2.196
9675	4.151
9676	1.946
9677	0.8776
9678	4.767
9679	7.001
9680	2.739
9681	2.047
9682	2.12
9683	1.561
9684	1.119
9685	2.373
9686	4.005
9687	3.774
9688	1.796
9689	1.952
9690	2.583
9691	3.387
9692	2.778
9693	4.208
9694	3.194
9695	1.792
9696	3.784
9697	2.82
9698	2.805
9699	4.09
9700	3.8
9701	2.836
9702	3.282
9703	3.957
9704	3.926
9705	2.859
9706	2.95
9707	2.072
9708	2.519
9709	2.974
9710	1.811
9711	4.382
9712	3.697
9713	3.797
9714	3.423
9715	4.751
9716	5.676
9717	1.668
9718	1.384
9719	1.816
9720	4.167
9721	1.658
9722	1.699
9723	6.58
9724	2.879
9725	2.961
9726	4.956
9727	3.119
9728	2.604
9729	1.055
9730	2.347
9731	7.412
9732	4.648
9733	3.532
9734	5.146
9735	2.116
9736	4.622
9737	5.082
9738	1.805
9739	3.745
9740	4.088
9741	3.251
9742	4.32
9743	2.004
9744	5.987
9745	2.454
9746	3.317
9747	8.261
9748	2.868
9749	4.185
9750	3.1
9751	2.411
9752	2.122
9753	5.203
9754	1.826
9755	1.753
9756	4.523
9757	2.585
9758	2.836
9759	5.521
9760	2.257
9761	2.166
9762	2.797
9763	3.37
9764	1.829
9765	3.687
9766	0.8488
9767	3.366
9768	3.691
9769	1.695
9770	1.637
9771	3.298
9772	0.8963
9773	0.9805
9774	1.535
9775	4.084
9776	3.506
9777	3.045
9778	2.786
9779	3.322
9780	2.461
9781	1.427
9782	2.036
9783	1.899
9784	4.722
9785	2.465
9786	3.736
9787	3.775
9788	2.517
9789	1.711
9790	1.914
9791	1.953
9792	1.717
9793	1.038
9794	1.334
9795	1.886
9796	3.498
9797	1.383
9798	5.582
9799	3.866
9800	5.63
9801	3.107
9802	1.487
9803	1.763
9804	1.277
9805	2.129
9806	1.661
9807	7.624
9808	4.485
9809	2.662
9810	4.245
9811	1.892
9812	2.037
9813	4.174
9814	2.668
9815	2.968
9816	3.096
9817	1.919
9818	1.917
9819	3.446
9820	3.758
9821	3.107
9822	2.444
9823	1.985
9824	2.549
9825	1.913
9826	1.62
9827	2.742
9828	2.513
9829	3.368
9830	2.481
9831	1.84
9832	5.606
9833	1.945
9834	2.051
9835	1.591
9836	2.494
9837	1.416
9838	1.328
9839	1.931
9840	3.38
9841	2.554
9842	3.76
9843	1.575
9844	2.693
9845	2.596
9846	3.294
9847	3.552
9848	5.05
9849	4.991
9850	2.506
9851	2.771
9852	4.322
9853	2.62
9854	2.338
9855	2.877
9856	4.557
9857	2.124
9858	2.15
9859	3.275
9860	7.102
9861	2.657
9862	3.169
9863	3.227
9864	3.247
9865	2.67
9866	6.275
9867	4.759
9868	3.247
9869	2.353
9870	3.649
9871	3.116
9872	1.738
9873	2.577
9874	3.151
9875	3.589
9876	0.8376
9877	3.262
9878	2.072
9879	2.789
9880	3.141
9881	1.813
9882	4.418
9883	3.168
9884	2.274
9885	2.661
9886	2.155
9887	2.474
9888	3.86
9889	1.965
9890	4.229
9891	4.489
9892	1.82
9893	3.086
9894	3.062
9895	3.413
9896	1.356
9897	3.455
9898	1.896
9899	3.837
9900	2.632
9901	1.7
9902	6.86
9903	3.765
9904	3.219
9905	3.515
9906	1.59
9907	2.712
9908	2.933
9909	0.8359
9910	1.14
9911	5.035
9912	1.612
9913	3.259
9914	2.441
9915	2.103
9916	1.531
9917	1.966
9918	4.423
9919	3.747
9920	4.908
9921	1.786
9922	3.241
9923	2.959
9924	1.288
9925	3.601
9926	3.206
9927	3.611
9928	3.064
9929	1.462
9930	1.974
9931	4.725
9932	4.219
9933	2.123
9934	4.028
9935	2.345
9936	1.72
9937	3.62
9938	1.631
9939	1.245
9940	1.903
9941	1.557
9942	3.292
9943	2.732
9944	1.989
9945	1.793
9946	0.7359
9947	5.274
9948	3.265
9949	2.861
9950	2.466
9951	2.1
9952	1.65
9953	2.163
9954	3.201
9955	4.342
9956	3.15
9957	1.569
9958	2.751
9959	1.803
9960	3.39
9961	3.844
9962	3.278
9963	2.374
9964	4.937
9965	1.436
9966	1.046
9967	2.683
9968	2.448
9969	3.295
9970	1.29
9971	3.091
9972	3.193
9973	1.625
9974	2.467
9975	2.122
9976	2.8
9977	1.303
9978	1.439
9979	3.973
9980	4.897
9981	1.426
9982	1.703
9983	3.579
9984	5.673
9985	3.592
9986	3.074
9987	1.464
9988	4.023
9989	3.756
9990	4.125
9991	3.116
9992	1.965
9993	4.045
9994	2.248
9995	4.382
9996	1.737
9997	1.414
9998	2.686
9999	2.524
10000	1.65
