1	1.884
2	-0.413
3	0.5908
4	-1.025
5	-1.974
6	0.7103
7	-0.2441
8	1.069
9	1.234
10	0.238
11	-0.459
12	-0.05701
13	-1.157
14	-0.1617
15	2.162
16	0.4397
17	-1.152
18	0.003435
19	-0.609
20	-0.7684
21	0.7789
22	-0.473
23	-0.6774
24	-0.09575
25	-0.626
26	0.1852
27	-0.6128
28	0.1816
29	0.4276
30	0.03237
31	1.116
32	0.5778
33	0.5162
34	-0.3067
35	0.3143
36	-0.4654
37	-0.9319
38	1.475
39	-0.4949
40	-0.4603
41	1.539
42	0.5558
43	0.2171
44	0.2482
45	-0.9742
46	-0.1544
47	0.05203
48	-0.2022
49	-0.07127
50	-0.2933
51	-0.7462
52	-0.2767
53	1.02
54	-0.4564
55	-0.1859
56	0.8716
57	-1.132
58	0.8131
59	1.423
60	1.13
61	0.7231
62	-0.1786
63	0.2431
64	-0.3479
65	-0.2222
66	0.2212
67	-0.3962
68	0.008076
69	-0.6334
70	1.53
71	1.023
72	-0.648
73	0.7032
74	0.6951
75	3.908
76	-1.034
77	0.2516
78	-0.8671
79	1.62
80	1.525
81	0.008206
82	1.345
83	-0.978
84	0.3312
85	0.845
86	1.784
87	-0.8378
88	1.35
89	-1.203
90	-0.02848
91	-0.2327
92	0.0653
93	-0.7709
94	-0.05419
95	0.2157
96	1.367
97	-1.375
98	-1.365
99	0.2405
100	-0.1974
101	0.5185
102	-2.045
103	0.399
104	3.322
105	1.641
106	-0.2311
107	0.2334
108	-0.2722
109	1.822
110	-0.3817
111	0.1465
112	-0.3762
113	-0.1406
114	1.031
115	1.383
116	0.8132
117	1.395
118	-0.08813
119	0.2033
120	-0.4331
121	1.176
122	0.1618
123	-0.4825
124	-0.1718
125	0.7236
126	0.2668
127	0.1583
128	0.7201
129	1.042
130	1.362
131	0.203
132	-0.7177
133	0.2923
134	0.2153
135	-0.01325
136	0.255
137	0.6988
138	-0.1968
139	-0.182
140	-0.9159
141	0.1302
142	-0.05821
143	-0.9804
144	0.1247
145	0.9941
146	-0.5244
147	0.4873
148	-0.8191
149	0.4277
150	-0.2215
151	-0.6957
152	-2.141
153	1.419
154	0.4552
155	1.047
156	2.552
157	-0.6051
158	0.1406
159	0.3673
160	-0.2232
161	0.5441
162	0.2782
163	0.9761
164	0.4856
165	0.3957
166	-0.2888
167	-0.5255
168	0.6066
169	1.047
170	-0.007743
171	-0.1674
172	-1.043
173	-1.569
174	0.3715
175	-0.4502
176	-0.39
177	-0.5665
178	-0.3924
179	-0.9531
180	-0.2616
181	-0.1567
182	-0.3319
183	0.7865
184	-0.3795
185	-0.3093
186	-0.8487
187	-0.5176
188	-0.8455
189	-1.532
190	-0.113
191	0.5921
192	-2.006
193	0.4935
194	-0.3613
195	-1.447
196	0.7541
197	-0.4261
198	0.6231
199	-0.08118
200	-0.5398
201	0.9257
202	-0.568
203	-0.06055
204	-0.326
205	1.162
206	-1.048
207	-0.01159
208	0.08806
209	-0.9764
210	-1.151
211	0.7973
212	3.174
213	-1.117
214	-0.7894
215	-0.2359
216	-0.811
217	-1.628
218	-0.09526
219	-0.7362
220	0.1671
221	-0.3919
222	-0.3904
223	-0.04681
224	0.9493
225	-0.7677
226	1.881
227	-0.2402
228	0.01292
229	0.1514
230	0.4587
231	0.4478
232	0.1365
233	0.06905
234	-1.495
235	0.3591
236	-0.428
237	-1.203
238	-0.3448
239	1.235
240	0.8995
241	-1.007
242	0.1123
243	0.2296
244	0.4402
245	-1.455
246	-0.09079
247	0.3176
248	1.085
249	0.2211
250	0.4619
251	-0.155
252	-0.7265
253	0.4483
254	-0.4217
255	-0.4589
256	-0.5825
257	0.8501
258	0.7627
259	-0.4157
260	0.06032
261	1.08
262	-0.5924
263	-0.8197
264	0.5767
265	0.5411
266	-0.7438
267	1.324
268	0.4486
269	1.119
270	0.8358
271	-3.052
272	-0.7203
273	-0.4125
274	0.895
275	0.0159
276	-0.4512
277	0.08655
278	-0.5199
279	0.4093
280	1.226
281	-0.3578
282	0.2375
283	-0.6366
284	-1.907
285	0.4942
286	-0.1247
287	-0.5154
288	0.04014
289	0.6286
290	-0.2058
291	-0.6431
292	0.2918
293	-0.3984
294	0.6548
295	2.37
296	-0.907
297	-0.284
298	-1.675
299	-0.8696
300	1.304
301	-0.9311
302	-1.548
303	1.6
304	0.2463
305	-0.2598
306	0.1346
307	0.1917
308	-0.9303
309	0.4689
310	0.1367
311	0.2727
312	0.9743
313	-0.5485
314	1.314
315	-1.44
316	-0.6484
317	0.3953
318	-0.6171
319	-1.356
320	-0.3328
321	-0.2106
322	0.845
323	-0.2378
324	0.4627
325	0.2473
326	0.3554
327	-1.109
328	0.5931
329	-0.01308
330	1.538
331	-0.4236
332	0.6193
333	1.858
334	0.196
335	-0.2347
336	0.1237
337	0.2159
338	-1.342
339	-0.1685
340	0.4104
341	-0.2331
342	-0.1244
343	0.6734
344	-1.427
345	1.091
346	-0.8522
347	-0.6072
348	1.221
349	0.03098
350	-0.05922
351	-1.039
352	0.1971
353	-0.7356
354	0.2096
355	1.184
356	1.032
357	-1.143
358	0.3868
359	0.6703
360	-0.5442
361	0.3898
362	-0.06275
363	-0.4436
364	-0.8913
365	-0.4583
366	-0.522
367	0.03253
368	0.6483
369	0.01421
370	0.6861
371	0.5536
372	0.3965
373	-0.172
374	0.6304
375	0.2709
376	0.687
377	-0.5247
378	0.1228
379	-0.5242
380	0.05334
381	-0.5061
382	-0.1807
383	-0.07829
384	-0.3209
385	0.3452
386	0.9648
387	0.89
388	1.251
389	-1.708
390	-0.2663
391	0.05622
392	0.6086
393	0.1985
394	-1.678
395	-0.345
396	0.6849
397	-0.7517
398	-0.8835
399	-0.4102
400	-0.842
401	-1.124
402	0.03837
403	-1.124
404	1.219
405	0.06908
406	1.331
407	-0.6712
408	0.7513
409	-0.7429
410	0.9012
411	-0.4946
412	1.259
413	-0.9998
414	1.23
415	0.9551
416	-0.3706
417	-0.2948
418	-0.3853
419	-0.1688
420	1.926
421	0.1529
422	-0.3068
423	-1.247
424	-1.218
425	-1.753
426	-1.36
427	0.7125
428	-0.2029
429	1.589
430	0.7513
431	0.6123
432	-0.1494
433	0.504
434	1.424
435	-0.953
436	-0.9053
437	0.772
438	1.119
439	-0.699
440	0.6082
441	-0.5629
442	-0.342
443	0.3623
444	-0.6981
445	2.107
446	0.2488
447	-0.4947
448	0.05491
449	0.5281
450	0.8577
451	-0.3021
452	-0.9025
453	1.762
454	0.34
455	0.2351
456	0.5477
457	0.1485
458	-0.1508
459	-0.1611
460	0.3363
461	0.3809
462	-0.09539
463	0.7736
464	1.427
465	0.1945
466	0.06109
467	-0.7448
468	0.7306
469	0.0677
470	0.8541
471	-0.7916
472	-0.6561
473	0.08213
474	0.1819
475	0.8313
476	-1.17
477	-0.09391
478	0.5703
479	-0.3268
480	0.3931
481	-0.4735
482	-0.333
483	0.0435
484	-0.6957
485	-0.1767
486	-0.4455
487	0.9292
488	-1.599
489	2.421
490	1.878
491	-0.4229
492	1.347
493	-0.008708
494	-1.503
495	-0.398
496	-1.066
497	0.07349
498	1.489
499	0.07976
500	-0.7808
501	-0.146
502	-0.7609
503	0.2941
504	-0.7599
505	1.437
506	0.6957
507	1.077
508	0.1592
509	-0.5282
510	-0.48
511	-0.1527
512	-0.3376
513	0.3373
514	0.9721
515	-1.411
516	-0.6899
517	-0.6772
518	0.7718
519	1.209
520	1.161
521	1.689
522	-1.739
523	0.1369
524	-0.5308
525	0.8751
526	-0.4488
527	0.04915
528	0.6438
529	-0.0308
530	0.5814
531	0.3677
532	0.01398
533	-1.719
534	-0.1722
535	0.4526
536	-1.754
537	-0.4531
538	-1.19
539	0.9049
540	-0.5229
541	0.5899
542	-1.37
543	0.6279
544	-0.7257
545	-0.2205
546	0.6365
547	-0.8225
548	0.2778
549	-1.037
550	-0.7255
551	-0.6793
552	0.966
553	-0.09445
554	0.1168
555	-1.223
556	0.3546
557	0.361
558	-1.15
559	0.6649
560	0.688
561	1.062
562	-0.1216
563	-0.0957
564	-0.9759
565	0.6857
566	0.29
567	-0.5475
568	-0.6323
569	0.1443
570	0.9265
571	-0.003088
572	-0.3047
573	-0.6653
574	-0.886
575	-0.2523
576	1.3
577	0.06023
578	-1.061
579	-1.666
580	-0.1925
581	-0.05242
582	-1.382
583	0.7365
584	-0.3384
585	0.04879
586	0.7838
587	-0.9214
588	0.6535
589	-0.5444
590	-0.6876
591	-1.215
592	0.6546
593	-0.8266
594	-1.188
595	-1.715
596	0.6218
597	0.7867
598	1.057
599	-0.1393
600	-0.7552
601	1.479
602	0.3017
603	0.7405
604	-1.135
605	0.3762
606	-1.443
607	0.5212
608	1.65
609	-0.02001
610	-0.2297
611	0.4427
612	1.122
613	-0.6862
614	-1.767
615	-0.3053
616	0.1628
617	1.91
618	0.491
619	0.4828
620	-0.9501
621	-0.7935
622	-1.654
623	-0.7813
624	1.123
625	0.4142
626	0.1394
627	0.1765
628	-0.3804
629	-0.2169
630	-0.4777
631	-0.94
632	0.4178
633	0.368
634	-1.391
635	2.35
636	0.2008
637	-0.2777
638	-0.3119
639	0.6315
640	-1.087
641	-1.177
642	-0.4979
643	-1.35
644	-0.8048
645	-1.052
646	-0.3967
647	-0.4299
648	-1.272
649	0.7237
650	-0.7119
651	0.2344
652	-0.5424
653	1.363
654	-0.8258
655	1.04
656	-0.7529
657	0.6078
658	0.1595
659	-0.4301
660	-0.2365
661	0.6845
662	-1.99
663	-1.121
664	0.2596
665	1.569
666	-1.615
667	2.292
668	-2.038
669	-1.195
670	0.2305
671	1.267
672	1.014
673	0.03001
674	0.7327
675	-0.1347
676	-0.4273
677	0.1501
678	0.2722
679	1.227
680	1.014
681	-0.3091
682	-0.3544
683	0.04685
684	-2.338
685	1.208
686	0.05547
687	-0.2026
688	0.6368
689	0.4529
690	-0.1457
691	-0.5391
692	0.4492
693	-0.4417
694	1.205
695	0.5392
696	-0.5031
697	-0.4638
698	-0.02012
699	0.7398
700	0.4155
701	0.09305
702	0.6844
703	-0.2226
704	0.4181
705	0.505
706	-0.7215
707	-0.4659
708	-0.2327
709	-1.439
710	-2.427
711	1.215
712	0.3403
713	-1.528
714	1.141
715	0.3837
716	0.8563
717	0.8332
718	-0.727
719	-0.3562
720	0.7116
721	0.5229
722	1.048
723	-0.3527
724	-0.553
725	1.095
726	0.6247
727	0.494
728	-0.274
729	-0.7989
730	-1.322
731	-0.3861
732	-0.2903
733	-0.6327
734	1.315
735	-0.3717
736	-0.3327
737	-1.314
738	1.271
739	-0.9006
740	0.8307
741	0.2771
742	-1.069
743	0.7142
744	-0.7295
745	-0.1703
746	0.1909
747	-0.4889
748	-0.9116
749	-0.248
750	-0.202
751	-0.6668
752	-0.9491
753	-0.08727
754	0.64
755	-0.08924
756	0.405
757	0.1711
758	-1.289
759	-0.09037
760	0.2516
761	1.856
762	0.3899
763	1.708
764	1.594
765	0.3295
766	-0.6453
767	0.006761
768	0.7167
769	-0.2744
770	0.9262
771	-1.439
772	-0.4575
773	-1.026
774	-0.1072
775	-0.7183
776	0.8741
777	-1.228
778	0.631
779	-2.02
780	0.06101
781	-0.6039
782	0.6885
783	0.245
784	0.9826
785	-0.5529
786	-0.0549
787	-1.456
788	-0.6686
789	-0.2838
790	0.04888
791	-0.9444
792	0.02562
793	0.3942
794	-0.09888
795	-0.4244
796	0.1373
797	0.6296
798	-1.473
799	1.815
800	-0.4641
801	1.359
802	-0.7411
803	-1.209
804	0.9228
805	-0.0791
806	-1.728
807	-1.43
808	-0.4695
809	-0.4149
810	-0.05215
811	-0.5517
812	-0.6107
813	1.303
814	-0.8743
815	1.79
816	0.4426
817	-1.322
818	-0.1649
819	1.146
820	1.331
821	-2.067
822	0.5443
823	-0.6192
824	-1.076
825	-1.288
826	-0.855
827	0.08973
828	0.02457
829	-0.8144
830	0.02
831	0.2474
832	1.2
833	-0.7418
834	-0.08427
835	0.4088
836	-0.9137
837	0.2395
838	-0.3011
839	-0.5164
840	0.5635
841	-0.3364
842	0.04304
843	-2.016
844	-1.289
845	-1.7
846	-0.661
847	0.9442
848	-0.9558
849	0.7248
850	0.6222
851	1.651
852	0.7322
853	-0.6259
854	-1.218
855	1.908
856	-0.25
857	0.5424
858	-0.1271
859	1.123
860	-2.182
861	2.053
862	0.4837
863	-0.844
864	0.2282
865	0.9842
866	0.2764
867	-1.433
868	1.023
869	-0.4701
870	0.206
871	-0.5816
872	0.0615
873	-0.8568
874	0.292
875	1.077
876	1.398
877	-1.351
878	0.02775
879	-0.7764
880	-0.3679
881	-0.005676
882	1.401
883	0.7366
884	-0.8594
885	0.2473
886	-0.2371
887	0.7185
888	-0.3028
889	-0.5352
890	-0.01024
891	-0.04069
892	0.3927
893	0.2889
894	-0.07054
895	0.5773
896	1.968
897	-0.6489
898	-0.253
899	-0.2724
900	-1.256
901	0.8901
902	-0.6191
903	0.3127
904	0.5789
905	0.4399
906	1.491
907	-0.891
908	-0.6461
909	0.2586
910	-0.7655
911	1.497
912	-0.1548
913	-0.06347
914	-0.7999
915	1.306
916	-2.491
917	-0.2279
918	-0.04583
919	-2.528
920	1.717
921	-0.7614
922	0.02467
923	0.2729
924	-0.05202
925	0.927
926	-0.5371
927	-0.1882
928	1.311
929	-0.1758
930	1.208
931	1.091
932	0.7041
933	1.185
934	0.2508
935	-0.941
936	0.9648
937	-1.194
938	0.5177
939	-1.251
940	-0.03165
941	0.5795
942	-0.9083
943	-0.2465
944	0.01856
945	0.1762
946	-0.7703
947	1.473
948	-0.6334
949	-1.156
950	0.8873
951	-0.1173
952	1.258
953	0.817
954	-0.3455
955	0.6827
956	-0.4863
957	0.4708
958	-1.647
959	-0.6718
960	-0.6715
961	-0.8177
962	-1.481
963	0.3521
964	0.2359
965	0.06765
966	0.1424
967	-1.567
968	-0.848
969	0.002944
970	0.1108
971	-1.525
972	0.1825
973	-0.08825
974	-0.3913
975	0.562
976	-0.5547
977	-0.7631
978	0.6537
979	-0.4063
980	-0.04636
981	1.384
982	0.6951
983	-0.2769
984	-0.271
985	0.4708
986	-0.5907
987	-0.3584
988	0.7515
989	0.4358
990	-0.4613
991	0.2211
992	0.7328
993	0.766
994	0.7785
995	0.2316
996	0.3857
997	0.4903
998	-0.3091
999	-0.5205
1000	0.657
1001	0.6165
1002	0.1983
1003	-0.6808
1004	0.9536
1005	0.722
1006	0.7599
1007	0.6305
1008	-0.5134
1009	-0.6367
1010	0.2171
1011	0.9635
1012	1.167
1013	0.5267
1014	-0.4197
1015	-0.05538
1016	0.7128
1017	0.7437
1018	0.7882
1019	0.8458
1020	-1.073
1021	-1.651
1022	-1.5
1023	-0.6991
1024	0.3569
1025	-1.404
1026	2.202
1027	-1.142
1028	0.6604
1029	0.9061
1030	0.8248
1031	0.1337
1032	-0.2068
1033	-0.7236
1034	-0.4041
1035	0.2206
1036	-0.5884
1037	0.02453
1038	-0.9299
1039	0.6972
1040	0.3793
1041	0.4198
1042	-0.5365
1043	-0.6845
1044	1.15
1045	0.7758
1046	0.177
1047	-0.5405
1048	0.3629
1049	0.1995
1050	-0.1208
1051	0.4768
1052	-0.7975
1053	0.4401
1054	-0.1425
1055	-1.44
1056	0.3937
1057	-0.564
1058	-0.7723
1059	-0.4324
1060	-1.674
1061	0.3476
1062	0.9551
1063	0.287
1064	-0.7729
1065	0.3339
1066	0.2393
1067	0.837
1068	1.09
1069	0.6021
1070	1.168
1071	-0.7042
1072	0.04339
1073	-0.7467
1074	-0.833
1075	-1.323
1076	-0.1128
1077	1.237
1078	0.3291
1079	0.09856
1080	-0.3129
1081	0.2914
1082	-0.3927
1083	-0.1515
1084	-1.746
1085	-0.07546
1086	0.1394
1087	-1.0
1088	0.1676
1089	0.1729
1090	0.5981
1091	0.8555
1092	-0.944
1093	0.409
1094	0.4632
1095	0.7668
1096	0.1126
1097	0.3517
1098	0.4501
1099	-0.4012
1100	-1.133
1101	0.07845
1102	-0.5062
1103	-0.1906
1104	-0.3623
1105	0.2827
1106	1.055
1107	1.293
1108	1.169
1109	-0.3133
1110	-0.7728
1111	-0.3783
1112	-0.6361
1113	0.5277
1114	-0.6139
1115	-0.6079
1116	-1.115
1117	0.2067
1118	-1.064
1119	-0.4555
1120	-0.1643
1121	-0.2715
1122	-1.097
1123	1.614
1124	0.2093
1125	0.4722
1126	-0.03315
1127	-0.04672
1128	-0.3592
1129	0.9122
1130	0.6758
1131	-2.387
1132	0.06808
1133	0.6662
1134	-0.1167
1135	-0.2612
1136	0.2366
1137	-0.3041
1138	-0.5049
1139	-0.9287
1140	-1.654
1141	0.8022
1142	0.8232
1143	-0.5339
1144	-0.413
1145	0.7998
1146	0.441
1147	-0.5824
1148	-0.1124
1149	0.3198
1150	-1.5
1151	0.9144
1152	0.8845
1153	-2.027
1154	-0.1863
1155	-1.577
1156	1.057
1157	0.1184
1158	0.3649
1159	0.4714
1160	-0.618
1161	0.2975
1162	0.2192
1163	0.8331
1164	1.26
1165	-1.092
1166	0.6594
1167	-0.9706
1168	0.3585
1169	1.049
1170	1.417
1171	-0.06856
1172	-0.3289
1173	-0.7075
1174	0.3213
1175	-0.2898
1176	-1.061
1177	-0.184
1178	-0.5281
1179	-0.5981
1180	0.1261
1181	0.4459
1182	0.1847
1183	-0.9747
1184	0.7094
1185	0.2254
1186	-0.5889
1187	0.6594
1188	-1.454
1189	-1.019
1190	0.5669
1191	0.6844
1192	-1.354
1193	-0.6388
1194	0.482
1195	-0.7415
1196	1.129
1197	1.245
1198	0.3572
1199	0.4846
1200	0.4418
1201	-0.429
1202	-0.1618
1203	-0.09003
1204	-0.08931
1205	-1.589
1206	1.062
1207	-0.6155
1208	0.2545
1209	-0.1094
1210	0.01455
1211	0.9941
1212	0.2874
1213	0.2244
1214	-0.3843
1215	0.2428
1216	-1.575
1217	0.597
1218	-0.01087
1219	0.8807
1220	-0.683
1221	-0.9677
1222	0.2414
1223	0.4591
1224	0.6619
1225	2.205
1226	2.236
1227	-0.9391
1228	0.06203
1229	-1.234
1230	0.3933
1231	-0.6087
1232	-1.387
1233	0.09264
1234	-1.089
1235	0.4373
1236	0.2053
1237	-0.5796
1238	-0.523
1239	0.1119
1240	0.03684
1241	-2.243
1242	-0.3682
1243	-1.706
1244	0.1826
1245	-0.5954
1246	1.091
1247	-0.2322
1248	0.4663
1249	0.3231
1250	0.004363
1251	-0.2357
1252	-0.8482
1253	-0.9514
1254	0.8328
1255	0.03446
1256	1.515
1257	-0.1143
1258	-1.16
1259	-1.494
1260	0.6667
1261	-1.13
1262	-1.449
1263	0.1699
1264	0.4217
1265	0.1175
1266	-1.364
1267	-1.323
1268	-1.678
1269	0.2449
1270	0.4687
1271	-0.6363
1272	0.7333
1273	-0.133
1274	-0.2362
1275	-0.5242
1276	-2.337
1277	0.8216
1278	-1.218
1279	-0.2653
1280	1.251
1281	1.444
1282	1.215
1283	0.3761
1284	0.3185
1285	0.3027
1286	-0.1412
1287	0.1616
1288	1.53
1289	-0.5544
1290	0.6827
1291	-0.5672
1292	0.6591
1293	-0.6686
1294	0.4611
1295	-1.549
1296	0.4114
1297	-0.7427
1298	1.188
1299	0.9993
1300	-0.5331
1301	0.9262
1302	-0.1516
1303	-0.2163
1304	-0.8648
1305	0.2075
1306	2.399
1307	-0.108
1308	0.00472
1309	0.06835
1310	0.5859
1311	0.4091
1312	-0.1654
1313	-0.9416
1314	-0.2786
1315	-0.7105
1316	-1.654
1317	-0.4655
1318	-1.221
1319	0.1703
1320	-0.1347
1321	-1.356
1322	1.926
1323	2.132
1324	-0.5055
1325	0.3682
1326	-0.4041
1327	-0.7313
1328	-0.5478
1329	0.2419
1330	0.3812
1331	0.4556
1332	0.5599
1333	-0.4652
1334	0.4526
1335	-0.1526
1336	0.02769
1337	-0.4912
1338	-1.02
1339	0.7802
1340	0.3621
1341	0.1939
1342	-0.2217
1343	0.1451
1344	-0.08523
1345	-0.8985
1346	0.5161
1347	-0.6141
1348	0.5883
1349	0.3044
1350	1.381
1351	-0.05485
1352	0.7857
1353	0.2886
1354	-0.4301
1355	-0.1584
1356	1.164
1357	0.05773
1358	1.333
1359	-0.2386
1360	0.1036
1361	1.151
1362	1.121
1363	0.5394
1364	0.5586
1365	0.6179
1366	-0.4654
1367	0.4905
1368	0.3681
1369	-1.429
1370	0.2047
1371	1.915
1372	-0.07403
1373	0.9446
1374	0.9058
1375	0.02223
1376	-0.1612
1377	-0.4565
1378	-1.74
1379	0.4109
1380	0.2404
1381	-0.6169
1382	0.05613
1383	1.189
1384	0.6024
1385	-1.457
1386	-0.445
1387	0.05215
1388	-1.481
1389	-0.2609
1390	-0.3961
1391	-0.4463
1392	-0.2286
1393	0.369
1394	0.4932
1395	-0.4586
1396	-0.4396
1397	-1.329
1398	0.7281
1399	-0.4251
1400	0.1725
1401	-0.2208
1402	-1.949
1403	0.09199
1404	0.5257
1405	-1.595
1406	1.012
1407	-0.2949
1408	-0.5524
1409	0.3307
1410	-1.233
1411	0.8363
1412	0.8037
1413	-0.2394
1414	-0.05352
1415	1.71
1416	0.05711
1417	0.6823
1418	-0.1345
1419	-0.06724
1420	-0.9813
1421	-1.093
1422	1.378
1423	-0.08141
1424	0.3519
1425	-0.5351
1426	-0.1437
1427	1.056
1428	-0.3205
1429	-1.197
1430	0.2118
1431	0.2997
1432	-0.8438
1433	-0.4821
1434	0.1319
1435	0.07237
1436	-0.1913
1437	-0.7294
1438	-1.276
1439	-1.693
1440	-0.218
1441	0.005446
1442	-0.6587
1443	-0.1904
1444	0.1088
1445	-0.5764
1446	1.606
1447	-1.229
1448	-1.55
1449	-0.06587
1450	-0.01502
1451	-0.3174
1452	-0.2517
1453	-1.515
1454	-1.121
1455	0.3377
1456	-0.1146
1457	2.514
1458	0.1635
1459	-0.9344
1460	0.2
1461	1.558
1462	-0.09263
1463	2.885
1464	1.256
1465	-0.4795
1466	-1.356
1467	0.6878
1468	-1.161
1469	0.1572
1470	0.3537
1471	0.7317
1472	-0.7114
1473	0.1972
1474	-1.484
1475	0.1367
1476	-1.323
1477	1.272
1478	1.075
1479	-1.308
1480	-0.2277
1481	1.217
1482	0.4266
1483	-1.493
1484	-0.1107
1485	-0.03678
1486	0.6803
1487	-1.508
1488	1.202
1489	-0.6617
1490	2.405
1491	0.06744
1492	0.7484
1493	-0.5904
1494	-0.2572
1495	-0.1132
1496	-0.5668
1497	0.4826
1498	-0.2303
1499	0.05993
1500	0.4624
1501	0.4311
1502	0.4195
1503	1.8
1504	0.883
1505	-0.4217
1506	-1.331
1507	0.409
1508	-0.7906
1509	-1.872
1510	0.2811
1511	1.175
1512	0.01457
1513	0.6881
1514	-0.8231
1515	-1.06
1516	0.09257
1517	-1.181
1518	0.1717
1519	0.1228
1520	0.5683
1521	1.764
1522	-0.1652
1523	-0.2279
1524	-0.4146
1525	0.1923
1526	-0.06435
1527	0.2514
1528	-0.2618
1529	-0.6994
1530	1.05
1531	0.8923
1532	-0.821
1533	0.7502
1534	0.2531
1535	-0.788
1536	0.8219
1537	-0.06683
1538	-0.4128
1539	0.6948
1540	0.7906
1541	0.8245
1542	-0.5348
1543	0.7294
1544	-0.312
1545	-0.02773
1546	0.6679
1547	0.6878
1548	-0.7991
1549	-2.532
1550	1.368
1551	0.5612
1552	1.727
1553	-0.432
1554	-1.214
1555	-1.06
1556	0.0161
1557	-1.026
1558	0.3569
1559	-0.463
1560	1.768
1561	0.31
1562	-0.9922
1563	-2.596
1564	-0.1269
1565	-0.8585
1566	-0.01399
1567	-0.62
1568	0.5402
1569	-0.3254
1570	-0.6121
1571	0.6663
1572	0.8012
1573	0.6716
1574	-0.1822
1575	-0.3032
1576	0.1262
1577	-0.1251
1578	-0.4193
1579	0.3881
1580	0.005592
1581	0.6834
1582	1.451
1583	0.4845
1584	0.8871
1585	-0.2198
1586	-0.216
1587	-0.5194
1588	0.02991
1589	0.2365
1590	0.431
1591	-0.7417
1592	-0.7259
1593	-0.1286
1594	-0.9997
1595	-1.858
1596	-0.4303
1597	1.191
1598	0.9864
1599	1.145
1600	-0.01781
1601	-1.606
1602	-1.378
1603	0.3762
1604	-0.1782
1605	0.3441
1606	1.039
1607	0.5252
1608	0.8219
1609	0.9557
1610	1.894
1611	-0.02263
1612	-0.02192
1613	0.8369
1614	1.198
1615	-0.2508
1616	0.6398
1617	-0.4434
1618	-0.8975
1619	1.747
1620	0.4839
1621	-0.4045
1622	0.5198
1623	0.5207
1624	-0.2908
1625	-0.2697
1626	-0.4201
1627	-1.191
1628	-0.05766
1629	-0.8067
1630	-0.6542
1631	-1.264
1632	-0.7425
1633	-0.5789
1634	-0.04014
1635	-0.03971
1636	0.09634
1637	-0.3173
1638	-1.413
1639	0.3634
1640	0.6085
1641	0.4102
1642	-0.7458
1643	-1.325
1644	-0.07719
1645	-0.7318
1646	0.1366
1647	-0.04281
1648	-0.9227
1649	-0.06491
1650	0.8073
1651	1.816
1652	1.143
1653	0.5254
1654	-0.2576
1655	-0.202
1656	0.3918
1657	-1.045
1658	0.4075
1659	-0.8902
1660	-0.00923
1661	0.7235
1662	0.5097
1663	1.924
1664	0.1636
1665	-2.376
1666	1.658
1667	1.46
1668	-0.4734
1669	1.081
1670	2.037
1671	-1.114
1672	1.388
1673	2.088
1674	-0.9372
1675	-0.4113
1676	-0.4107
1677	-0.5246
1678	0.53
1679	0.9506
1680	1.021
1681	0.2014
1682	0.7333
1683	1.133
1684	-0.1799
1685	1.375
1686	0.4148
1687	-0.6137
1688	0.453
1689	1.145
1690	-0.4427
1691	-0.7624
1692	0.7048
1693	-0.07722
1694	-0.2392
1695	0.485
1696	-0.5091
1697	-1.625
1698	0.5913
1699	-0.7866
1700	0.1924
1701	-0.2214
1702	1.889
1703	-0.01761
1704	-1.048
1705	-0.6525
1706	-0.0463
1707	0.1147
1708	-1.329
1709	0.3024
1710	-0.02444
1711	0.06035
1712	0.08098
1713	0.6896
1714	0.596
1715	-0.1483
1716	0.3358
1717	-0.07532
1718	0.1221
1719	-0.2095
1720	-0.6036
1721	0.3556
1722	1.183
1723	-0.8119
1724	-0.06655
1725	-0.5631
1726	0.4149
1727	-0.3211
1728	0.6109
1729	-0.5213
1730	-0.6845
1731	-0.115
1732	0.6577
1733	0.02395
1734	0.1966
1735	0.4294
1736	-1.322
1737	0.3758
1738	0.7147
1739	0.4019
1740	-0.5213
1741	0.6517
1742	1.054
1743	0.8948
1744	-1.086
1745	-2.133
1746	-1.12
1747	0.5799
1748	0.5629
1749	-0.2988
1750	1.172
1751	0.2157
1752	1.782
1753	1.034
1754	-1.373
1755	-1.209
1756	-0.3087
1757	0.4499
1758	-0.6986
1759	0.2661
1760	-3.998
1761	0.3054
1762	1.719
1763	-0.1614
1764	1.064
1765	-0.2165
1766	-0.7437
1767	-0.8021
1768	0.4218
1769	-0.6541
1770	-0.4444
1771	0.7941
1772	-0.7377
1773	-2.206
1774	0.2929
1775	-0.9593
1776	-0.349
1777	0.1935
1778	2.276
1779	0.4732
1780	-1.043
1781	-0.4615
1782	-0.03098
1783	0.1143
1784	-0.1623
1785	0.3698
1786	-1.829
1787	0.142
1788	0.3515
1789	0.9229
1790	-1.456
1791	-0.3019
1792	0.004733
1793	-0.1339
1794	0.871
1795	-0.7587
1796	-0.83
1797	0.1805
1798	-1.328
1799	1.127
1800	-0.4832
1801	-0.9772
1802	1.279
1803	0.2712
1804	0.2439
1805	0.5528
1806	-0.4548
1807	1.085
1808	-0.5406
1809	0.1778
1810	1.203
1811	-1.233
1812	0.5738
1813	0.4318
1814	0.1042
1815	-0.6114
1816	0.184
1817	-0.4024
1818	-0.8982
1819	0.4283
1820	-0.5706
1821	0.7118
1822	-0.05905
1823	-0.02168
1824	-0.6308
1825	0.6744
1826	-0.7464
1827	0.4238
1828	1.293
1829	0.181
1830	-0.1801
1831	0.4346
1832	-0.2848
1833	1.388
1834	-0.8323
1835	-1.553
1836	0.3067
1837	0.9084
1838	0.9792
1839	0.8015
1840	-0.1747
1841	-0.2705
1842	0.3392
1843	-1.643
1844	0.02413
1845	-0.3161
1846	-0.5257
1847	1.043
1848	-0.4555
1849	0.7765
1850	-1.15
1851	-0.9008
1852	1.58
1853	-0.4565
1854	0.2279
1855	-0.6753
1856	1.974
1857	1.619
1858	3.586
1859	0.3475
1860	-0.8717
1861	0.6897
1862	-0.2363
1863	0.7174
1864	-0.4097
1865	0.2735
1866	-1.759
1867	-2.105
1868	1.129
1869	-0.6709
1870	0.4811
1871	0.2053
1872	0.678
1873	-1.248
1874	-0.7227
1875	0.1388
1876	0.2413
1877	-0.5552
1878	-0.1465
1879	0.6882
1880	1.255
1881	-0.7475
1882	-0.5334
1883	0.4348
1884	-0.04107
1885	0.4708
1886	-0.8604
1887	0.01809
1888	-0.5057
1889	-1.693
1890	-0.7439
1891	-1.306
1892	-0.4093
1893	0.1475
1894	-1.031
1895	-0.4036
1896	0.2719
1897	-0.1294
1898	0.2421
1899	0.6146
1900	0.242
1901	-0.09181
1902	0.8675
1903	-0.07507
1904	1.037
1905	-0.3531
1906	0.9927
1907	-0.2895
1908	0.9812
1909	-1.131
1910	0.3551
1911	-0.8379
1912	-0.028
1913	0.7342
1914	-1.43
1915	-1.855
1916	2.81
1917	-1.489
1918	0.6786
1919	0.1511
1920	-0.8081
1921	-1.49
1922	-0.4025
1923	0.8834
1924	-0.4222
1925	-0.3012
1926	0.351
1927	-1.46
1928	-0.1954
1929	1.334
1930	-0.08823
1931	1.107
1932	0.5922
1933	0.5354
1934	-1.666
1935	-1.137
1936	1.006
1937	-1.635
1938	0.318
1939	-0.8013
1940	0.01516
1941	0.04405
1942	0.01509
1943	0.1245
1944	0.6813
1945	-0.2044
1946	-0.7021
1947	0.01027
1948	0.8205
1949	1.445
1950	-0.6021
1951	-0.293
1952	0.4834
1953	1.456
1954	0.7664
1955	-1.201
1956	0.06084
1957	-0.06978
1958	-2.257
1959	-1.484
1960	0.2654
1961	0.7546
1962	1.437
1963	0.8369
1964	0.736
1965	0.744
1966	-0.6891
1967	-0.541
1968	-0.6689
1969	0.5065
1970	-0.924
1971	-0.7524
1972	-1.387
1973	-0.6954
1974	-0.2695
1975	1.37
1976	-1.326
1977	1.538
1978	-0.06434
1979	-1.87
1980	-0.355
1981	-0.7992
1982	1.46
1983	-1.309
1984	2.487
1985	-0.551
1986	-0.9255
1987	-0.3757
1988	-0.4918
1989	-0.5378
1990	0.632
1991	0.1473
1992	0.5153
1993	0.2871
1994	0.05243
1995	-0.5149
1996	0.2282
1997	0.5229
1998	0.4693
1999	-0.2246
2000	-1.527
2001	-0.2289
2002	0.0405
2003	0.04659
2004	0.1842
2005	0.7041
2006	0.1802
2007	-0.8735
2008	-0.172
2009	-1.42
2010	-1.519
2011	-0.2299
2012	-1.221
2013	-0.1254
2014	0.5898
2015	-0.1087
2016	-0.7058
2017	0.7361
2018	0.3639
2019	1.111
2020	0.4307
2021	-0.7762
2022	0.648
2023	-1.432
2024	-0.5428
2025	1.087
2026	-0.7373
2027	-1.199
2028	1.344
2029	1.008
2030	-0.07514
2031	-0.6194
2032	0.3463
2033	1.653
2034	-0.8706
2035	0.9591
2036	-0.1432
2037	-0.2339
2038	-0.1825
2039	-0.2346
2040	-0.08092
2041	2.07
2042	0.7277
2043	0.7826
2044	-0.146
2045	-1.231
2046	-0.6106
2047	0.09806
2048	-1.098
2049	0.1699
2050	0.9703
2051	-0.8933
2052	-0.1712
2053	-0.02316
2054	0.6504
2055	0.831
2056	-1.181
2057	-0.1799
2058	1.999
2059	-0.2184
2060	1.146
2061	-0.6564
2062	-0.1806
2063	-0.1431
2064	0.00253
2065	-0.4871
2066	1.783
2067	1.276
2068	0.01313
2069	0.1431
2070	0.6521
2071	-1.489
2072	0.3569
2073	0.1546
2074	0.7771
2075	-0.9605
2076	-0.07857
2077	-2.135
2078	0.09649
2079	0.3542
2080	0.5128
2081	0.3238
2082	0.6075
2083	0.1921
2084	-0.8436
2085	-0.08455
2086	-0.3752
2087	-0.5078
2088	0.8517
2089	-0.3338
2090	2.797
2091	0.4896
2092	0.6799
2093	0.4564
2094	0.4169
2095	-2.48
2096	-0.7618
2097	-0.6033
2098	0.9122
2099	1.914
2100	0.8177
2101	0.4478
2102	-1.607
2103	-1.064
2104	-0.06241
2105	0.4128
2106	0.1132
2107	-0.7491
2108	-0.8285
2109	-0.5384
2110	-0.8939
2111	0.3352
2112	-1.014
2113	0.5416
2114	0.2477
2115	-0.1284
2116	-0.5754
2117	-2.069
2118	-0.6665
2119	1.493
2120	0.5954
2121	-0.8354
2122	0.2816
2123	0.1258
2124	-1.467
2125	1.31
2126	0.06515
2127	-0.1816
2128	1.364
2129	1.115
2130	-0.9761
2131	-0.0966
2132	-0.2751
2133	-0.496
2134	1.973
2135	2.316
2136	1.614
2137	0.2746
2138	0.1087
2139	-0.3825
2140	-0.9897
2141	1.183
2142	0.3105
2143	-0.6199
2144	-0.4928
2145	0.3971
2146	-0.2034
2147	-0.4643
2148	0.02143
2149	-0.7662
2150	1.148
2151	0.1837
2152	-0.6156
2153	0.2026
2154	0.2455
2155	-0.3273
2156	2.461
2157	-0.06993
2158	-0.5106
2159	-0.2195
2160	0.4707
2161	0.04466
2162	-1.109
2163	-0.1051
2164	1.09
2165	0.02357
2166	-0.4549
2167	1.453
2168	0.2865
2169	-0.2093
2170	0.2712
2171	-0.3248
2172	-0.4254
2173	0.4677
2174	-0.3457
2175	1.139
2176	1.786
2177	0.3047
2178	0.4096
2179	-1.285
2180	-1.147
2181	-1.49
2182	-0.4997
2183	0.1615
2184	-1.211
2185	0.5854
2186	-0.5732
2187	1.103
2188	-0.1692
2189	0.1016
2190	-0.361
2191	-0.8428
2192	-0.3068
2193	0.336
2194	-0.6514
2195	-0.6095
2196	-0.01175
2197	0.7583
2198	0.8671
2199	0.1615
2200	0.3422
2201	0.177
2202	0.3065
2203	0.3432
2204	0.7182
2205	0.1647
2206	0.5278
2207	-0.1361
2208	-0.791
2209	-1.156
2210	-0.4821
2211	0.3602
2212	-0.2848
2213	-0.1029
2214	-0.5946
2215	0.5855
2216	1.091
2217	-0.0427
2218	-1.394
2219	-1.67
2220	-0.9975
2221	-0.9126
2222	0.3858
2223	1.464
2224	0.4535
2225	1.493
2226	-0.8142
2227	-0.1177
2228	0.05366
2229	0.5033
2230	-0.2307
2231	-1.294
2232	0.1885
2233	0.03755
2234	-0.4213
2235	-1.864
2236	1.196
2237	0.917
2238	-0.9014
2239	-0.8245
2240	3.227
2241	2.424
2242	-1.991
2243	0.7454
2244	-0.2044
2245	0.8429
2246	-0.1912
2247	0.2062
2248	0.1755
2249	1.583
2250	-1.884
2251	0.4879
2252	-1.208
2253	-0.2148
2254	0.1859
2255	-0.5986
2256	0.9873
2257	-0.1023
2258	-0.3592
2259	-0.251
2260	0.7968
2261	-1.583
2262	-0.4678
2263	0.08295
2264	0.0384
2265	-0.9674
2266	0.6932
2267	0.8115
2268	1.042E-4
2269	0.5657
2270	-0.2046
2271	-1.009
2272	0.3244
2273	2.274
2274	-3.916E-4
2275	-0.05963
2276	-0.3199
2277	-0.6575
2278	0.4329
2279	1.693
2280	-0.1196
2281	-0.7451
2282	1.034
2283	0.4859
2284	0.4544
2285	0.8859
2286	1.143
2287	0.5982
2288	-0.6797
2289	0.1496
2290	0.7
2291	0.7331
2292	1.038
2293	-0.6601
2294	1.036
2295	1.023
2296	0.1242
2297	-0.5199
2298	0.3611
2299	0.6993
2300	0.3449
2301	0.7384
2302	-0.2873
2303	-0.6357
2304	0.4121
2305	1.426
2306	0.6881
2307	1.273
2308	-0.03416
2309	1.07
2310	1.809
2311	0.5944
2312	-0.4326
2313	0.09671
2314	-0.1516
2315	-0.4798
2316	0.1535
2317	-1.19
2318	-0.1943
2319	0.4911
2320	3.047
2321	1.372
2322	0.09169
2323	-0.8923
2324	0.1561
2325	-0.9182
2326	-0.3291
2327	-0.09042
2328	0.1552
2329	0.8597
2330	2.405
2331	1.347
2332	0.156
2333	-0.1815
2334	0.2327
2335	-0.6962
2336	0.1026
2337	-1.536
2338	1.161
2339	-0.1944
2340	1.014
2341	0.01077
2342	0.5648
2343	0.4277
2344	0.06939
2345	-1.194
2346	0.6059
2347	1.145
2348	0.1602
2349	0.9503
2350	0.6449
2351	0.727
2352	1.803
2353	1.38
2354	0.3086
2355	-0.1757
2356	0.119
2357	-1.35
2358	-0.6448
2359	-0.2391
2360	-0.3515
2361	1.088
2362	0.9537
2363	-0.0624
2364	0.446
2365	-0.9034
2366	-0.1974
2367	1.337
2368	1.023
2369	-0.5005
2370	-1.582
2371	-1.301
2372	-0.07985
2373	-1.055
2374	-1.011
2375	0.3764
2376	0.5611
2377	-0.3313
2378	0.6483
2379	-0.01353
2380	0.4607
2381	-0.9628
2382	-0.08716
2383	0.01271
2384	1.182
2385	0.8713
2386	0.2175
2387	-0.1047
2388	0.2097
2389	1.277
2390	0.2153
2391	-0.7272
2392	-1.829
2393	0.0952
2394	-0.7451
2395	-0.9448
2396	0.591
2397	-0.7869
2398	0.2624
2399	-0.988
2400	-0.9376
2401	0.02585
2402	0.1135
2403	-0.4898
2404	0.3366
2405	-0.3133
2406	-0.6319
2407	-0.9195
2408	0.2071
2409	1.199
2410	0.3013
2411	-0.5077
2412	-0.1662
2413	0.4612
2414	-0.3855
2415	-0.3518
2416	-0.5857
2417	-0.3213
2418	0.2026
2419	0.4408
2420	-0.01248
2421	-0.3289
2422	-0.6508
2423	0.251
2424	-0.7224
2425	-0.03877
2426	1.484
2427	-0.1999
2428	0.7058
2429	1.17
2430	0.7561
2431	0.8143
2432	-1.131
2433	0.1924
2434	-0.3516
2435	-0.9608
2436	1.467
2437	-1.05
2438	-0.2402
2439	0.02056
2440	-0.9318
2441	-1.052
2442	0.1201
2443	-0.4146
2444	-0.7852
2445	0.6618
2446	0.2108
2447	-0.4777
2448	-0.8251
2449	0.2242
2450	0.08923
2451	-0.4041
2452	-0.87
2453	0.09807
2454	-1.623
2455	-0.7981
2456	1.187
2457	-0.0311
2458	1.505
2459	-0.1496
2460	-1.784
2461	0.9715
2462	0.09946
2463	-0.1962
2464	-0.9061
2465	-0.3177
2466	-0.1319
2467	-0.269
2468	-1.107
2469	-0.008901
2470	0.6319
2471	-0.3507
2472	-0.3401
2473	-0.5754
2474	-0.002697
2475	-0.00145
2476	-0.8143
2477	2.512
2478	-0.6061
2479	0.3201
2480	0.8711
2481	0.08223
2482	-0.8519
2483	0.5452
2484	0.3941
2485	0.5527
2486	0.7703
2487	0.7707
2488	-1.514
2489	0.7638
2490	-1.018
2491	0.6863
2492	0.0774
2493	-0.07209
2494	0.4679
2495	0.2337
2496	1.334
2497	-0.4476
2498	0.335
2499	0.259
2500	0.6801
2501	-0.104
2502	0.6842
2503	1.274
2504	0.02404
2505	-0.03482
2506	0.6472
2507	-0.8327
2508	-0.3501
2509	-0.08644
2510	1.131
2511	0.1328
2512	-0.5321
2513	0.1718
2514	-0.6228
2515	0.1128
2516	0.7401
2517	-0.2004
2518	1.659
2519	0.05422
2520	1.373
2521	0.6319
2522	-0.07411
2523	0.6351
2524	-0.3706
2525	-0.6474
2526	0.3349
2527	0.2334
2528	-0.8278
2529	-1.144
2530	0.3177
2531	0.5235
2532	-0.08397
2533	-0.288
2534	0.1763
2535	0.06077
2536	0.3595
2537	-0.6539
2538	0.8591
2539	0.436
2540	0.6745
2541	0.1463
2542	-0.06236
2543	-0.3359
2544	0.5677
2545	-0.7846
2546	-0.8619
2547	0.4334
2548	-0.3956
2549	1.43
2550	1.22
2551	0.2795
2552	0.4556
2553	0.9973
2554	0.6784
2555	0.2671
2556	0.9744
2557	-0.1797
2558	0.9026
2559	0.1028
2560	1.802
2561	1.588
2562	-0.1418
2563	-0.04559
2564	0.02981
2565	0.92
2566	-0.5234
2567	0.7159
2568	1.294
2569	0.04595
2570	0.3459
2571	-1.226
2572	-0.2264
2573	-0.1686
2574	-0.2543
2575	0.825
2576	-0.9163
2577	-0.03833
2578	-0.9011
2579	0.1429
2580	0.2647
2581	-0.2159
2582	-0.1484
2583	0.3425
2584	-1.353
2585	-2.487
2586	1.248
2587	-1.163
2588	0.3033
2589	0.3175
2590	-1.133
2591	-0.7134
2592	-2.003
2593	-0.7255
2594	0.2584
2595	0.01646
2596	-0.4163
2597	-0.214
2598	0.3161
2599	0.2854
2600	-0.499
2601	-0.6897
2602	-0.1964
2603	-0.1055
2604	1.004
2605	0.1744
2606	-0.1503
2607	0.6278
2608	-1.131
2609	1.697
2610	1.318
2611	0.2797
2612	1.343
2613	0.6445
2614	-0.3227
2615	1.424
2616	-0.1442
2617	1.156
2618	0.7902
2619	0.2049
2620	-1.036
2621	-1.348
2622	0.2366
2623	-0.5391
2624	-1.861
2625	-0.2844
2626	0.03259
2627	0.7938
2628	0.4085
2629	0.3837
2630	-0.3814
2631	-0.4024
2632	0.4582
2633	1.008
2634	-0.4791
2635	0.3059
2636	-0.7599
2637	1.036
2638	-0.1277
2639	-0.2184
2640	-0.3496
2641	-0.7449
2642	0.3736
2643	-1.139
2644	-0.759
2645	0.7474
2646	1.181
2647	1.305
2648	0.1724
2649	0.924
2650	0.4522
2651	0.3022
2652	-0.01081
2653	-0.492
2654	-0.363
2655	-0.669
2656	-0.9347
2657	1.234
2658	0.9578
2659	-0.3952
2660	0.1056
2661	0.2211
2662	-0.5594
2663	-0.8503
2664	-0.6121
2665	-0.8139
2666	0.2735
2667	0.02075
2668	-1.028
2669	-0.5165
2670	1.465
2671	-0.9394
2672	-0.7728
2673	-0.5259
2674	0.2352
2675	0.6509
2676	-0.4823
2677	0.9014
2678	0.01633
2679	0.5309
2680	-0.3238
2681	-1.321
2682	1.072
2683	-0.05923
2684	0.4721
2685	-0.199
2686	0.1009
2687	-0.4105
2688	0.7633
2689	-0.5479
2690	-1.935
2691	-0.3135
2692	-2.223
2693	-0.4321
2694	-0.4938
2695	-0.3352
2696	0.8209
2697	-0.2552
2698	0.1174
2699	-0.7715
2700	-0.4771
2701	0.9344
2702	0.8071
2703	0.7215
2704	0.7216
2705	0.7759
2706	0.6754
2707	0.4701
2708	-0.205
2709	0.3255
2710	-0.8297
2711	0.8863
2712	-0.467
2713	1.124
2714	-1.704
2715	0.01377
2716	0.4749
2717	-0.4042
2718	-0.6027
2719	0.2673
2720	0.2626
2721	-0.3979
2722	-0.8077
2723	0.8923
2724	-0.564
2725	-0.3426
2726	0.05178
2727	-0.1993
2728	-0.1501
2729	0.1525
2730	1.37
2731	0.261
2732	0.3384
2733	1.351
2734	-0.3694
2735	0.1499
2736	-0.9819
2737	-1.174
2738	-0.8796
2739	0.7219
2740	-0.7416
2741	0.7018
2742	-0.9174
2743	-1.508
2744	-1.093
2745	-0.997
2746	0.1982
2747	0.8334
2748	-1.542
2749	-0.2325
2750	-1.453
2751	1.227
2752	0.7407
2753	-0.00841
2754	0.3448
2755	-0.5153
2756	0.05038
2757	-0.3029
2758	-0.145
2759	0.04226
2760	-1.407
2761	2.95
2762	-0.259
2763	0.3924
2764	0.6049
2765	0.01974
2766	0.9872
2767	-0.4778
2768	0.3168
2769	-0.4621
2770	-1.607
2771	0.4983
2772	0.1129
2773	-0.7926
2774	-1.198
2775	-0.4257
2776	0.04325
2777	0.247
2778	1.061
2779	-0.4138
2780	-0.6235
2781	-2.767
2782	0.119
2783	0.3066
2784	-0.4773
2785	-1.002
2786	-0.7907
2787	0.3019
2788	-0.3962
2789	-1.203
2790	-0.03177
2791	-0.2809
2792	-0.3212
2793	0.2653
2794	0.03463
2795	-0.829
2796	-0.1185
2797	-0.2078
2798	0.4641
2799	-0.2185
2800	1.233
2801	0.327
2802	0.3768
2803	0.3627
2804	0.2995
2805	0.1517
2806	0.9759
2807	-0.158
2808	-0.8889
2809	-0.6794
2810	1.341
2811	0.04777
2812	0.4522
2813	-0.1512
2814	-0.7744
2815	-1.172
2816	0.3972
2817	-1.075
2818	-1.376
2819	-0.5651
2820	0.9679
2821	-0.6034
2822	0.5124
2823	0.9202
2824	0.2676
2825	-0.2914
2826	-0.5916
2827	1.828
2828	-1.006
2829	0.8359
2830	0.501
2831	-0.6489
2832	-0.6411
2833	-0.9492
2834	0.4831
2835	-1.264
2836	1.535
2837	-0.6903
2838	-0.9995
2839	-0.9733
2840	0.485
2841	1.124
2842	-0.1485
2843	-1.146
2844	2.551
2845	-0.2226
2846	0.1087
2847	1.345
2848	-0.5762
2849	0.1569
2850	-0.657
2851	-0.2849
2852	-0.5106
2853	1.114
2854	-0.8802
2855	-1.219
2856	-0.468
2857	0.2649
2858	1.686
2859	0.9147
2860	-0.2339
2861	0.5185
2862	2.06
2863	-0.6689
2864	-0.5991
2865	-1.984
2866	0.05451
2867	0.4382
2868	-0.6122
2869	0.2799
2870	0.03792
2871	-0.3925
2872	0.02388
2873	-0.5426
2874	-1.473
2875	0.7819
2876	0.4705
2877	0.7624
2878	0.03412
2879	1.136
2880	-1.093
2881	-0.4965
2882	0.1131
2883	-0.856
2884	-1.25
2885	-0.2703
2886	-0.3693
2887	-0.1814
2888	0.3327
2889	-1.118
2890	-1.011
2891	1.787
2892	0.008613
2893	0.9469
2894	1.16
2895	-0.2834
2896	0.04865
2897	0.3323
2898	-0.1805
2899	0.5526
2900	-0.3082
2901	0.03794
2902	-1.125
2903	1.209
2904	0.0807
2905	0.2238
2906	-0.1562
2907	-0.4535
2908	-0.8552
2909	0.3497
2910	-0.5828
2911	0.3454
2912	-0.2727
2913	-0.6396
2914	0.5541
2915	-0.5328
2916	-0.2518
2917	0.5781
2918	0.1322
2919	-0.5292
2920	-0.7397
2921	-0.4598
2922	-0.4541
2923	0.6037
2924	-0.1561
2925	0.3668
2926	0.6533
2927	-2.62
2928	0.08485
2929	0.336
2930	0.1116
2931	1.315
2932	-0.3642
2933	0.5729
2934	2.78
2935	1.443
2936	0.5023
2937	-1.105
2938	0.956
2939	-0.8061
2940	-0.2772
2941	0.04346
2942	-0.2153
2943	-0.1647
2944	0.6441
2945	1.1
2946	0.9083
2947	0.3991
2948	-0.06005
2949	0.9391
2950	-0.3706
2951	-0.1265
2952	0.6567
2953	-0.4684
2954	-0.05507
2955	-0.3421
2956	0.4262
2957	0.09001
2958	0.06015
2959	0.07886
2960	-0.9285
2961	-0.3522
2962	-0.864
2963	-0.5396
2964	0.01503
2965	0.5738
2966	0.4489
2967	-0.2546
2968	-3.561
2969	2.674
2970	0.2568
2971	0.06271
2972	-0.2065
2973	0.7013
2974	0.6571
2975	0.001034
2976	0.7008
2977	0.7237
2978	0.3709
2979	-0.8836
2980	1.128
2981	-0.8511
2982	2.062
2983	-0.4917
2984	1.364
2985	0.6913
2986	-0.1795
2987	1.123
2988	0.2871
2989	-0.4336
2990	0.6199
2991	0.7771
2992	-0.2817
2993	-0.2051
2994	1.614
2995	0.7824
2996	0.4346
2997	1.51
2998	-1.148
2999	1.05
3000	-0.2765
3001	-0.6823
3002	-0.2885
3003	-0.4166
3004	0.3355
3005	-0.5446
3006	-0.02789
3007	-1.783
3008	-0.7395
3009	-0.258
3010	-0.5175
3011	-0.07218
3012	-1.898
3013	-0.2078
3014	0.03666
3015	0.3263
3016	0.7454
3017	0.6255
3018	0.007327
3019	-0.2727
3020	-0.4528
3021	-0.03937
3022	-2.579
3023	0.6867
3024	-1.038
3025	-1.133
3026	0.5556
3027	-0.3951
3028	1.118
3029	-0.171
3030	-0.9006
3031	0.3058
3032	2.043
3033	-0.4866
3034	0.755
3035	0.3149
3036	-0.5004
3037	-0.526
3038	3.501
3039	0.05374
3040	0.6166
3041	-0.2842
3042	-1.041
3043	0.4759
3044	-0.2101
3045	0.635
3046	0.6693
3047	-1.003
3048	1.851
3049	2.001
3050	0.9354
3051	-1.008
3052	-0.06654
3053	0.2866
3054	-0.3864
3055	0.9661
3056	1.711
3057	0.3243
3058	-1.12
3059	-1.003
3060	1.395
3061	1.137
3062	0.02882
3063	-0.09785
3064	-0.8626
3065	-0.1082
3066	0.4092
3067	-0.2549
3068	0.9877
3069	-1.795
3070	0.412
3071	0.7921
3072	1.524
3073	0.05891
3074	1.771
3075	-0.7534
3076	0.2893
3077	-0.4225
3078	0.5333
3079	-0.04345
3080	0.2749
3081	0.4547
3082	-0.836
3083	0.1194
3084	-0.6007
3085	0.5712
3086	-0.6648
3087	-0.9221
3088	-0.4314
3089	1.139
3090	1.05
3091	0.6234
3092	2.477
3093	1.373
3094	-0.3841
3095	-0.5125
3096	-0.4181
3097	0.5329
3098	0.3017
3099	1.345
3100	0.09786
3101	0.02012
3102	1.047
3103	0.2875
3104	0.8539
3105	1.125
3106	0.4285
3107	0.05019
3108	0.2253
3109	1.298
3110	0.7742
3111	-0.5658
3112	0.3011
3113	-0.07592
3114	1.065
3115	2.079
3116	0.2662
3117	0.5071
3118	0.4672
3119	0.3818
3120	-0.2257
3121	0.5897
3122	-1.078
3123	-0.8264
3124	0.3551
3125	0.3686
3126	3.881
3127	0.8081
3128	0.2224
3129	0.8185
3130	-2.295
3131	-0.3453
3132	0.9343
3133	-0.749
3134	0.1488
3135	-0.3158
3136	-0.4625
3137	0.8456
3138	0.891
3139	2.104
3140	0.3561
3141	1.083
3142	-0.01196
3143	0.2624
3144	1.814
3145	0.4047
3146	-0.8534
3147	0.04994
3148	-0.6094
3149	1.281
3150	-0.09039
3151	-0.1121
3152	0.04183
3153	-0.5422
3154	-0.2697
3155	0.3964
3156	0.761
3157	-1.078
3158	-1.497
3159	-0.5914
3160	-0.6335
3161	-0.5402
3162	-0.2092
3163	-0.01
3164	-0.001586
3165	-1.315
3166	-0.1167
3167	0.04495
3168	-0.5915
3169	-1.055
3170	-1.276
3171	1.429
3172	-0.4722
3173	0.006511
3174	1.079
3175	0.6854
3176	-0.506
3177	-2.069
3178	0.3065
3179	-1.161
3180	0.2716
3181	0.8719
3182	-0.5265
3183	0.03719
3184	-0.3512
3185	0.1155
3186	0.003813
3187	0.7785
3188	-0.5996
3189	-0.1408
3190	-0.02559
3191	0.2283
3192	-0.1811
3193	3.473
3194	-1.154
3195	0.1196
3196	-0.1956
3197	-0.1217
3198	-1.746
3199	0.1343
3200	2.417
3201	-0.8043
3202	-0.05466
3203	0.5612
3204	-0.618
3205	0.02583
3206	1.497
3207	-0.4687
3208	-0.3194
3209	-0.4883
3210	-0.4577
3211	1.629
3212	0.9701
3213	1.112
3214	-0.5364
3215	0.5941
3216	0.8753
3217	0.2284
3218	-0.6607
3219	-1.232
3220	-0.06498
3221	-0.9479
3222	-0.4873
3223	-0.9663
3224	-0.9248
3225	0.06037
3226	-0.6718
3227	-0.5789
3228	-1.014
3229	-0.6644
3230	-0.1112
3231	0.01186
3232	-0.7923
3233	-0.8122
3234	2.186
3235	-1.084
3236	2.382
3237	1.456
3238	-2.383
3239	0.09886
3240	-0.3579
3241	0.07689
3242	-0.262
3243	0.05479
3244	0.6755
3245	0.671
3246	-0.7435
3247	1.757
3248	1.12
3249	0.3239
3250	-0.3758
3251	-0.1191
3252	-0.3668
3253	0.3023
3254	-0.7428
3255	-0.9591
3256	2.098
3257	-1.305
3258	-0.8384
3259	-1.084
3260	2.331
3261	-0.09428
3262	-0.3657
3263	0.3394
3264	-0.9756
3265	0.09093
3266	0.2615
3267	0.1991
3268	0.4678
3269	0.9539
3270	-0.1165
3271	0.6187
3272	0.2094
3273	-0.04312
3274	0.03767
3275	-0.07753
3276	-0.6525
3277	-0.1515
3278	-1.017
3279	0.2909
3280	0.1016
3281	-0.7626
3282	1.242
3283	0.5793
3284	0.214
3285	0.3969
3286	0.6712
3287	0.2977
3288	0.6309
3289	-0.8004
3290	0.4522
3291	0.008796
3292	-0.3569
3293	0.2594
3294	0.9819
3295	1.049
3296	0.8498
3297	-0.4228
3298	-1.083
3299	-0.4579
3300	-0.6905
3301	-0.5163
3302	-0.1979
3303	-0.19
3304	-0.751
3305	-0.9613
3306	-0.4669
3307	-0.09956
3308	-0.8501
3309	0.4673
3310	-1.036
3311	0.5807
3312	0.3465
3313	0.4474
3314	-1.634
3315	-0.6633
3316	0.7135
3317	1.336
3318	0.03595
3319	1.736
3320	0.2078
3321	0.8168
3322	-1.622
3323	-0.4776
3324	-0.4355
3325	0.7128
3326	-0.6495
3327	1.653
3328	1.091
3329	0.7019
3330	0.1358
3331	-0.2466
3332	0.9877
3333	-0.1793
3334	0.4498
3335	-0.1147
3336	1.014
3337	-0.345
3338	-0.1409
3339	-1.331
3340	-1.788
3341	0.4727
3342	-0.6133
3343	-0.6041
3344	0.4321
3345	-1.189
3346	-0.3151
3347	-0.8142
3348	-0.388
3349	0.06954
3350	-0.4261
3351	-0.4431
3352	0.01103
3353	-0.7347
3354	1.603
3355	0.01614
3356	0.4924
3357	0.8909
3358	0.1436
3359	0.4116
3360	0.3638
3361	-0.276
3362	1.579
3363	0.582
3364	-1.684
3365	-0.3069
3366	0.696
3367	-0.01866
3368	-0.5497
3369	0.2973
3370	-0.05432
3371	-1.031
3372	-1.392
3373	-0.9038
3374	-8.498E-4
3375	-0.9207
3376	0.2988
3377	-0.727
3378	0.9493
3379	-0.5612
3380	-0.2362
3381	0.7509
3382	-0.9495
3383	-0.2705
3384	-0.02658
3385	-1.231
3386	-0.1976
3387	0.7685
3388	-0.4354
3389	-0.1116
3390	0.1348
3391	0.427
3392	0.9401
3393	-1.164
3394	0.8579
3395	0.4339
3396	-0.06538
3397	-0.4934
3398	0.1668
3399	-0.03996
3400	-1.27
3401	-1.392
3402	0.2232
3403	-1.218
3404	0.1037
3405	-0.6376
3406	0.4429
3407	0.6909
3408	-0.6017
3409	0.06715
3410	-0.7395
3411	0.1631
3412	0.5374
3413	-0.7179
3414	0.5217
3415	0.5543
3416	0.09615
3417	0.2267
3418	-1.596
3419	-1.244
3420	-0.2896
3421	-0.2056
3422	-1.2
3423	-1.582
3424	1.712
3425	0.4673
3426	0.8876
3427	0.4703
3428	-0.1313
3429	0.01737
3430	2.466
3431	-0.7785
3432	0.4529
3433	0.1186
3434	-0.673
3435	0.02429
3436	0.7892
3437	0.2117
3438	-0.4946
3439	0.4376
3440	1.343
3441	-1.442
3442	-1.156
3443	0.2583
3444	0.4486
3445	0.9603
3446	-0.7735
3447	-0.8284
3448	-1.238
3449	0.1734
3450	0.6585
3451	-0.6247
3452	-1.181
3453	-0.2739
3454	-1.701
3455	0.8232
3456	-0.005071
3457	-1.607
3458	1.276
3459	-0.6119
3460	-0.6828
3461	-0.007068
3462	1.729
3463	0.06659
3464	0.7955
3465	-0.852
3466	0.4568
3467	0.4898
3468	0.4752
3469	0.3551
3470	-0.2339
3471	-0.7401
3472	-0.4106
3473	1.319
3474	-0.7505
3475	-0.2898
3476	-0.7761
3477	1.326
3478	0.1322
3479	1.706
3480	-1.45
3481	-0.05196
3482	1.088
3483	0.08752
3484	0.7078
3485	-0.2271
3486	0.1427
3487	1.332
3488	2.873
3489	-0.6385
3490	1.594
3491	0.3027
3492	0.1367
3493	-1.389
3494	-0.9705
3495	0.5992
3496	-2.593
3497	0.2489
3498	-0.2585
3499	0.2914
3500	-1.301
3501	-0.4737
3502	-0.4446
3503	0.1981
3504	-1.141
3505	0.1213
3506	0.7384
3507	1.74
3508	1.257
3509	-0.3992
3510	-0.7963
3511	1.097
3512	1.213
3513	-0.2559
3514	-0.6782
3515	0.3045
3516	0.5079
3517	-0.2383
3518	-0.4874
3519	0.4953
3520	-0.4365
3521	0.1904
3522	0.04672
3523	0.2205
3524	0.4916
3525	0.571
3526	-0.023
3527	1.37
3528	-0.09325
3529	0.2287
3530	-0.157
3531	1.083
3532	-1.455
3533	0.1347
3534	-1.755
3535	0.6642
3536	1.022
3537	-0.4165
3538	-0.1615
3539	-0.4502
3540	-0.4734
3541	-0.6321
3542	-0.005578
3543	-0.6825
3544	-0.5756
3545	0.724
3546	1.422
3547	1.039
3548	-0.8273
3549	0.3079
3550	0.2528
3551	-0.325
3552	-1.013
3553	-0.6624
3554	1.658
3555	-0.6065
3556	-1.584
3557	0.76
3558	-0.9594
3559	-0.9839
3560	-1.045
3561	-1.43
3562	0.07655
3563	-0.9469
3564	0.19
3565	0.4528
3566	1.906
3567	-1.11
3568	1.853
3569	-1.966
3570	0.2721
3571	-0.4315
3572	0.6167
3573	0.5604
3574	-0.3009
3575	-0.6313
3576	0.3367
3577	0.7091
3578	-0.257
3579	-0.3035
3580	0.9337
3581	-0.1012
3582	-0.6037
3583	1.145
3584	0.6879
3585	0.5935
3586	0.3082
3587	0.041
3588	0.09883
3589	-0.1455
3590	1.614
3591	-1.161
3592	-0.2225
3593	-0.06894
3594	0.09809
3595	0.7932
3596	0.8229
3597	-0.4256
3598	0.3098
3599	2.018
3600	-0.2693
3601	0.7259
3602	-0.2328
3603	0.4098
3604	-0.4364
3605	0.3491
3606	-0.1811
3607	-1.542
3608	0.4218
3609	-0.7131
3610	0.5374
3611	-0.3995
3612	0.009252
3613	0.759
3614	1.15
3615	0.9051
3616	2.062
3617	0.3615
3618	-0.9253
3619	0.1221
3620	0.3282
3621	-0.3778
3622	0.8213
3623	0.9653
3624	-0.2658
3625	0.5501
3626	-0.3126
3627	-0.06717
3628	-0.21
3629	0.3095
3630	-0.321
3631	0.2262
3632	-3.442
3633	-1.152
3634	1.388
3635	0.3144
3636	-0.968
3637	2.24
3638	0.1418
3639	0.2533
3640	-0.1138
3641	0.1521
3642	-0.505
3643	-0.2688
3644	1.329
3645	-1.796
3646	-0.1908
3647	-0.8873
3648	0.01788
3649	0.4079
3650	-0.0829
3651	-0.3887
3652	-1.245
3653	0.7121
3654	1.504
3655	0.3851
3656	0.6263
3657	0.07842
3658	-0.6414
3659	0.3745
3660	-0.8144
3661	-0.5132
3662	1.058
3663	0.1294
3664	-1.227
3665	-1.437
3666	0.6226
3667	0.822
3668	-0.1701
3669	0.1371
3670	0.9626
3671	0.3677
3672	-0.2259
3673	-0.6639
3674	0.1746
3675	-0.5855
3676	0.4242
3677	-0.7309
3678	-0.247
3679	0.4266
3680	0.5265
3681	-0.08837
3682	1.086
3683	-0.723
3684	1.7
3685	0.93
3686	-0.1234
3687	-0.1848
3688	0.4896
3689	-1.921
3690	-0.4637
3691	-2.038
3692	0.3511
3693	0.6467
3694	-1.727
3695	0.2657
3696	-0.129
3697	2.101
3698	-0.8854
3699	1.463
3700	-0.9206
3701	1.551
3702	-0.5402
3703	0.2219
3704	-0.9342
3705	0.8762
3706	1.128
3707	-2.501
3708	0.4305
3709	-0.8438
3710	0.007309
3711	-0.8779
3712	-0.0652
3713	-0.223
3714	-0.4036
3715	0.02691
3716	-0.3386
3717	-2.587
3718	-0.2373
3719	-1.422
3720	-0.2781
3721	0.03488
3722	0.6271
3723	1.627
3724	-2.567
3725	1.424
3726	-0.377
3727	0.2633
3728	0.6719
3729	1.049
3730	0.2746
3731	-0.04238
3732	-0.6878
3733	-1.647
3734	1.286
3735	-0.7136
3736	0.5779
3737	-0.5636
3738	0.285
3739	1.011
3740	1.004
3741	-0.01077
3742	1.038
3743	0.999
3744	1.015
3745	-0.179
3746	-0.3985
3747	-0.6948
3748	-0.02706
3749	0.1783
3750	0.553
3751	0.4466
3752	2.034
3753	0.2846
3754	1.076
3755	0.1886
3756	-0.159
3757	1.609
3758	1.334
3759	-0.1714
3760	0.1353
3761	0.2204
3762	0.17
3763	0.1349
3764	-0.1495
3765	-0.7229
3766	-0.1907
3767	0.67
3768	0.2654
3769	-0.2179
3770	0.4188
3771	0.006695
3772	-0.3448
3773	1.145
3774	-0.6847
3775	-0.4497
3776	0.5627
3777	-0.2708
3778	-0.07996
3779	-0.5768
3780	-0.493
3781	0.03989
3782	-1.662
3783	0.3956
3784	-0.617
3785	0.9281
3786	0.4586
3787	1.731
3788	-0.5178
3789	0.1074
3790	-0.3205
3791	-0.1176
3792	0.6169
3793	-0.9397
3794	-0.4482
3795	1.009
3796	0.3479
3797	-0.8561
3798	-0.6333
3799	-0.1045
3800	-0.4505
3801	-0.734
3802	-0.1967
3803	0.9917
3804	-1.046
3805	-0.9876
3806	0.6497
3807	0.1704
3808	-0.7553
3809	-1.088
3810	-0.4764
3811	1.562
3812	0.6492
3813	1.663
3814	-0.09278
3815	-0.6129
3816	1.611
3817	0.3472
3818	0.9574
3819	0.4325
3820	-0.1985
3821	0.06855
3822	-0.00859
3823	1.255
3824	0.6269
3825	-0.3837
3826	-0.5139
3827	-0.154
3828	-0.7171
3829	1.387
3830	1.108
3831	0.4473
3832	0.1289
3833	0.6121
3834	-0.6671
3835	0.4907
3836	0.3533
3837	-1.161
3838	1.151
3839	-0.2109
3840	-0.8725
3841	-0.6342
3842	-0.2932
3843	0.7132
3844	0.8211
3845	1.233
3846	-0.8859
3847	0.4433
3848	0.07931
3849	-0.7919
3850	-0.1322
3851	-0.9349
3852	0.346
3853	0.3139
3854	0.7165
3855	0.2805
3856	0.5907
3857	0.1897
3858	-0.7542
3859	0.9692
3860	-1.067
3861	0.1071
3862	-0.5054
3863	0.9619
3864	0.8824
3865	0.1207
3866	0.1649
3867	0.325
3868	-0.5418
3869	0.0636
3870	-0.3204
3871	-1.168
3872	-0.7384
3873	-0.1983
3874	1.343
3875	-0.995
3876	-0.469
3877	1.368
3878	1.493
3879	0.7264
3880	-0.1522
3881	1.013
3882	-0.3799
3883	0.412
3884	0.1661
3885	-0.5472
3886	0.04213
3887	-0.009717
3888	1.777
3889	-0.8513
3890	0.7432
3891	0.495
3892	0.007512
3893	0.3131
3894	-0.2373
3895	0.8113
3896	-0.06018
3897	0.2929
3898	0.5403
3899	-1.354
3900	-0.8849
3901	0.6642
3902	0.03654
3903	-0.777
3904	0.6443
3905	-1.712
3906	0.08955
3907	-0.1624
3908	-0.7752
3909	0.007033
3910	-0.8902
3911	0.5712
3912	-0.3235
3913	0.08693
3914	-0.04142
3915	-0.8464
3916	-0.3739
3917	0.1038
3918	-0.5442
3919	-0.487
3920	0.7385
3921	-0.2125
3922	1.882
3923	-0.03947
3924	0.8778
3925	0.1634
3926	-0.0963
3927	0.5093
3928	-1.083
3929	-1.875
3930	-0.3256
3931	0.6215
3932	0.2142
3933	0.4472
3934	-0.8979
3935	-0.4578
3936	-0.777
3937	-1.168
3938	1.169
3939	0.3036
3940	-0.9256
3941	0.006554
3942	-0.7536
3943	0.5476
3944	-2.402
3945	-0.5928
3946	0.4608
3947	0.01837
3948	-0.7836
3949	0.5025
3950	1.437
3951	-0.1341
3952	-1.424
3953	0.4339
3954	-0.6886
3955	0.4375
3956	1.337
3957	0.01036
3958	0.1235
3959	0.9549
3960	-0.5878
3961	0.1291
3962	2.847
3963	0.2177
3964	0.06866
3965	-0.08764
3966	0.393
3967	-0.6829
3968	0.282
3969	1.13
3970	1.289
3971	-0.2468
3972	-0.5546
3973	0.1641
3974	-0.06615
3975	0.429
3976	-0.7228
3977	0.3599
3978	0.1054
3979	0.6667
3980	1.797
3981	-0.6725
3982	-0.2282
3983	-0.5446
3984	-0.3122
3985	0.3748
3986	-0.2642
3987	0.04785
3988	-0.1013
3989	0.4414
3990	-0.0202
3991	-0.5248
3992	-0.1603
3993	1.542
3994	-0.6689
3995	0.233
3996	-0.5408
3997	-1.311
3998	0.3458
3999	0.9552
4000	-0.4697
4001	-0.5029
4002	-0.8812
4003	-0.5009
4004	-0.3853
4005	-0.2437
4006	-0.4987
4007	-0.4931
4008	-0.4192
4009	-0.5036
4010	-0.6162
4011	1.462
4012	-0.004558
4013	0.3368
4014	1.407
4015	-0.2626
4016	1.899
4017	1.156
4018	-0.4737
4019	-0.5029
4020	-1.527
4021	-0.386
4022	-1.207
4023	-0.2735
4024	0.1313
4025	0.5838
4026	-0.7251
4027	0.8908
4028	-0.1644
4029	1.605
4030	-0.5627
4031	-0.05254
4032	0.119
4033	-0.701
4034	0.7183
4035	0.09871
4036	-0.3845
4037	1.097
4038	0.6017
4039	-0.5066
4040	-0.8839
4041	-0.799
4042	0.2218
4043	0.1169
4044	0.2323
4045	-1.455
4046	-0.9708
4047	-0.1583
4048	0.5986
4049	-0.4347
4050	-1.891
4051	-0.02182
4052	1.255
4053	0.1531
4054	-0.7449
4055	2.528
4056	-0.06539
4057	1.709
4058	-0.752
4059	-0.3803
4060	-0.1234
4061	0.6738
4062	-1.199
4063	1.795
4064	1.547
4065	1.45
4066	0.3409
4067	0.5542
4068	-0.2352
4069	-1.314
4070	0.2478
4071	0.6109
4072	0.9084
4073	-0.4057
4074	-0.2198
4075	0.009802
4076	0.007761
4077	0.4729
4078	0.1506
4079	0.9151
4080	-0.6026
4081	-0.1234
4082	-1.395
4083	1.135
4084	-0.3351
4085	1.126
4086	-1.193
4087	0.02835
4088	1.19
4089	0.6866
4090	-0.9317
4091	0.3816
4092	0.5284
4093	-0.2362
4094	-0.4976
4095	1.734
4096	1.054
4097	-0.4995
4098	0.3896
4099	-0.08426
4100	-0.1163
4101	-0.2438
4102	-0.5046
4103	-2.324
4104	-1.986
4105	0.08539
4106	-0.1338
4107	-0.1824
4108	0.03427
4109	1.029
4110	-0.4569
4111	-0.4411
4112	1.286
4113	-0.419
4114	-0.09728
4115	0.6765
4116	0.1257
4117	-2.111
4118	-0.2761
4119	0.1493
4120	-0.4633
4121	-0.417
4122	1.538
4123	0.5151
4124	0.1071
4125	0.4261
4126	0.8141
4127	1.447
4128	0.9042
4129	-0.984
4130	-1.25
4131	0.466
4132	-0.2219
4133	-0.8752
4134	0.05634
4135	0.8778
4136	0.5607
4137	-1.31
4138	0.2803
4139	0.424
4140	1.167
4141	-0.05535
4142	-0.04079
4143	0.05491
4144	-1.126
4145	2.462
4146	0.9041
4147	-0.006501
4148	1.238
4149	0.3082
4150	1.128
4151	0.3941
4152	0.3471
4153	0.4985
4154	1.26
4155	0.5096
4156	-0.07848
4157	-0.1817
4158	0.5179
4159	0.6578
4160	-0.4793
4161	0.3027
4162	-0.8287
4163	-0.2085
4164	-0.4624
4165	0.1517
4166	1.543
4167	-0.5693
4168	1.28
4169	-1.194
4170	0.5458
4171	-0.657
4172	0.3037
4173	-0.1396
4174	-0.2921
4175	0.5186
4176	-1.403
4177	-0.8238
4178	0.1793
4179	1.078
4180	0.6501
4181	-0.4121
4182	0.4641
4183	0.8711
4184	-0.4827
4185	-0.5558
4186	-0.6648
4187	0.1361
4188	0.08418
4189	-0.03509
4190	-0.1369
4191	-0.6083
4192	-0.5134
4193	0.5889
4194	-0.6947
4195	-1.073
4196	0.268
4197	-0.4078
4198	-0.7519
4199	0.7661
4200	0.435
4201	-0.4084
4202	0.9877
4203	0.6696
4204	-0.05755
4205	0.2878
4206	0.1697
4207	2.195
4208	0.423
4209	1.388
4210	0.2235
4211	0.6814
4212	0.7562
4213	0.08549
4214	-0.728
4215	-0.6599
4216	0.3278
4217	-0.9237
4218	-0.3169
4219	-0.1093
4220	0.02987
4221	0.2614
4222	-0.2457
4223	0.03112
4224	0.7768
4225	-0.226
4226	-1.375
4227	1.208
4228	0.9453
4229	-0.002819
4230	1.206
4231	-0.1501
4232	-0.1519
4233	-0.01314
4234	-0.5964
4235	-0.2783
4236	-1.23
4237	1.063
4238	-0.9933
4239	-0.2131
4240	1.241
4241	-1.18
4242	-0.1821
4243	0.5808
4244	-1.887
4245	-1.154
4246	0.01506
4247	0.4624
4248	1.214
4249	-1.382
4250	0.7722
4251	-1.085
4252	0.1772
4253	0.09536
4254	-0.3566
4255	1.215
4256	-0.0478
4257	-0.4344
4258	0.5071
4259	-0.422
4260	-0.0837
4261	1.011
4262	-1.318
4263	0.05276
4264	-1.467
4265	-0.8078
4266	0.7023
4267	-0.3467
4268	-0.225
4269	1.403
4270	-0.4884
4271	-0.1602
4272	0.7853
4273	0.9608
4274	-0.1952
4275	-0.04504
4276	-0.00802
4277	0.1846
4278	-0.8714
4279	1.046
4280	0.3959
4281	-0.005534
4282	-0.6831
4283	-0.5696
4284	0.9874
4285	-1.185
4286	-1.494
4287	1.17
4288	-0.06535
4289	1.537
4290	-0.4394
4291	0.1024
4292	-0.8799
4293	0.1159
4294	0.3382
4295	-0.2454
4296	-0.08635
4297	-0.3239
4298	-1.063
4299	-0.05627
4300	-0.3899
4301	0.3095
4302	-1.026
4303	0.1355
4304	0.4564
4305	0.01766
4306	-0.6841
4307	-0.02516
4308	-0.402
4309	0.04005
4310	-0.415
4311	0.845
4312	-0.6108
4313	0.6459
4314	0.7324
4315	-0.4419
4316	-0.24
4317	-0.3368
4318	0.1014
4319	-0.1069
4320	-0.5734
4321	0.6053
4322	0.3519
4323	0.08715
4324	-0.4931
4325	-0.2323
4326	-0.1409
4327	-0.4826
4328	-0.1078
4329	-0.7644
4330	0.09395
4331	-0.6865
4332	0.2156
4333	-0.2462
4334	-0.1254
4335	0.04091
4336	-0.09917
4337	-0.3833
4338	-0.7583
4339	1.325
4340	-0.01207
4341	2.477
4342	-0.279
4343	-0.3947
4344	-0.6908
4345	1.689
4346	-0.4495
4347	-0.7995
4348	0.7547
4349	-0.06514
4350	0.1674
4351	-0.3882
4352	0.8472
4353	0.814
4354	-0.6532
4355	-0.4116
4356	-0.3781
4357	0.3194
4358	-0.3227
4359	-0.659
4360	-1.185
4361	1.618
4362	-0.2463
4363	-0.5606
4364	0.7375
4365	1.794
4366	-0.7039
4367	0.5254
4368	0.4918
4369	0.5296
4370	0.8434
4371	0.4492
4372	0.8631
4373	0.4362
4374	-0.8051
4375	0.34
4376	-0.03671
4377	-1.16
4378	-0.7235
4379	0.545
4380	0.1683
4381	-0.09556
4382	0.4147
4383	0.03319
4384	-0.3721
4385	-0.8154
4386	0.2989
4387	-0.3886
4388	-0.7854
4389	0.04269
4390	0.09299
4391	-0.3218
4392	-0.2025
4393	-0.496
4394	0.2547
4395	-0.1588
4396	-0.4083
4397	-0.269
4398	0.4606
4399	-1.963
4400	0.7197
4401	0.5113
4402	-0.6015
4403	-0.2228
4404	1.313
4405	-0.1502
4406	-2.019
4407	-0.6546
4408	-0.4283
4409	-0.679
4410	0.4596
4411	0.5838
4412	0.1458
4413	-1.061
4414	-1.816
4415	-1.067
4416	-0.3135
4417	-1.086
4418	-0.3524
4419	0.9709
4420	0.06526
4421	-0.6451
4422	-0.8972
4423	-0.3789
4424	1.15
4425	1.245
4426	0.08975
4427	0.6048
4428	0.1065
4429	-0.2516
4430	-0.4865
4431	0.5217
4432	-2.553
4433	-1.355
4434	-2.137
4435	-1.104
4436	0.6016
4437	-1.133
4438	-0.5477
4439	-0.6197
4440	1.147
4441	-0.6517
4442	0.7483
4443	1.687
4444	-0.8724
4445	-1.353
4446	-0.06207
4447	-0.009563
4448	0.9215
4449	0.3693
4450	-0.2308
4451	-0.6757
4452	0.5919
4453	0.2801
4454	1.02
4455	-0.5917
4456	-0.2974
4457	0.9338
4458	0.617
4459	0.235
4460	-0.7757
4461	-1.178
4462	0.09136
4463	-0.4842
4464	-0.5507
4465	0.3748
4466	0.04464
4467	-0.1303
4468	-0.6088
4469	-0.1499
4470	0.6824
4471	0.4508
4472	-0.007456
4473	0.3877
4474	0.1019
4475	0.6674
4476	-0.447
4477	0.8018
4478	2.469
4479	0.6728
4480	-0.3978
4481	-0.6551
4482	0.704
4483	0.1813
4484	-0.1704
4485	-0.1744
4486	-0.8345
4487	1.543
4488	-0.5254
4489	0.3315
4490	-0.5121
4491	-1.404
4492	0.1175
4493	0.9983
4494	1.109
4495	1.256
4496	-0.5988
4497	0.1466
4498	0.6093
4499	0.005485
4500	0.8803
4501	-0.1335
4502	-0.9448
4503	-0.6024
4504	0.1226
4505	0.7507
4506	-1.036
4507	-0.6723
4508	0.03066
4509	0.8107
4510	0.6849
4511	-0.03552
4512	-0.4177
4513	-0.4534
4514	-0.5414
4515	-0.1577
4516	-2.107
4517	-0.6855
4518	1.221
4519	0.739
4520	-0.6553
4521	0.02999
4522	-1.609
4523	1.632
4524	0.5532
4525	-1.483
4526	0.667
4527	0.5867
4528	-0.06346
4529	-0.3109
4530	0.1227
4531	-0.3197
4532	-0.2801
4533	0.06202
4534	-0.3672
4535	0.5351
4536	-1.335
4537	-0.4311
4538	0.3608
4539	-0.4221
4540	0.4739
4541	-0.5993
4542	0.7563
4543	0.668
4544	-1.561
4545	0.8077
4546	0.2325
4547	-1.312
4548	0.173
4549	0.3152
4550	-1.434
4551	-0.4695
4552	-1.126
4553	-0.7529
4554	0.1214
4555	-0.05717
4556	0.2655
4557	-0.1019
4558	0.1405
4559	-0.7294
4560	2.826
4561	-1.386
4562	1.459
4563	-0.5118
4564	1.816
4565	-0.02711
4566	-0.1688
4567	-0.6727
4568	-0.4614
4569	-0.5633
4570	-0.2933
4571	-0.22
4572	0.2862
4573	0.2046
4574	-0.4131
4575	-0.6613
4576	0.2872
4577	0.8891
4578	2.452
4579	0.2384
4580	-0.1889
4581	-0.1206
4582	0.4421
4583	1.124
4584	0.4793
4585	0.4309
4586	0.3961
4587	-0.03943
4588	-0.796
4589	0.0345
4590	-1.185
4591	-0.3667
4592	0.1422
4593	1.114
4594	0.666
4595	-0.0252
4596	1.497
4597	0.3159
4598	-0.6653
4599	-0.5725
4600	-0.1044
4601	-1.239
4602	-0.3225
4603	-1.474E-4
4604	-2.432
4605	0.3746
4606	0.3483
4607	1.183
4608	-0.4708
4609	0.171
4610	-0.3605
4611	-0.08532
4612	1.213
4613	-1.099
4614	-0.2168
4615	0.3771
4616	0.6874
4617	0.1521
4618	1.252
4619	0.8059
4620	-0.6
4621	0.376
4622	-1.362
4623	-0.01179
4624	-1.101
4625	-1.043
4626	-0.08563
4627	-0.6656
4628	-0.694
4629	0.1153
4630	0.3906
4631	-1.569
4632	-0.206
4633	0.4725
4634	0.194
4635	0.2084
4636	0.2737
4637	-1.917
4638	0.2541
4639	0.9789
4640	-1.151
4641	-0.893
4642	-0.5139
4643	-0.1372
4644	1.734
4645	0.2653
4646	-0.08851
4647	-0.5342
4648	1.759
4649	-0.5326
4650	0.06398
4651	0.1913
4652	0.7007
4653	0.6851
4654	1.84
4655	-0.2859
4656	0.07579
4657	1.317
4658	-0.8093
4659	-0.6261
4660	-0.2172
4661	-0.5123
4662	-0.1564
4663	0.1991
4664	-0.239
4665	1.388
4666	0.5736
4667	0.3609
4668	-0.01086
4669	-1.091
4670	1.566
4671	1.729
4672	0.7905
4673	-0.0501
4674	-0.3876
4675	0.5551
4676	6.044E-4
4677	0.6034
4678	0.6095
4679	-0.9866
4680	-0.7548
4681	-0.3555
4682	0.4364
4683	-0.2056
4684	0.388
4685	-0.5025
4686	-0.5526
4687	-0.02306
4688	0.5606
4689	-1.085
4690	-0.4027
4691	-0.0694
4692	0.1236
4693	-0.7742
4694	0.8501
4695	-0.7856
4696	-0.06227
4697	-0.8562
4698	0.6488
4699	0.2157
4700	0.1709
4701	0.7018
4702	0.6821
4703	0.2751
4704	0.1027
4705	-0.129
4706	0.2074
4707	0.8779
4708	0.1649
4709	-0.07877
4710	0.7449
4711	0.7074
4712	0.02434
4713	-0.9536
4714	0.1824
4715	0.9285
4716	-1.032
4717	-0.3544
4718	0.06141
4719	-0.8513
4720	0.08919
4721	-1.933
4722	-1.079
4723	0.7662
4724	-0.4207
4725	2.193
4726	0.1807
4727	0.05579
4728	-1.499
4729	0.4094
4730	-0.2806
4731	0.3426
4732	0.3221
4733	0.4985
4734	0.5762
4735	-1.912
4736	0.8899
4737	-0.3234
4738	-1.113
4739	-0.5961
4740	1.716
4741	-0.5458
4742	0.9064
4743	0.2176
4744	-0.04351
4745	0.06835
4746	1.851
4747	-1.217
4748	0.6475
4749	0.4241
4750	-0.564
4751	-0.7883
4752	-1.192
4753	0.02684
4754	-0.3095
4755	0.9793
4756	0.9729
4757	0.1598
4758	-1.867E-4
4759	-0.02443
4760	0.1457
4761	-1.188
4762	-0.3094
4763	-0.8387
4764	-0.01255
4765	-0.05822
4766	0.4702
4767	1.721
4768	-0.2367
4769	0.4145
4770	-1.286
4771	1.922
4772	0.2544
4773	-0.3108
4774	1.272
4775	-0.2563
4776	0.9973
4777	0.01356
4778	-1.703
4779	0.5347
4780	0.6953
4781	-0.01148
4782	-0.4755
4783	-1.12
4784	2.163
4785	-1.247
4786	0.2105
4787	-1.056
4788	0.7564
4789	0.2295
4790	-0.3743
4791	0.1516
4792	0.9251
4793	-0.1418
4794	-0.2163
4795	-0.5854
4796	-0.9428
4797	0.4657
4798	0.1812
4799	-0.6722
4800	-1.67
4801	0.3777
4802	0.466
4803	0.05675
4804	1.398
4805	-0.4619
4806	-0.8313
4807	0.722
4808	-1.888
4809	0.5536
4810	0.2392
4811	-0.8771
4812	0.2231
4813	-0.5986
4814	0.4091
4815	1.612
4816	0.4625
4817	0.6423
4818	-0.3816
4819	-3.95
4820	1.275
4821	-0.9625
4822	-0.07071
4823	0.9922
4824	0.9065
4825	-0.2005
4826	-0.2319
4827	-0.4881
4828	-0.2604
4829	0.8795
4830	-0.0905
4831	-0.581
4832	0.1568
4833	0.4453
4834	-0.5568
4835	0.7247
4836	-0.7471
4837	-0.7039
4838	-0.05945
4839	-0.4745
4840	-1.726
4841	-1.196
4842	-1.853
4843	-0.4494
4844	0.586
4845	0.8273
4846	-0.5714
4847	-0.3145
4848	-0.3553
4849	-0.2198
4850	0.0178
4851	0.5204
4852	0.7858
4853	-0.05369
4854	0.2931
4855	0.2472
4856	-0.7704
4857	-0.8755
4858	1.668
4859	-0.1763
4860	0.2147
4861	-0.7972
4862	-0.1614
4863	0.6077
4864	-0.5192
4865	0.48
4866	-0.187
4867	-0.2048
4868	0.01268
4869	-0.8801
4870	-0.3593
4871	1.159
4872	-1.133
4873	-1.976
4874	1.05
4875	2.004
4876	0.4325
4877	-0.2369
4878	0.103
4879	0.01783
4880	-0.1115
4881	-0.2565
4882	0.4423
4883	-0.6668
4884	0.5603
4885	1.046
4886	-0.9775
4887	0.4506
4888	0.9963
4889	-0.7125
4890	1.901
4891	-0.7284
4892	0.4368
4893	-1.096
4894	0.01675
4895	-0.1666
4896	-0.2321
4897	1.178
4898	0.8248
4899	-0.4262
4900	0.4576
4901	-0.8897
4902	-1.152
4903	-1.514
4904	0.3553
4905	-1.165
4906	-0.7184
4907	0.3975
4908	0.8014
4909	0.3173
4910	0.4936
4911	1.755
4912	-0.2731
4913	0.2345
4914	-0.1703
4915	0.5957
4916	-0.1895
4917	0.05643
4918	-0.725
4919	-1.612
4920	0.6734
4921	-0.3691
4922	0.8295
4923	-0.2976
4924	0.4913
4925	-1.886
4926	1.957
4927	-0.5727
4928	1.436
4929	0.4299
4930	0.5341
4931	-1.284
4932	-2.01
4933	1.183
4934	-0.4302
4935	0.6181
4936	-0.48
4937	-0.4567
4938	1.302
4939	0.6151
4940	1.036
4941	0.1365
4942	1.261
4943	0.3016
4944	0.8734
4945	-1.666
4946	-0.2535
4947	-1.196
4948	0.2616
4949	0.956
4950	0.2329
4951	0.4559
4952	-0.6982
4953	2.135
4954	-0.1202
4955	-1.508
4956	-0.252
4957	0.6422
4958	-1.029
4959	-0.773
4960	0.02057
4961	0.6056
4962	-0.9876
4963	-0.08196
4964	0.5727
4965	-0.5032
4966	0.6827
4967	-0.4439
4968	-0.9369
4969	0.447
4970	-0.2239
4971	-0.4523
4972	0.08738
4973	-0.3538
4974	0.5487
4975	0.1543
4976	-0.336
4977	-0.1576
4978	0.9997
4979	-0.004436
4980	-0.06056
4981	0.3909
4982	0.1152
4983	-1.587
4984	-0.09527
4985	-0.5218
4986	-1.398
4987	0.1725
4988	0.4778
4989	-0.3563
4990	-0.9851
4991	-0.03207
4992	-0.4934
4993	-8.106E-4
4994	-1.291
4995	-1.396
4996	-0.6844
4997	1.045
4998	-0.6404
4999	-0.6022
5000	-0.997
5001	-0.781
5002	-0.3999
5003	0.8357
5004	-1.686
5005	-0.08342
5006	0.09825
5007	-0.139
5008	-0.3867
5009	-0.05823
5010	-1.005
5011	0.3617
5012	-0.179
5013	0.0806
5014	-0.8893
5015	0.4859
5016	0.5043
5017	0.08993
5018	-1.765
5019	-0.7151
5020	0.3167
5021	-0.2366
5022	-0.4031
5023	-0.1236
5024	3.469
5025	0.4369
5026	-0.829
5027	0.112
5028	1.308
5029	-0.3946
5030	-0.4439
5031	-1.612
5032	-0.4175
5033	-0.5915
5034	-0.3018
5035	2.094
5036	0.8721
5037	-0.6791
5038	0.274
5039	-1.184
5040	-1.646
5041	0.5198
5042	-0.2302
5043	-0.8947
5044	-0.2847
5045	-0.07576
5046	-0.1608
5047	-0.4237
5048	1.505
5049	-0.7914
5050	0.2249
5051	-2.723
5052	-1.026
5053	-0.4174
5054	0.01154
5055	-0.5717
5056	-0.7684
5057	-1.241
5058	-1.022
5059	0.6899
5060	0.1253
5061	-0.3306
5062	0.5519
5063	-0.2152
5064	-1.013
5065	0.3441
5066	-0.9534
5067	-1.958
5068	-0.97
5069	-0.3809
5070	0.1831
5071	0.9591
5072	1.198
5073	-1.103
5074	0.9478
5075	-1.028
5076	-0.5768
5077	0.6783
5078	0.1662
5079	-1.62
5080	0.4173
5081	0.4622
5082	1.044
5083	-1.782
5084	-0.5525
5085	-0.04592
5086	-0.7927
5087	0.2142
5088	0.7322
5089	-0.7075
5090	-0.1093
5091	0.3168
5092	-1.11
5093	1.09
5094	-0.5221
5095	-0.1437
5096	0.4229
5097	-0.4586
5098	0.09575
5099	1.241
5100	-0.2633
5101	-1.538
5102	-1.163
5103	0.1751
5104	-0.3284
5105	0.9666
5106	0.1807
5107	0.01273
5108	-0.8301
5109	1.581
5110	-0.1489
5111	-0.6202
5112	-0.7139
5113	-0.3343
5114	-0.2171
5115	0.9158
5116	-0.8005
5117	0.4905
5118	0.4758
5119	1.316
5120	0.4677
5121	-0.3433
5122	0.7106
5123	1.358
5124	-0.1732
5125	1.8
5126	-1.856
5127	-0.5845
5128	-0.5307
5129	-1.041
5130	-2.0
5131	-0.9638
5132	0.1315
5133	-0.3705
5134	-0.7345
5135	0.4591
5136	-0.4135
5137	-1.203
5138	1.653
5139	0.5114
5140	-0.3614
5141	1.007
5142	0.1887
5143	0.4421
5144	0.04752
5145	0.04853
5146	-0.4896
5147	1.233
5148	0.8779
5149	-0.391
5150	0.2689
5151	1.272
5152	-1.602
5153	0.04949
5154	-0.231
5155	0.6074
5156	1.592
5157	0.6125
5158	0.4857
5159	0.3197
5160	0.472
5161	-0.5631
5162	0.9171
5163	-0.07767
5164	-0.7239
5165	-0.6032
5166	-1.641
5167	0.08578
5168	-0.2401
5169	1.842
5170	0.2703
5171	1.137
5172	0.7779
5173	0.1325
5174	-0.2837
5175	0.08116
5176	0.2982
5177	-1.445
5178	0.1749
5179	0.5882
5180	1.284
5181	0.4003
5182	0.8085
5183	-0.3622
5184	-0.6921
5185	0.7948
5186	-0.475
5187	0.4587
5188	0.1014
5189	-0.9474
5190	-0.2275
5191	-0.916
5192	0.594
5193	-0.7263
5194	0.5729
5195	0.05498
5196	0.274
5197	0.8601
5198	0.4224
5199	-0.3641
5200	0.1506
5201	1.243
5202	-1.185
5203	-0.2496
5204	0.2469
5205	0.468
5206	-0.2
5207	-1.262
5208	1.026
5209	-0.748
5210	-0.6939
5211	0.8625
5212	0.0937
5213	-0.3302
5214	0.7025
5215	0.1094
5216	-0.6972
5217	-0.1342
5218	-0.6696
5219	0.1656
5220	1.096
5221	0.5652
5222	0.5633
5223	0.05036
5224	-0.57
5225	0.01055
5226	-1.261
5227	-0.8978
5228	-1.195
5229	-0.6427
5230	0.3303
5231	0.4304
5232	1.674
5233	0.5369
5234	-0.2855
5235	0.8491
5236	0.4118
5237	0.1608
5238	0.007266
5239	0.6008
5240	0.564
5241	0.3211
5242	-0.6126
5243	0.5708
5244	-0.4007
5245	1.045
5246	-0.7323
5247	-0.03908
5248	0.2226
5249	0.03415
5250	-0.7152
5251	1.573
5252	-0.6791
5253	-1.186
5254	-0.5871
5255	-1.452
5256	0.497
5257	0.2584
5258	-0.3119
5259	0.7687
5260	-0.8356
5261	-1.454
5262	0.9731
5263	0.01444
5264	0.6253
5265	-1.229
5266	0.401
5267	-1.229
5268	0.5635
5269	-1.304
5270	-0.02141
5271	-0.03892
5272	0.9174
5273	0.3954
5274	-0.751
5275	-1.411
5276	-0.1924
5277	0.4376
5278	-0.3629
5279	-0.7469
5280	-1.027
5281	0.6917
5282	0.9744
5283	0.7074
5284	-0.4166
5285	0.4004
5286	-0.1998
5287	1.984
5288	0.125
5289	0.5475
5290	0.4976
5291	-0.129
5292	0.8231
5293	1.384
5294	-0.2505
5295	0.3407
5296	-0.005605
5297	0.702
5298	0.3157
5299	-1.584
5300	0.283
5301	-0.02085
5302	-0.2397
5303	-1.079
5304	-0.3999
5305	-0.2619
5306	-0.9707
5307	1.93
5308	-0.3943
5309	-0.03012
5310	0.8415
5311	-1.455
5312	-1.052
5313	-0.08905
5314	1.942
5315	-0.221
5316	0.447
5317	0.3198
5318	0.3507
5319	-0.3279
5320	-0.5937
5321	0.3879
5322	0.2582
5323	-1.85
5324	-1.336
5325	0.3394
5326	2.132
5327	2.568
5328	-0.008709
5329	-0.9669
5330	-1.029
5331	-0.8268
5332	-0.03871
5333	-0.5477
5334	-0.817
5335	0.3574
5336	0.2482
5337	-0.008961
5338	-0.06016
5339	0.07435
5340	-0.8755
5341	-0.1691
5342	-0.3527
5343	1.069
5344	0.7286
5345	-0.5376
5346	-0.5971
5347	0.08192
5348	-0.4146
5349	0.6188
5350	0.2956
5351	-0.3998
5352	1.28
5353	-1.18
5354	1.254
5355	-0.7
5356	-0.604
5357	1.398
5358	-1.877
5359	0.09304
5360	-0.266
5361	0.6361
5362	0.5298
5363	0.8628
5364	-0.2733
5365	0.8959
5366	0.1939
5367	0.0383
5368	-0.2135
5369	0.7006
5370	0.09308
5371	-0.2908
5372	-0.4248
5373	0.0213
5374	-0.5931
5375	-0.6166
5376	1.348
5377	0.04251
5378	0.5629
5379	-0.6279
5380	-0.6582
5381	-0.04682
5382	0.5475
5383	-0.2878
5384	-0.2663
5385	1.04
5386	-1.274
5387	-0.04459
5388	-0.7624
5389	-0.2254
5390	-0.7644
5391	0.003832
5392	-0.09351
5393	-0.4183
5394	-1.309
5395	-0.9433
5396	0.9306
5397	-0.4671
5398	1.293
5399	-1.01
5400	-0.1837
5401	-0.2992
5402	1.261
5403	-1.52
5404	-1.717
5405	1.161
5406	0.7529
5407	0.8335
5408	-0.4589
5409	-0.32
5410	-0.1687
5411	-1.5
5412	-0.3755
5413	0.05871
5414	-0.09053
5415	-1.417
5416	-0.4108
5417	-0.6634
5418	-1.01
5419	0.2373
5420	-0.1345
5421	-0.8569
5422	-0.9318
5423	-0.4597
5424	0.6186
5425	0.143
5426	-0.7214
5427	-0.5291
5428	0.4863
5429	-0.115
5430	-0.05276
5431	-0.6956
5432	0.9791
5433	1.941
5434	0.2401
5435	-0.783
5436	1.019
5437	0.2689
5438	-0.5789
5439	-0.1065
5440	0.891
5441	0.9742
5442	0.1234
5443	1.122
5444	1.383
5445	-1.001
5446	-0.2573
5447	0.01446
5448	-0.7137
5449	0.7085
5450	-0.4756
5451	0.1456
5452	-0.3382
5453	0.3828
5454	-1.98
5455	-1.449
5456	-0.9725
5457	-1.132
5458	-1.126
5459	0.2091
5460	-0.3289
5461	-0.2407
5462	0.4185
5463	0.1233
5464	-0.005826
5465	0.1539
5466	-0.1072
5467	-1.604
5468	-1.017
5469	-1.104
5470	-1.068
5471	-1.204
5472	1.072
5473	1.188
5474	-0.8417
5475	0.03668
5476	0.9045
5477	-0.4488
5478	-0.5004
5479	0.1926
5480	1.911
5481	-0.1776
5482	0.1618
5483	1.269
5484	-0.2482
5485	0.6579
5486	-0.1551
5487	-0.3013
5488	1.38
5489	0.04224
5490	-1.137
5491	-1.354
5492	-0.3768
5493	0.3938
5494	-0.1115
5495	-0.8247
5496	1.16
5497	1.797
5498	-0.4612
5499	0.528
5500	1.669
5501	-0.007873
5502	-0.9055
5503	-1.259
5504	0.4381
5505	-0.195
5506	-0.5147
5507	0.08978
5508	-1.904
5509	-0.4606
5510	1.549
5511	0.1286
5512	0.1276
5513	0.8376
5514	-0.9025
5515	-0.7695
5516	0.3543
5517	0.1383
5518	-1.698
5519	0.9141
5520	0.2731
5521	0.3038
5522	-0.831
5523	0.7545
5524	0.05121
5525	-0.1505
5526	1.685
5527	0.9099
5528	1.168
5529	0.5897
5530	-0.3199
5531	0.7131
5532	0.04187
5533	0.07623
5534	0.02658
5535	-0.2004
5536	-0.5396
5537	0.9171
5538	-0.4927
5539	-0.3342
5540	-0.4752
5541	0.1581
5542	0.1709
5543	0.7684
5544	-0.1484
5545	-0.3015
5546	-0.6959
5547	-0.7058
5548	0.8005
5549	0.4305
5550	-0.1718
5551	-0.8589
5552	0.7127
5553	-2.461
5554	0.4304
5555	0.3885
5556	0.1112
5557	1.506
5558	0.4289
5559	0.07122
5560	-0.6445
5561	-1.421
5562	-0.3146
5563	0.8155
5564	-0.8241
5565	1.162
5566	-0.6489
5567	1.624
5568	-1.229
5569	0.7681
5570	0.8409
5571	0.8831
5572	-0.5664
5573	-0.5712
5574	0.279
5575	0.58
5576	-0.806
5577	-0.2101
5578	1.041
5579	0.9517
5580	1.063
5581	1.44
5582	0.2236
5583	1.13
5584	-0.02766
5585	0.4446
5586	0.2807
5587	-0.08452
5588	-0.2454
5589	-1.191
5590	-0.2114
5591	-1.831
5592	-0.5677
5593	-0.9226
5594	0.6194
5595	1.002
5596	-1.008
5597	-0.2935
5598	0.1379
5599	-0.122
5600	-0.01741
5601	0.514
5602	0.4405
5603	0.1194
5604	0.2809
5605	0.04662
5606	0.9608
5607	-1.128
5608	0.8284
5609	1.527
5610	1.286
5611	-1.018
5612	-0.5907
5613	0.03309
5614	-1.161
5615	0.3288
5616	0.4395
5617	0.3402
5618	-0.5148
5619	0.1748
5620	-0.5671
5621	-2.234
5622	0.3154
5623	0.0638
5624	0.4231
5625	0.272
5626	0.2585
5627	0.9998
5628	-0.1703
5629	0.305
5630	0.3147
5631	0.2461
5632	0.1027
5633	0.2569
5634	-0.2443
5635	-0.45
5636	0.08145
5637	-0.196
5638	-0.8472
5639	-0.2213
5640	-0.3018
5641	-0.2119
5642	-0.0718
5643	0.01841
5644	0.5339
5645	-0.1181
5646	0.3201
5647	-0.568
5648	-0.5249
5649	-0.3447
5650	0.3809
5651	-1.2
5652	0.1058
5653	-0.1481
5654	-0.815
5655	-0.7957
5656	0.2723
5657	0.9659
5658	0.5076
5659	0.3143
5660	-0.3563
5661	0.6745
5662	0.8217
5663	-0.9251
5664	0.2303
5665	-0.5236
5666	-0.1039
5667	-0.4996
5668	0.2403
5669	0.5008
5670	0.0335
5671	-0.5592
5672	0.04406
5673	-0.1936
5674	0.006629
5675	-0.4172
5676	-0.8768
5677	-0.4814
5678	-0.00455
5679	0.02821
5680	-0.6094
5681	-1.123
5682	0.8828
5683	0.4365
5684	0.2017
5685	0.4837
5686	0.8251
5687	1.3
5688	0.7525
5689	0.3474
5690	0.8484
5691	0.5509
5692	0.2268
5693	0.3173
5694	-0.6661
5695	-0.01102
5696	1.938
5697	-1.053
5698	1.49
5699	0.4555
5700	-0.06057
5701	2.589
5702	0.7132
5703	-1.076
5704	-0.1515
5705	1.111
5706	-2.547
5707	-0.3732
5708	-0.9148
5709	-0.3852
5710	-0.3997
5711	-0.495
5712	0.8456
5713	0.4652
5714	0.9732
5715	1.295
5716	-0.4786
5717	0.5423
5718	-0.5428
5719	0.6478
5720	1.704
5721	0.06139
5722	0.2393
5723	0.8089
5724	0.1333
5725	0.05231
5726	-0.7764
5727	0.1511
5728	1.555
5729	-0.8479
5730	2.132
5731	0.7415
5732	-1.48
5733	0.4443
5734	-1.256
5735	0.06974
5736	-0.3483
5737	-2.467
5738	0.05491
5739	-0.6064
5740	-0.8609
5741	0.1548
5742	-0.5275
5743	-0.3372
5744	-0.9794
5745	-0.5294
5746	0.003067
5747	0.4334
5748	0.6025
5749	0.1097
5750	-0.9659
5751	-1.04
5752	0.63
5753	-0.1049
5754	-0.1814
5755	-0.05335
5756	-0.1554
5757	-0.2135
5758	1.436
5759	-0.3301
5760	-0.5904
5761	0.2794
5762	-0.762
5763	-0.7439
5764	-0.01201
5765	-1.061
5766	-0.08115
5767	-0.2954
5768	-0.1849
5769	-0.8229
5770	-0.3803
5771	0.6254
5772	-0.7146
5773	-0.831
5774	0.7247
5775	-1.181
5776	-1.168
5777	-1.382
5778	-0.2362
5779	0.555
5780	-2.097
5781	1.486
5782	-1.704
5783	0.299
5784	0.006243
5785	-1.381
5786	1.215
5787	0.8454
5788	-1.27
5789	-1.145
5790	-0.3206
5791	-0.4969
5792	1.453
5793	-0.5647
5794	-0.9413
5795	-1.375
5796	1.913
5797	0.4633
5798	0.4337
5799	-0.2413
5800	-0.7164
5801	0.3811
5802	-0.01157
5803	-0.04935
5804	-0.5744
5805	1.078
5806	0.3849
5807	-1.07
5808	-0.0289
5809	0.7805
5810	0.01765
5811	-1.553
5812	-0.2601
5813	-0.6268
5814	-0.08337
5815	-1.562
5816	1.489
5817	1.628
5818	0.3731
5819	0.9396
5820	0.0292
5821	1.658
5822	0.7493
5823	0.03442
5824	-0.2584
5825	-0.3917
5826	-0.7291
5827	0.05501
5828	0.2007
5829	-1.179
5830	0.2978
5831	0.2535
5832	-1.505
5833	0.4252
5834	-1.288
5835	-0.6617
5836	0.02648
5837	0.8942
5838	-1.179
5839	0.01098
5840	0.436
5841	-1.026
5842	0.1745
5843	-1.668
5844	0.9665
5845	-1.59
5846	-0.07382
5847	-0.2876
5848	-0.7105
5849	0.001668
5850	-0.4709
5851	-0.5428
5852	-0.4157
5853	0.5805
5854	-0.07907
5855	0.7873
5856	1.145
5857	-0.899
5858	-1.542
5859	0.4997
5860	-1.086
5861	0.6403
5862	-0.2389
5863	0.7648
5864	-1.47
5865	-1.091
5866	-0.4525
5867	0.2431
5868	0.4852
5869	-0.5318
5870	0.4808
5871	0.3088
5872	0.9528
5873	-0.1714
5874	-0.3695
5875	0.3526
5876	-0.09826
5877	1.035
5878	0.3174
5879	-0.103
5880	0.4194
5881	-0.2375
5882	-0.2611
5883	-0.3316
5884	0.1254
5885	0.2934
5886	-1.217
5887	-0.5666
5888	0.4099
5889	-1.295
5890	-0.663
5891	-0.3914
5892	-0.2342
5893	0.9272
5894	0.06701
5895	1.312
5896	-0.6553
5897	-0.2027
5898	0.2272
5899	-0.5424
5900	0.9656
5901	1.475
5902	0.01216
5903	-1.578
5904	-0.6399
5905	1.275
5906	0.8815
5907	-0.3019
5908	1.496
5909	-0.6904
5910	-0.08274
5911	0.6459
5912	0.8874
5913	0.2515
5914	-0.233
5915	0.8618
5916	0.1674
5917	-0.5159
5918	-2.062
5919	-0.3256
5920	-0.5377
5921	-0.2253
5922	0.1604
5923	-0.9999
5924	0.3928
5925	-0.7032
5926	0.2303
5927	0.2314
5928	-0.134
5929	0.2364
5930	0.03382
5931	-0.1267
5932	-0.3799
5933	-0.2479
5934	-0.05566
5935	-0.8559
5936	0.5198
5937	-0.6557
5938	-0.3135
5939	-0.4457
5940	2.493
5941	1.38
5942	-0.9407
5943	0.7464
5944	1.357
5945	-0.002936
5946	0.1668
5947	0.1584
5948	0.2275
5949	0.01223
5950	0.4859
5951	-0.3353
5952	2.204
5953	0.9064
5954	0.1104
5955	-2.382
5956	0.2256
5957	1.093
5958	-0.1811
5959	0.02976
5960	0.761
5961	-0.2861
5962	1.027
5963	0.4048
5964	-0.374
5965	0.1869
5966	1.521
5967	0.7809
5968	-0.1012
5969	-0.339
5970	0.1045
5971	-1.413
5972	3.184
5973	1.61
5974	0.333
5975	-0.1693
5976	2.526
5977	1.61
5978	-0.1274
5979	-1.043
5980	0.05013
5981	0.2629
5982	-0.02136
5983	-2.118
5984	-0.385
5985	-0.5748
5986	0.6262
5987	1.548
5988	0.2949
5989	-0.2258
5990	-0.9304
5991	-0.8242
5992	0.7578
5993	0.9097
5994	1.577
5995	-1.987
5996	0.7577
5997	0.1071
5998	0.8493
5999	-1.689
6000	-0.7561
6001	-0.4467
6002	-0.7513
6003	1.305
6004	-1.013
6005	-1.353
6006	1.499
6007	-1.614
6008	-0.4171
6009	-0.09586
6010	0.1867
6011	-1.423
6012	-0.8269
6013	2.139
6014	0.03548
6015	-0.7866
6016	-0.5352
6017	-0.7208
6018	-1.506
6019	0.8054
6020	-0.8395
6021	0.4244
6022	0.1721
6023	-0.8686
6024	-0.1803
6025	0.2759
6026	0.3916
6027	0.739
6028	0.2786
6029	0.1348
6030	0.7196
6031	-0.312
6032	1.083
6033	0.1553
6034	-0.1339
6035	-1.295
6036	0.06461
6037	0.358
6038	-0.511
6039	0.3364
6040	-1.651
6041	0.51
6042	-0.4399
6043	0.1042
6044	0.9992
6045	0.7536
6046	-0.9112
6047	0.4901
6048	-0.5369
6049	-0.01514
6050	-0.8488
6051	-0.4896
6052	0.2863
6053	-0.1023
6054	1.006
6055	-0.3481
6056	-0.1409
6057	-0.729
6058	-1.213
6059	0.02316
6060	0.5658
6061	0.611
6062	0.136
6063	0.4792
6064	-0.5693
6065	-0.6288
6066	0.7503
6067	-0.9713
6068	0.3894
6069	0.2702
6070	0.8101
6071	-0.7833
6072	0.3059
6073	-0.2695
6074	-0.9167
6075	0.4785
6076	0.07919
6077	-0.5003
6078	0.6901
6079	0.04429
6080	-1.225
6081	-0.4942
6082	-0.5967
6083	-0.252
6084	0.5422
6085	-0.9523
6086	-0.6385
6087	0.1815
6088	0.4501
6089	-0.8078
6090	-0.295
6091	0.07252
6092	0.6483
6093	0.641
6094	0.2765
6095	-0.9302
6096	-1.155
6097	-0.1742
6098	1.82
6099	-0.2822
6100	-0.161
6101	1.734
6102	0.7499
6103	0.548
6104	-0.2237
6105	0.0377
6106	0.7748
6107	-0.6629
6108	-0.06814
6109	1.045
6110	-0.3385
6111	0.9893
6112	0.7393
6113	0.2466
6114	-0.5204
6115	0.4668
6116	-0.317
6117	0.1406
6118	-1.06
6119	1.426
6120	0.1282
6121	-0.5914
6122	0.2468
6123	-0.5781
6124	0.1996
6125	-1.633
6126	0.7282
6127	0.05397
6128	0.8048
6129	1.127
6130	-0.7219
6131	0.5305
6132	-0.5904
6133	0.7698
6134	0.4107
6135	-0.3406
6136	1.102
6137	0.9589
6138	1.67
6139	0.09324
6140	0.7551
6141	-0.3319
6142	1.211
6143	-0.4686
6144	-0.0591
6145	-0.6314
6146	-0.6631
6147	-0.004544
6148	-0.8957
6149	-0.821
6150	0.7106
6151	0.3446
6152	-0.1984
6153	1.899
6154	1.181
6155	-0.4764
6156	-0.6526
6157	0.01355
6158	-0.243
6159	0.4651
6160	0.5949
6161	-1.105
6162	-1.094
6163	0.6375
6164	0.9736
6165	-0.7372
6166	0.05738
6167	-0.8149
6168	-1.612
6169	-0.7354
6170	0.4232
6171	-0.8093
6172	-0.2611
6173	0.5837
6174	0.6849
6175	0.5522
6176	0.3503
6177	-0.3678
6178	1.086
6179	-0.9602
6180	-1.192
6181	0.05325
6182	-0.5093
6183	-0.4447
6184	0.4963
6185	-0.2867
6186	0.2869
6187	1.023
6188	0.7591
6189	-1.452
6190	0.7499
6191	0.1771
6192	-0.3068
6193	-1.233
6194	-0.3056
6195	0.1265
6196	-1.478
6197	0.3075
6198	-1.17
6199	-0.5204
6200	-1.682
6201	-0.2332
6202	-0.3757
6203	0.7445
6204	1.002
6205	-1.463
6206	1.262
6207	-0.787
6208	-0.8518
6209	1.083
6210	0.647
6211	-0.7978
6212	1.249
6213	-0.3629
6214	-0.1336
6215	-0.02448
6216	0.2903
6217	0.3755
6218	-0.142
6219	0.07918
6220	0.06869
6221	-0.3126
6222	-0.5173
6223	0.3669
6224	-0.1502
6225	0.6191
6226	-0.7486
6227	0.5374
6228	-0.04942
6229	-1.018
6230	1.168
6231	-1.432
6232	1.509
6233	-1.729
6234	-0.4419
6235	-0.2747
6236	1.307
6237	0.8946
6238	-0.03837
6239	-1.065
6240	0.2956
6241	0.1294
6242	-0.1607
6243	-0.9156
6244	-0.4487
6245	-0.4203
6246	-0.2291
6247	0.1232
6248	-0.6819
6249	0.337
6250	0.3412
6251	-0.3329
6252	-0.6842
6253	0.2866
6254	-0.2411
6255	-0.3557
6256	-0.9921
6257	-0.6112
6258	0.7066
6259	-1.546
6260	-0.9354
6261	0.1311
6262	-1.18
6263	0.2707
6264	0.2309
6265	0.2192
6266	0.9738
6267	-0.5413
6268	-1.465
6269	1.32
6270	-0.03969
6271	1.094
6272	-0.5955
6273	-1.261
6274	-0.1607
6275	0.2267
6276	-2.191
6277	-0.4842
6278	-0.7767
6279	0.7929
6280	0.5883
6281	0.2533
6282	-0.04926
6283	0.109
6284	-0.7523
6285	-0.9856
6286	0.3191
6287	-0.1634
6288	-0.6382
6289	0.8197
6290	0.6077
6291	-1.143
6292	-1.845
6293	-0.2271
6294	-0.2742
6295	-0.3677
6296	-0.6519
6297	0.4031
6298	1.935
6299	0.2693
6300	-0.0875
6301	0.2659
6302	0.5137
6303	-0.9524
6304	0.2327
6305	1.795
6306	-0.1327
6307	0.81
6308	-0.5408
6309	0.8709
6310	-0.0292
6311	-0.1577
6312	1.41
6313	-0.425
6314	-0.07679
6315	-0.5644
6316	2.058
6317	-0.05443
6318	0.1916
6319	0.89
6320	-0.2472
6321	1.323
6322	0.7718
6323	-0.07073
6324	2.066
6325	0.415
6326	3.411E-4
6327	-0.1122
6328	0.03245
6329	0.02797
6330	0.1038
6331	-0.4159
6332	-0.1469
6333	-0.6428
6334	-0.7128
6335	0.6189
6336	-1.187
6337	0.5826
6338	0.4039
6339	0.07472
6340	0.06847
6341	-1.03
6342	0.6073
6343	-1.22
6344	-1.907
6345	-0.1451
6346	-0.963
6347	-0.5197
6348	0.1235
6349	1.557
6350	0.6538
6351	0.3167
6352	-0.3575
6353	-0.1312
6354	-0.03993
6355	0.9034
6356	-0.4272
6357	-2.17
6358	1.059
6359	0.2542
6360	-1.833
6361	-0.8246
6362	-0.1401
6363	0.3175
6364	0.2815
6365	-0.3686
6366	-0.3564
6367	0.1487
6368	-0.5971
6369	-0.7342
6370	-1.83
6371	0.3507
6372	0.8792
6373	1.494
6374	0.807
6375	-0.3374
6376	0.1219
6377	0.09814
6378	-0.3725
6379	-0.213
6380	0.4521
6381	-0.6359
6382	0.6572
6383	-0.4038
6384	-0.329
6385	-0.57
6386	-0.1896
6387	0.4169
6388	-0.3993
6389	0.7201
6390	0.001231
6391	-0.1292
6392	-0.1617
6393	0.05811
6394	-1.276
6395	1.498
6396	-0.3795
6397	-0.8566
6398	-0.1886
6399	-0.3017
6400	0.7868
6401	0.7146
6402	0.1233
6403	1.371
6404	1.015
6405	-0.1527
6406	-0.5083
6407	-0.536
6408	-1.26
6409	-0.1295
6410	-0.03368
6411	-0.6117
6412	0.1371
6413	1.596
6414	-0.6111
6415	-1.05
6416	-1.466
6417	1.885
6418	-0.9695
6419	0.06536
6420	-1.852
6421	-0.7272
6422	0.2378
6423	-0.6244
6424	0.7801
6425	0.8083
6426	-0.2488
6427	-0.1203
6428	-2.357
6429	1.918
6430	-0.3895
6431	1.9
6432	0.4558
6433	1.143
6434	-1.706
6435	-0.6592
6436	0.01831
6437	0.8675
6438	-0.7348
6439	-0.7764
6440	1.936
6441	0.2694
6442	0.5325
6443	-0.7047
6444	0.4944
6445	0.6013
6446	0.4105
6447	-0.2948
6448	0.1038
6449	0.04238
6450	-0.3369
6451	-1.052
6452	1.481
6453	-9.027E-4
6454	0.1937
6455	-0.4781
6456	0.3339
6457	-0.6561
6458	-0.02631
6459	0.01474
6460	-0.1216
6461	0.4296
6462	-0.6314
6463	0.1685
6464	-0.2532
6465	-0.2171
6466	0.1077
6467	-0.07958
6468	0.4672
6469	0.1135
6470	-1.378
6471	0.005072
6472	-0.5864
6473	-0.2512
6474	-0.8673
6475	-0.8768
6476	0.117
6477	-0.3969
6478	-0.9059
6479	0.3237
6480	-0.2169
6481	1.509
6482	0.4148
6483	-2.251
6484	0.3129
6485	2.831
6486	0.3082
6487	0.1251
6488	-0.2329
6489	0.9973
6490	0.6458
6491	-1.353
6492	-0.6984
6493	0.4973
6494	-0.9411
6495	-0.2179
6496	-0.22
6497	0.2928
6498	0.472
6499	0.1009
6500	0.3378
6501	-0.2889
6502	1.117
6503	0.26
6504	-1.021
6505	0.1004
6506	-0.8373
6507	-1.577
6508	-0.2756
6509	0.6231
6510	-0.1383
6511	-0.7017
6512	-0.1153
6513	1.501
6514	0.1717
6515	-1.566
6516	1.328
6517	-0.1611
6518	0.02532
6519	-0.8679
6520	1.19
6521	-1.824
6522	-0.2411
6523	0.7539
6524	0.05308
6525	1.892
6526	-0.7308
6527	-0.6993
6528	-0.3614
6529	-1.118
6530	-0.5726
6531	-0.03317
6532	-1.129
6533	-0.8861
6534	-0.06823
6535	-0.3308
6536	-1.348
6537	0.1533
6538	0.6712
6539	-0.2312
6540	-0.1743
6541	0.1986
6542	0.2681
6543	-0.4759
6544	-1.227
6545	-0.2231
6546	-0.8455
6547	-0.565
6548	-0.7748
6549	0.9083
6550	0.04951
6551	-0.1494
6552	0.546
6553	-0.06768
6554	-0.1486
6555	-0.4988
6556	0.2668
6557	0.5369
6558	-1.174
6559	2.124
6560	-0.1983
6561	-0.2335
6562	-1.696
6563	-1.443
6564	-0.7008
6565	-0.4499
6566	-0.653
6567	0.3778
6568	0.5066
6569	0.07255
6570	0.4045
6571	-1.113
6572	0.7927
6573	0.1414
6574	0.2921
6575	0.1549
6576	0.5528
6577	-0.688
6578	0.422
6579	0.8489
6580	-0.01168
6581	0.3798
6582	0.8126
6583	-0.1983
6584	-0.07268
6585	-1.245
6586	-0.6768
6587	1.239
6588	1.875
6589	-0.1973
6590	0.4055
6591	0.4791
6592	0.209
6593	-0.7761
6594	-0.03704
6595	-0.2938
6596	-0.5823
6597	0.781
6598	-1.409
6599	-1.306
6600	0.1914
6601	-0.1616
6602	-1.075
6603	-0.5926
6604	-0.8055
6605	0.3514
6606	-0.7711
6607	1.588
6608	0.88
6609	-0.2045
6610	-0.3596
6611	0.4581
6612	-1.628
6613	-0.4656
6614	0.3309
6615	-0.5038
6616	0.5203
6617	2.097
6618	-0.03949
6619	0.5408
6620	0.8724
6621	-0.911
6622	-0.3491
6623	-1.706
6624	0.7266
6625	-0.5652
6626	0.3815
6627	0.1604
6628	-0.2835
6629	-0.2214
6630	-0.7905
6631	-0.7405
6632	-0.4147
6633	1.297
6634	1.284
6635	0.5701
6636	-0.5362
6637	-0.5012
6638	2.028
6639	-0.3509
6640	-0.1461
6641	-0.0924
6642	0.7003
6643	0.8215
6644	0.4762
6645	0.3668
6646	-0.4964
6647	1.314
6648	-0.04731
6649	-0.4452
6650	-0.1808
6651	-1.125
6652	0.3149
6653	-0.3504
6654	-0.838
6655	0.3919
6656	0.0221
6657	-0.1465
6658	0.8341
6659	0.8415
6660	0.6292
6661	-0.5419
6662	1.24
6663	0.7178
6664	-0.2765
6665	0.2449
6666	-0.5818
6667	-1.716
6668	0.7816
6669	0.3991
6670	-0.05425
6671	0.1045
6672	0.2423
6673	0.8528
6674	-1.126
6675	0.6765
6676	-0.2371
6677	0.9435
6678	-0.2617
6679	0.1514
6680	0.8566
6681	0.03956
6682	-0.9617
6683	0.1045
6684	-0.7731
6685	0.3092
6686	-1.037
6687	-0.02899
6688	-0.06608
6689	0.6197
6690	-1.706
6691	-0.2994
6692	-0.06529
6693	-0.197
6694	0.06436
6695	2.513
6696	1.847
6697	0.3501
6698	0.9052
6699	0.3053
6700	-0.7683
6701	0.8014
6702	-0.5738
6703	0.3636
6704	0.03022
6705	0.5215
6706	1.585
6707	-0.8677
6708	1.074
6709	1.073
6710	-0.05896
6711	0.1354
6712	0.2266
6713	0.1292
6714	-0.97
6715	1.565
6716	0.03432
6717	-0.5226
6718	-0.1791
6719	-0.1407
6720	1.139
6721	0.876
6722	-0.7321
6723	1.044
6724	-1.474
6725	-1.419
6726	0.09545
6727	-0.1963
6728	0.9037
6729	0.5989
6730	1.5
6731	-0.4261
6732	0.007684
6733	0.2303
6734	-0.3927
6735	0.8735
6736	-0.7676
6737	0.6413
6738	-0.8682
6739	-0.763
6740	0.2978
6741	-0.3342
6742	0.1225
6743	-0.2143
6744	0.06912
6745	-0.9376
6746	0.252
6747	0.1864
6748	-0.7506
6749	0.07502
6750	-1.56
6751	-0.2604
6752	1.088
6753	0.6185
6754	0.03289
6755	-0.5746
6756	-0.4682
6757	0.2727
6758	1.339
6759	-0.3051
6760	-0.09814
6761	-1.699
6762	0.2178
6763	0.692
6764	-0.4507
6765	-1.238
6766	1.946
6767	1.425
6768	1.144
6769	1.195
6770	-0.511
6771	0.5582
6772	-0.7172
6773	0.3168
6774	-0.6119
6775	1.138
6776	-0.0608
6777	0.184
6778	0.2568
6779	-0.5331
6780	0.5201
6781	0.5418
6782	-0.6337
6783	2.344
6784	-0.09793
6785	0.3364
6786	2.111
6787	0.2306
6788	1.189
6789	1.83
6790	-3.46
6791	-1.549
6792	-0.1956
6793	2.397
6794	0.6443
6795	0.3196
6796	-0.2427
6797	-1.184
6798	-0.2339
6799	-0.8279
6800	-0.2219
6801	-1.296
6802	0.6158
6803	-0.06426
6804	-0.05736
6805	-0.69
6806	0.4948
6807	-1.253
6808	0.07562
6809	0.3382
6810	-0.7925
6811	1.089
6812	-0.7313
6813	-0.9358
6814	0.6163
6815	-1.457
6816	1.599
6817	-0.1677
6818	-0.3292
6819	0.5579
6820	1.876
6821	-0.7142
6822	0.6865
6823	-0.1195
6824	-0.1549
6825	0.4469
6826	-0.2683
6827	-1.482
6828	0.5811
6829	0.5726
6830	-0.09263
6831	0.002867
6832	-0.7214
6833	-2.089
6834	0.175
6835	-3.77
6836	-0.6635
6837	-1.184
6838	2.724
6839	0.2551
6840	0.3387
6841	-2.357
6842	-0.7766
6843	-1.51
6844	-1.209
6845	-0.1734
6846	0.3764
6847	-1.089
6848	0.001871
6849	-1.044
6850	0.08358
6851	-0.2524
6852	0.3694
6853	1.075
6854	0.2538
6855	-0.4699
6856	0.5349
6857	-0.6382
6858	-0.4793
6859	0.3715
6860	-3.993E-4
6861	0.8625
6862	0.04165
6863	-0.2215
6864	-0.2887
6865	-0.5287
6866	-0.04501
6867	0.03821
6868	0.4141
6869	0.6169
6870	-0.5052
6871	-0.3128
6872	-0.0695
6873	-0.7878
6874	-0.1263
6875	-1.437
6876	0.07214
6877	0.2348
6878	-1.014
6879	0.6824
6880	0.3305
6881	1.146
6882	-0.7392
6883	0.1397
6884	-0.3993
6885	-1.246
6886	1.036
6887	-0.9443
6888	-1.493
6889	-0.2288
6890	-0.6837
6891	1.708
6892	0.9948
6893	-1.485
6894	0.5225
6895	0.1485
6896	-1.91
6897	-1.362
6898	-0.4367
6899	0.4813
6900	-0.09023
6901	0.6265
6902	0.7817
6903	0.3835
6904	-0.4227
6905	-0.3688
6906	-0.4185
6907	-1.19
6908	0.735
6909	0.5451
6910	-0.629
6911	0.7587
6912	0.8755
6913	-1.574
6914	0.3105
6915	-0.8651
6916	0.007647
6917	0.8328
6918	-0.78
6919	-0.1146
6920	-0.1724
6921	0.6193
6922	-0.1299
6923	0.1052
6924	0.7501
6925	1.168
6926	1.139
6927	-0.1692
6928	0.7094
6929	0.7588
6930	0.412
6931	0.5447
6932	0.9024
6933	0.7385
6934	0.563
6935	0.4132
6936	0.4606
6937	1.009
6938	0.04682
6939	0.2383
6940	-0.847
6941	0.02633
6942	-0.1051
6943	-0.3866
6944	0.6974
6945	-0.7193
6946	-0.7421
6947	0.02298
6948	1.633
6949	-0.3209
6950	-0.879
6951	0.07902
6952	-0.6639
6953	0.2109
6954	-1.294
6955	0.3343
6956	1.35
6957	0.4294
6958	0.3729
6959	-1.212
6960	1.239
6961	-0.7201
6962	-0.774
6963	-1.669
6964	-0.855
6965	-0.178
6966	-0.2146
6967	0.242
6968	-0.09883
6969	-0.2138
6970	-0.4705
6971	0.02002
6972	-1.381
6973	0.9185
6974	0.288
6975	0.6472
6976	-0.2607
6977	0.2714
6978	-0.05921
6979	-0.2709
6980	0.7988
6981	-0.06141
6982	0.713
6983	-1.091
6984	-0.4742
6985	0.9424
6986	-0.9566
6987	-0.7644
6988	-1.491
6989	-0.4703
6990	0.04697
6991	-0.279
6992	1.18
6993	-0.5385
6994	1.536
6995	-0.4755
6996	-0.2298
6997	0.8501
6998	0.1223
6999	-0.8819
7000	0.5721
7001	-0.3139
7002	-1.087
7003	-1.109
7004	-0.0874
7005	-0.3945
7006	0.005008
7007	-0.5713
7008	-0.2175
7009	-0.2888
7010	0.7648
7011	0.5773
7012	0.1164
7013	0.6214
7014	-0.572
7015	-0.3279
7016	0.3564
7017	1.767
7018	-0.8444
7019	0.03317
7020	0.1235
7021	1.372
7022	-1.003
7023	-1.004
7024	0.8798
7025	0.7974
7026	0.2205
7027	0.05059
7028	0.257
7029	0.293
7030	0.3682
7031	-0.1697
7032	1.334
7033	-0.3241
7034	-1.505
7035	0.6791
7036	-0.05968
7037	0.2904
7038	-1.528
7039	0.6734
7040	1.339
7041	-0.8387
7042	-1.396
7043	-0.4875
7044	0.6238
7045	-1.397
7046	0.5501
7047	0.4829
7048	-0.3888
7049	-0.5636
7050	0.6301
7051	0.4665
7052	0.7528
7053	-0.008333
7054	-0.5111
7055	0.6957
7056	-0.8623
7057	0.4859
7058	0.6581
7059	0.2374
7060	0.8165
7061	0.305
7062	-2.117
7063	0.4479
7064	1.273
7065	1.704
7066	-0.9563
7067	-1.386
7068	-2.476
7069	-0.6109
7070	0.06167
7071	0.09753
7072	0.8365
7073	-0.002286
7074	-0.2606
7075	0.3212
7076	-0.06758
7077	1.295
7078	0.7739
7079	0.5743
7080	0.6053
7081	-1.326
7082	0.9298
7083	-0.9375
7084	1.024
7085	1.269
7086	-0.3317
7087	0.7717
7088	0.7063
7089	-0.123
7090	-1.865
7091	-0.5541
7092	0.8695
7093	0.5293
7094	-0.1359
7095	-0.576
7096	-0.3057
7097	0.6911
7098	0.1856
7099	0.7542
7100	-0.3569
7101	0.0487
7102	0.2233
7103	0.08117
7104	-0.1002
7105	-0.6199
7106	0.0442
7107	-0.4529
7108	0.1354
7109	0.1577
7110	0.981
7111	-0.5506
7112	-0.2998
7113	0.3112
7114	0.2989
7115	-0.01214
7116	0.4945
7117	0.2144
7118	-0.937
7119	0.2056
7120	0.8359
7121	0.5652
7122	-1.717
7123	0.5013
7124	1.784
7125	-0.3126
7126	2.449
7127	0.1035
7128	-1.273
7129	0.7264
7130	-0.1376
7131	0.4045
7132	-0.1399
7133	-0.8827
7134	-0.7944
7135	-0.1438
7136	1.0
7137	0.08919
7138	0.4975
7139	1.229
7140	1.027
7141	0.4093
7142	-0.6424
7143	0.1606
7144	0.4603
7145	-1.573
7146	0.9547
7147	0.3284
7148	0.2359
7149	-0.3327
7150	0.1656
7151	-0.9915
7152	0.759
7153	-1.667
7154	0.794
7155	0.08116
7156	0.2857
7157	-0.1222
7158	0.2346
7159	-1.626
7160	0.4246
7161	0.03601
7162	-0.4226
7163	-0.3707
7164	1.007
7165	0.3112
7166	-0.4025
7167	1.493
7168	-0.4171
7169	-0.4828
7170	0.09219
7171	0.796
7172	-0.3309
7173	0.6184
7174	-0.1473
7175	-1.823
7176	1.959
7177	1.909
7178	-0.5596
7179	0.3605
7180	0.6689
7181	0.03344
7182	-0.8185
7183	0.2869
7184	-0.05505
7185	-0.9137
7186	0.6298
7187	0.1185
7188	-0.2091
7189	0.8621
7190	-0.7807
7191	1.93
7192	-0.5744
7193	1.834
7194	0.3694
7195	-0.4776
7196	-0.2389
7197	-0.7839
7198	-0.8424
7199	-0.327
7200	-1.605
7201	3.139
7202	-1.718
7203	2.06
7204	1.14
7205	0.3028
7206	-0.1761
7207	-0.6661
7208	-0.9673
7209	1.171
7210	0.1708
7211	-0.3438
7212	1.402
7213	-0.8021
7214	-1.336
7215	0.1266
7216	0.9618
7217	-0.1693
7218	0.8824
7219	-0.1978
7220	-0.4551
7221	0.1904
7222	-0.3065
7223	0.5289
7224	0.09401
7225	-0.9425
7226	-0.4211
7227	-0.1774
7228	2.077
7229	0.4331
7230	-0.4915
7231	0.1879
7232	0.2059
7233	1.084
7234	0.6767
7235	-0.3004
7236	0.7422
7237	-0.1203
7238	0.9266
7239	-1.005
7240	1.081
7241	-0.5089
7242	0.2406
7243	1.098
7244	-0.2321
7245	-0.09986
7246	0.8327
7247	1.05
7248	1.02
7249	-0.4184
7250	-0.08251
7251	0.1567
7252	0.1387
7253	-0.798
7254	-1.013
7255	-0.3954
7256	-0.2828
7257	0.6429
7258	-0.2481
7259	0.2422
7260	-0.8208
7261	0.7176
7262	0.1595
7263	2.148
7264	-1.559
7265	0.2619
7266	0.9149
7267	2.107
7268	0.8409
7269	-0.4654
7270	-0.7652
7271	0.2431
7272	-0.1382
7273	-0.6566
7274	-0.9861
7275	-0.7514
7276	-0.1558
7277	0.6652
7278	0.9846
7279	0.5927
7280	-0.8017
7281	-0.08426
7282	0.3532
7283	0.654
7284	-0.157
7285	-0.2223
7286	-1.657
7287	-0.652
7288	2.085
7289	-0.2285
7290	1.051
7291	-0.157
7292	0.9229
7293	0.2061
7294	-0.02649
7295	-0.005171
7296	0.518
7297	0.5885
7298	-0.2426
7299	0.7734
7300	0.1402
7301	1.346
7302	0.2662
7303	0.1018
7304	-0.05894
7305	-0.2917
7306	-0.2984
7307	1.256
7308	-0.5083
7309	-0.05601
7310	-0.0497
7311	-0.8886
7312	0.07089
7313	-0.09861
7314	1.924
7315	-0.2908
7316	-0.3338
7317	-0.3055
7318	-0.6325
7319	0.8069
7320	-0.7293
7321	-0.7345
7322	1.327
7323	-0.5032
7324	-0.6087
7325	-0.358
7326	1.313
7327	-0.3596
7328	-0.05256
7329	-0.09444
7330	-1.504
7331	-1.01
7332	-0.3128
7333	-1.892
7334	-0.7112
7335	-1.118
7336	0.6495
7337	-0.2139
7338	0.3455
7339	0.3352
7340	-0.1281
7341	-0.7836
7342	-1.963
7343	0.1193
7344	-0.478
7345	1.771
7346	-0.6278
7347	-0.5082
7348	-0.4471
7349	-0.09774
7350	-0.3179
7351	-0.334
7352	1.121
7353	1.987
7354	-0.2592
7355	0.02195
7356	-0.387
7357	-0.6145
7358	0.2591
7359	0.5703
7360	-1.158
7361	-0.9568
7362	-0.7072
7363	-0.2201
7364	0.4673
7365	0.8034
7366	-0.3147
7367	0.5756
7368	0.2788
7369	-0.05492
7370	0.4123
7371	0.08363
7372	0.4857
7373	-0.3796
7374	-0.4888
7375	0.5264
7376	0.4153
7377	-1.455
7378	0.5405
7379	-0.4182
7380	-0.424
7381	-0.1245
7382	0.1542
7383	0.03502
7384	-0.4264
7385	0.04278
7386	-0.4825
7387	-0.4088
7388	-0.4337
7389	-0.5895
7390	-0.08694
7391	0.3115
7392	-0.00607
7393	-0.0908
7394	-0.3098
7395	-1.024
7396	3.614
7397	-0.4445
7398	-0.9939
7399	1.338
7400	-0.0994
7401	0.276
7402	1.248
7403	-0.2306
7404	-0.0471
7405	-1.391
7406	-0.01447
7407	-0.3046
7408	-0.4908
7409	0.7372
7410	-1.137
7411	-0.3704
7412	0.06657
7413	-0.09302
7414	0.2627
7415	0.3723
7416	-0.5174
7417	0.3698
7418	0.5315
7419	0.6558
7420	0.5782
7421	0.7428
7422	-1.782
7423	-0.09099
7424	-0.1457
7425	-0.7195
7426	1.128
7427	0.5925
7428	0.1329
7429	1.397
7430	-0.6632
7431	-0.02504
7432	0.5213
7433	-1.354
7434	0.7329
7435	-0.5869
7436	-1.654
7437	-0.07878
7438	-1.023
7439	-0.9524
7440	-0.8071
7441	-0.8092
7442	-5.682E-4
7443	-0.7992
7444	-0.1043
7445	0.7774
7446	1.16
7447	1.804
7448	0.7112
7449	0.1921
7450	-0.3095
7451	0.02526
7452	0.4421
7453	1.383
7454	0.2608
7455	-0.565
7456	-0.6358
7457	-0.2423
7458	-0.8113
7459	-1.806
7460	0.7615
7461	2.674
7462	0.4858
7463	-0.02956
7464	0.1493
7465	-1.312
7466	0.3305
7467	-0.4635
7468	0.3099
7469	0.3138
7470	0.7095
7471	-1.114
7472	-0.4525
7473	0.4798
7474	0.5237
7475	-0.2634
7476	1.829
7477	-0.03736
7478	-0.1997
7479	-0.1624
7480	0.05384
7481	-0.9093
7482	0.05012
7483	-1.299
7484	1.216
7485	-0.1765
7486	0.899
7487	0.7595
7488	-0.2869
7489	0.7985
7490	-0.854
7491	-1.12
7492	-1.03
7493	-0.1928
7494	-0.6556
7495	-0.01214
7496	-0.6629
7497	-0.3762
7498	0.6397
7499	-1.145
7500	0.2634
7501	1.53
7502	0.723
7503	0.02926
7504	0.4125
7505	-1.386
7506	0.06455
7507	-0.8048
7508	-0.295
7509	0.04981
7510	-0.5439
7511	-0.6088
7512	-0.191
7513	-0.8291
7514	-0.105
7515	-0.8502
7516	-0.7831
7517	-1.581
7518	0.6157
7519	0.3962
7520	-1.49
7521	0.498
7522	0.9988
7523	-0.7314
7524	-0.1844
7525	1.459
7526	1.123
7527	0.3992
7528	0.007659
7529	-0.771
7530	0.9032
7531	-0.5373
7532	1.01
7533	-0.6657
7534	-0.9151
7535	0.02408
7536	-0.02483
7537	0.465
7538	0.7308
7539	-1.285
7540	-0.1191
7541	0.9754
7542	-1.461
7543	-1.588
7544	1.21
7545	0.5802
7546	-0.3825
7547	-1.48
7548	-2.112
7549	-0.9152
7550	-0.4351
7551	-0.8123
7552	2.177
7553	-1.025
7554	1.121
7555	1.847
7556	0.04916
7557	0.1719
7558	-1.26
7559	0.4782
7560	0.4807
7561	0.341
7562	0.5136
7563	-1.073
7564	1.013
7565	0.4992
7566	0.1257
7567	0.1243
7568	-0.7454
7569	0.02226
7570	1.506
7571	-0.1406
7572	0.2743
7573	0.6962
7574	0.5065
7575	-0.05656
7576	-1.021
7577	-1.563
7578	0.1898
7579	0.2769
7580	-0.8916
7581	0.6601
7582	1.111
7583	-0.948
7584	1.058
7585	1.609
7586	1.079
7587	-1.002
7588	-0.1814
7589	1.049
7590	0.2269
7591	1.172
7592	1.334
7593	-0.9206
7594	0.2098
7595	-0.8894
7596	-0.9841
7597	0.3698
7598	-0.4872
7599	0.5385
7600	-0.8708
7601	0.592
7602	-0.5526
7603	-0.3399
7604	0.1083
7605	-0.0269
7606	1.073
7607	-1.749
7608	-0.1329
7609	1.685
7610	-0.1153
7611	0.3972
7612	-0.8045
7613	2.191
7614	-1.61
7615	-0.2277
7616	1.057
7617	0.09846
7618	0.06313
7619	-0.08099
7620	0.2526
7621	-0.4768
7622	0.1991
7623	-0.1589
7624	0.2555
7625	0.4488
7626	0.4234
7627	0.5508
7628	-0.1093
7629	0.3548
7630	-1.015
7631	0.9183
7632	0.1066
7633	2.473
7634	1.04
7635	0.6049
7636	-0.3114
7637	-0.01625
7638	-0.1511
7639	0.1112
7640	1.338
7641	1.623
7642	-1.132
7643	-1.75
7644	2.318
7645	-0.9966
7646	1.013
7647	0.309
7648	-0.1345
7649	0.8774
7650	-0.004116
7651	0.3454
7652	0.1884
7653	0.1233
7654	-0.2449
7655	-0.6591
7656	-0.391
7657	-1.134
7658	0.5172
7659	-0.7227
7660	0.2279
7661	-1.307
7662	-0.6605
7663	-0.8651
7664	1.458
7665	0.687
7666	-0.9594
7667	-1.374
7668	-0.1029
7669	0.2354
7670	-1.39
7671	-0.00294
7672	-0.4654
7673	0.4833
7674	-0.001893
7675	-0.7122
7676	0.3448
7677	0.08508
7678	0.2245
7679	-1.743
7680	-1.251
7681	-1.146
7682	-0.2122
7683	0.464
7684	0.2051
7685	0.5364
7686	0.1108
7687	-0.1036
7688	-0.1261
7689	-0.6232
7690	0.7381
7691	0.3124
7692	-0.02535
7693	0.106
7694	-0.2556
7695	1.214
7696	-0.3874
7697	0.3301
7698	-0.8332
7699	-0.6971
7700	0.412
7701	0.3334
7702	0.518
7703	-0.5055
7704	-0.1261
7705	1.925
7706	-0.1379
7707	0.9045
7708	-0.1674
7709	-1.06
7710	0.09647
7711	0.3912
7712	-0.3387
7713	-1.17
7714	0.3994
7715	-0.5688
7716	0.7507
7717	0.06573
7718	0.8167
7719	1.45
7720	-0.9496
7721	0.4174
7722	0.9751
7723	-0.9802
7724	0.8207
7725	0.04706
7726	-1.464
7727	-0.2592
7728	-0.69
7729	0.1604
7730	0.3757
7731	-1.044
7732	0.3293
7733	0.5744
7734	-0.1329
7735	-0.06236
7736	0.3675
7737	0.7704
7738	-0.7845
7739	0.3226
7740	-0.3824
7741	-0.4071
7742	0.2513
7743	-1.637
7744	0.74
7745	4.442
7746	0.1597
7747	0.2945
7748	-0.5878
7749	-0.3398
7750	-1.4
7751	-0.8993
7752	-0.1515
7753	-0.4193
7754	-0.7835
7755	0.4754
7756	0.04918
7757	-0.5179
7758	2.006
7759	-0.3947
7760	0.3062
7761	-0.5371
7762	-0.3904
7763	-0.1601
7764	0.8811
7765	-0.396
7766	0.7745
7767	1.167
7768	-0.1135
7769	0.6243
7770	-0.6478
7771	1.141
7772	-0.485
7773	0.07257
7774	-0.2124
7775	0.2906
7776	-1.832
7777	0.1571
7778	0.9036
7779	-1.559
7780	-1.569
7781	-0.4002
7782	0.08706
7783	0.2347
7784	-0.3509
7785	-0.3676
7786	-0.2323
7787	-0.1099
7788	-0.2252
7789	-1.097
7790	-0.5914
7791	-0.04226
7792	0.1727
7793	0.4318
7794	-0.1919
7795	0.0283
7796	1.339
7797	-0.5907
7798	-0.1968
7799	-0.4888
7800	0.5528
7801	0.1711
7802	0.1403
7803	0.7137
7804	0.05609
7805	-0.03581
7806	-1.393
7807	0.3537
7808	-0.4693
7809	1.315
7810	-0.8511
7811	-0.457
7812	-0.4017
7813	1.05
7814	0.5747
7815	-0.8419
7816	1.033
7817	-0.5146
7818	-1.65
7819	0.1273
7820	2.426
7821	1.611
7822	-0.03397
7823	-0.6064
7824	-0.5507
7825	-0.4968
7826	0.8565
7827	-1.198
7828	0.1251
7829	-0.1984
7830	-0.3574
7831	-0.6553
7832	-1.209
7833	0.292
7834	-0.4651
7835	-2.378
7836	-0.108
7837	1.056
7838	-0.5025
7839	0.2298
7840	0.7641
7841	-0.08568
7842	1.478
7843	-1.193
7844	-0.9135
7845	0.1484
7846	1.258
7847	1.627
7848	2.462
7849	-0.7705
7850	0.1263
7851	-0.1967
7852	0.3946
7853	-0.2601
7854	-0.07275
7855	0.5105
7856	-0.0783
7857	0.1683
7858	1.191
7859	0.4025
7860	-0.665
7861	0.9936
7862	0.1296
7863	-0.02488
7864	0.4943
7865	-0.9253
7866	-0.1484
7867	-0.037
7868	-0.2108
7869	0.846
7870	0.4815
7871	-0.133
7872	-0.3552
7873	0.01491
7874	0.1574
7875	-0.8033
7876	-2.109
7877	1.738
7878	1.718
7879	-0.3458
7880	-2.033
7881	0.5959
7882	0.9322
7883	0.2711
7884	-0.04433
7885	-0.3543
7886	0.02842
7887	-0.06585
7888	-0.833
7889	0.2443
7890	0.574
7891	-0.5276
7892	-0.8898
7893	-1.786
7894	0.3084
7895	0.4765
7896	-0.6632
7897	-0.4094
7898	-0.2562
7899	-1.669
7900	-0.5084
7901	0.3272
7902	-0.5573
7903	0.08681
7904	-1.318
7905	0.08398
7906	-0.9566
7907	0.5876
7908	-0.8874
7909	1.983
7910	0.1406
7911	0.5312
7912	0.7936
7913	-0.8438
7914	0.6379
7915	-0.3501
7916	1.001
7917	1.77
7918	-0.5241
7919	-0.7692
7920	-0.8004
7921	-0.2855
7922	1.452
7923	-0.1873
7924	0.05759
7925	0.7407
7926	-1.211
7927	0.4769
7928	-0.9917
7929	0.7943
7930	-0.1002
7931	0.2408
7932	-0.1143
7933	-0.4546
7934	-0.3591
7935	-0.7683
7936	1.353
7937	-0.00519
7938	1.75
7939	-1.369
7940	0.2939
7941	0.1861
7942	-0.3519
7943	1.523
7944	-0.2565
7945	1.933
7946	-0.3531
7947	0.5492
7948	0.9163
7949	1.039
7950	0.02963
7951	0.3701
7952	1.714
7953	0.2065
7954	-0.04175
7955	-0.9512
7956	0.02872
7957	0.4001
7958	-0.7795
7959	-0.1128
7960	0.1803
7961	-0.607
7962	0.01314
7963	-0.3948
7964	-0.5394
7965	0.493
7966	-0.2716
7967	0.4827
7968	-0.4311
7969	0.123
7970	0.1366
7971	-0.8823
7972	0.4322
7973	0.2897
7974	1.036
7975	0.5799
7976	0.4582
7977	-0.4453
7978	1.197
7979	0.9271
7980	0.1107
7981	-1.184
7982	-1.2
7983	-0.04817
7984	-1.665
7985	-1.106
7986	-0.1211
7987	-0.1468
7988	0.01452
7989	-0.2592
7990	0.2424
7991	-0.1572
7992	1.141
7993	-1.104
7994	-0.5302
7995	0.4797
7996	-0.163
7997	-0.407
7998	-0.6393
7999	-0.2874
8000	0.2928
8001	-0.2636
8002	2.094
8003	-0.8558
8004	-1.041
8005	-0.1905
8006	0.3851
8007	-0.4692
8008	0.2435
8009	0.309
8010	-0.9886
8011	2.238
8012	-0.1044
8013	1.082
8014	-0.5495
8015	0.9286
8016	0.7289
8017	0.6248
8018	4.171
8019	1.454
8020	-0.05224
8021	-0.2857
8022	-0.607
8023	0.3315
8024	-1.631
8025	-0.2332
8026	-1.114
8027	0.1732
8028	-0.9916
8029	0.5328
8030	0.2997
8031	-0.5825
8032	-0.3796
8033	-0.1054
8034	-0.1066
8035	0.164
8036	-0.6573
8037	0.1542
8038	0.3675
8039	2.55
8040	1.43
8041	0.03732
8042	-0.7461
8043	0.4039
8044	-0.2854
8045	0.05448
8046	0.7433
8047	0.8212
8048	0.7336
8049	0.469
8050	0.302
8051	-0.8303
8052	-0.2947
8053	-0.9392
8054	0.3469
8055	0.5292
8056	0.2261
8057	0.3506
8058	-0.8253
8059	-0.3809
8060	0.01696
8061	-0.6861
8062	1.508
8063	1.043
8064	-0.184
8065	-1.1
8066	-1.309
8067	0.2772
8068	0.2236
8069	-0.919
8070	0.00542
8071	1.121
8072	0.7194
8073	1.211
8074	-0.7758
8075	-0.4829
8076	0.407
8077	-0.4216
8078	0.8595
8079	-1.736
8080	-0.3533
8081	0.3701
8082	-0.6647
8083	0.4964
8084	-0.1848
8085	0.332
8086	0.4107
8087	0.6308
8088	0.06338
8089	1.088
8090	-0.4699
8091	0.8757
8092	-1.055
8093	0.6225
8094	0.1415
8095	-0.3206
8096	-0.8674
8097	-0.3523
8098	1.508
8099	-0.5567
8100	0.4765
8101	-1.381
8102	-0.4386
8103	-0.258
8104	1.68
8105	-0.348
8106	-0.3851
8107	0.5033
8108	0.2354
8109	-0.005571
8110	1.348
8111	0.2787
8112	-0.7117
8113	-0.4044
8114	0.5246
8115	-0.4175
8116	1.372
8117	0.4292
8118	0.4732
8119	-0.8027
8120	0.5332
8121	-0.6712
8122	-0.2263
8123	0.0162
8124	0.02628
8125	-0.3124
8126	-0.4247
8127	-1.875
8128	-0.3938
8129	0.1499
8130	0.8413
8131	-0.2446
8132	0.2
8133	1.264
8134	-0.4848
8135	-0.5174
8136	-0.1178
8137	0.01963
8138	2.512
8139	-0.4979
8140	-1.298
8141	-0.207
8142	-0.2299
8143	0.3011
8144	-0.2812
8145	-0.2836
8146	-1.436
8147	-0.9233
8148	-0.7325
8149	0.7342
8150	-0.5105
8151	1.533
8152	0.5585
8153	0.6768
8154	0.4861
8155	-1.76
8156	1.048
8157	0.3525
8158	0.8562
8159	1.316
8160	0.3383
8161	0.494
8162	0.379
8163	-1.168
8164	0.05178
8165	0.8903
8166	-1.159
8167	-0.6223
8168	-1.156
8169	-0.1598
8170	0.5564
8171	0.4581
8172	-1.191
8173	0.7477
8174	0.6849
8175	0.5419
8176	-1.575
8177	-0.5999
8178	-0.5198
8179	0.3429
8180	0.06942
8181	2.655
8182	-0.4629
8183	-0.7677
8184	-0.576
8185	0.3413
8186	-0.3053
8187	-0.5672
8188	0.1785
8189	-0.7969
8190	0.3158
8191	0.7768
8192	-0.9339
8193	-0.7412
8194	0.4836
8195	0.4117
8196	-0.2048
8197	-1.004
8198	-0.3199
8199	0.4515
8200	-0.497
8201	-0.8798
8202	0.7142
8203	-1.911
8204	0.04073
8205	-0.8467
8206	0.2615
8207	0.3616
8208	1.168
8209	-0.3738
8210	-0.3052
8211	-1.394
8212	0.6039
8213	-0.1528
8214	0.04654
8215	0.5951
8216	-0.5409
8217	1.123
8218	-0.1488
8219	0.184
8220	1.184
8221	0.9141
8222	-0.3891
8223	-2.639
8224	1.585
8225	0.1325
8226	0.009986
8227	-2.031
8228	-0.04756
8229	0.3648
8230	-0.7131
8231	-1.367
8232	1.571
8233	-0.2306
8234	1.242
8235	0.2238
8236	-0.187
8237	-0.09145
8238	0.8853
8239	0.04293
8240	0.002356
8241	0.565
8242	-0.2785
8243	-0.2582
8244	-0.3514
8245	-0.6773
8246	0.02709
8247	-0.3903
8248	0.05798
8249	-0.1433
8250	-0.1719
8251	-0.2462
8252	0.4173
8253	0.6471
8254	-1.478
8255	-1.936
8256	0.5473
8257	-0.4814
8258	-0.2684
8259	-0.3174
8260	-0.4945
8261	0.2156
8262	-0.2366
8263	0.3787
8264	-1.309
8265	-0.383
8266	0.7872
8267	-1.193
8268	-0.6507
8269	-1.447
8270	-0.7423
8271	1.068
8272	-1.14
8273	-0.3836
8274	-0.8423
8275	-0.1995
8276	-0.4054
8277	-1.046
8278	0.3157
8279	0.7854
8280	-0.3224
8281	-1.138
8282	-0.04244
8283	0.5952
8284	-1.339
8285	-1.179
8286	-0.3965
8287	-0.7887
8288	-0.3001
8289	0.124
8290	0.9245
8291	0.172
8292	0.6991
8293	0.1394
8294	-2.055
8295	0.2881
8296	-0.4846
8297	-0.5647
8298	0.4715
8299	0.1859
8300	-1.486
8301	0.02148
8302	-1.043
8303	0.00402
8304	-0.02281
8305	0.2523
8306	0.1501
8307	-0.3496
8308	-0.2426
8309	1.083
8310	0.7176
8311	-0.8653
8312	-0.08347
8313	-0.3748
8314	-1.33
8315	1.118
8316	-0.1697
8317	0.8447
8318	-0.4595
8319	-0.3455
8320	0.4031
8321	-0.6793
8322	-1.064
8323	-1.127
8324	-0.08226
8325	-0.6931
8326	-0.4125
8327	1.181
8328	0.6485
8329	0.4252
8330	1.256
8331	0.8229
8332	1.221
8333	2.201
8334	0.03926
8335	0.1468
8336	0.1251
8337	-0.3087
8338	0.2575
8339	-0.3082
8340	0.9305
8341	0.08268
8342	0.00754
8343	0.05033
8344	1.695
8345	0.268
8346	1.548
8347	-0.1187
8348	-1.187
8349	-0.6588
8350	0.04248
8351	-0.8254
8352	0.3126
8353	-1.548
8354	-0.3755
8355	-0.3486
8356	0.02826
8357	-0.8441
8358	-0.6574
8359	0.1955
8360	-0.6975
8361	0.01363
8362	-0.2764
8363	-0.3012
8364	-1.503
8365	0.5389
8366	0.4056
8367	-0.08842
8368	-2.024
8369	0.9661
8370	-0.7091
8371	0.7558
8372	-0.7033
8373	0.3955
8374	0.9952
8375	-0.5119
8376	1.558
8377	-0.4512
8378	-0.2513
8379	-0.5934
8380	0.09043
8381	0.07166
8382	0.4821
8383	1.651
8384	-1.196
8385	1.566
8386	1.105
8387	0.2728
8388	-0.6057
8389	1.472
8390	0.55
8391	-0.2295
8392	-1.441
8393	0.4998
8394	-0.9137
8395	-0.01816
8396	0.5681
8397	0.9797
8398	-0.9649
8399	-0.3423
8400	0.1723
8401	-0.3333
8402	0.4576
8403	0.2536
8404	-0.4897
8405	-0.4271
8406	0.02043
8407	1.322
8408	-0.8022
8409	0.8295
8410	1.361
8411	-0.1275
8412	-0.1527
8413	-0.09723
8414	0.7448
8415	0.2629
8416	0.8418
8417	0.3219
8418	0.1837
8419	-0.3598
8420	-0.1057
8421	0.9712
8422	0.5665
8423	-1.699
8424	0.7694
8425	0.2239
8426	-1.529
8427	-0.151
8428	0.6693
8429	-1.075
8430	1.764
8431	0.0644
8432	-1.011
8433	-0.2222
8434	2.424
8435	0.04063
8436	0.1506
8437	-0.7854
8438	-0.1582
8439	0.2116
8440	0.2083
8441	1.565
8442	1.08
8443	0.02998
8444	0.7978
8445	-0.811
8446	0.7922
8447	-2.056
8448	0.6854
8449	-1.302
8450	0.9679
8451	-0.2123
8452	-0.9969
8453	0.4956
8454	-0.686
8455	0.6291
8456	0.3941
8457	0.7664
8458	0.7021
8459	0.2772
8460	-0.112
8461	0.02328
8462	-1.054
8463	-1.511
8464	-0.07359
8465	-0.1548
8466	0.7601
8467	-0.05675
8468	-0.9535
8469	-0.4668
8470	-1.12
8471	-0.3837
8472	0.6467
8473	0.4255
8474	-0.176
8475	-0.8542
8476	-1.052
8477	0.3663
8478	0.9849
8479	-0.8381
8480	-0.321
8481	-1.188
8482	0.1753
8483	-0.04428
8484	0.05606
8485	-0.7338
8486	1.124
8487	-0.6221
8488	0.1034
8489	-0.2347
8490	0.381
8491	0.7869
8492	0.6212
8493	-0.1195
8494	-0.02276
8495	-0.7529
8496	0.09412
8497	-0.2232
8498	-2.125
8499	-0.5354
8500	0.9314
8501	-0.1657
8502	-0.08423
8503	0.2854
8504	-0.9183
8505	-0.6861
8506	-0.584
8507	0.4695
8508	-1.271
8509	-0.1836
8510	-1.021
8511	-0.335
8512	0.1128
8513	0.3061
8514	1.513
8515	-0.7418
8516	2.998
8517	0.1648
8518	0.4646
8519	-0.1282
8520	0.01769
8521	-1.23
8522	1.358
8523	-0.05864
8524	-0.1754
8525	-0.3296
8526	0.1139
8527	-0.1973
8528	-0.1647
8529	0.7539
8530	-1.095
8531	-0.4406
8532	0.1095
8533	-1.148
8534	-0.8459
8535	-1.269
8536	-0.7155
8537	1.482
8538	0.6861
8539	-0.08012
8540	0.3707
8541	0.3636
8542	2.849
8543	0.001152
8544	0.7074
8545	0.03966
8546	0.8692
8547	1.159
8548	0.3312
8549	0.002986
8550	0.2322
8551	0.3065
8552	-0.3384
8553	-0.8673
8554	-0.6102
8555	-2.595
8556	-1.98
8557	-1.125
8558	0.1004
8559	-0.2834
8560	-0.5239
8561	0.8234
8562	0.05748
8563	1.986
8564	-1.227
8565	-2.015
8566	-0.004062
8567	-0.6717
8568	-1.984
8569	-0.3631
8570	-1.263
8571	1.96
8572	0.7932
8573	0.4599
8574	0.0625
8575	-0.8865
8576	-0.005387
8577	-0.4945
8578	0.7985
8579	0.6536
8580	-0.9865
8581	1.01
8582	-0.1086
8583	-0.3181
8584	0.5043
8585	0.8063
8586	-0.9069
8587	1.115
8588	-1.343
8589	-0.5838
8590	-0.9336
8591	-0.7689
8592	1.742
8593	0.4679
8594	1.165
8595	0.585
8596	0.2416
8597	0.5761
8598	-1.846
8599	-0.8575
8600	-1.419
8601	0.9277
8602	-0.5567
8603	-1.091
8604	1.112
8605	0.9982
8606	0.5312
8607	1.156
8608	0.4502
8609	0.3219
8610	1.464
8611	-0.5705
8612	0.859
8613	-1.164
8614	-2.615
8615	-2.507
8616	0.3459
8617	1.707
8618	0.8717
8619	1.511
8620	0.5132
8621	-0.09223
8622	-0.03957
8623	0.2771
8624	-0.0264
8625	-0.4427
8626	-0.4327
8627	-0.5578
8628	0.03308
8629	-0.007949
8630	0.7445
8631	-1.321
8632	-0.6488
8633	-0.1761
8634	1.423
8635	-0.1529
8636	-0.7414
8637	0.3321
8638	0.2035
8639	-0.8521
8640	0.05024
8641	-0.3797
8642	-0.711
8643	-0.2549
8644	-0.981
8645	-1.101
8646	0.2472
8647	0.6162
8648	-0.4006
8649	-0.517
8650	-0.05278
8651	-0.1233
8652	-0.5172
8653	-3.889E-4
8654	1.171
8655	-1.109
8656	-0.5321
8657	-0.3099
8658	-0.4173
8659	-0.8105
8660	0.0188
8661	-0.9165
8662	-0.6717
8663	1.656
8664	-0.5487
8665	-0.6809
8666	1.765
8667	-0.7791
8668	1.849
8669	-0.7019
8670	-0.9016
8671	-0.4578
8672	0.2256
8673	0.5999
8674	1.312
8675	0.5443
8676	0.4277
8677	0.5336
8678	-0.2051
8679	0.3965
8680	1.563
8681	-0.9236
8682	0.9641
8683	0.05666
8684	1.104
8685	0.3489
8686	-0.385
8687	0.8678
8688	-1.276
8689	-1.516
8690	0.9531
8691	0.8555
8692	-0.5688
8693	-0.3425
8694	-1.196
8695	-0.4312
8696	0.1363
8697	0.3896
8698	0.428
8699	-2.5
8700	0.9801
8701	-1.1
8702	1.18
8703	-0.5653
8704	-0.3178
8705	1.481
8706	0.1436
8707	0.619
8708	-0.761
8709	-1.018
8710	0.1712
8711	-0.7267
8712	0.5012
8713	0.187
8714	0.5576
8715	0.3279
8716	-1.124
8717	-0.6665
8718	-0.2604
8719	-1.256
8720	1.144
8721	0.6272
8722	1.394
8723	0.1978
8724	0.1506
8725	1.017
8726	-1.113
8727	0.5306
8728	-0.2172
8729	-0.205
8730	-0.7622
8731	1.724
8732	0.0854
8733	-1.14
8734	0.6328
8735	-0.4092
8736	-0.133
8737	-0.7826
8738	1.249
8739	-0.008298
8740	-1.55
8741	-0.9763
8742	0.2576
8743	0.7906
8744	0.4099
8745	1.205
8746	0.8961
8747	0.6023
8748	0.5088
8749	-0.6285
8750	2.212
8751	-0.2376
8752	1.226
8753	0.6028
8754	-0.9029
8755	-0.2519
8756	0.9052
8757	-0.1535
8758	1.534
8759	0.04703
8760	0.0292
8761	0.6625
8762	-0.2595
8763	0.939
8764	-0.9536
8765	1.901
8766	0.3766
8767	-0.8725
8768	-1.465
8769	1.008
8770	0.09186
8771	-0.07665
8772	-0.5298
8773	-0.3915
8774	-0.8484
8775	0.9094
8776	-1.054
8777	0.09885
8778	0.6208
8779	1.383
8780	-0.7862
8781	-0.2602
8782	0.7162
8783	-0.3661
8784	-0.7491
8785	-0.9936
8786	-0.3692
8787	0.5789
8788	0.1342
8789	-1.938
8790	0.4022
8791	0.8674
8792	-0.6561
8793	-0.1345
8794	0.6825
8795	-0.333
8796	-0.1358
8797	-0.0726
8798	0.1047
8799	-0.4467
8800	1.607
8801	0.4961
8802	-0.5316
8803	1.594
8804	-0.9262
8805	1.054
8806	0.05185
8807	0.3533
8808	0.2808
8809	-0.2758
8810	1.192
8811	-1.839
8812	0.1815
8813	-1.349
8814	0.1643
8815	-0.4861
8816	0.6452
8817	-0.005968
8818	-0.451
8819	-1.204
8820	-0.586
8821	-0.2045
8822	-0.392
8823	0.6747
8824	0.02636
8825	0.01743
8826	-1.881
8827	0.315
8828	1.572
8829	-0.514
8830	-0.9996
8831	0.5953
8832	-1.676
8833	-0.5786
8834	-0.3631
8835	0.506
8836	-0.0873
8837	-0.8698
8838	-0.3137
8839	0.02696
8840	-0.09343
8841	-0.4495
8842	0.1268
8843	-0.3531
8844	-0.176
8845	0.9448
8846	-0.4105
8847	0.07128
8848	0.03151
8849	-0.6162
8850	-1.664
8851	-1.783
8852	0.8021
8853	0.1242
8854	-0.3085
8855	0.4456
8856	-0.8842
8857	1.038
8858	-0.7608
8859	0.02197
8860	0.5687
8861	0.1628
8862	-0.2426
8863	0.01888
8864	1.897
8865	-1.569
8866	0.5167
8867	-0.2281
8868	0.04212
8869	0.6381
8870	-0.3725
8871	0.8703
8872	-0.6091
8873	-0.3623
8874	2.606
8875	1.112
8876	0.5499
8877	0.5778
8878	-0.6641
8879	0.5852
8880	-0.1433
8881	-0.5816
8882	-0.4885
8883	-0.1542
8884	1.047
8885	0.6775
8886	0.3776
8887	-0.01677
8888	0.2572
8889	0.3697
8890	-0.02994
8891	0.2633
8892	-0.08957
8893	0.973
8894	0.2506
8895	-1.015
8896	1.356
8897	-1.117
8898	-0.5243
8899	0.6226
8900	0.6573
8901	-0.6104
8902	0.4201
8903	0.2474
8904	-0.05697
8905	-0.7415
8906	0.6732
8907	-0.7707
8908	-0.393
8909	0.4545
8910	-0.1566
8911	0.521
8912	0.5279
8913	0.5474
8914	-0.6048
8915	-1.875
8916	-0.07311
8917	0.06224
8918	-0.1844
8919	2.286
8920	-1.141
8921	1.22
8922	-1.187
8923	0.1323
8924	-0.05267
8925	-0.9257
8926	0.09751
8927	0.8549
8928	0.115
8929	1.17
8930	-0.4355
8931	-1.043
8932	0.1658
8933	-1.254
8934	0.4675
8935	-0.1898
8936	-0.5276
8937	0.1572
8938	-0.6477
8939	0.1122
8940	0.1185
8941	-0.2867
8942	0.5212
8943	0.3343
8944	0.963
8945	-0.1532
8946	0.676
8947	0.4894
8948	-0.8977
8949	1.152
8950	0.4265
8951	1.157
8952	-0.2186
8953	-0.3048
8954	0.2494
8955	-0.2835
8956	0.2539
8957	-0.1153
8958	0.1825
8959	0.2616
8960	-0.7326
8961	0.3748
8962	-0.2733
8963	-0.5425
8964	0.8776
8965	1.156
8966	-1.134
8967	0.9295
8968	-1.436
8969	-0.2137
8970	-0.7818
8971	0.431
8972	0.08912
8973	0.9053
8974	0.2276
8975	0.2099
8976	-0.1093
8977	0.4303
8978	-0.05665
8979	-0.3344
8980	0.2363
8981	1.632
8982	-0.4735
8983	0.3725
8984	-0.5893
8985	-0.9108
8986	-0.6728
8987	0.002305
8988	-0.2053
8989	-0.8934
8990	0.1538
8991	1.915
8992	0.3935
8993	0.8481
8994	-0.7074
8995	-1.35
8996	0.1153
8997	0.6358
8998	-0.1015
8999	-1.695
9000	1.909
9001	0.1822
9002	-0.18
9003	0.2702
9004	-1.022
9005	0.3081
9006	-0.4987
9007	0.664
9008	1.309
9009	-0.7902
9010	0.1894
9011	-0.6996
9012	-0.4695
9013	0.1255
9014	-0.8872
9015	-0.4166
9016	-0.4675
9017	-0.01034
9018	-0.7065
9019	0.9407
9020	0.9139
9021	1.036
9022	-1.268
9023	-0.5299
9024	1.139
9025	-1.063
9026	0.4034
9027	-1.303
9028	-0.8757
9029	1.124
9030	1.044
9031	-0.751
9032	0.04949
9033	-0.949
9034	-1.486
9035	-0.6775
9036	-1.146
9037	-0.3182
9038	0.4244
9039	0.5107
9040	-0.9941
9041	-0.7753
9042	0.489
9043	1.321
9044	-1.516
9045	-0.549
9046	-1.025
9047	0.1666
9048	-0.04127
9049	0.3634
9050	0.2811
9051	0.9103
9052	0.9956
9053	0.4435
9054	-0.003653
9055	0.02003
9056	-0.6718
9057	-0.6407
9058	1.099
9059	1.503
9060	0.7827
9061	-0.2945
9062	1.401
9063	-1.576
9064	-2.124
9065	-0.8574
9066	-0.5311
9067	1.091
9068	-1.292
9069	0.4394
9070	1.939
9071	-1.336
9072	-0.1938
9073	-0.3014
9074	-0.4647
9075	0.228
9076	-0.8993
9077	-0.4158
9078	-1.036
9079	0.1353
9080	1.314
9081	0.6704
9082	-1.928
9083	-1.217
9084	-0.4079
9085	0.5583
9086	0.7804
9087	-0.5402
9088	-0.137
9089	1.146
9090	-1.167
9091	1.376
9092	-1.226
9093	-0.06684
9094	0.6583
9095	-0.6218
9096	-0.4958
9097	-0.1091
9098	0.267
9099	-0.5162
9100	-0.01863
9101	1.327
9102	-0.1867
9103	-1.346
9104	0.1065
9105	-0.6849
9106	-1.461
9107	0.036
9108	0.5617
9109	0.6853
9110	-0.883
9111	-0.636
9112	-1.751
9113	-0.1201
9114	-0.3272
9115	0.2274
9116	-0.4396
9117	0.3417
9118	-1.455
9119	1.224
9120	0.4062
9121	0.1035
9122	2.072
9123	0.1976
9124	1.329
9125	-0.1506
9126	-1.402
9127	-0.8973
9128	0.8526
9129	-3.644
9130	-0.3514
9131	-0.5498
9132	-1.698
9133	-0.1016
9134	-1.063
9135	-0.9729
9136	0.8549
9137	0.3434
9138	-1.088
9139	2.548
9140	0.143
9141	-0.01592
9142	0.3187
9143	0.6769
9144	3.001
9145	-0.1025
9146	0.1379
9147	0.7164
9148	0.8158
9149	0.8356
9150	-0.8993
9151	0.2476
9152	-0.001353
9153	0.4051
9154	-0.3581
9155	-1.363
9156	1.596
9157	1.579
9158	0.05167
9159	-0.004623
9160	-0.4045
9161	-0.261
9162	0.2703
9163	0.5451
9164	-1.153
9165	-0.6797
9166	1.595
9167	-0.5875
9168	-1.494
9169	1.126
9170	-0.7499
9171	0.9285
9172	0.04716
9173	-1.085
9174	-0.7334
9175	0.4009
9176	-0.07515
9177	-0.3058
9178	0.03734
9179	0.9141
9180	-0.6304
9181	0.007848
9182	-0.3862
9183	-0.5561
9184	-1.464
9185	0.7245
9186	-0.3139
9187	0.6028
9188	-0.2553
9189	0.9753
9190	-0.6188
9191	1.286
9192	1.29
9193	1.574
9194	0.4443
9195	0.3118
9196	-0.4305
9197	-0.6963
9198	-0.4265
9199	-0.556
9200	0.3677
9201	0.3665
9202	0.006643
9203	0.533
9204	-0.4989
9205	0.6851
9206	-0.9961
9207	0.2093
9208	0.07605
9209	-0.3985
9210	0.6387
9211	-0.09476
9212	1.313
9213	-2.155
9214	0.05205
9215	0.4824
9216	-0.7063
9217	-0.9279
9218	0.2948
9219	0.1183
9220	0.07655
9221	0.2967
9222	0.8598
9223	-1.769
9224	-0.6042
9225	-0.2755
9226	1.267
9227	-1.013
9228	-0.5827
9229	-0.9991
9230	0.3699
9231	0.5537
9232	1.61
9233	-0.5368
9234	2.726
9235	-0.1296
9236	-1.777
9237	-0.4232
9238	-2.311
9239	0.8671
9240	1.062
9241	-0.01147
9242	0.5238
9243	-1.524
9244	1.405
9245	-0.566
9246	1.104
9247	0.1199
9248	-0.5535
9249	0.4411
9250	-0.4578
9251	1.004
9252	1.966
9253	0.9248
9254	0.5575
9255	1.139
9256	0.5625
9257	-1.46
9258	0.6167
9259	-0.4439
9260	-0.3079
9261	0.9508
9262	-1.538
9263	-0.4292
9264	-1.077
9265	-0.03064
9266	-0.7084
9267	1.356
9268	-0.02496
9269	0.217
9270	0.3075
9271	-1.58
9272	0.4874
9273	2.575
9274	0.1797
9275	0.5819
9276	1.89
9277	-0.1646
9278	-0.2031
9279	0.294
9280	-3.316
9281	-1.655
9282	0.7359
9283	-1.266
9284	-1.238
9285	-1.482
9286	-1.967
9287	0.744
9288	0.4933
9289	1.38
9290	1.31
9291	0.124
9292	-0.6752
9293	0.3479
9294	0.03529
9295	0.05784
9296	0.3002
9297	0.04289
9298	-0.7305
9299	0.3116
9300	0.4878
9301	0.1103
9302	0.1497
9303	0.5174
9304	0.3482
9305	-0.7733
9306	-0.2955
9307	-0.2716
9308	-0.657
9309	0.08619
9310	-0.4837
9311	0.4272
9312	-0.08478
9313	-0.558
9314	1.002
9315	-0.4493
9316	1.082
9317	0.06049
9318	0.0699
9319	-0.1251
9320	0.06877
9321	1.838
9322	-0.2247
9323	1.796
9324	0.2411
9325	0.09489
9326	-0.07786
9327	-0.5452
9328	0.09174
9329	-0.4081
9330	-0.3126
9331	1.241
9332	2.216
9333	-0.09652
9334	-1.391
9335	-1.218
9336	0.4406
9337	-0.5223
9338	-0.3898
9339	-1.052
9340	-0.6528
9341	1.7
9342	0.6667
9343	-0.3585
9344	1.181
9345	-0.2317
9346	0.7182
9347	-0.4335
9348	-1.708
9349	0.04018
9350	0.0917
9351	-0.2224
9352	-0.8079
9353	0.795
9354	0.05057
9355	-0.6487
9356	-0.4027
9357	-1.354
9358	0.1273
9359	1.378
9360	-0.626
9361	0.6995
9362	-0.8466
9363	0.2668
9364	0.9409
9365	0.3753
9366	1.618
9367	-0.5907
9368	0.1526
9369	-0.7545
9370	-0.6399
9371	-0.3781
9372	-0.7365
9373	0.4065
9374	0.1511
9375	-0.89
9376	1.005
9377	-0.8413
9378	-0.08817
9379	0.02358
9380	0.09192
9381	-0.6152
9382	0.14
9383	-0.1163
9384	1.643
9385	-0.8559
9386	-0.145
9387	-0.3245
9388	-1.522
9389	0.09921
9390	-0.1469
9391	1.787
9392	-0.9551
9393	-0.3208
9394	-0.5301
9395	-0.3489
9396	-2.005
9397	-2.02
9398	0.7307
9399	-0.1132
9400	-0.02592
9401	-2.786
9402	0.1773
9403	0.4637
9404	-0.0746
9405	0.3445
9406	-1.344
9407	-0.1738
9408	1.043
9409	0.9694
9410	1.187
9411	-0.8658
9412	0.5911
9413	-0.07004
9414	-0.9149
9415	2.861
9416	-0.2498
9417	0.3761
9418	-0.5934
9419	-0.00185
9420	1.108
9421	0.3214
9422	-0.6288
9423	-0.7494
9424	-2.17
9425	0.7671
9426	1.559
9427	0.3481
9428	-0.9112
9429	1.054
9430	-1.91
9431	-0.3677
9432	0.5385
9433	1.09
9434	0.01065
9435	0.41
9436	1.229
9437	0.225
9438	0.7636
9439	-3.187
9440	-0.3998
9441	-0.3803
9442	0.3041
9443	0.6004
9444	0.8575
9445	0.06344
9446	0.6421
9447	-0.2953
9448	-0.5045
9449	-0.1375
9450	-0.07191
9451	0.853
9452	-0.729
9453	0.1818
9454	-1.161
9455	-0.3247
9456	0.1449
9457	0.7938
9458	0.1838
9459	-0.2484
9460	0.8165
9461	0.4369
9462	-0.6268
9463	-0.02343
9464	-0.7968
9465	-1.598
9466	0.8803
9467	0.5389
9468	-0.1477
9469	1.016
9470	-0.4803
9471	-0.7858
9472	-0.4807
9473	-0.2405
9474	0.9705
9475	-0.6855
9476	0.6361
9477	-0.6853
9478	-0.4662
9479	0.1284
9480	-0.08699
9481	-0.471
9482	0.2485
9483	-0.09757
9484	1.134
9485	-0.1698
9486	-0.01062
9487	-1.266
9488	0.9134
9489	-0.7675
9490	0.2042
9491	0.04928
9492	-0.5155
9493	0.02416
9494	-0.4854
9495	1.349
9496	-0.4443
9497	-0.3412
9498	0.08873
9499	0.2789
9500	0.1514
9501	0.4376
9502	0.3893
9503	0.4916
9504	1.373
9505	-0.03204
9506	-0.384
9507	0.9385
9508	0.8144
9509	-0.9225
9510	1.809
9511	1.648
9512	0.01299
9513	-0.8047
9514	2.669
9515	0.05423
9516	-1.601
9517	0.413
9518	-0.3962
9519	-0.6057
9520	-1.122
9521	-0.2734
9522	0.5579
9523	-0.8579
9524	0.1399
9525	0.03709
9526	0.6909
9527	0.5628
9528	0.1597
9529	0.06213
9530	-0.6851
9531	0.07286
9532	-1.028
9533	-0.07041
9534	0.8858
9535	-1.0
9536	-0.4068
9537	-0.7179
9538	0.5089
9539	-1.319
9540	0.7044
9541	-0.6785
9542	-0.4642
9543	-0.1753
9544	0.8524
9545	0.7048
9546	0.3812
9547	-0.2968
9548	-0.2043
9549	-1.035
9550	0.1384
9551	-0.4552
9552	0.5446
9553	0.5439
9554	1.051
9555	-0.2582
9556	1.537
9557	0.8332
9558	-0.6143
9559	1.041
9560	-0.2426
9561	0.6795
9562	0.3751
9563	-0.3382
9564	0.1897
9565	-0.1558
9566	0.3953
9567	-0.1576
9568	0.06246
9569	-0.9291
9570	0.2455
9571	1.277
9572	-0.3327
9573	-0.4052
9574	-1.138
9575	0.4231
9576	-0.09574
9577	0.01393
9578	-0.2303
9579	-0.03185
9580	-0.5035
9581	0.2219
9582	0.8639
9583	0.8306
9584	0.4435
9585	-0.1998
9586	0.8975
9587	-0.4273
9588	1.259
9589	-0.1922
9590	-1.202
9591	1.385
9592	0.15
9593	-0.04041
9594	-0.2179
9595	-0.5872
9596	0.3116
9597	0.6766
9598	0.7777
9599	-0.1738
9600	0.5805
9601	1.934
9602	2.356
9603	0.5163
9604	0.338
9605	-0.4079
9606	-1.093
9607	-2.457
9608	-0.405
9609	-1.973
9610	-0.1863
9611	0.8366
9612	2.001
9613	-0.4049
9614	1.19
9615	-0.005033
9616	-0.1987
9617	1.525
9618	-1.125
9619	0.1254
9620	-0.03953
9621	-0.3597
9622	-1.204
9623	-0.368
9624	0.4672
9625	0.4536
9626	-1.415
9627	-0.8361
9628	-0.4322
9629	2.41
9630	1.219
9631	0.7967
9632	0.8704
9633	-0.2866
9634	-0.563
9635	0.5523
9636	-0.4927
9637	-0.5397
9638	0.3887
9639	-0.2792
9640	-0.05115
9641	-0.8751
9642	0.6761
9643	-0.4181
9644	1.276
9645	0.03636
9646	0.2096
9647	0.7764
9648	-1.072
9649	-0.3722
9650	0.3214
9651	-0.7521
9652	-0.2174
9653	0.02274
9654	0.2844
9655	1.33
9656	0.364
9657	0.4746
9658	0.41
9659	0.09684
9660	-0.3483
9661	0.07706
9662	0.4532
9663	-0.3928
9664	-0.7559
9665	-0.5435
9666	0.04995
9667	0.5379
9668	0.02
9669	0.2596
9670	0.08196
9671	1.88
9672	-0.1482
9673	0.5505
9674	0.5567
9675	-1.299
9676	0.3541
9677	0.3885
9678	-0.03463
9679	-0.1933
9680	-1.208
9681	0.5443
9682	0.2328
9683	0.9812
9684	-1.259
9685	1.269
9686	-0.04376
9687	-0.3975
9688	-0.2002
9689	-0.3908
9690	0.1683
9691	0.1333
9692	1.698
9693	0.8758
9694	0.3544
9695	-0.5147
9696	-0.4742
9697	0.3134
9698	0.9985
9699	1.21
9700	-0.3422
9701	-0.02008
9702	0.6958
9703	0.1442
9704	-1.374
9705	1.396
9706	-0.3356
9707	-0.7734
9708	-1.383
9709	-0.3784
9710	0.7686
9711	2.218
9712	0.7064
9713	-1.02
9714	-0.5888
9715	-1.147
9716	-0.7513
9717	0.07977
9718	0.1468
9719	-1.628
9720	-0.9938
9721	1.778
9722	0.06033
9723	-0.003288
9724	1.22
9725	-0.6112
9726	-0.5713
9727	0.883
9728	-0.425
9729	0.5224
9730	-0.9489
9731	-0.981
9732	0.5082
9733	1.025
9734	-0.7121
9735	0.2807
9736	-0.4977
9737	1.476
9738	2.727
9739	1.36
9740	1.193
9741	-1.164
9742	-0.1363
9743	-0.2352
9744	-0.283
9745	-0.3598
9746	2.193
9747	0.34
9748	0.4296
9749	0.2677
9750	-0.2939
9751	0.01603
9752	0.1419
9753	0.2586
9754	0.3183
9755	0.07296
9756	-0.6124
9757	0.5843
9758	1.751
9759	1.631
9760	-1.171
9761	-0.01728
9762	0.7607
9763	0.06724
9764	-0.3267
9765	-0.6325
9766	0.0133
9767	-0.4907
9768	0.2479
9769	0.1937
9770	-0.3897
9771	-0.0255
9772	0.5099
9773	-1.516
9774	-0.96
9775	-0.3559
9776	-0.3515
9777	0.1733
9778	0.2038
9779	0.1934
9780	-0.6395
9781	-0.1933
9782	-0.6038
9783	-0.3138
9784	-1.214
9785	-0.7992
9786	0.07952
9787	-1.641
9788	-0.7478
9789	0.6306
9790	-0.1966
9791	1.927
9792	-1.02
9793	1.351
9794	-0.6209
9795	0.8331
9796	-1.022
9797	0.6156
9798	-2.122
9799	-0.2328
9800	0.6801
9801	0.9303
9802	0.06547
9803	0.6611
9804	-0.7271
9805	-0.651
9806	-0.7319
9807	0.5934
9808	0.7393
9809	0.2394
9810	-1.995
9811	0.8545
9812	0.9561
9813	0.5374
9814	-0.7109
9815	-1.173
9816	0.272
9817	-0.7611
9818	0.4726
9819	0.9177
9820	0.6044
9821	-0.7655
9822	-0.8872
9823	-0.437
9824	-0.1675
9825	0.4141
9826	0.7811
9827	0.4788
9828	0.1364
9829	-0.1484
9830	-0.8171
9831	-0.7848
9832	-1.028
9833	-1.041
9834	-0.864
9835	-0.897
9836	0.3141
9837	0.7183
9838	0.178
9839	-0.5123
9840	0.8287
9841	-1.319
9842	0.7604
9843	0.2414
9844	-1.583
9845	0.3875
9846	1.644
9847	0.7933
9848	-0.8776
9849	0.6286
9850	-0.6018
9851	0.1177
9852	-0.6328
9853	0.0542
9854	1.293
9855	0.2112
9856	-0.7026
9857	2.058
9858	1.104
9859	0.8735
9860	-0.3518
9861	1.465
9862	0.6264
9863	-0.9035
9864	4.971E-4
9865	-0.05371
9866	-0.5425
9867	0.01804
9868	0.9102
9869	0.8282
9870	-0.2014
9871	-0.4118
9872	-0.2608
9873	0.7601
9874	0.2335
9875	-0.1463
9876	0.01435
9877	0.834
9878	2.608
9879	0.4472
9880	0.7631
9881	0.4341
9882	1.127
9883	0.7156
9884	-0.2816
9885	-0.2708
9886	0.7448
9887	0.235
9888	0.1608
9889	-0.2034
9890	0.2452
9891	-0.4569
9892	2.049
9893	-0.4588
9894	-0.1151
9895	0.2081
9896	-1.028
9897	-0.3893
9898	1.657
9899	-0.4698
9900	-0.08987
9901	0.3323
9902	0.05326
9903	0.7197
9904	-1.063
9905	-0.4838
9906	-0.7589
9907	0.52
9908	-1.603
9909	0.6102
9910	-0.04562
9911	-0.2432
9912	-0.8258
9913	-0.259
9914	-0.8027
9915	-0.4425
9916	0.6845
9917	-0.536
9918	-0.8009
9919	1.424
9920	0.2629
9921	-0.1011
9922	0.05042
9923	-0.0973
9924	2.461
9925	-1.722
9926	0.966
9927	-0.764
9928	0.08509
9929	-1.837
9930	1.041
9931	-0.4491
9932	-0.244
9933	-0.8647
9934	-1.361
9935	-0.1941
9936	0.1271
9937	-0.4811
9938	0.2682
9939	0.2882
9940	-0.4845
9941	-0.0753
9942	-0.9571
9943	-0.1885
9944	-0.01787
9945	0.3052
9946	0.9523
9947	-0.5525
9948	-1.085
9949	0.3721
9950	0.7556
9951	0.6128
9952	-2.582
9953	0.06166
9954	-0.9638
9955	-0.3216
9956	0.01066
9957	-0.4596
9958	0.4557
9959	0.9003
9960	0.08361
9961	-0.08276
9962	0.5097
9963	-1.428
9964	0.5062
9965	0.1729
9966	-0.9531
9967	-0.7515
9968	0.2937
9969	-0.0679
9970	0.8817
9971	0.04117
9972	0.2539
9973	1.265
9974	0.1221
9975	-0.6805
9976	1.031
9977	0.1912
9978	-0.07946
9979	0.1133
9980	-0.2873
9981	-0.1388
9982	-0.1618
9983	0.4898
9984	1.054
9985	-0.4785
9986	0.8367
9987	-0.431
9988	-0.5975
9989	-0.1906
9990	-1.831
9991	-0.5966
9992	0.8993
9993	-0.3362
9994	-0.3755
9995	1.721
9996	0.3017
9997	-0.8518
9998	-1.93
9999	-1.307
10000	-0.723
