1	-0.8754
2	-0.8511
3	-0.8684
4	-0.8638
5	-0.864
6	-0.8572
7	-0.8755
8	-0.8812
9	-0.8404
10	-0.8579
11	-0.8367
12	-0.8396
13	-0.8484
14	-0.8729
15	-0.8782
16	-0.8677
17	-0.8455
18	-0.8292
19	-0.8718
20	-0.8074
21	-0.8682
22	-0.8446
23	-0.8564
24	-0.8694
25	-0.8691
26	-0.903
27	-0.8281
28	-0.8698
29	-0.8528
30	-0.8595
31	-0.8403
32	-0.8694
33	-0.8561
34	-0.8208
35	-0.8491
36	-0.8729
37	-0.8505
38	-0.8663
39	-0.8647
40	-0.8763
41	-0.8755
42	-0.8509
43	-0.8368
44	-0.8412
45	-0.8885
46	-0.8659
47	-0.8162
48	-0.8879
49	-0.8297
50	-0.8971
51	-0.8594
52	-0.8526
53	-0.8312
54	-0.8171
55	-0.8625
56	-0.8611
57	-0.8471
58	-0.8874
59	-0.8866
60	-0.8287
61	-0.8806
62	-0.8398
63	-0.8818
64	-0.8556
65	-0.8689
66	-0.86
67	-0.8294
68	-0.8561
69	-0.7999
70	-0.8691
71	-0.8656
72	-0.8703
73	-0.8621
74	-0.8598
75	-0.8738
76	-0.8451
77	-0.8671
78	-0.879
79	-0.8503
80	-0.8622
81	-0.8644
82	-0.8527
83	-0.8397
84	-0.8664
85	-0.8526
86	-0.8627
87	-0.8728
88	-0.8724
89	-0.8615
90	-0.88
91	-0.8938
92	-0.8802
93	-0.8642
94	-0.8747
95	-0.8678
96	-0.8517
97	-0.8641
98	-0.8535
99	-0.8765
100	-0.8638
101	-0.8839
102	-0.8696
103	-0.8219
104	-0.8888
105	-0.8731
106	-0.8743
107	-0.8507
108	-0.8563
109	-0.8643
110	-0.8444
111	-0.8557
112	-0.8602
113	-0.8703
114	-0.8365
115	-0.8406
116	-0.8664
117	-0.8744
118	-0.882
119	-0.8332
120	-0.8281
121	-0.8474
122	-0.8711
123	-0.875
124	-0.8447
125	-0.839
126	-0.8693
127	-0.858
128	-0.8488
129	-0.8588
130	-0.8308
131	-0.875
132	-0.8484
133	-0.8717
134	-0.8723
135	-0.871
136	-0.8846
137	-0.8668
138	-0.8798
139	-0.8493
140	-0.8669
141	-0.8544
142	-0.8536
143	-0.8727
144	-0.8718
145	-0.86
146	-0.8561
147	-0.845
148	-0.849
149	-0.8798
150	-0.868
151	-0.8959
152	-0.8294
153	-0.8806
154	-0.8842
155	-0.8671
156	-0.8836
157	-0.8614
158	-0.8327
159	-0.8595
160	-0.8427
161	-0.8591
162	-0.8679
163	-0.8228
164	-0.8756
165	-0.8764
166	-0.8476
167	-0.8716
168	-0.8515
169	-0.8585
170	-0.8519
171	-0.8581
172	-0.8704
173	-0.8692
174	-0.8254
175	-0.8621
176	-0.8018
177	-0.8882
178	-0.8337
179	-0.8556
180	-0.857
181	-0.8342
182	-0.881
183	-0.8576
184	-0.885
185	-0.8502
186	-0.8786
187	-0.8545
188	-0.864
189	-0.8648
190	-0.8492
191	-0.868
192	-0.8599
193	-0.8623
194	-0.8697
195	-0.8319
196	-0.8661
197	-0.8411
198	-0.8602
199	-0.8842
200	-0.8771
201	-0.8609
202	-0.8592
203	-0.8688
204	-0.8631
205	-0.8742
206	-0.8607
207	-0.8552
208	-0.864
209	-0.882
210	-0.8612
211	-0.8665
212	-0.8554
213	-0.845
214	-0.8782
215	-0.8753
216	-0.887
217	-0.8589
218	-0.7989
219	-0.8942
220	-0.821
221	-0.8752
222	-0.877
223	-0.875
224	-0.8649
225	-0.8877
226	-0.8595
227	-0.8187
228	-0.8625
229	-0.8667
230	-0.8606
231	-0.8182
232	-0.8477
233	-0.8428
234	-0.8533
235	-0.8653
236	-0.8023
237	-0.8542
238	-0.8744
239	-0.8768
240	-0.8855
241	-0.8878
242	-0.8673
243	-0.867
244	-0.8678
245	-0.8683
246	-0.8354
247	-0.8423
248	-0.8629
249	-0.8719
250	-0.8976
251	-0.8679
252	-0.8563
253	-0.8505
254	-0.8361
255	-0.8609
256	-0.8591
257	-0.8862
258	-0.8669
259	-0.8953
260	-0.8988
261	-0.8484
262	-0.8604
263	-0.8719
264	-0.8558
265	-0.8683
266	-0.8647
267	-0.8565
268	-0.8664
269	-0.8753
270	-0.8767
271	-0.8916
272	-0.8636
273	-0.8271
274	-0.8585
275	-0.8568
276	-0.8673
277	-0.8251
278	-0.8151
279	-0.87
280	-0.8574
281	-0.8722
282	-0.8987
283	-0.8313
284	-0.8466
285	-0.8566
286	-0.8633
287	-0.891
288	-0.8793
289	-0.8652
290	-0.8515
291	-0.8517
292	-0.8589
293	-0.8579
294	-0.856
295	-0.8731
296	-0.8533
297	-0.8428
298	-0.8756
299	-0.8683
300	-0.8588
301	-0.8589
302	-0.8732
303	-0.8367
304	-0.8759
305	-0.8602
306	-0.8498
307	-0.8432
308	-0.8513
309	-0.8729
310	-0.8533
311	-0.8791
312	-0.8579
313	-0.8482
314	-0.8635
315	-0.8772
316	-0.8484
317	-0.8575
318	-0.8793
319	-0.859
320	-0.8803
321	-0.8457
322	-0.8823
323	-0.836
324	-0.8804
325	-0.8662
326	-0.8605
327	-0.8634
328	-0.8935
329	-0.883
330	-0.8761
331	-0.8771
332	-0.8454
333	-0.8135
334	-0.848
335	-0.8709
336	-0.8747
337	-0.8447
338	-0.8465
339	-0.8408
340	-0.8831
341	-0.8711
342	-0.8623
343	-0.8393
344	-0.8505
345	-0.8621
346	-0.8626
347	-0.8632
348	-0.8719
349	-0.8719
350	-0.8795
351	-0.8714
352	-0.8674
353	-0.8784
354	-0.8385
355	-0.8548
356	-0.8509
357	-0.8173
358	-0.8689
359	-0.8508
360	-0.8597
361	-0.8701
362	-0.8666
363	-0.8633
364	-0.8603
365	-0.8617
366	-0.8515
367	-0.8662
368	-0.8695
369	-0.8633
370	-0.8652
371	-0.8676
372	-0.8711
373	-0.8632
374	-0.8281
375	-0.8578
376	-0.8575
377	-0.8805
378	-0.8665
379	-0.8611
380	-0.8195
381	-0.8369
382	-0.8497
383	-0.8539
384	-0.8421
385	-0.8732
386	-0.8697
387	-0.8626
388	-0.8696
389	-0.8837
390	-0.889
391	-0.8679
392	-0.8162
393	-0.8396
394	-0.8255
395	-0.861
396	-0.867
397	-0.8429
398	-0.8259
399	-0.8851
400	-0.8551
401	-0.8466
402	-0.8702
403	-0.8396
404	-0.9048
405	-0.8416
406	-0.8728
407	-0.8558
408	-0.8734
409	-0.8863
410	-0.884
411	-0.8821
412	-0.8466
413	-0.8579
414	-0.8702
415	-0.8947
416	-0.8287
417	-0.8677
418	-0.8278
419	-0.8785
420	-0.871
421	-0.8714
422	-0.849
423	-0.8179
424	-0.8553
425	-0.8678
426	-0.8424
427	-0.8698
428	-0.8359
429	-0.8268
430	-0.8855
431	-0.8343
432	-0.882
433	-0.8687
434	-0.8631
435	-0.8584
436	-0.8669
437	-0.8427
438	-0.8735
439	-0.8646
440	-0.8801
441	-0.8871
442	-0.8762
443	-0.8802
444	-0.8625
445	-0.8682
446	-0.8691
447	-0.8784
448	-0.8626
449	-0.8582
450	-0.8752
451	-0.8474
452	-0.8681
453	-0.8731
454	-0.8737
455	-0.8577
456	-0.8718
457	-0.8687
458	-0.866
459	-0.8765
460	-0.8168
461	-0.8593
462	-0.8598
463	-0.8371
464	-0.8588
465	-0.8311
466	-0.8778
467	-0.8382
468	-0.861
469	-0.8756
470	-0.8481
471	-0.8535
472	-0.8512
473	-0.8646
474	-0.8565
475	-0.8915
476	-0.8342
477	-0.8632
478	-0.8715
479	-0.871
480	-0.8771
481	-0.8591
482	-0.8505
483	-0.8965
484	-0.8796
485	-0.8375
486	-0.859
487	-0.8506
488	-0.8616
489	-0.8583
490	-0.808
491	-0.8121
492	-0.8814
493	-0.8876
494	-0.862
495	-0.8402
496	-0.881
497	-0.867
498	-0.8742
499	-0.8628
500	-0.864
501	-0.8676
502	-0.8627
503	-0.8707
504	-0.8661
505	-0.8434
506	-0.8413
507	-0.8838
508	-0.8664
509	-0.8691
510	-0.8611
511	-0.8331
512	-0.8361
513	-0.8889
514	-0.8661
515	-0.8988
516	-0.8321
517	-0.8349
518	-0.8731
519	-0.886
520	-0.8665
521	-0.8293
522	-0.8232
523	-0.8687
524	-0.8628
525	-0.8801
526	-0.8608
527	-0.8872
528	-0.8816
529	-0.8599
530	-0.8523
531	-0.8913
532	-0.8447
533	-0.8536
534	-0.8492
535	-0.8491
536	-0.8509
537	-0.8621
538	-0.8654
539	-0.8675
540	-0.809
541	-0.8707
542	-0.8721
543	-0.8774
544	-0.8679
545	-0.8946
546	-0.8579
547	-0.8582
548	-0.87
549	-0.861
550	-0.8737
551	-0.865
552	-0.8263
553	-0.8909
554	-0.8602
555	-0.8541
556	-0.8588
557	-0.867
558	-0.8414
559	-0.8278
560	-0.874
561	-0.86
562	-0.8435
563	-0.8754
564	-0.8775
565	-0.8919
566	-0.8603
567	-0.8768
568	-0.8284
569	-0.8367
570	-0.8739
571	-0.8801
572	-0.8511
573	-0.8828
574	-0.8744
575	-0.8802
576	-0.8207
577	-0.8775
578	-0.8804
579	-0.882
580	-0.8552
581	-0.8518
582	-0.8856
583	-0.8679
584	-0.8912
585	-0.8769
586	-0.8507
587	-0.8468
588	-0.8652
589	-0.8647
590	-0.871
591	-0.8696
592	-0.8684
593	-0.8399
594	-0.8755
595	-0.8772
596	-0.8788
597	-0.8577
598	-0.8882
599	-0.8553
600	-0.8576
601	-0.8875
602	-0.8546
603	-0.8563
604	-0.8613
605	-0.8764
606	-0.8876
607	-0.8666
608	-0.877
609	-0.8718
610	-0.8739
611	-0.879
612	-0.8489
613	-0.8702
614	-0.8708
615	-0.8575
616	-0.8981
617	-0.8604
618	-0.8425
619	-0.8357
620	-0.8571
621	-0.8563
622	-0.8445
623	-0.8551
624	-0.874
625	-0.8226
626	-0.8505
627	-0.8671
628	-0.8312
629	-0.8876
630	-0.8865
631	-0.8725
632	-0.8545
633	-0.8769
634	-0.8511
635	-0.8651
636	-0.8369
637	-0.8421
638	-0.8733
639	-0.8512
640	-0.8876
641	-0.8691
642	-0.8824
643	-0.8686
644	-0.8697
645	-0.8825
646	-0.8395
647	-0.8546
648	-0.8582
649	-0.8645
650	-0.8578
651	-0.8675
652	-0.8782
653	-0.861
654	-0.8637
655	-0.8559
656	-0.8836
657	-0.8838
658	-0.8618
659	-0.8763
660	-0.8778
661	-0.8935
662	-0.8813
663	-0.8488
664	-0.8451
665	-0.8569
666	-0.8727
667	-0.8753
668	-0.8816
669	-0.8628
670	-0.8838
671	-0.8668
672	-0.839
673	-0.8344
674	-0.8678
675	-0.8613
676	-0.8324
677	-0.885
678	-0.8522
679	-0.8401
680	-0.8481
681	-0.8443
682	-0.875
683	-0.8786
684	-0.8662
685	-0.8803
686	-0.847
687	-0.8615
688	-0.8729
689	-0.8538
690	-0.886
691	-0.8897
692	-0.8838
693	-0.8364
694	-0.8709
695	-0.8719
696	-0.8607
697	-0.8687
698	-0.8766
699	-0.8215
700	-0.8647
701	-0.8731
702	-0.8883
703	-0.8611
704	-0.8594
705	-0.855
706	-0.8598
707	-0.8806
708	-0.873
709	-0.8676
710	-0.8762
711	-0.8691
712	-0.8744
713	-0.8589
714	-0.8872
715	-0.8744
716	-0.8799
717	-0.8887
718	-0.8885
719	-0.8626
720	-0.8585
721	-0.8485
722	-0.8602
723	-0.8996
724	-0.8777
725	-0.8867
726	-0.8649
727	-0.8525
728	-0.8865
729	-0.8757
730	-0.8582
731	-0.8702
732	-0.8389
733	-0.8829
734	-0.8673
735	-0.8414
736	-0.8377
737	-0.8892
738	-0.8632
739	-0.8781
740	-0.8546
741	-0.8634
742	-0.8721
743	-0.8509
744	-0.8609
745	-0.8651
746	-0.8692
747	-0.8788
748	-0.8405
749	-0.8506
750	-0.8889
751	-0.8646
752	-0.8732
753	-0.8677
754	-0.8604
755	-0.8616
756	-0.8554
757	-0.8559
758	-0.8656
759	-0.8637
760	-0.8524
761	-0.8969
762	-0.8525
763	-0.8267
764	-0.8746
765	-0.874
766	-0.8484
767	-0.8395
768	-0.8404
769	-0.8624
770	-0.8507
771	-0.8757
772	-0.8428
773	-0.8739
774	-0.8678
775	-0.8593
776	-0.8527
777	-0.8839
778	-0.8563
779	-0.8597
780	-0.8449
781	-0.8422
782	-0.8348
783	-0.8822
784	-0.8857
785	-0.875
786	-0.878
787	-0.8668
788	-0.8639
789	-0.8732
790	-0.8927
791	-0.8359
792	-0.8683
793	-0.8713
794	-0.8607
795	-0.8593
796	-0.8726
797	-0.8539
798	-0.902
799	-0.8764
800	-0.8696
801	-0.8814
802	-0.8692
803	-0.8264
804	-0.8553
805	-0.8651
806	-0.8908
807	-0.8678
808	-0.8404
809	-0.8656
810	-0.8224
811	-0.8972
812	-0.8641
813	-0.8677
814	-0.8622
815	-0.8648
816	-0.8751
817	-0.8982
818	-0.8476
819	-0.8664
820	-0.8782
821	-0.8522
822	-0.8764
823	-0.8563
824	-0.8488
825	-0.8728
826	-0.8634
827	-0.8908
828	-0.8736
829	-0.8737
830	-0.8471
831	-0.8762
832	-0.8729
833	-0.8703
834	-0.8689
835	-0.8571
836	-0.8585
837	-0.8457
838	-0.8461
839	-0.8625
840	-0.8852
841	-0.8563
842	-0.8842
843	-0.8616
844	-0.8669
845	-0.8529
846	-0.8683
847	-0.8833
848	-0.8678
849	-0.8644
850	-0.8677
851	-0.8585
852	-0.8698
853	-0.8286
854	-0.8562
855	-0.8728
856	-0.8427
857	-0.7946
858	-0.8747
859	-0.8827
860	-0.8665
861	-0.8657
862	-0.878
863	-0.8605
864	-0.8738
865	-0.8596
866	-0.8728
867	-0.8595
868	-0.8652
869	-0.8924
870	-0.8619
871	-0.8622
872	-0.8636
873	-0.8743
874	-0.8687
875	-0.8413
876	-0.8538
877	-0.8799
878	-0.8861
879	-0.8511
880	-0.8681
881	-0.8881
882	-0.8634
883	-0.8159
884	-0.8508
885	-0.851
886	-0.8629
887	-0.8682
888	-0.8787
889	-0.8952
890	-0.8841
891	-0.8801
892	-0.8809
893	-0.8507
894	-0.839
895	-0.8827
896	-0.8355
897	-0.8541
898	-0.8488
899	-0.8657
900	-0.8551
901	-0.8364
902	-0.8488
903	-0.8747
904	-0.8917
905	-0.8391
906	-0.8604
907	-0.8543
908	-0.8611
909	-0.8453
910	-0.8673
911	-0.8959
912	-0.8388
913	-0.8482
914	-0.8108
915	-0.8524
916	-0.8817
917	-0.8461
918	-0.8439
919	-0.856
920	-0.8785
921	-0.8745
922	-0.8665
923	-0.9011
924	-0.846
925	-0.8683
926	-0.8758
927	-0.8665
928	-0.8557
929	-0.8613
930	-0.8726
931	-0.8689
932	-0.8513
933	-0.9012
934	-0.8814
935	-0.869
936	-0.8827
937	-0.8692
938	-0.8758
939	-0.837
940	-0.8431
941	-0.878
942	-0.8979
943	-0.8531
944	-0.8755
945	-0.8528
946	-0.8455
947	-0.855
948	-0.8837
949	-0.8495
950	-0.8781
951	-0.8733
952	-0.861
953	-0.8604
954	-0.8677
955	-0.8168
956	-0.808
957	-0.8415
958	-0.8648
959	-0.8498
960	-0.8601
961	-0.8822
962	-0.847
963	-0.8485
964	-0.8769
965	-0.8559
966	-0.8399
967	-0.8543
968	-0.8739
969	-0.8447
970	-0.8602
971	-0.84
972	-0.8344
973	-0.8659
974	-0.8434
975	-0.8536
976	-0.8265
977	-0.8539
978	-0.8404
979	-0.8611
980	-0.899
981	-0.8819
982	-0.8362
983	-0.8568
984	-0.8662
985	-0.8193
986	-0.8812
987	-0.8569
988	-0.8509
989	-0.8875
990	-0.8908
991	-0.8679
992	-0.8789
993	-0.8604
994	-0.8576
995	-0.8368
996	-0.8442
997	-0.8585
998	-0.8627
999	-0.863
1000	-0.8349
1001	-0.8653
1002	-0.8414
1003	-0.8716
1004	-0.8845
1005	-0.8483
1006	-0.8468
1007	-0.8651
1008	-0.8709
1009	-0.8161
1010	-0.8734
1011	-0.8593
1012	-0.8529
1013	-0.8701
1014	-0.855
1015	-0.8686
1016	-0.8835
1017	-0.8788
1018	-0.8591
1019	-0.8326
1020	-0.8617
1021	-0.8646
1022	-0.8858
1023	-0.8551
1024	-0.8463
1025	-0.8734
1026	-0.8712
1027	-0.8354
1028	-0.8572
1029	-0.8257
1030	-0.8585
1031	-0.8473
1032	-0.8729
1033	-0.8249
1034	-0.8881
1035	-0.8411
1036	-0.8383
1037	-0.855
1038	-0.876
1039	-0.8599
1040	-0.8791
1041	-0.8916
1042	-0.8659
1043	-0.8453
1044	-0.8706
1045	-0.8652
1046	-0.8513
1047	-0.8597
1048	-0.8687
1049	-0.8866
1050	-0.8813
1051	-0.8615
1052	-0.8655
1053	-0.8878
1054	-0.8814
1055	-0.8929
1056	-0.8667
1057	-0.8544
1058	-0.8733
1059	-0.8798
1060	-0.8483
1061	-0.881
1062	-0.8938
1063	-0.8586
1064	-0.8541
1065	-0.8418
1066	-0.8274
1067	-0.8544
1068	-0.8876
1069	-0.8627
1070	-0.8393
1071	-0.8349
1072	-0.8255
1073	-0.8358
1074	-0.8733
1075	-0.8338
1076	-0.8701
1077	-0.8306
1078	-0.8784
1079	-0.8666
1080	-0.8692
1081	-0.8706
1082	-0.8541
1083	-0.8601
1084	-0.8547
1085	-0.8798
1086	-0.8951
1087	-0.8825
1088	-0.8402
1089	-0.8953
1090	-0.8522
1091	-0.8529
1092	-0.8717
1093	-0.8424
1094	-0.8629
1095	-0.8706
1096	-0.8641
1097	-0.8873
1098	-0.8565
1099	-0.8728
1100	-0.825
1101	-0.8544
1102	-0.8849
1103	-0.8422
1104	-0.8765
1105	-0.836
1106	-0.8544
1107	-0.8409
1108	-0.88
1109	-0.8838
1110	-0.8458
1111	-0.8314
1112	-0.8827
1113	-0.8627
1114	-0.8654
1115	-0.8866
1116	-0.868
1117	-0.8583
1118	-0.8552
1119	-0.8359
1120	-0.864
1121	-0.8706
1122	-0.8541
1123	-0.8595
1124	-0.8872
1125	-0.861
1126	-0.8589
1127	-0.8576
1128	-0.8446
1129	-0.8765
1130	-0.8856
1131	-0.8658
1132	-0.8794
1133	-0.8354
1134	-0.8493
1135	-0.8612
1136	-0.8655
1137	-0.8691
1138	-0.8564
1139	-0.8675
1140	-0.8493
1141	-0.8322
1142	-0.8559
1143	-0.8525
1144	-0.8714
1145	-0.8567
1146	-0.8603
1147	-0.8485
1148	-0.8736
1149	-0.869
1150	-0.8466
1151	-0.827
1152	-0.8394
1153	-0.8306
1154	-0.8967
1155	-0.8608
1156	-0.8484
1157	-0.8523
1158	-0.8659
1159	-0.8805
1160	-0.8504
1161	-0.8538
1162	-0.8857
1163	-0.8713
1164	-0.8514
1165	-0.8703
1166	-0.8814
1167	-0.8577
1168	-0.8488
1169	-0.8965
1170	-0.8427
1171	-0.8864
1172	-0.8602
1173	-0.87
1174	-0.8294
1175	-0.8579
1176	-0.8629
1177	-0.8652
1178	-0.863
1179	-0.8487
1180	-0.8588
1181	-0.829
1182	-0.8182
1183	-0.8577
1184	-0.8501
1185	-0.8771
1186	-0.8494
1187	-0.8795
1188	-0.8814
1189	-0.8561
1190	-0.8468
1191	-0.8611
1192	-0.8677
1193	-0.8657
1194	-0.8515
1195	-0.8596
1196	-0.8506
1197	-0.8554
1198	-0.8606
1199	-0.8857
1200	-0.8761
1201	-0.8603
1202	-0.9082
1203	-0.8602
1204	-0.8403
1205	-0.8536
1206	-0.8807
1207	-0.8757
1208	-0.879
1209	-0.8349
1210	-0.8771
1211	-0.8573
1212	-0.8686
1213	-0.8766
1214	-0.8826
1215	-0.8323
1216	-0.8471
1217	-0.8407
1218	-0.8377
1219	-0.8648
1220	-0.8695
1221	-0.8827
1222	-0.8395
1223	-0.8404
1224	-0.8468
1225	-0.8382
1226	-0.8643
1227	-0.8754
1228	-0.8438
1229	-0.85
1230	-0.8564
1231	-0.8558
1232	-0.8585
1233	-0.8525
1234	-0.8811
1235	-0.8592
1236	-0.8604
1237	-0.8696
1238	-0.8655
1239	-0.8858
1240	-0.8515
1241	-0.858
1242	-0.8384
1243	-0.8474
1244	-0.8918
1245	-0.8736
1246	-0.8603
1247	-0.8348
1248	-0.8542
1249	-0.8696
1250	-0.857
1251	-0.8448
1252	-0.8658
1253	-0.8778
1254	-0.8655
1255	-0.8299
1256	-0.8467
1257	-0.8507
1258	-0.9128
1259	-0.8916
1260	-0.85
1261	-0.9016
1262	-0.8748
1263	-0.8908
1264	-0.8251
1265	-0.8353
1266	-0.8743
1267	-0.8648
1268	-0.8186
1269	-0.8816
1270	-0.8376
1271	-0.8619
1272	-0.8759
1273	-0.8723
1274	-0.862
1275	-0.8599
1276	-0.8244
1277	-0.8653
1278	-0.8595
1279	-0.8696
1280	-0.8576
1281	-0.8612
1282	-0.8731
1283	-0.8732
1284	-0.867
1285	-0.8592
1286	-0.8458
1287	-0.8726
1288	-0.849
1289	-0.8527
1290	-0.8464
1291	-0.8723
1292	-0.8438
1293	-0.8661
1294	-0.8588
1295	-0.8552
1296	-0.8676
1297	-0.8614
1298	-0.8788
1299	-0.8776
1300	-0.8449
1301	-0.8562
1302	-0.8781
1303	-0.8572
1304	-0.8544
1305	-0.8801
1306	-0.86
1307	-0.8531
1308	-0.8766
1309	-0.8415
1310	-0.8505
1311	-0.8734
1312	-0.8546
1313	-0.8723
1314	-0.8376
1315	-0.8566
1316	-0.8624
1317	-0.8701
1318	-0.8662
1319	-0.862
1320	-0.852
1321	-0.8652
1322	-0.8565
1323	-0.8602
1324	-0.8863
1325	-0.8952
1326	-0.8518
1327	-0.8542
1328	-0.8695
1329	-0.8451
1330	-0.8554
1331	-0.8623
1332	-0.8296
1333	-0.8706
1334	-0.846
1335	-0.8558
1336	-0.9099
1337	-0.8523
1338	-0.841
1339	-0.8888
1340	-0.9008
1341	-0.8567
1342	-0.8694
1343	-0.8145
1344	-0.8485
1345	-0.8438
1346	-0.8508
1347	-0.8513
1348	-0.8574
1349	-0.8698
1350	-0.8271
1351	-0.8272
1352	-0.8757
1353	-0.8725
1354	-0.8815
1355	-0.8636
1356	-0.8714
1357	-0.869
1358	-0.8636
1359	-0.84
1360	-0.8477
1361	-0.8382
1362	-0.8507
1363	-0.8399
1364	-0.8599
1365	-0.8564
1366	-0.8655
1367	-0.8231
1368	-0.8358
1369	-0.8532
1370	-0.8493
1371	-0.8638
1372	-0.858
1373	-0.8819
1374	-0.8509
1375	-0.8294
1376	-0.8757
1377	-0.8926
1378	-0.8767
1379	-0.8787
1380	-0.8539
1381	-0.8857
1382	-0.8619
1383	-0.8463
1384	-0.8574
1385	-0.8884
1386	-0.8971
1387	-0.8796
1388	-0.8381
1389	-0.8727
1390	-0.8208
1391	-0.8663
1392	-0.8435
1393	-0.8962
1394	-0.8574
1395	-0.8586
1396	-0.8927
1397	-0.8659
1398	-0.8725
1399	-0.8656
1400	-0.8732
1401	-0.893
1402	-0.8767
1403	-0.8762
1404	-0.8436
1405	-0.8769
1406	-0.8899
1407	-0.856
1408	-0.8467
1409	-0.8537
1410	-0.8571
1411	-0.8841
1412	-0.8618
1413	-0.8475
1414	-0.885
1415	-0.8805
1416	-0.8699
1417	-0.8862
1418	-0.8529
1419	-0.849
1420	-0.8226
1421	-0.8641
1422	-0.8792
1423	-0.8442
1424	-0.8681
1425	-0.8441
1426	-0.8686
1427	-0.8491
1428	-0.8528
1429	-0.8815
1430	-0.8707
1431	-0.844
1432	-0.8428
1433	-0.8657
1434	-0.8462
1435	-0.8554
1436	-0.8761
1437	-0.8209
1438	-0.8483
1439	-0.8649
1440	-0.8903
1441	-0.8783
1442	-0.8842
1443	-0.8937
1444	-0.8392
1445	-0.8551
1446	-0.83
1447	-0.8559
1448	-0.8928
1449	-0.8856
1450	-0.841
1451	-0.8562
1452	-0.8527
1453	-0.8683
1454	-0.8178
1455	-0.8531
1456	-0.8531
1457	-0.8887
1458	-0.8464
1459	-0.8904
1460	-0.8743
1461	-0.849
1462	-0.8854
1463	-0.8503
1464	-0.8799
1465	-0.8627
1466	-0.859
1467	-0.869
1468	-0.8578
1469	-0.8643
1470	-0.8819
1471	-0.8637
1472	-0.859
1473	-0.88
1474	-0.8701
1475	-0.8776
1476	-0.8601
1477	-0.8767
1478	-0.8496
1479	-0.8963
1480	-0.8431
1481	-0.8706
1482	-0.8573
1483	-0.8522
1484	-0.8198
1485	-0.8801
1486	-0.8445
1487	-0.8625
1488	-0.8998
1489	-0.871
1490	-0.8512
1491	-0.8632
1492	-0.8596
1493	-0.8769
1494	-0.8785
1495	-0.8706
1496	-0.8638
1497	-0.8775
1498	-0.8891
1499	-0.8737
1500	-0.8741
1501	-0.8523
1502	-0.8704
1503	-0.8606
1504	-0.8476
1505	-0.8414
1506	-0.8601
1507	-0.8719
1508	-0.884
1509	-0.8991
1510	-0.8771
1511	-0.8421
1512	-0.8489
1513	-0.869
1514	-0.9009
1515	-0.8646
1516	-0.8571
1517	-0.8419
1518	-0.8742
1519	-0.8911
1520	-0.8767
1521	-0.8793
1522	-0.8669
1523	-0.8556
1524	-0.8676
1525	-0.8348
1526	-0.8693
1527	-0.8538
1528	-0.8874
1529	-0.8735
1530	-0.8486
1531	-0.8482
1532	-0.8527
1533	-0.8488
1534	-0.8599
1535	-0.8671
1536	-0.8679
1537	-0.8805
1538	-0.8543
1539	-0.8924
1540	-0.8757
1541	-0.8787
1542	-0.8539
1543	-0.8601
1544	-0.8592
1545	-0.8747
1546	-0.8419
1547	-0.8708
1548	-0.8981
1549	-0.8795
1550	-0.8545
1551	-0.8876
1552	-0.8589
1553	-0.8863
1554	-0.8361
1555	-0.8617
1556	-0.842
1557	-0.8951
1558	-0.8739
1559	-0.8816
1560	-0.862
1561	-0.8486
1562	-0.8737
1563	-0.8851
1564	-0.8613
1565	-0.8651
1566	-0.8769
1567	-0.8544
1568	-0.8855
1569	-0.8826
1570	-0.8523
1571	-0.8698
1572	-0.8847
1573	-0.8493
1574	-0.8893
1575	-0.8671
1576	-0.8735
1577	-0.8486
1578	-0.8525
1579	-0.8759
1580	-0.8668
1581	-0.8705
1582	-0.8346
1583	-0.8672
1584	-0.8731
1585	-0.8493
1586	-0.8634
1587	-0.8687
1588	-0.8551
1589	-0.8538
1590	-0.8602
1591	-0.852
1592	-0.811
1593	-0.8835
1594	-0.8544
1595	-0.8627
1596	-0.8526
1597	-0.8618
1598	-0.8637
1599	-0.8465
1600	-0.8575
1601	-0.8268
1602	-0.8514
1603	-0.8476
1604	-0.8571
1605	-0.8536
1606	-0.8586
1607	-0.8776
1608	-0.8593
1609	-0.8584
1610	-0.8754
1611	-0.8375
1612	-0.8627
1613	-0.8762
1614	-0.8472
1615	-0.8558
1616	-0.8505
1617	-0.8535
1618	-0.8706
1619	-0.8871
1620	-0.8945
1621	-0.8664
1622	-0.8477
1623	-0.8195
1624	-0.8514
1625	-0.8694
1626	-0.8357
1627	-0.8725
1628	-0.8658
1629	-0.8561
1630	-0.8445
1631	-0.8701
1632	-0.8638
1633	-0.8569
1634	-0.8704
1635	-0.8558
1636	-0.8448
1637	-0.8677
1638	-0.8639
1639	-0.8616
1640	-0.8576
1641	-0.8787
1642	-0.8793
1643	-0.8634
1644	-0.8552
1645	-0.878
1646	-0.8739
1647	-0.8966
1648	-0.8594
1649	-0.8891
1650	-0.8656
1651	-0.8729
1652	-0.8546
1653	-0.8487
1654	-0.8349
1655	-0.8552
1656	-0.8818
1657	-0.8377
1658	-0.8675
1659	-0.8592
1660	-0.8872
1661	-0.8757
1662	-0.8354
1663	-0.8466
1664	-0.8583
1665	-0.8636
1666	-0.8656
1667	-0.866
1668	-0.8851
1669	-0.8749
1670	-0.8419
1671	-0.8691
1672	-0.8466
1673	-0.8605
1674	-0.8813
1675	-0.8549
1676	-0.8796
1677	-0.866
1678	-0.8741
1679	-0.8766
1680	-0.8798
1681	-0.8879
1682	-0.8955
1683	-0.8766
1684	-0.8676
1685	-0.835
1686	-0.8554
1687	-0.8664
1688	-0.8528
1689	-0.8172
1690	-0.8511
1691	-0.8462
1692	-0.8308
1693	-0.8714
1694	-0.8663
1695	-0.8844
1696	-0.8774
1697	-0.8527
1698	-0.8868
1699	-0.8533
1700	-0.8667
1701	-0.8796
1702	-0.8617
1703	-0.8614
1704	-0.8899
1705	-0.8569
1706	-0.8489
1707	-0.8605
1708	-0.8544
1709	-0.8395
1710	-0.8587
1711	-0.8789
1712	-0.8681
1713	-0.8839
1714	-0.8923
1715	-0.8185
1716	-0.8833
1717	-0.8647
1718	-0.8639
1719	-0.8694
1720	-0.8262
1721	-0.886
1722	-0.8824
1723	-0.8598
1724	-0.8701
1725	-0.8761
1726	-0.8725
1727	-0.8742
1728	-0.8929
1729	-0.8623
1730	-0.8436
1731	-0.8684
1732	-0.8695
1733	-0.8366
1734	-0.8953
1735	-0.9087
1736	-0.865
1737	-0.8705
1738	-0.8501
1739	-0.8908
1740	-0.8493
1741	-0.8629
1742	-0.8452
1743	-0.844
1744	-0.8401
1745	-0.8504
1746	-0.8903
1747	-0.8566
1748	-0.852
1749	-0.8717
1750	-0.8732
1751	-0.8873
1752	-0.816
1753	-0.8196
1754	-0.9042
1755	-0.8552
1756	-0.8837
1757	-0.875
1758	-0.8599
1759	-0.8714
1760	-0.8666
1761	-0.8722
1762	-0.8476
1763	-0.8847
1764	-0.865
1765	-0.8597
1766	-0.8399
1767	-0.854
1768	-0.8554
1769	-0.8464
1770	-0.8382
1771	-0.864
1772	-0.8638
1773	-0.8519
1774	-0.8595
1775	-0.8672
1776	-0.8587
1777	-0.8762
1778	-0.879
1779	-0.8739
1780	-0.8693
1781	-0.8815
1782	-0.846
1783	-0.8722
1784	-0.8458
1785	-0.8666
1786	-0.833
1787	-0.8595
1788	-0.8689
1789	-0.8958
1790	-0.8894
1791	-0.8717
1792	-0.8323
1793	-0.8717
1794	-0.8911
1795	-0.8665
1796	-0.8832
1797	-0.8802
1798	-0.8488
1799	-0.8906
1800	-0.8695
1801	-0.8766
1802	-0.8717
1803	-0.8772
1804	-0.8582
1805	-0.8845
1806	-0.8648
1807	-0.8511
1808	-0.888
1809	-0.8752
1810	-0.8672
1811	-0.8533
1812	-0.8626
1813	-0.8793
1814	-0.848
1815	-0.8602
1816	-0.7928
1817	-0.8522
1818	-0.8674
1819	-0.8795
1820	-0.8694
1821	-0.8748
1822	-0.8505
1823	-0.8848
1824	-0.864
1825	-0.8724
1826	-0.8496
1827	-0.8642
1828	-0.904
1829	-0.8558
1830	-0.8712
1831	-0.8419
1832	-0.8872
1833	-0.8893
1834	-0.8614
1835	-0.8469
1836	-0.8662
1837	-0.8671
1838	-0.8559
1839	-0.8628
1840	-0.8606
1841	-0.891
1842	-0.8804
1843	-0.8815
1844	-0.8477
1845	-0.8486
1846	-0.8577
1847	-0.8734
1848	-0.8703
1849	-0.8536
1850	-0.8634
1851	-0.8412
1852	-0.8418
1853	-0.8509
1854	-0.8628
1855	-0.8404
1856	-0.895
1857	-0.8481
1858	-0.847
1859	-0.8112
1860	-0.8463
1861	-0.8498
1862	-0.8601
1863	-0.8594
1864	-0.8521
1865	-0.8757
1866	-0.8939
1867	-0.8581
1868	-0.8387
1869	-0.8366
1870	-0.8438
1871	-0.8557
1872	-0.8443
1873	-0.8828
1874	-0.8592
1875	-0.8615
1876	-0.846
1877	-0.8844
1878	-0.8679
1879	-0.8885
1880	-0.8729
1881	-0.8434
1882	-0.8543
1883	-0.8811
1884	-0.8629
1885	-0.8762
1886	-0.8498
1887	-0.8721
1888	-0.8772
1889	-0.8601
1890	-0.8327
1891	-0.8697
1892	-0.8835
1893	-0.8734
1894	-0.8161
1895	-0.8547
1896	-0.8518
1897	-0.8341
1898	-0.8852
1899	-0.8546
1900	-0.881
1901	-0.8666
1902	-0.8783
1903	-0.8401
1904	-0.8573
1905	-0.8458
1906	-0.8617
1907	-0.8393
1908	-0.8614
1909	-0.877
1910	-0.8268
1911	-0.8683
1912	-0.8714
1913	-0.8352
1914	-0.8713
1915	-0.8611
1916	-0.8522
1917	-0.8156
1918	-0.8775
1919	-0.8991
1920	-0.8578
1921	-0.8775
1922	-0.8675
1923	-0.8584
1924	-0.8288
1925	-0.8492
1926	-0.8513
1927	-0.8661
1928	-0.863
1929	-0.8638
1930	-0.852
1931	-0.8774
1932	-0.8612
1933	-0.8836
1934	-0.8224
1935	-0.8494
1936	-0.8633
1937	-0.8658
1938	-0.8875
1939	-0.8775
1940	-0.8881
1941	-0.8579
1942	-0.8487
1943	-0.84
1944	-0.851
1945	-0.8658
1946	-0.8469
1947	-0.8742
1948	-0.8476
1949	-0.8853
1950	-0.8562
1951	-0.9044
1952	-0.8698
1953	-0.888
1954	-0.8675
1955	-0.8704
1956	-0.8738
1957	-0.8609
1958	-0.8581
1959	-0.8767
1960	-0.8805
1961	-0.8586
1962	-0.8597
1963	-0.8611
1964	-0.8915
1965	-0.8716
1966	-0.8804
1967	-0.8389
1968	-0.8428
1969	-0.8505
1970	-0.8791
1971	-0.8571
1972	-0.8735
1973	-0.8591
1974	-0.8598
1975	-0.8696
1976	-0.8645
1977	-0.8572
1978	-0.8687
1979	-0.8608
1980	-0.8369
1981	-0.8445
1982	-0.8936
1983	-0.8572
1984	-0.8518
1985	-0.8359
1986	-0.8747
1987	-0.8587
1988	-0.859
1989	-0.8699
1990	-0.8599
1991	-0.8525
1992	-0.8765
1993	-0.8379
1994	-0.8439
1995	-0.8544
1996	-0.844
1997	-0.8561
1998	-0.8286
1999	-0.8564
2000	-0.8531
2001	-0.8408
2002	-0.8401
2003	-0.8576
2004	-0.8637
2005	-0.8358
2006	-0.8713
2007	-0.8826
2008	-0.8423
2009	-0.8544
2010	-0.8704
2011	-0.8684
2012	-0.8613
2013	-0.8532
2014	-0.8842
2015	-0.8557
2016	-0.8901
2017	-0.8619
2018	-0.8401
2019	-0.8726
2020	-0.8704
2021	-0.854
2022	-0.8093
2023	-0.8707
2024	-0.8592
2025	-0.868
2026	-0.8688
2027	-0.8877
2028	-0.8583
2029	-0.8558
2030	-0.8512
2031	-0.8801
2032	-0.8495
2033	-0.8467
2034	-0.8735
2035	-0.8778
2036	-0.8652
2037	-0.8627
2038	-0.8783
2039	-0.8805
2040	-0.8776
2041	-0.8669
2042	-0.8455
2043	-0.856
2044	-0.8667
2045	-0.8292
2046	-0.8675
2047	-0.8812
2048	-0.8477
2049	-0.8455
2050	-0.8377
2051	-0.842
2052	-0.87
2053	-0.8598
2054	-0.8886
2055	-0.887
2056	-0.86
2057	-0.8892
2058	-0.8355
2059	-0.8887
2060	-0.8946
2061	-0.8692
2062	-0.8738
2063	-0.8292
2064	-0.8634
2065	-0.9007
2066	-0.8827
2067	-0.8621
2068	-0.855
2069	-0.8714
2070	-0.8702
2071	-0.8546
2072	-0.8527
2073	-0.8669
2074	-0.8539
2075	-0.8673
2076	-0.8724
2077	-0.8723
2078	-0.859
2079	-0.8663
2080	-0.8616
2081	-0.8785
2082	-0.8529
2083	-0.8599
2084	-0.8627
2085	-0.8883
2086	-0.8689
2087	-0.8651
2088	-0.8694
2089	-0.8592
2090	-0.8479
2091	-0.8435
2092	-0.8858
2093	-0.8714
2094	-0.881
2095	-0.868
2096	-0.8118
2097	-0.8575
2098	-0.858
2099	-0.8815
2100	-0.8503
2101	-0.8526
2102	-0.8581
2103	-0.8852
2104	-0.8706
2105	-0.856
2106	-0.8451
2107	-0.8805
2108	-0.8526
2109	-0.8374
2110	-0.8798
2111	-0.8659
2112	-0.8686
2113	-0.8812
2114	-0.8205
2115	-0.8662
2116	-0.8474
2117	-0.8848
2118	-0.8536
2119	-0.8568
2120	-0.8677
2121	-0.884
2122	-0.8444
2123	-0.874
2124	-0.847
2125	-0.8713
2126	-0.859
2127	-0.8757
2128	-0.8592
2129	-0.8635
2130	-0.8699
2131	-0.8482
2132	-0.8755
2133	-0.8464
2134	-0.8802
2135	-0.8664
2136	-0.8758
2137	-0.8582
2138	-0.8779
2139	-0.8855
2140	-0.8394
2141	-0.8949
2142	-0.8779
2143	-0.8538
2144	-0.8389
2145	-0.8515
2146	-0.8645
2147	-0.8754
2148	-0.8552
2149	-0.8887
2150	-0.8745
2151	-0.8631
2152	-0.8827
2153	-0.8491
2154	-0.8448
2155	-0.8778
2156	-0.861
2157	-0.8308
2158	-0.8476
2159	-0.8466
2160	-0.8507
2161	-0.8918
2162	-0.8323
2163	-0.8565
2164	-0.8368
2165	-0.8549
2166	-0.8681
2167	-0.8811
2168	-0.858
2169	-0.8513
2170	-0.8696
2171	-0.8688
2172	-0.861
2173	-0.8816
2174	-0.8529
2175	-0.8176
2176	-0.8547
2177	-0.8468
2178	-0.8376
2179	-0.8811
2180	-0.8421
2181	-0.8525
2182	-0.8478
2183	-0.8523
2184	-0.8424
2185	-0.8404
2186	-0.8818
2187	-0.8778
2188	-0.8525
2189	-0.8922
2190	-0.8642
2191	-0.8584
2192	-0.8733
2193	-0.8384
2194	-0.8879
2195	-0.8594
2196	-0.8567
2197	-0.8493
2198	-0.8468
2199	-0.8813
2200	-0.8633
2201	-0.8287
2202	-0.8775
2203	-0.8782
2204	-0.8491
2205	-0.867
2206	-0.8538
2207	-0.8579
2208	-0.8638
2209	-0.8732
2210	-0.8973
2211	-0.8565
2212	-0.8675
2213	-0.8682
2214	-0.87
2215	-0.8983
2216	-0.8755
2217	-0.8676
2218	-0.8761
2219	-0.8324
2220	-0.8721
2221	-0.8749
2222	-0.8716
2223	-0.8996
2224	-0.8442
2225	-0.875
2226	-0.8451
2227	-0.8711
2228	-0.8506
2229	-0.8562
2230	-0.8792
2231	-0.8719
2232	-0.8745
2233	-0.8611
2234	-0.8471
2235	-0.8428
2236	-0.8694
2237	-0.8397
2238	-0.8494
2239	-0.8764
2240	-0.8709
2241	-0.8562
2242	-0.8712
2243	-0.8159
2244	-0.8877
2245	-0.879
2246	-0.8638
2247	-0.8356
2248	-0.8524
2249	-0.8412
2250	-0.8662
2251	-0.8523
2252	-0.8811
2253	-0.8398
2254	-0.8405
2255	-0.8594
2256	-0.8892
2257	-0.8666
2258	-0.8403
2259	-0.8657
2260	-0.8569
2261	-0.8854
2262	-0.8498
2263	-0.8829
2264	-0.8959
2265	-0.8833
2266	-0.8421
2267	-0.8934
2268	-0.8741
2269	-0.8637
2270	-0.8538
2271	-0.8686
2272	-0.8847
2273	-0.8724
2274	-0.8848
2275	-0.871
2276	-0.8549
2277	-0.8547
2278	-0.8626
2279	-0.8811
2280	-0.8491
2281	-0.8523
2282	-0.8482
2283	-0.8641
2284	-0.8628
2285	-0.8842
2286	-0.8553
2287	-0.8778
2288	-0.868
2289	-0.8548
2290	-0.8536
2291	-0.8832
2292	-0.8698
2293	-0.8539
2294	-0.8795
2295	-0.8703
2296	-0.8728
2297	-0.8695
2298	-0.8489
2299	-0.89
2300	-0.8576
2301	-0.8474
2302	-0.8817
2303	-0.8589
2304	-0.8832
2305	-0.8602
2306	-0.8401
2307	-0.8713
2308	-0.8707
2309	-0.8414
2310	-0.8524
2311	-0.8728
2312	-0.8988
2313	-0.8641
2314	-0.8831
2315	-0.8626
2316	-0.8649
2317	-0.8719
2318	-0.857
2319	-0.8742
2320	-0.8783
2321	-0.8802
2322	-0.8481
2323	-0.8654
2324	-0.8739
2325	-0.8534
2326	-0.8603
2327	-0.8575
2328	-0.8733
2329	-0.8824
2330	-0.8373
2331	-0.8794
2332	-0.8755
2333	-0.8621
2334	-0.8827
2335	-0.8636
2336	-0.871
2337	-0.8477
2338	-0.8879
2339	-0.8755
2340	-0.8678
2341	-0.8581
2342	-0.8897
2343	-0.8826
2344	-0.8476
2345	-0.8781
2346	-0.8512
2347	-0.8662
2348	-0.861
2349	-0.8678
2350	-0.8634
2351	-0.8533
2352	-0.8972
2353	-0.8559
2354	-0.8689
2355	-0.8532
2356	-0.8318
2357	-0.8884
2358	-0.8567
2359	-0.8742
2360	-0.8288
2361	-0.8676
2362	-0.8491
2363	-0.8931
2364	-0.8431
2365	-0.8781
2366	-0.8328
2367	-0.8485
2368	-0.8859
2369	-0.8669
2370	-0.8297
2371	-0.8655
2372	-0.8709
2373	-0.8564
2374	-0.8582
2375	-0.8699
2376	-0.886
2377	-0.8721
2378	-0.8783
2379	-0.8612
2380	-0.843
2381	-0.8656
2382	-0.8916
2383	-0.8497
2384	-0.8367
2385	-0.8822
2386	-0.8838
2387	-0.8805
2388	-0.8624
2389	-0.8315
2390	-0.8427
2391	-0.8689
2392	-0.8689
2393	-0.8604
2394	-0.8743
2395	-0.861
2396	-0.8862
2397	-0.8514
2398	-0.8326
2399	-0.8865
2400	-0.8949
2401	-0.8764
2402	-0.8603
2403	-0.8627
2404	-0.8358
2405	-0.8741
2406	-0.8355
2407	-0.86
2408	-0.8547
2409	-0.8831
2410	-0.8552
2411	-0.875
2412	-0.8473
2413	-0.8404
2414	-0.8794
2415	-0.8494
2416	-0.8826
2417	-0.8551
2418	-0.8703
2419	-0.8603
2420	-0.8392
2421	-0.8457
2422	-0.829
2423	-0.8598
2424	-0.8407
2425	-0.8598
2426	-0.8595
2427	-0.8708
2428	-0.8442
2429	-0.8475
2430	-0.8933
2431	-0.8402
2432	-0.8454
2433	-0.8539
2434	-0.8538
2435	-0.8566
2436	-0.8883
2437	-0.886
2438	-0.8671
2439	-0.8812
2440	-0.8517
2441	-0.8761
2442	-0.8326
2443	-0.8966
2444	-0.8202
2445	-0.8613
2446	-0.8681
2447	-0.8619
2448	-0.851
2449	-0.8603
2450	-0.8792
2451	-0.8572
2452	-0.8765
2453	-0.848
2454	-0.8602
2455	-0.8731
2456	-0.8403
2457	-0.8823
2458	-0.8602
2459	-0.8658
2460	-0.8599
2461	-0.8459
2462	-0.864
2463	-0.8606
2464	-0.8335
2465	-0.8739
2466	-0.8406
2467	-0.8574
2468	-0.8561
2469	-0.8781
2470	-0.87
2471	-0.8878
2472	-0.8884
2473	-0.8219
2474	-0.8406
2475	-0.8705
2476	-0.8773
2477	-0.8444
2478	-0.8603
2479	-0.8665
2480	-0.849
2481	-0.8684
2482	-0.8581
2483	-0.8714
2484	-0.9184
2485	-0.856
2486	-0.8819
2487	-0.9032
2488	-0.8382
2489	-0.8395
2490	-0.875
2491	-0.863
2492	-0.8583
2493	-0.8601
2494	-0.8334
2495	-0.8566
2496	-0.8496
2497	-0.8592
2498	-0.8837
2499	-0.8693
2500	-0.8894
2501	-0.8728
2502	-0.8801
2503	-0.8505
2504	-0.8736
2505	-0.8722
2506	-0.8833
2507	-0.8733
2508	-0.8401
2509	-0.8665
2510	-0.8592
2511	-0.8865
2512	-0.8484
2513	-0.8746
2514	-0.8851
2515	-0.8907
2516	-0.8561
2517	-0.8621
2518	-0.8702
2519	-0.8687
2520	-0.8473
2521	-0.8413
2522	-0.8557
2523	-0.879
2524	-0.8681
2525	-0.8392
2526	-0.8341
2527	-0.8456
2528	-0.856
2529	-0.8572
2530	-0.8413
2531	-0.8749
2532	-0.8711
2533	-0.8477
2534	-0.8484
2535	-0.8858
2536	-0.8038
2537	-0.8937
2538	-0.878
2539	-0.8298
2540	-0.8395
2541	-0.8565
2542	-0.8616
2543	-0.8892
2544	-0.8534
2545	-0.8568
2546	-0.8599
2547	-0.8605
2548	-0.8987
2549	-0.896
2550	-0.8798
2551	-0.8387
2552	-0.882
2553	-0.8307
2554	-0.8845
2555	-0.8717
2556	-0.8454
2557	-0.8658
2558	-0.8572
2559	-0.8579
2560	-0.8415
2561	-0.8845
2562	-0.8982
2563	-0.8457
2564	-0.8453
2565	-0.8719
2566	-0.8484
2567	-0.8581
2568	-0.8907
2569	-0.8453
2570	-0.871
2571	-0.866
2572	-0.8499
2573	-0.8541
2574	-0.8746
2575	-0.8544
2576	-0.8671
2577	-0.8675
2578	-0.8678
2579	-0.8604
2580	-0.8437
2581	-0.8287
2582	-0.8813
2583	-0.8914
2584	-0.8575
2585	-0.8749
2586	-0.8777
2587	-0.8729
2588	-0.8757
2589	-0.9039
2590	-0.8441
2591	-0.8903
2592	-0.8173
2593	-0.8699
2594	-0.8381
2595	-0.8265
2596	-0.8631
2597	-0.8768
2598	-0.8656
2599	-0.8145
2600	-0.8619
2601	-0.895
2602	-0.8398
2603	-0.8684
2604	-0.8504
2605	-0.876
2606	-0.8456
2607	-0.8397
2608	-0.8641
2609	-0.8855
2610	-0.8801
2611	-0.8731
2612	-0.851
2613	-0.8885
2614	-0.884
2615	-0.8701
2616	-0.8838
2617	-0.8272
2618	-0.8798
2619	-0.8543
2620	-0.8621
2621	-0.8497
2622	-0.8571
2623	-0.8456
2624	-0.8407
2625	-0.8854
2626	-0.8735
2627	-0.8942
2628	-0.8588
2629	-0.8072
2630	-0.862
2631	-0.8731
2632	-0.8766
2633	-0.8584
2634	-0.8733
2635	-0.8468
2636	-0.8579
2637	-0.8699
2638	-0.8442
2639	-0.8554
2640	-0.8452
2641	-0.8575
2642	-0.8626
2643	-0.8204
2644	-0.8425
2645	-0.8742
2646	-0.8825
2647	-0.8668
2648	-0.8084
2649	-0.873
2650	-0.8717
2651	-0.8602
2652	-0.855
2653	-0.8204
2654	-0.8407
2655	-0.8592
2656	-0.8383
2657	-0.8524
2658	-0.8526
2659	-0.8553
2660	-0.8669
2661	-0.8481
2662	-0.8581
2663	-0.8526
2664	-0.8425
2665	-0.8704
2666	-0.8566
2667	-0.8499
2668	-0.85
2669	-0.8642
2670	-0.8768
2671	-0.8731
2672	-0.89
2673	-0.9008
2674	-0.861
2675	-0.8538
2676	-0.847
2677	-0.8966
2678	-0.844
2679	-0.8594
2680	-0.8627
2681	-0.8745
2682	-0.8766
2683	-0.8462
2684	-0.8607
2685	-0.8597
2686	-0.8566
2687	-0.8639
2688	-0.8988
2689	-0.8429
2690	-0.8692
2691	-0.8393
2692	-0.8564
2693	-0.8633
2694	-0.8956
2695	-0.8436
2696	-0.8526
2697	-0.8637
2698	-0.8779
2699	-0.8742
2700	-0.851
2701	-0.8925
2702	-0.8407
2703	-0.8867
2704	-0.8534
2705	-0.8902
2706	-0.8879
2707	-0.8494
2708	-0.8397
2709	-0.8672
2710	-0.8328
2711	-0.884
2712	-0.8731
2713	-0.8765
2714	-0.9008
2715	-0.8814
2716	-0.8723
2717	-0.871
2718	-0.8501
2719	-0.8467
2720	-0.8483
2721	-0.87
2722	-0.8738
2723	-0.8744
2724	-0.8304
2725	-0.8839
2726	-0.8797
2727	-0.8878
2728	-0.8623
2729	-0.8635
2730	-0.8725
2731	-0.8719
2732	-0.8723
2733	-0.8587
2734	-0.8594
2735	-0.8455
2736	-0.8486
2737	-0.8733
2738	-0.8786
2739	-0.8749
2740	-0.8585
2741	-0.8506
2742	-0.8702
2743	-0.813
2744	-0.8734
2745	-0.8616
2746	-0.8914
2747	-0.8412
2748	-0.8564
2749	-0.8639
2750	-0.866
2751	-0.8429
2752	-0.8588
2753	-0.8699
2754	-0.8679
2755	-0.8411
2756	-0.8769
2757	-0.852
2758	-0.8524
2759	-0.8691
2760	-0.8867
2761	-0.8699
2762	-0.8618
2763	-0.8171
2764	-0.8401
2765	-0.9027
2766	-0.8873
2767	-0.874
2768	-0.8778
2769	-0.8453
2770	-0.8572
2771	-0.8629
2772	-0.8302
2773	-0.8749
2774	-0.8476
2775	-0.9024
2776	-0.8802
2777	-0.8847
2778	-0.8526
2779	-0.8792
2780	-0.882
2781	-0.8525
2782	-0.8584
2783	-0.8814
2784	-0.8372
2785	-0.8834
2786	-0.8355
2787	-0.8553
2788	-0.8669
2789	-0.8783
2790	-0.8623
2791	-0.9046
2792	-0.855
2793	-0.8608
2794	-0.8628
2795	-0.8423
2796	-0.8497
2797	-0.8703
2798	-0.8855
2799	-0.8661
2800	-0.8717
2801	-0.8443
2802	-0.8595
2803	-0.8652
2804	-0.8623
2805	-0.8311
2806	-0.8723
2807	-0.8849
2808	-0.8623
2809	-0.8825
2810	-0.8813
2811	-0.8565
2812	-0.8713
2813	-0.8757
2814	-0.8748
2815	-0.8614
2816	-0.8579
2817	-0.8798
2818	-0.8327
2819	-0.8412
2820	-0.8653
2821	-0.8721
2822	-0.8552
2823	-0.8416
2824	-0.8513
2825	-0.8253
2826	-0.8979
2827	-0.8718
2828	-0.8519
2829	-0.863
2830	-0.8483
2831	-0.8377
2832	-0.8783
2833	-0.877
2834	-0.8527
2835	-0.8291
2836	-0.8418
2837	-0.8693
2838	-0.861
2839	-0.8361
2840	-0.8545
2841	-0.8821
2842	-0.857
2843	-0.8507
2844	-0.8444
2845	-0.8462
2846	-0.8207
2847	-0.8441
2848	-0.875
2849	-0.8941
2850	-0.8215
2851	-0.8877
2852	-0.8657
2853	-0.8788
2854	-0.8914
2855	-0.8302
2856	-0.832
2857	-0.8625
2858	-0.8577
2859	-0.8392
2860	-0.8914
2861	-0.8595
2862	-0.879
2863	-0.8408
2864	-0.8419
2865	-0.8731
2866	-0.8592
2867	-0.8478
2868	-0.8624
2869	-0.8403
2870	-0.8406
2871	-0.8566
2872	-0.867
2873	-0.8968
2874	-0.8746
2875	-0.8598
2876	-0.8787
2877	-0.8449
2878	-0.8593
2879	-0.8506
2880	-0.8694
2881	-0.8439
2882	-0.8549
2883	-0.8337
2884	-0.8766
2885	-0.8462
2886	-0.8619
2887	-0.8702
2888	-0.8605
2889	-0.8836
2890	-0.8603
2891	-0.8924
2892	-0.8596
2893	-0.869
2894	-0.8348
2895	-0.8896
2896	-0.8833
2897	-0.8421
2898	-0.8704
2899	-0.86
2900	-0.8721
2901	-0.863
2902	-0.8579
2903	-0.8563
2904	-0.8546
2905	-0.8718
2906	-0.8614
2907	-0.8278
2908	-0.8502
2909	-0.8581
2910	-0.8669
2911	-0.8764
2912	-0.8402
2913	-0.8575
2914	-0.8366
2915	-0.8552
2916	-0.8692
2917	-0.8427
2918	-0.8426
2919	-0.8725
2920	-0.8859
2921	-0.8715
2922	-0.9111
2923	-0.8244
2924	-0.828
2925	-0.856
2926	-0.8648
2927	-0.8856
2928	-0.8595
2929	-0.8799
2930	-0.8892
2931	-0.8679
2932	-0.8483
2933	-0.8726
2934	-0.8438
2935	-0.8715
2936	-0.8863
2937	-0.8596
2938	-0.8734
2939	-0.8923
2940	-0.8534
2941	-0.8641
2942	-0.8691
2943	-0.8229
2944	-0.8683
2945	-0.8983
2946	-0.8573
2947	-0.8799
2948	-0.8692
2949	-0.8844
2950	-0.8175
2951	-0.8406
2952	-0.8483
2953	-0.8725
2954	-0.877
2955	-0.8815
2956	-0.8495
2957	-0.8694
2958	-0.8632
2959	-0.8445
2960	-0.8594
2961	-0.8706
2962	-0.8347
2963	-0.8599
2964	-0.8637
2965	-0.8522
2966	-0.8679
2967	-0.8578
2968	-0.8791
2969	-0.873
2970	-0.8647
2971	-0.8515
2972	-0.8283
2973	-0.857
2974	-0.8535
2975	-0.8625
2976	-0.8568
2977	-0.8289
2978	-0.8695
2979	-0.8549
2980	-0.8707
2981	-0.8525
2982	-0.8749
2983	-0.8844
2984	-0.8771
2985	-0.88
2986	-0.8617
2987	-0.8502
2988	-0.8761
2989	-0.9057
2990	-0.8888
2991	-0.8581
2992	-0.8565
2993	-0.8571
2994	-0.8571
2995	-0.8592
2996	-0.8186
2997	-0.8557
2998	-0.8435
2999	-0.8376
3000	-0.8661
3001	-0.8431
3002	-0.8595
3003	-0.8709
3004	-0.8627
3005	-0.858
3006	-0.8641
3007	-0.8606
3008	-0.8803
3009	-0.8839
3010	-0.8396
3011	-0.8396
3012	-0.845
3013	-0.8468
3014	-0.8656
3015	-0.865
3016	-0.8523
3017	-0.8624
3018	-0.8715
3019	-0.877
3020	-0.826
3021	-0.8665
3022	-0.8768
3023	-0.8349
3024	-0.8765
3025	-0.8635
3026	-0.8785
3027	-0.8767
3028	-0.8675
3029	-0.8743
3030	-0.8565
3031	-0.8735
3032	-0.8532
3033	-0.8741
3034	-0.8596
3035	-0.8661
3036	-0.8754
3037	-0.8722
3038	-0.8657
3039	-0.8586
3040	-0.8537
3041	-0.858
3042	-0.881
3043	-0.8328
3044	-0.869
3045	-0.8693
3046	-0.8752
3047	-0.8712
3048	-0.8389
3049	-0.8449
3050	-0.8538
3051	-0.8852
3052	-0.8604
3053	-0.8494
3054	-0.8621
3055	-0.8835
3056	-0.8724
3057	-0.8653
3058	-0.8735
3059	-0.827
3060	-0.8549
3061	-0.8529
3062	-0.823
3063	-0.8583
3064	-0.8737
3065	-0.8367
3066	-0.8339
3067	-0.8495
3068	-0.8972
3069	-0.8719
3070	-0.8206
3071	-0.893
3072	-0.85
3073	-0.8623
3074	-0.8565
3075	-0.8349
3076	-0.8491
3077	-0.8662
3078	-0.8773
3079	-0.8502
3080	-0.8533
3081	-0.8769
3082	-0.8731
3083	-0.8744
3084	-0.8293
3085	-0.8049
3086	-0.8671
3087	-0.887
3088	-0.854
3089	-0.8699
3090	-0.8353
3091	-0.886
3092	-0.8474
3093	-0.859
3094	-0.8748
3095	-0.8766
3096	-0.8395
3097	-0.8685
3098	-0.8735
3099	-0.8306
3100	-0.8654
3101	-0.8399
3102	-0.8516
3103	-0.8548
3104	-0.8437
3105	-0.8853
3106	-0.8519
3107	-0.8773
3108	-0.8673
3109	-0.8258
3110	-0.8302
3111	-0.862
3112	-0.835
3113	-0.8393
3114	-0.8513
3115	-0.855
3116	-0.8458
3117	-0.8656
3118	-0.8672
3119	-0.8418
3120	-0.8301
3121	-0.8326
3122	-0.8776
3123	-0.8237
3124	-0.8653
3125	-0.859
3126	-0.906
3127	-0.8857
3128	-0.8676
3129	-0.8775
3130	-0.8763
3131	-0.8651
3132	-0.8376
3133	-0.8669
3134	-0.8369
3135	-0.8448
3136	-0.8745
3137	-0.8886
3138	-0.8684
3139	-0.8639
3140	-0.8657
3141	-0.8618
3142	-0.8839
3143	-0.8923
3144	-0.8903
3145	-0.8709
3146	-0.862
3147	-0.8765
3148	-0.9009
3149	-0.8528
3150	-0.8678
3151	-0.8488
3152	-0.88
3153	-0.8584
3154	-0.8685
3155	-0.8371
3156	-0.8658
3157	-0.856
3158	-0.8506
3159	-0.8798
3160	-0.8728
3161	-0.8785
3162	-0.8671
3163	-0.8877
3164	-0.8539
3165	-0.8625
3166	-0.8658
3167	-0.8707
3168	-0.8487
3169	-0.8589
3170	-0.8564
3171	-0.8388
3172	-0.8502
3173	-0.8686
3174	-0.881
3175	-0.8792
3176	-0.8797
3177	-0.881
3178	-0.8118
3179	-0.8771
3180	-0.8613
3181	-0.8609
3182	-0.8808
3183	-0.8381
3184	-0.8546
3185	-0.9032
3186	-0.8791
3187	-0.8885
3188	-0.8683
3189	-0.8633
3190	-0.8452
3191	-0.8795
3192	-0.871
3193	-0.8754
3194	-0.902
3195	-0.8694
3196	-0.8941
3197	-0.869
3198	-0.8358
3199	-0.8564
3200	-0.8493
3201	-0.8637
3202	-0.8742
3203	-0.8645
3204	-0.8811
3205	-0.8808
3206	-0.8562
3207	-0.8517
3208	-0.8511
3209	-0.8573
3210	-0.8808
3211	-0.8751
3212	-0.8907
3213	-0.8611
3214	-0.87
3215	-0.8639
3216	-0.8294
3217	-0.8804
3218	-0.8743
3219	-0.8724
3220	-0.8506
3221	-0.8553
3222	-0.8378
3223	-0.8731
3224	-0.8651
3225	-0.8792
3226	-0.8803
3227	-0.8575
3228	-0.8431
3229	-0.8543
3230	-0.8936
3231	-0.8625
3232	-0.8362
3233	-0.8414
3234	-0.8253
3235	-0.8566
3236	-0.8833
3237	-0.8486
3238	-0.8327
3239	-0.8389
3240	-0.8637
3241	-0.8347
3242	-0.8706
3243	-0.856
3244	-0.8711
3245	-0.8759
3246	-0.8602
3247	-0.8771
3248	-0.8557
3249	-0.8667
3250	-0.8816
3251	-0.8832
3252	-0.8858
3253	-0.8526
3254	-0.8592
3255	-0.8838
3256	-0.8587
3257	-0.8911
3258	-0.8668
3259	-0.8673
3260	-0.8642
3261	-0.844
3262	-0.8773
3263	-0.8782
3264	-0.8532
3265	-0.8752
3266	-0.8522
3267	-0.8543
3268	-0.8419
3269	-0.8573
3270	-0.8591
3271	-0.8685
3272	-0.8762
3273	-0.8851
3274	-0.8381
3275	-0.8712
3276	-0.8496
3277	-0.8489
3278	-0.8951
3279	-0.8666
3280	-0.8517
3281	-0.8327
3282	-0.864
3283	-0.8524
3284	-0.8448
3285	-0.8609
3286	-0.8819
3287	-0.8396
3288	-0.8504
3289	-0.8631
3290	-0.85
3291	-0.8327
3292	-0.8695
3293	-0.8739
3294	-0.8626
3295	-0.8855
3296	-0.8895
3297	-0.8573
3298	-0.8136
3299	-0.8714
3300	-0.8511
3301	-0.8578
3302	-0.8788
3303	-0.8745
3304	-0.868
3305	-0.8439
3306	-0.8376
3307	-0.8482
3308	-0.8756
3309	-0.8325
3310	-0.8837
3311	-0.8496
3312	-0.8559
3313	-0.8791
3314	-0.8829
3315	-0.8438
3316	-0.8626
3317	-0.8831
3318	-0.8338
3319	-0.884
3320	-0.8535
3321	-0.8656
3322	-0.8679
3323	-0.8595
3324	-0.8649
3325	-0.8751
3326	-0.8536
3327	-0.8246
3328	-0.9075
3329	-0.875
3330	-0.8645
3331	-0.8733
3332	-0.8634
3333	-0.9121
3334	-0.8438
3335	-0.8615
3336	-0.8697
3337	-0.8768
3338	-0.8661
3339	-0.8637
3340	-0.8814
3341	-0.8656
3342	-0.8626
3343	-0.8703
3344	-0.8511
3345	-0.8673
3346	-0.8671
3347	-0.8613
3348	-0.8947
3349	-0.8381
3350	-0.8756
3351	-0.8657
3352	-0.8635
3353	-0.8634
3354	-0.8705
3355	-0.8731
3356	-0.8638
3357	-0.8791
3358	-0.8259
3359	-0.864
3360	-0.8909
3361	-0.872
3362	-0.8804
3363	-0.8798
3364	-0.8623
3365	-0.8825
3366	-0.8577
3367	-0.869
3368	-0.8742
3369	-0.8468
3370	-0.8553
3371	-0.8706
3372	-0.852
3373	-0.8715
3374	-0.8859
3375	-0.8958
3376	-0.8443
3377	-0.8801
3378	-0.8561
3379	-0.8824
3380	-0.8723
3381	-0.8352
3382	-0.8484
3383	-0.8657
3384	-0.8602
3385	-0.866
3386	-0.8624
3387	-0.8578
3388	-0.8841
3389	-0.8434
3390	-0.8353
3391	-0.8451
3392	-0.8597
3393	-0.8833
3394	-0.8457
3395	-0.8588
3396	-0.8762
3397	-0.873
3398	-0.869
3399	-0.8587
3400	-0.8788
3401	-0.8564
3402	-0.8701
3403	-0.8823
3404	-0.8294
3405	-0.8745
3406	-0.8485
3407	-0.8466
3408	-0.84
3409	-0.8815
3410	-0.855
3411	-0.8996
3412	-0.8879
3413	-0.865
3414	-0.8678
3415	-0.8526
3416	-0.8538
3417	-0.8512
3418	-0.8471
3419	-0.7984
3420	-0.8637
3421	-0.8463
3422	-0.8792
3423	-0.8833
3424	-0.8647
3425	-0.8286
3426	-0.8738
3427	-0.8854
3428	-0.8589
3429	-0.8813
3430	-0.8662
3431	-0.8769
3432	-0.8487
3433	-0.8565
3434	-0.8313
3435	-0.8895
3436	-0.8886
3437	-0.8505
3438	-0.8139
3439	-0.86
3440	-0.8664
3441	-0.8534
3442	-0.8685
3443	-0.8691
3444	-0.8528
3445	-0.8697
3446	-0.8741
3447	-0.8539
3448	-0.8408
3449	-0.8612
3450	-0.8495
3451	-0.8834
3452	-0.8779
3453	-0.8778
3454	-0.8786
3455	-0.8249
3456	-0.8805
3457	-0.8458
3458	-0.8701
3459	-0.8693
3460	-0.8762
3461	-0.8553
3462	-0.8824
3463	-0.8773
3464	-0.8686
3465	-0.8836
3466	-0.8587
3467	-0.8297
3468	-0.8557
3469	-0.8432
3470	-0.8783
3471	-0.8388
3472	-0.8745
3473	-0.8707
3474	-0.8451
3475	-0.8561
3476	-0.8814
3477	-0.8893
3478	-0.8643
3479	-0.8416
3480	-0.8767
3481	-0.8714
3482	-0.8356
3483	-0.873
3484	-0.8547
3485	-0.8731
3486	-0.8867
3487	-0.8363
3488	-0.8569
3489	-0.8481
3490	-0.8415
3491	-0.8681
3492	-0.8672
3493	-0.8765
3494	-0.8608
3495	-0.8002
3496	-0.8474
3497	-0.8493
3498	-0.8654
3499	-0.8812
3500	-0.8407
3501	-0.8526
3502	-0.8637
3503	-0.8554
3504	-0.8603
3505	-0.8448
3506	-0.8339
3507	-0.881
3508	-0.8752
3509	-0.8635
3510	-0.8935
3511	-0.8612
3512	-0.8419
3513	-0.8304
3514	-0.8692
3515	-0.8301
3516	-0.8745
3517	-0.8349
3518	-0.8585
3519	-0.8495
3520	-0.8774
3521	-0.8273
3522	-0.8409
3523	-0.8632
3524	-0.856
3525	-0.8737
3526	-0.8754
3527	-0.8881
3528	-0.8953
3529	-0.8592
3530	-0.8375
3531	-0.8337
3532	-0.8409
3533	-0.8605
3534	-0.879
3535	-0.8686
3536	-0.8516
3537	-0.8411
3538	-0.8706
3539	-0.8789
3540	-0.8663
3541	-0.864
3542	-0.8601
3543	-0.8498
3544	-0.8726
3545	-0.8218
3546	-0.8339
3547	-0.8789
3548	-0.8623
3549	-0.8434
3550	-0.8462
3551	-0.8747
3552	-0.8445
3553	-0.8357
3554	-0.8575
3555	-0.8693
3556	-0.8652
3557	-0.8366
3558	-0.8639
3559	-0.865
3560	-0.8707
3561	-0.8608
3562	-0.8945
3563	-0.8264
3564	-0.8618
3565	-0.8618
3566	-0.8711
3567	-0.8811
3568	-0.8664
3569	-0.8997
3570	-0.8718
3571	-0.8707
3572	-0.8343
3573	-0.8195
3574	-0.861
3575	-0.8397
3576	-0.8692
3577	-0.8566
3578	-0.8568
3579	-0.898
3580	-0.8858
3581	-0.8629
3582	-0.8705
3583	-0.8799
3584	-0.8229
3585	-0.8549
3586	-0.8798
3587	-0.8542
3588	-0.8856
3589	-0.8895
3590	-0.8696
3591	-0.8826
3592	-0.8413
3593	-0.8622
3594	-0.869
3595	-0.8815
3596	-0.8831
3597	-0.8602
3598	-0.8614
3599	-0.863
3600	-0.8483
3601	-0.8545
3602	-0.8683
3603	-0.88
3604	-0.8711
3605	-0.8599
3606	-0.8629
3607	-0.8549
3608	-0.8469
3609	-0.8505
3610	-0.8598
3611	-0.8627
3612	-0.8663
3613	-0.8894
3614	-0.8647
3615	-0.8399
3616	-0.8603
3617	-0.8835
3618	-0.8712
3619	-0.8376
3620	-0.8626
3621	-0.8827
3622	-0.8625
3623	-0.8828
3624	-0.8819
3625	-0.8958
3626	-0.8843
3627	-0.8812
3628	-0.8328
3629	-0.8531
3630	-0.8423
3631	-0.8847
3632	-0.8626
3633	-0.8623
3634	-0.8661
3635	-0.8496
3636	-0.8639
3637	-0.8742
3638	-0.8375
3639	-0.8631
3640	-0.8473
3641	-0.8544
3642	-0.8659
3643	-0.8534
3644	-0.8752
3645	-0.8582
3646	-0.8227
3647	-0.8677
3648	-0.9014
3649	-0.9022
3650	-0.856
3651	-0.8458
3652	-0.8622
3653	-0.848
3654	-0.8523
3655	-0.8813
3656	-0.8829
3657	-0.8734
3658	-0.844
3659	-0.8449
3660	-0.8488
3661	-0.8473
3662	-0.8621
3663	-0.8245
3664	-0.8878
3665	-0.8574
3666	-0.8608
3667	-0.8569
3668	-0.902
3669	-0.8433
3670	-0.8845
3671	-0.859
3672	-0.8467
3673	-0.8486
3674	-0.8515
3675	-0.8436
3676	-0.8715
3677	-0.8623
3678	-0.8662
3679	-0.8618
3680	-0.8576
3681	-0.8603
3682	-0.8446
3683	-0.8759
3684	-0.8629
3685	-0.8737
3686	-0.8691
3687	-0.8604
3688	-0.8636
3689	-0.8685
3690	-0.8964
3691	-0.8544
3692	-0.8547
3693	-0.8207
3694	-0.8166
3695	-0.8631
3696	-0.8785
3697	-0.8323
3698	-0.8454
3699	-0.8095
3700	-0.8758
3701	-0.8689
3702	-0.8613
3703	-0.871
3704	-0.86
3705	-0.8489
3706	-0.8686
3707	-0.872
3708	-0.8712
3709	-0.8394
3710	-0.8913
3711	-0.854
3712	-0.8616
3713	-0.8512
3714	-0.8019
3715	-0.8687
3716	-0.833
3717	-0.8779
3718	-0.8787
3719	-0.8783
3720	-0.863
3721	-0.8712
3722	-0.8715
3723	-0.8374
3724	-0.8455
3725	-0.8741
3726	-0.8716
3727	-0.8446
3728	-0.863
3729	-0.8345
3730	-0.8696
3731	-0.8508
3732	-0.8426
3733	-0.8471
3734	-0.8473
3735	-0.8778
3736	-0.8547
3737	-0.8531
3738	-0.874
3739	-0.8839
3740	-0.8638
3741	-0.8544
3742	-0.8884
3743	-0.856
3744	-0.8622
3745	-0.8743
3746	-0.8881
3747	-0.8721
3748	-0.8304
3749	-0.8495
3750	-0.8577
3751	-0.8764
3752	-0.8475
3753	-0.8518
3754	-0.8799
3755	-0.8858
3756	-0.8728
3757	-0.8465
3758	-0.8438
3759	-0.8918
3760	-0.8738
3761	-0.8636
3762	-0.825
3763	-0.874
3764	-0.8601
3765	-0.8694
3766	-0.8627
3767	-0.8579
3768	-0.8783
3769	-0.845
3770	-0.8277
3771	-0.8657
3772	-0.8657
3773	-0.8683
3774	-0.8847
3775	-0.8682
3776	-0.8356
3777	-0.865
3778	-0.8769
3779	-0.8736
3780	-0.8784
3781	-0.8518
3782	-0.8674
3783	-0.8418
3784	-0.8612
3785	-0.8997
3786	-0.8811
3787	-0.8687
3788	-0.8481
3789	-0.8563
3790	-0.8624
3791	-0.8422
3792	-0.8865
3793	-0.8628
3794	-0.8495
3795	-0.8696
3796	-0.8325
3797	-0.8945
3798	-0.8523
3799	-0.852
3800	-0.8536
3801	-0.8728
3802	-0.825
3803	-0.8624
3804	-0.8701
3805	-0.8606
3806	-0.8669
3807	-0.8827
3808	-0.8804
3809	-0.8399
3810	-0.8579
3811	-0.8526
3812	-0.8722
3813	-0.8457
3814	-0.8548
3815	-0.854
3816	-0.8882
3817	-0.8697
3818	-0.8883
3819	-0.864
3820	-0.8753
3821	-0.8638
3822	-0.8725
3823	-0.9118
3824	-0.8796
3825	-0.8855
3826	-0.8676
3827	-0.8891
3828	-0.8421
3829	-0.8695
3830	-0.836
3831	-0.8449
3832	-0.8432
3833	-0.8261
3834	-0.8611
3835	-0.8519
3836	-0.8769
3837	-0.8598
3838	-0.8659
3839	-0.8428
3840	-0.8587
3841	-0.8362
3842	-0.866
3843	-0.8641
3844	-0.8716
3845	-0.8723
3846	-0.8793
3847	-0.8655
3848	-0.8456
3849	-0.8269
3850	-0.857
3851	-0.8827
3852	-0.8884
3853	-0.8745
3854	-0.8284
3855	-0.8757
3856	-0.8708
3857	-0.8561
3858	-0.8654
3859	-0.8575
3860	-0.8332
3861	-0.878
3862	-0.8709
3863	-0.8543
3864	-0.8784
3865	-0.8782
3866	-0.8654
3867	-0.8489
3868	-0.8513
3869	-0.884
3870	-0.8613
3871	-0.8627
3872	-0.854
3873	-0.8489
3874	-0.831
3875	-0.8607
3876	-0.881
3877	-0.8666
3878	-0.8986
3879	-0.8635
3880	-0.849
3881	-0.8658
3882	-0.8606
3883	-0.8653
3884	-0.8678
3885	-0.8375
3886	-0.8645
3887	-0.873
3888	-0.8971
3889	-0.8552
3890	-0.8904
3891	-0.8695
3892	-0.8703
3893	-0.8576
3894	-0.8624
3895	-0.8545
3896	-0.8727
3897	-0.8212
3898	-0.8486
3899	-0.8566
3900	-0.8822
3901	-0.8712
3902	-0.8996
3903	-0.8053
3904	-0.8523
3905	-0.863
3906	-0.8502
3907	-0.8662
3908	-0.882
3909	-0.825
3910	-0.828
3911	-0.8638
3912	-0.8269
3913	-0.8844
3914	-0.8605
3915	-0.8521
3916	-0.8681
3917	-0.8761
3918	-0.8705
3919	-0.8505
3920	-0.8614
3921	-0.847
3922	-0.8518
3923	-0.8695
3924	-0.8567
3925	-0.8862
3926	-0.8574
3927	-0.8846
3928	-0.8425
3929	-0.8581
3930	-0.8662
3931	-0.8466
3932	-0.8454
3933	-0.8464
3934	-0.859
3935	-0.864
3936	-0.8716
3937	-0.865
3938	-0.8749
3939	-0.8685
3940	-0.8604
3941	-0.8652
3942	-0.8657
3943	-0.8537
3944	-0.887
3945	-0.8616
3946	-0.8478
3947	-0.873
3948	-0.8534
3949	-0.8804
3950	-0.8567
3951	-0.8852
3952	-0.8791
3953	-0.8733
3954	-0.8743
3955	-0.878
3956	-0.8545
3957	-0.8669
3958	-0.8614
3959	-0.878
3960	-0.8646
3961	-0.8502
3962	-0.8667
3963	-0.8561
3964	-0.8688
3965	-0.8282
3966	-0.873
3967	-0.8783
3968	-0.8717
3969	-0.8677
3970	-0.8922
3971	-0.8396
3972	-0.8644
3973	-0.8624
3974	-0.8261
3975	-0.894
3976	-0.8701
3977	-0.8635
3978	-0.8705
3979	-0.8625
3980	-0.8416
3981	-0.8383
3982	-0.8855
3983	-0.8697
3984	-0.8767
3985	-0.8666
3986	-0.8785
3987	-0.8491
3988	-0.8961
3989	-0.8543
3990	-0.8837
3991	-0.8577
3992	-0.8762
3993	-0.856
3994	-0.8633
3995	-0.8725
3996	-0.8635
3997	-0.8621
3998	-0.8627
3999	-0.8707
4000	-0.83
4001	-0.8503
4002	-0.8552
4003	-0.859
4004	-0.876
4005	-0.8644
4006	-0.8609
4007	-0.8725
4008	-0.8097
4009	-0.8514
4010	-0.8452
4011	-0.8629
4012	-0.8507
4013	-0.8467
4014	-0.878
4015	-0.8718
4016	-0.8597
4017	-0.8975
4018	-0.8796
4019	-0.8302
4020	-0.8563
4021	-0.8791
4022	-0.8502
4023	-0.8811
4024	-0.8595
4025	-0.8216
4026	-0.8923
4027	-0.8632
4028	-0.8827
4029	-0.8635
4030	-0.88
4031	-0.8796
4032	-0.8395
4033	-0.876
4034	-0.8426
4035	-0.864
4036	-0.8623
4037	-0.8467
4038	-0.8529
4039	-0.8494
4040	-0.8649
4041	-0.8598
4042	-0.8671
4043	-0.8608
4044	-0.8933
4045	-0.8518
4046	-0.8747
4047	-0.8845
4048	-0.8426
4049	-0.872
4050	-0.8666
4051	-0.8599
4052	-0.8428
4053	-0.8311
4054	-0.8486
4055	-0.8889
4056	-0.8747
4057	-0.8533
4058	-0.8599
4059	-0.861
4060	-0.8656
4061	-0.8222
4062	-0.835
4063	-0.8142
4064	-0.8483
4065	-0.8632
4066	-0.838
4067	-0.8603
4068	-0.8716
4069	-0.848
4070	-0.8431
4071	-0.8858
4072	-0.8614
4073	-0.8542
4074	-0.851
4075	-0.857
4076	-0.8313
4077	-0.8696
4078	-0.8984
4079	-0.8878
4080	-0.8614
4081	-0.8603
4082	-0.8435
4083	-0.8523
4084	-0.8763
4085	-0.8603
4086	-0.8749
4087	-0.8693
4088	-0.8839
4089	-0.8502
4090	-0.832
4091	-0.8887
4092	-0.8711
4093	-0.8655
4094	-0.8869
4095	-0.8751
4096	-0.8597
4097	-0.8718
4098	-0.8801
4099	-0.8458
4100	-0.8678
4101	-0.8524
4102	-0.863
4103	-0.8442
4104	-0.8746
4105	-0.8387
4106	-0.8766
4107	-0.8674
4108	-0.8537
4109	-0.8608
4110	-0.8454
4111	-0.8602
4112	-0.8743
4113	-0.8691
4114	-0.8899
4115	-0.8431
4116	-0.8366
4117	-0.8595
4118	-0.85
4119	-0.8576
4120	-0.843
4121	-0.8559
4122	-0.8634
4123	-0.8613
4124	-0.8825
4125	-0.8774
4126	-0.8621
4127	-0.8578
4128	-0.8873
4129	-0.869
4130	-0.8474
4131	-0.8475
4132	-0.8147
4133	-0.8682
4134	-0.8617
4135	-0.8257
4136	-0.8516
4137	-0.8707
4138	-0.8748
4139	-0.8629
4140	-0.8524
4141	-0.8706
4142	-0.8778
4143	-0.8559
4144	-0.8486
4145	-0.8655
4146	-0.8924
4147	-0.8364
4148	-0.8505
4149	-0.8682
4150	-0.876
4151	-0.8675
4152	-0.8659
4153	-0.8478
4154	-0.8602
4155	-0.8309
4156	-0.8322
4157	-0.8594
4158	-0.8708
4159	-0.8543
4160	-0.831
4161	-0.8503
4162	-0.8234
4163	-0.8752
4164	-0.8612
4165	-0.8509
4166	-0.8475
4167	-0.8604
4168	-0.8362
4169	-0.8654
4170	-0.8692
4171	-0.8713
4172	-0.8776
4173	-0.8621
4174	-0.8303
4175	-0.8625
4176	-0.8366
4177	-0.8566
4178	-0.8802
4179	-0.8451
4180	-0.8422
4181	-0.831
4182	-0.877
4183	-0.8503
4184	-0.8709
4185	-0.867
4186	-0.8368
4187	-0.858
4188	-0.8929
4189	-0.8571
4190	-0.8637
4191	-0.883
4192	-0.844
4193	-0.8135
4194	-0.8531
4195	-0.8494
4196	-0.8713
4197	-0.8782
4198	-0.8892
4199	-0.8618
4200	-0.8488
4201	-0.8753
4202	-0.8658
4203	-0.8835
4204	-0.8802
4205	-0.8569
4206	-0.8681
4207	-0.8746
4208	-0.8465
4209	-0.8531
4210	-0.8672
4211	-0.8562
4212	-0.8491
4213	-0.8621
4214	-0.8589
4215	-0.8648
4216	-0.8394
4217	-0.8243
4218	-0.8766
4219	-0.8537
4220	-0.8641
4221	-0.8556
4222	-0.8812
4223	-0.8495
4224	-0.8599
4225	-0.8755
4226	-0.846
4227	-0.8354
4228	-0.8279
4229	-0.8791
4230	-0.8368
4231	-0.8671
4232	-0.862
4233	-0.8712
4234	-0.8381
4235	-0.8953
4236	-0.8654
4237	-0.8814
4238	-0.8709
4239	-0.8562
4240	-0.8832
4241	-0.8331
4242	-0.8706
4243	-0.8625
4244	-0.8552
4245	-0.8834
4246	-0.8707
4247	-0.8307
4248	-0.8446
4249	-0.8802
4250	-0.8309
4251	-0.8709
4252	-0.8457
4253	-0.8588
4254	-0.8587
4255	-0.884
4256	-0.853
4257	-0.8653
4258	-0.8719
4259	-0.8768
4260	-0.8674
4261	-0.8662
4262	-0.8806
4263	-0.8587
4264	-0.8588
4265	-0.8908
4266	-0.8632
4267	-0.8875
4268	-0.8851
4269	-0.8775
4270	-0.8654
4271	-0.8627
4272	-0.8297
4273	-0.8632
4274	-0.8735
4275	-0.8539
4276	-0.8592
4277	-0.8718
4278	-0.8536
4279	-0.8713
4280	-0.8936
4281	-0.8663
4282	-0.8584
4283	-0.8669
4284	-0.8358
4285	-0.8397
4286	-0.8627
4287	-0.8938
4288	-0.8452
4289	-0.8066
4290	-0.8476
4291	-0.8436
4292	-0.8433
4293	-0.8509
4294	-0.871
4295	-0.8492
4296	-0.88
4297	-0.8452
4298	-0.8641
4299	-0.8798
4300	-0.8161
4301	-0.8767
4302	-0.8879
4303	-0.8601
4304	-0.8919
4305	-0.8888
4306	-0.8806
4307	-0.8728
4308	-0.8873
4309	-0.8918
4310	-0.8507
4311	-0.8646
4312	-0.8724
4313	-0.8931
4314	-0.8413
4315	-0.8607
4316	-0.8652
4317	-0.8674
4318	-0.8517
4319	-0.8724
4320	-0.8641
4321	-0.8531
4322	-0.8571
4323	-0.844
4324	-0.8322
4325	-0.8644
4326	-0.874
4327	-0.8468
4328	-0.8728
4329	-0.8534
4330	-0.8653
4331	-0.8882
4332	-0.8509
4333	-0.8613
4334	-0.9025
4335	-0.8731
4336	-0.8693
4337	-0.8762
4338	-0.8703
4339	-0.8596
4340	-0.8743
4341	-0.8604
4342	-0.878
4343	-0.8639
4344	-0.8761
4345	-0.8597
4346	-0.8774
4347	-0.9007
4348	-0.867
4349	-0.8803
4350	-0.8043
4351	-0.8363
4352	-0.8441
4353	-0.869
4354	-0.8814
4355	-0.8759
4356	-0.8451
4357	-0.8317
4358	-0.8796
4359	-0.8372
4360	-0.8553
4361	-0.8481
4362	-0.8522
4363	-0.8387
4364	-0.872
4365	-0.8394
4366	-0.8766
4367	-0.8573
4368	-0.841
4369	-0.8805
4370	-0.8713
4371	-0.8636
4372	-0.8571
4373	-0.8741
4374	-0.8534
4375	-0.8614
4376	-0.8596
4377	-0.8058
4378	-0.8556
4379	-0.8651
4380	-0.8733
4381	-0.8438
4382	-0.8707
4383	-0.8776
4384	-0.8712
4385	-0.8587
4386	-0.9036
4387	-0.867
4388	-0.8812
4389	-0.8734
4390	-0.8339
4391	-0.8842
4392	-0.8864
4393	-0.9005
4394	-0.8784
4395	-0.8216
4396	-0.8559
4397	-0.8572
4398	-0.8395
4399	-0.8633
4400	-0.8457
4401	-0.86
4402	-0.8749
4403	-0.8472
4404	-0.882
4405	-0.8653
4406	-0.8821
4407	-0.8601
4408	-0.8575
4409	-0.8709
4410	-0.8217
4411	-0.873
4412	-0.8251
4413	-0.8391
4414	-0.8656
4415	-0.8611
4416	-0.8221
4417	-0.8635
4418	-0.8602
4419	-0.8674
4420	-0.8636
4421	-0.865
4422	-0.8773
4423	-0.8794
4424	-0.8521
4425	-0.8626
4426	-0.8722
4427	-0.8733
4428	-0.8669
4429	-0.8591
4430	-0.8662
4431	-0.8557
4432	-0.8464
4433	-0.8764
4434	-0.8573
4435	-0.8816
4436	-0.8858
4437	-0.8461
4438	-0.8687
4439	-0.8713
4440	-0.845
4441	-0.878
4442	-0.8624
4443	-0.8631
4444	-0.8573
4445	-0.8718
4446	-0.8825
4447	-0.8358
4448	-0.8639
4449	-0.8592
4450	-0.8393
4451	-0.8833
4452	-0.8576
4453	-0.8568
4454	-0.896
4455	-0.8649
4456	-0.8373
4457	-0.8772
4458	-0.8614
4459	-0.8359
4460	-0.8711
4461	-0.8534
4462	-0.8966
4463	-0.841
4464	-0.8457
4465	-0.8854
4466	-0.8795
4467	-0.8676
4468	-0.8801
4469	-0.866
4470	-0.8632
4471	-0.8649
4472	-0.8741
4473	-0.8713
4474	-0.8625
4475	-0.8645
4476	-0.8796
4477	-0.8813
4478	-0.8614
4479	-0.8507
4480	-0.8828
4481	-0.8848
4482	-0.8656
4483	-0.8363
4484	-0.8764
4485	-0.8867
4486	-0.8655
4487	-0.842
4488	-0.8672
4489	-0.86
4490	-0.863
4491	-0.8713
4492	-0.8599
4493	-0.8509
4494	-0.8583
4495	-0.8825
4496	-0.8706
4497	-0.872
4498	-0.8938
4499	-0.8804
4500	-0.8428
4501	-0.8693
4502	-0.8958
4503	-0.8464
4504	-0.8761
4505	-0.8772
4506	-0.8446
4507	-0.8312
4508	-0.8893
4509	-0.834
4510	-0.8411
4511	-0.8266
4512	-0.8658
4513	-0.8504
4514	-0.8462
4515	-0.8462
4516	-0.8892
4517	-0.8377
4518	-0.8555
4519	-0.8798
4520	-0.8827
4521	-0.8775
4522	-0.8616
4523	-0.8637
4524	-0.8605
4525	-0.8967
4526	-0.8677
4527	-0.8492
4528	-0.8735
4529	-0.865
4530	-0.8848
4531	-0.8634
4532	-0.8557
4533	-0.876
4534	-0.8765
4535	-0.8934
4536	-0.877
4537	-0.8952
4538	-0.8336
4539	-0.8724
4540	-0.8657
4541	-0.8659
4542	-0.8608
4543	-0.861
4544	-0.87
4545	-0.8781
4546	-0.855
4547	-0.8675
4548	-0.8637
4549	-0.8724
4550	-0.8633
4551	-0.8754
4552	-0.8616
4553	-0.8812
4554	-0.8622
4555	-0.8477
4556	-0.8293
4557	-0.8613
4558	-0.86
4559	-0.8821
4560	-0.8719
4561	-0.8958
4562	-0.8649
4563	-0.8932
4564	-0.8596
4565	-0.8787
4566	-0.8469
4567	-0.8635
4568	-0.8456
4569	-0.8291
4570	-0.8459
4571	-0.8791
4572	-0.8687
4573	-0.8665
4574	-0.8669
4575	-0.8683
4576	-0.826
4577	-0.8663
4578	-0.8335
4579	-0.8927
4580	-0.883
4581	-0.8529
4582	-0.8687
4583	-0.8509
4584	-0.889
4585	-0.8637
4586	-0.8467
4587	-0.8771
4588	-0.8447
4589	-0.8586
4590	-0.8819
4591	-0.8219
4592	-0.8692
4593	-0.8334
4594	-0.8536
4595	-0.8717
4596	-0.8534
4597	-0.8607
4598	-0.8675
4599	-0.8746
4600	-0.8827
4601	-0.8554
4602	-0.8832
4603	-0.8708
4604	-0.8493
4605	-0.865
4606	-0.8808
4607	-0.8699
4608	-0.8268
4609	-0.8892
4610	-0.8691
4611	-0.8657
4612	-0.8531
4613	-0.8629
4614	-0.8863
4615	-0.8477
4616	-0.8583
4617	-0.8756
4618	-0.869
4619	-0.8687
4620	-0.8698
4621	-0.8671
4622	-0.8561
4623	-0.8504
4624	-0.8548
4625	-0.8857
4626	-0.8244
4627	-0.849
4628	-0.858
4629	-0.868
4630	-0.8641
4631	-0.8633
4632	-0.8607
4633	-0.8716
4634	-0.8817
4635	-0.8752
4636	-0.8284
4637	-0.8673
4638	-0.868
4639	-0.8463
4640	-0.8516
4641	-0.8756
4642	-0.8833
4643	-0.8622
4644	-0.8558
4645	-0.8871
4646	-0.8402
4647	-0.8698
4648	-0.8684
4649	-0.8545
4650	-0.8558
4651	-0.8642
4652	-0.8677
4653	-0.8629
4654	-0.8721
4655	-0.8605
4656	-0.8171
4657	-0.8832
4658	-0.8775
4659	-0.8816
4660	-0.8113
4661	-0.8426
4662	-0.8465
4663	-0.899
4664	-0.8496
4665	-0.8669
4666	-0.8663
4667	-0.8663
4668	-0.867
4669	-0.8929
4670	-0.8833
4671	-0.8376
4672	-0.8879
4673	-0.8786
4674	-0.8384
4675	-0.8751
4676	-0.8349
4677	-0.8567
4678	-0.8366
4679	-0.8645
4680	-0.8742
4681	-0.8602
4682	-0.8962
4683	-0.8541
4684	-0.8997
4685	-0.8636
4686	-0.888
4687	-0.8762
4688	-0.863
4689	-0.8468
4690	-0.876
4691	-0.8578
4692	-0.8655
4693	-0.8881
4694	-0.8767
4695	-0.8688
4696	-0.8751
4697	-0.8716
4698	-0.8442
4699	-0.8544
4700	-0.882
4701	-0.9084
4702	-0.8758
4703	-0.8528
4704	-0.8452
4705	-0.8392
4706	-0.8706
4707	-0.86
4708	-0.8815
4709	-0.8576
4710	-0.8538
4711	-0.859
4712	-0.8511
4713	-0.8952
4714	-0.8652
4715	-0.8629
4716	-0.8522
4717	-0.8537
4718	-0.8534
4719	-0.9006
4720	-0.8901
4721	-0.8684
4722	-0.8451
4723	-0.8653
4724	-0.8757
4725	-0.8793
4726	-0.8487
4727	-0.8783
4728	-0.8545
4729	-0.8617
4730	-0.8616
4731	-0.8734
4732	-0.8873
4733	-0.8589
4734	-0.8759
4735	-0.8945
4736	-0.8735
4737	-0.8622
4738	-0.8401
4739	-0.8711
4740	-0.8716
4741	-0.8644
4742	-0.8606
4743	-0.8515
4744	-0.8563
4745	-0.85
4746	-0.8809
4747	-0.8578
4748	-0.8603
4749	-0.8555
4750	-0.8685
4751	-0.8873
4752	-0.8754
4753	-0.8513
4754	-0.8469
4755	-0.8404
4756	-0.8764
4757	-0.8572
4758	-0.8709
4759	-0.854
4760	-0.846
4761	-0.8558
4762	-0.8617
4763	-0.8869
4764	-0.8472
4765	-0.8647
4766	-0.8638
4767	-0.8764
4768	-0.8759
4769	-0.8657
4770	-0.8654
4771	-0.8786
4772	-0.8265
4773	-0.871
4774	-0.8675
4775	-0.8235
4776	-0.8992
4777	-0.879
4778	-0.8541
4779	-0.8758
4780	-0.8516
4781	-0.897
4782	-0.8581
4783	-0.8937
4784	-0.8439
4785	-0.8748
4786	-0.837
4787	-0.8442
4788	-0.8861
4789	-0.8747
4790	-0.8773
4791	-0.8758
4792	-0.876
4793	-0.8383
4794	-0.8484
4795	-0.8518
4796	-0.8842
4797	-0.8579
4798	-0.8852
4799	-0.8829
4800	-0.8663
4801	-0.8666
4802	-0.83
4803	-0.8767
4804	-0.8471
4805	-0.853
4806	-0.8518
4807	-0.885
4808	-0.8584
4809	-0.8702
4810	-0.8816
4811	-0.8693
4812	-0.8517
4813	-0.86
4814	-0.8874
4815	-0.8671
4816	-0.8782
4817	-0.8311
4818	-0.8703
4819	-0.861
4820	-0.8652
4821	-0.8492
4822	-0.8347
4823	-0.862
4824	-0.8732
4825	-0.8824
4826	-0.863
4827	-0.859
4828	-0.8901
4829	-0.8335
4830	-0.8624
4831	-0.8854
4832	-0.8381
4833	-0.8768
4834	-0.8629
4835	-0.8593
4836	-0.8756
4837	-0.8503
4838	-0.8932
4839	-0.8792
4840	-0.8837
4841	-0.8477
4842	-0.878
4843	-0.8493
4844	-0.8941
4845	-0.8463
4846	-0.8502
4847	-0.8581
4848	-0.8625
4849	-0.8465
4850	-0.8461
4851	-0.8639
4852	-0.8504
4853	-0.8481
4854	-0.8843
4855	-0.846
4856	-0.8385
4857	-0.868
4858	-0.8538
4859	-0.8461
4860	-0.8648
4861	-0.8718
4862	-0.8676
4863	-0.8741
4864	-0.8601
4865	-0.882
4866	-0.8737
4867	-0.8601
4868	-0.8575
4869	-0.8986
4870	-0.8945
4871	-0.8603
4872	-0.8578
4873	-0.8745
4874	-0.8378
4875	-0.8606
4876	-0.8796
4877	-0.8757
4878	-0.8665
4879	-0.8624
4880	-0.848
4881	-0.8354
4882	-0.845
4883	-0.8861
4884	-0.8399
4885	-0.8162
4886	-0.861
4887	-0.8685
4888	-0.8755
4889	-0.8378
4890	-0.8934
4891	-0.8583
4892	-0.858
4893	-0.8631
4894	-0.8749
4895	-0.8835
4896	-0.8299
4897	-0.8564
4898	-0.8524
4899	-0.8837
4900	-0.86
4901	-0.8615
4902	-0.8534
4903	-0.8761
4904	-0.8835
4905	-0.8751
4906	-0.8505
4907	-0.8612
4908	-0.8624
4909	-0.8557
4910	-0.8241
4911	-0.8309
4912	-0.8585
4913	-0.8707
4914	-0.8864
4915	-0.8442
4916	-0.852
4917	-0.873
4918	-0.8617
4919	-0.8594
4920	-0.8714
4921	-0.863
4922	-0.8493
4923	-0.8881
4924	-0.89
4925	-0.8492
4926	-0.8966
4927	-0.8756
4928	-0.8898
4929	-0.8708
4930	-0.8412
4931	-0.8721
4932	-0.8638
4933	-0.8604
4934	-0.8537
4935	-0.8503
4936	-0.829
4937	-0.8206
4938	-0.8702
4939	-0.8745
4940	-0.8597
4941	-0.8691
4942	-0.892
4943	-0.865
4944	-0.8593
4945	-0.8482
4946	-0.8394
4947	-0.861
4948	-0.8675
4949	-0.8672
4950	-0.832
4951	-0.8583
4952	-0.8721
4953	-0.8825
4954	-0.8692
4955	-0.8894
4956	-0.8649
4957	-0.888
4958	-0.895
4959	-0.8949
4960	-0.8543
4961	-0.8615
4962	-0.8492
4963	-0.8339
4964	-0.8632
4965	-0.8686
4966	-0.8637
4967	-0.8576
4968	-0.8853
4969	-0.8714
4970	-0.8904
4971	-0.879
4972	-0.8816
4973	-0.8612
4974	-0.8884
4975	-0.8803
4976	-0.8731
4977	-0.8764
4978	-0.8565
4979	-0.8581
4980	-0.8493
4981	-0.8571
4982	-0.8342
4983	-0.8691
4984	-0.861
4985	-0.8422
4986	-0.8707
4987	-0.8839
4988	-0.8717
4989	-0.8655
4990	-0.8666
4991	-0.8762
4992	-0.8646
4993	-0.862
4994	-0.857
4995	-0.8527
4996	-0.9025
4997	-0.8851
4998	-0.8356
4999	-0.8522
5000	-0.8367
5001	-0.8711
5002	-0.8739
5003	-0.8481
5004	-0.8256
5005	-0.8762
5006	-0.8859
5007	-0.8506
5008	-0.8641
5009	-0.8651
5010	-0.8593
5011	-0.8529
5012	-0.8625
5013	-0.8623
5014	-0.8328
5015	-0.877
5016	-0.8642
5017	-0.8622
5018	-0.8282
5019	-0.8634
5020	-0.8375
5021	-0.8595
5022	-0.8653
5023	-0.8576
5024	-0.8624
5025	-0.8544
5026	-0.8744
5027	-0.8237
5028	-0.8571
5029	-0.8747
5030	-0.8571
5031	-0.8777
5032	-0.8659
5033	-0.8355
5034	-0.8455
5035	-0.8696
5036	-0.8457
5037	-0.8474
5038	-0.8667
5039	-0.8769
5040	-0.8685
5041	-0.8869
5042	-0.9011
5043	-0.8642
5044	-0.8102
5045	-0.8759
5046	-0.8549
5047	-0.8847
5048	-0.842
5049	-0.851
5050	-0.886
5051	-0.8816
5052	-0.856
5053	-0.8427
5054	-0.8355
5055	-0.8686
5056	-0.8872
5057	-0.8859
5058	-0.8786
5059	-0.9037
5060	-0.8481
5061	-0.892
5062	-0.8823
5063	-0.8822
5064	-0.8542
5065	-0.869
5066	-0.8414
5067	-0.8627
5068	-0.89
5069	-0.8516
5070	-0.8917
5071	-0.8519
5072	-0.8462
5073	-0.8682
5074	-0.8618
5075	-0.8815
5076	-0.8396
5077	-0.8736
5078	-0.8268
5079	-0.8771
5080	-0.8536
5081	-0.8962
5082	-0.8718
5083	-0.8043
5084	-0.8916
5085	-0.8688
5086	-0.881
5087	-0.876
5088	-0.8543
5089	-0.8603
5090	-0.8579
5091	-0.8497
5092	-0.8529
5093	-0.8478
5094	-0.8581
5095	-0.8878
5096	-0.853
5097	-0.8877
5098	-0.8291
5099	-0.7941
5100	-0.8801
5101	-0.8835
5102	-0.8518
5103	-0.8512
5104	-0.8633
5105	-0.8842
5106	-0.8678
5107	-0.8974
5108	-0.891
5109	-0.8729
5110	-0.8605
5111	-0.866
5112	-0.8661
5113	-0.8484
5114	-0.8711
5115	-0.8382
5116	-0.8771
5117	-0.8554
5118	-0.8652
5119	-0.8583
5120	-0.8661
5121	-0.8406
5122	-0.8418
5123	-0.8835
5124	-0.8417
5125	-0.8566
5126	-0.8315
5127	-0.8738
5128	-0.8316
5129	-0.8505
5130	-0.8467
5131	-0.8565
5132	-0.8666
5133	-0.8689
5134	-0.9021
5135	-0.8425
5136	-0.8901
5137	-0.8642
5138	-0.8852
5139	-0.8646
5140	-0.8529
5141	-0.8897
5142	-0.8663
5143	-0.8652
5144	-0.8808
5145	-0.8798
5146	-0.858
5147	-0.8551
5148	-0.8568
5149	-0.8877
5150	-0.8543
5151	-0.8871
5152	-0.8807
5153	-0.868
5154	-0.8344
5155	-0.8254
5156	-0.8139
5157	-0.8697
5158	-0.8589
5159	-0.8559
5160	-0.8843
5161	-0.8606
5162	-0.888
5163	-0.8855
5164	-0.8516
5165	-0.8643
5166	-0.8685
5167	-0.8836
5168	-0.8285
5169	-0.8471
5170	-0.8735
5171	-0.874
5172	-0.903
5173	-0.8388
5174	-0.8621
5175	-0.882
5176	-0.8665
5177	-0.8613
5178	-0.8412
5179	-0.8328
5180	-0.8364
5181	-0.8431
5182	-0.8989
5183	-0.8473
5184	-0.8775
5185	-0.8766
5186	-0.8454
5187	-0.8838
5188	-0.8511
5189	-0.875
5190	-0.842
5191	-0.8736
5192	-0.8504
5193	-0.862
5194	-0.8342
5195	-0.8576
5196	-0.8664
5197	-0.8565
5198	-0.8475
5199	-0.855
5200	-0.8818
5201	-0.8531
5202	-0.8679
5203	-0.8643
5204	-0.838
5205	-0.8487
5206	-0.8462
5207	-0.8244
5208	-0.8345
5209	-0.8873
5210	-0.866
5211	-0.8744
5212	-0.8541
5213	-0.8825
5214	-0.8803
5215	-0.8455
5216	-0.86
5217	-0.8513
5218	-0.8833
5219	-0.8613
5220	-0.855
5221	-0.8602
5222	-0.8728
5223	-0.8651
5224	-0.8535
5225	-0.8419
5226	-0.8669
5227	-0.8795
5228	-0.8743
5229	-0.8506
5230	-0.8505
5231	-0.8756
5232	-0.8271
5233	-0.8579
5234	-0.8408
5235	-0.8624
5236	-0.9007
5237	-0.866
5238	-0.8541
5239	-0.8867
5240	-0.8513
5241	-0.8559
5242	-0.8519
5243	-0.8672
5244	-0.8665
5245	-0.8694
5246	-0.8469
5247	-0.8604
5248	-0.8744
5249	-0.8627
5250	-0.8513
5251	-0.8659
5252	-0.8748
5253	-0.8446
5254	-0.8691
5255	-0.8824
5256	-0.8952
5257	-0.8739
5258	-0.8613
5259	-0.8543
5260	-0.8691
5261	-0.8495
5262	-0.8554
5263	-0.8397
5264	-0.8569
5265	-0.8859
5266	-0.8697
5267	-0.8625
5268	-0.8248
5269	-0.8789
5270	-0.8948
5271	-0.8451
5272	-0.8591
5273	-0.8847
5274	-0.8697
5275	-0.862
5276	-0.8741
5277	-0.8557
5278	-0.8733
5279	-0.8384
5280	-0.8665
5281	-0.9109
5282	-0.8486
5283	-0.8396
5284	-0.8653
5285	-0.8623
5286	-0.8914
5287	-0.867
5288	-0.8432
5289	-0.8453
5290	-0.8727
5291	-0.8902
5292	-0.8734
5293	-0.812
5294	-0.8378
5295	-0.866
5296	-0.855
5297	-0.8632
5298	-0.8576
5299	-0.8548
5300	-0.8376
5301	-0.8319
5302	-0.8755
5303	-0.8855
5304	-0.8806
5305	-0.8818
5306	-0.8717
5307	-0.8992
5308	-0.8479
5309	-0.8717
5310	-0.8376
5311	-0.8229
5312	-0.8486
5313	-0.8293
5314	-0.8336
5315	-0.8625
5316	-0.8557
5317	-0.8745
5318	-0.8779
5319	-0.8561
5320	-0.8486
5321	-0.8674
5322	-0.83
5323	-0.8333
5324	-0.8312
5325	-0.8503
5326	-0.8357
5327	-0.8563
5328	-0.8253
5329	-0.866
5330	-0.8644
5331	-0.8675
5332	-0.8561
5333	-0.8574
5334	-0.887
5335	-0.8717
5336	-0.8622
5337	-0.8672
5338	-0.8935
5339	-0.8866
5340	-0.8598
5341	-0.8618
5342	-0.853
5343	-0.8596
5344	-0.8506
5345	-0.8664
5346	-0.8903
5347	-0.8413
5348	-0.8564
5349	-0.8234
5350	-0.863
5351	-0.8887
5352	-0.8468
5353	-0.8767
5354	-0.8642
5355	-0.8779
5356	-0.8938
5357	-0.8238
5358	-0.8646
5359	-0.8762
5360	-0.8659
5361	-0.8209
5362	-0.861
5363	-0.8688
5364	-0.8725
5365	-0.8482
5366	-0.8627
5367	-0.8796
5368	-0.8697
5369	-0.8575
5370	-0.8803
5371	-0.8631
5372	-0.87
5373	-0.8871
5374	-0.8694
5375	-0.8699
5376	-0.8531
5377	-0.8399
5378	-0.8523
5379	-0.8781
5380	-0.8354
5381	-0.8742
5382	-0.8588
5383	-0.8871
5384	-0.8603
5385	-0.8603
5386	-0.8586
5387	-0.8523
5388	-0.8996
5389	-0.9
5390	-0.8427
5391	-0.8291
5392	-0.8664
5393	-0.8597
5394	-0.8966
5395	-0.847
5396	-0.8843
5397	-0.8674
5398	-0.8495
5399	-0.8803
5400	-0.8611
5401	-0.8204
5402	-0.843
5403	-0.8665
5404	-0.8687
5405	-0.8634
5406	-0.8538
5407	-0.8328
5408	-0.8506
5409	-0.8651
5410	-0.8785
5411	-0.8827
5412	-0.8801
5413	-0.8629
5414	-0.8717
5415	-0.8668
5416	-0.8536
5417	-0.8719
5418	-0.8047
5419	-0.8608
5420	-0.8593
5421	-0.8279
5422	-0.8599
5423	-0.8963
5424	-0.8735
5425	-0.8534
5426	-0.8705
5427	-0.8489
5428	-0.8754
5429	-0.8262
5430	-0.836
5431	-0.8943
5432	-0.8347
5433	-0.8694
5434	-0.8776
5435	-0.8717
5436	-0.8877
5437	-0.8627
5438	-0.8957
5439	-0.8756
5440	-0.8746
5441	-0.8503
5442	-0.8479
5443	-0.8743
5444	-0.9011
5445	-0.8557
5446	-0.8578
5447	-0.8792
5448	-0.8385
5449	-0.8628
5450	-0.8814
5451	-0.8867
5452	-0.8409
5453	-0.8954
5454	-0.8569
5455	-0.8678
5456	-0.859
5457	-0.8357
5458	-0.8638
5459	-0.8865
5460	-0.8637
5461	-0.8468
5462	-0.8344
5463	-0.8772
5464	-0.8705
5465	-0.8686
5466	-0.8718
5467	-0.8526
5468	-0.8413
5469	-0.8501
5470	-0.8501
5471	-0.8952
5472	-0.8706
5473	-0.8447
5474	-0.8491
5475	-0.8776
5476	-0.8187
5477	-0.8569
5478	-0.8726
5479	-0.8474
5480	-0.8625
5481	-0.8545
5482	-0.8621
5483	-0.8606
5484	-0.877
5485	-0.867
5486	-0.8634
5487	-0.8809
5488	-0.8484
5489	-0.8525
5490	-0.8613
5491	-0.87
5492	-0.8763
5493	-0.8376
5494	-0.8898
5495	-0.8341
5496	-0.8701
5497	-0.854
5498	-0.8607
5499	-0.8744
5500	-0.8696
5501	-0.8551
5502	-0.892
5503	-0.8929
5504	-0.8562
5505	-0.8635
5506	-0.8807
5507	-0.8471
5508	-0.8792
5509	-0.8976
5510	-0.8778
5511	-0.8496
5512	-0.8821
5513	-0.8794
5514	-0.8494
5515	-0.8514
5516	-0.8763
5517	-0.8659
5518	-0.8988
5519	-0.8475
5520	-0.8615
5521	-0.8577
5522	-0.8598
5523	-0.8511
5524	-0.8634
5525	-0.8955
5526	-0.8917
5527	-0.896
5528	-0.8619
5529	-0.8276
5530	-0.8705
5531	-0.8676
5532	-0.8528
5533	-0.8639
5534	-0.8777
5535	-0.8539
5536	-0.8664
5537	-0.8493
5538	-0.8584
5539	-0.8448
5540	-0.8309
5541	-0.8736
5542	-0.8603
5543	-0.8321
5544	-0.877
5545	-0.8648
5546	-0.8308
5547	-0.8424
5548	-0.8706
5549	-0.8706
5550	-0.8671
5551	-0.8706
5552	-0.8675
5553	-0.8612
5554	-0.85
5555	-0.8565
5556	-0.8686
5557	-0.8756
5558	-0.869
5559	-0.857
5560	-0.8744
5561	-0.8835
5562	-0.855
5563	-0.8598
5564	-0.8689
5565	-0.854
5566	-0.88
5567	-0.8635
5568	-0.8413
5569	-0.874
5570	-0.86
5571	-0.8625
5572	-0.8676
5573	-0.8562
5574	-0.8538
5575	-0.8627
5576	-0.8622
5577	-0.8415
5578	-0.862
5579	-0.8377
5580	-0.8739
5581	-0.8605
5582	-0.8282
5583	-0.8668
5584	-0.8577
5585	-0.8804
5586	-0.8629
5587	-0.8746
5588	-0.8674
5589	-0.8635
5590	-0.8422
5591	-0.843
5592	-0.8393
5593	-0.862
5594	-0.8659
5595	-0.8594
5596	-0.8759
5597	-0.8703
5598	-0.8959
5599	-0.8597
5600	-0.8454
5601	-0.8516
5602	-0.857
5603	-0.794
5604	-0.8545
5605	-0.8396
5606	-0.8827
5607	-0.8494
5608	-0.9053
5609	-0.8437
5610	-0.8437
5611	-0.8434
5612	-0.8619
5613	-0.8606
5614	-0.8115
5615	-0.8664
5616	-0.8582
5617	-0.8615
5618	-0.8522
5619	-0.8784
5620	-0.8516
5621	-0.832
5622	-0.7999
5623	-0.8498
5624	-0.8734
5625	-0.8517
5626	-0.8359
5627	-0.819
5628	-0.8489
5629	-0.8691
5630	-0.8374
5631	-0.8693
5632	-0.8782
5633	-0.8554
5634	-0.8782
5635	-0.8514
5636	-0.8464
5637	-0.8574
5638	-0.8579
5639	-0.8768
5640	-0.8807
5641	-0.8569
5642	-0.8205
5643	-0.8612
5644	-0.8514
5645	-0.8428
5646	-0.8685
5647	-0.8594
5648	-0.8525
5649	-0.8485
5650	-0.855
5651	-0.8616
5652	-0.8256
5653	-0.8797
5654	-0.8551
5655	-0.8741
5656	-0.8616
5657	-0.8413
5658	-0.8717
5659	-0.851
5660	-0.8779
5661	-0.8797
5662	-0.8493
5663	-0.8726
5664	-0.8584
5665	-0.856
5666	-0.8756
5667	-0.8751
5668	-0.8893
5669	-0.8607
5670	-0.8435
5671	-0.8719
5672	-0.8995
5673	-0.8891
5674	-0.8367
5675	-0.8524
5676	-0.8583
5677	-0.8387
5678	-0.8608
5679	-0.8654
5680	-0.8521
5681	-0.8628
5682	-0.8839
5683	-0.8735
5684	-0.8423
5685	-0.8684
5686	-0.8629
5687	-0.8521
5688	-0.8602
5689	-0.8501
5690	-0.8471
5691	-0.8341
5692	-0.8438
5693	-0.8558
5694	-0.8832
5695	-0.8629
5696	-0.8806
5697	-0.8574
5698	-0.8898
5699	-0.8366
5700	-0.8644
5701	-0.8812
5702	-0.8656
5703	-0.8582
5704	-0.8738
5705	-0.8663
5706	-0.8389
5707	-0.8833
5708	-0.8694
5709	-0.8494
5710	-0.854
5711	-0.8487
5712	-0.8442
5713	-0.8449
5714	-0.8494
5715	-0.8242
5716	-0.8946
5717	-0.8668
5718	-0.8445
5719	-0.8645
5720	-0.8559
5721	-0.8656
5722	-0.8795
5723	-0.8612
5724	-0.8723
5725	-0.8686
5726	-0.8245
5727	-0.8621
5728	-0.8961
5729	-0.8899
5730	-0.8645
5731	-0.8906
5732	-0.8626
5733	-0.8668
5734	-0.92
5735	-0.8383
5736	-0.8698
5737	-0.8585
5738	-0.8662
5739	-0.8653
5740	-0.8584
5741	-0.9019
5742	-0.8907
5743	-0.8506
5744	-0.8516
5745	-0.8745
5746	-0.8651
5747	-0.8733
5748	-0.8264
5749	-0.8625
5750	-0.856
5751	-0.8678
5752	-0.8483
5753	-0.8777
5754	-0.8744
5755	-0.8613
5756	-0.8549
5757	-0.8715
5758	-0.8371
5759	-0.8275
5760	-0.8869
5761	-0.8907
5762	-0.8635
5763	-0.8833
5764	-0.8672
5765	-0.8789
5766	-0.8836
5767	-0.8852
5768	-0.8494
5769	-0.868
5770	-0.8549
5771	-0.8729
5772	-0.8443
5773	-0.8196
5774	-0.8527
5775	-0.864
5776	-0.8904
5777	-0.8393
5778	-0.8818
5779	-0.8608
5780	-0.8803
5781	-0.8818
5782	-0.879
5783	-0.8083
5784	-0.8457
5785	-0.8874
5786	-0.8298
5787	-0.8657
5788	-0.8454
5789	-0.8369
5790	-0.8595
5791	-0.8925
5792	-0.8741
5793	-0.8603
5794	-0.8843
5795	-0.8906
5796	-0.852
5797	-0.8597
5798	-0.8586
5799	-0.8842
5800	-0.8449
5801	-0.858
5802	-0.8681
5803	-0.8674
5804	-0.8757
5805	-0.8823
5806	-0.854
5807	-0.863
5808	-0.8686
5809	-0.8453
5810	-0.8417
5811	-0.8732
5812	-0.868
5813	-0.8717
5814	-0.863
5815	-0.8808
5816	-0.8715
5817	-0.8493
5818	-0.8448
5819	-0.8585
5820	-0.8589
5821	-0.8889
5822	-0.8575
5823	-0.8643
5824	-0.8751
5825	-0.879
5826	-0.8874
5827	-0.8805
5828	-0.8867
5829	-0.8391
5830	-0.8719
5831	-0.8435
5832	-0.8431
5833	-0.8929
5834	-0.8917
5835	-0.8409
5836	-0.8438
5837	-0.8802
5838	-0.8616
5839	-0.8871
5840	-0.8437
5841	-0.8775
5842	-0.8408
5843	-0.86
5844	-0.8641
5845	-0.8778
5846	-0.8491
5847	-0.8585
5848	-0.864
5849	-0.8597
5850	-0.8218
5851	-0.8851
5852	-0.86
5853	-0.8126
5854	-0.8701
5855	-0.8728
5856	-0.8652
5857	-0.9088
5858	-0.887
5859	-0.8711
5860	-0.8752
5861	-0.8638
5862	-0.856
5863	-0.8786
5864	-0.8705
5865	-0.8427
5866	-0.8819
5867	-0.8594
5868	-0.8864
5869	-0.8562
5870	-0.8675
5871	-0.8556
5872	-0.8761
5873	-0.8313
5874	-0.8575
5875	-0.8689
5876	-0.8634
5877	-0.9096
5878	-0.8736
5879	-0.8696
5880	-0.8457
5881	-0.8674
5882	-0.8813
5883	-0.9096
5884	-0.855
5885	-0.8633
5886	-0.8612
5887	-0.8671
5888	-0.8543
5889	-0.8691
5890	-0.836
5891	-0.8713
5892	-0.8413
5893	-0.889
5894	-0.8515
5895	-0.9023
5896	-0.8945
5897	-0.8888
5898	-0.8348
5899	-0.8567
5900	-0.8536
5901	-0.8668
5902	-0.8783
5903	-0.849
5904	-0.8723
5905	-0.8858
5906	-0.8549
5907	-0.8548
5908	-0.8873
5909	-0.8439
5910	-0.8235
5911	-0.8557
5912	-0.8868
5913	-0.8496
5914	-0.8844
5915	-0.8446
5916	-0.8982
5917	-0.856
5918	-0.8754
5919	-0.8528
5920	-0.8642
5921	-0.8539
5922	-0.8733
5923	-0.8227
5924	-0.8781
5925	-0.8837
5926	-0.8633
5927	-0.8701
5928	-0.8516
5929	-0.8802
5930	-0.8735
5931	-0.8685
5932	-0.8897
5933	-0.8752
5934	-0.8409
5935	-0.8834
5936	-0.8718
5937	-0.8767
5938	-0.8638
5939	-0.8689
5940	-0.8697
5941	-0.8874
5942	-0.8651
5943	-0.8726
5944	-0.8579
5945	-0.8549
5946	-0.8677
5947	-0.8718
5948	-0.8668
5949	-0.8424
5950	-0.862
5951	-0.8972
5952	-0.8642
5953	-0.8846
5954	-0.8545
5955	-0.8608
5956	-0.8358
5957	-0.891
5958	-0.8631
5959	-0.8568
5960	-0.8424
5961	-0.8554
5962	-0.7999
5963	-0.8567
5964	-0.8536
5965	-0.8692
5966	-0.8435
5967	-0.8405
5968	-0.8504
5969	-0.8583
5970	-0.8743
5971	-0.8786
5972	-0.8699
5973	-0.8551
5974	-0.8672
5975	-0.8602
5976	-0.8615
5977	-0.9015
5978	-0.8078
5979	-0.8442
5980	-0.8912
5981	-0.866
5982	-0.8811
5983	-0.8897
5984	-0.8549
5985	-0.8458
5986	-0.8593
5987	-0.8854
5988	-0.8549
5989	-0.8768
5990	-0.8661
5991	-0.8184
5992	-0.8579
5993	-0.8794
5994	-0.8404
5995	-0.842
5996	-0.8595
5997	-0.86
5998	-0.8826
5999	-0.908
6000	-0.8654
6001	-0.8601
6002	-0.8656
6003	-0.8834
6004	-0.8798
6005	-0.8506
6006	-0.8641
6007	-0.8614
6008	-0.8387
6009	-0.8423
6010	-0.8934
6011	-0.8831
6012	-0.8778
6013	-0.8356
6014	-0.829
6015	-0.8606
6016	-0.8381
6017	-0.8574
6018	-0.8886
6019	-0.8282
6020	-0.8662
6021	-0.8327
6022	-0.8487
6023	-0.8796
6024	-0.8725
6025	-0.8705
6026	-0.8747
6027	-0.8553
6028	-0.8558
6029	-0.8553
6030	-0.8573
6031	-0.8571
6032	-0.8612
6033	-0.8552
6034	-0.8719
6035	-0.8751
6036	-0.851
6037	-0.8744
6038	-0.81
6039	-0.8711
6040	-0.893
6041	-0.8595
6042	-0.8575
6043	-0.8587
6044	-0.8645
6045	-0.8759
6046	-0.849
6047	-0.8424
6048	-0.8526
6049	-0.8612
6050	-0.8506
6051	-0.8739
6052	-0.8754
6053	-0.8461
6054	-0.8413
6055	-0.8405
6056	-0.8755
6057	-0.8638
6058	-0.8693
6059	-0.8726
6060	-0.863
6061	-0.8647
6062	-0.8165
6063	-0.8454
6064	-0.8879
6065	-0.8547
6066	-0.8444
6067	-0.8805
6068	-0.8756
6069	-0.8756
6070	-0.849
6071	-0.8827
6072	-0.8738
6073	-0.8115
6074	-0.86
6075	-0.8693
6076	-0.875
6077	-0.8544
6078	-0.8587
6079	-0.8847
6080	-0.8587
6081	-0.8532
6082	-0.8543
6083	-0.8924
6084	-0.8659
6085	-0.8731
6086	-0.876
6087	-0.8743
6088	-0.8714
6089	-0.8472
6090	-0.87
6091	-0.8527
6092	-0.8411
6093	-0.8731
6094	-0.8763
6095	-0.86
6096	-0.8521
6097	-0.8836
6098	-0.8668
6099	-0.8815
6100	-0.8289
6101	-0.8628
6102	-0.863
6103	-0.8591
6104	-0.8549
6105	-0.8678
6106	-0.8672
6107	-0.8806
6108	-0.8638
6109	-0.875
6110	-0.8879
6111	-0.857
6112	-0.8749
6113	-0.8461
6114	-0.8623
6115	-0.8304
6116	-0.8578
6117	-0.8545
6118	-0.8659
6119	-0.8612
6120	-0.8215
6121	-0.8811
6122	-0.8361
6123	-0.8584
6124	-0.8266
6125	-0.8541
6126	-0.8643
6127	-0.8705
6128	-0.8881
6129	-0.8555
6130	-0.8561
6131	-0.863
6132	-0.895
6133	-0.8641
6134	-0.8694
6135	-0.8623
6136	-0.8652
6137	-0.8458
6138	-0.8491
6139	-0.862
6140	-0.8544
6141	-0.8569
6142	-0.8764
6143	-0.8643
6144	-0.8759
6145	-0.8916
6146	-0.8737
6147	-0.8565
6148	-0.8708
6149	-0.8386
6150	-0.8836
6151	-0.8922
6152	-0.8647
6153	-0.8665
6154	-0.8784
6155	-0.865
6156	-0.8631
6157	-0.8722
6158	-0.8889
6159	-0.8803
6160	-0.8418
6161	-0.8703
6162	-0.8849
6163	-0.8389
6164	-0.8843
6165	-0.8853
6166	-0.8815
6167	-0.8886
6168	-0.8465
6169	-0.8462
6170	-0.8518
6171	-0.8848
6172	-0.8517
6173	-0.8861
6174	-0.8568
6175	-0.8504
6176	-0.8562
6177	-0.8577
6178	-0.8447
6179	-0.8507
6180	-0.8602
6181	-0.8415
6182	-0.8753
6183	-0.8763
6184	-0.8737
6185	-0.8277
6186	-0.8809
6187	-0.8691
6188	-0.8616
6189	-0.8476
6190	-0.8569
6191	-0.8655
6192	-0.8415
6193	-0.8794
6194	-0.8714
6195	-0.8582
6196	-0.8789
6197	-0.8678
6198	-0.8646
6199	-0.8547
6200	-0.8499
6201	-0.8384
6202	-0.8245
6203	-0.8719
6204	-0.9008
6205	-0.8091
6206	-0.8394
6207	-0.846
6208	-0.8582
6209	-0.8852
6210	-0.8722
6211	-0.8616
6212	-0.8513
6213	-0.903
6214	-0.8774
6215	-0.8935
6216	-0.8912
6217	-0.8663
6218	-0.8651
6219	-0.8876
6220	-0.8435
6221	-0.8658
6222	-0.8561
6223	-0.842
6224	-0.8358
6225	-0.8671
6226	-0.8572
6227	-0.8805
6228	-0.8905
6229	-0.8698
6230	-0.8564
6231	-0.8635
6232	-0.8514
6233	-0.8705
6234	-0.836
6235	-0.8528
6236	-0.8735
6237	-0.8581
6238	-0.8793
6239	-0.8468
6240	-0.868
6241	-0.8639
6242	-0.8746
6243	-0.8803
6244	-0.8686
6245	-0.8564
6246	-0.8553
6247	-0.858
6248	-0.8861
6249	-0.8517
6250	-0.8942
6251	-0.8466
6252	-0.877
6253	-0.8607
6254	-0.8532
6255	-0.8353
6256	-0.844
6257	-0.8704
6258	-0.8626
6259	-0.8732
6260	-0.8848
6261	-0.8672
6262	-0.8709
6263	-0.8736
6264	-0.8567
6265	-0.8874
6266	-0.8692
6267	-0.831
6268	-0.8751
6269	-0.8647
6270	-0.8878
6271	-0.8721
6272	-0.8856
6273	-0.8197
6274	-0.8308
6275	-0.8792
6276	-0.8494
6277	-0.8454
6278	-0.8625
6279	-0.8517
6280	-0.8808
6281	-0.8513
6282	-0.8285
6283	-0.8397
6284	-0.8872
6285	-0.8769
6286	-0.8529
6287	-0.8745
6288	-0.8496
6289	-0.8312
6290	-0.8242
6291	-0.8889
6292	-0.871
6293	-0.8648
6294	-0.8657
6295	-0.8161
6296	-0.8403
6297	-0.8799
6298	-0.8701
6299	-0.883
6300	-0.8979
6301	-0.8636
6302	-0.8523
6303	-0.8443
6304	-0.8572
6305	-0.8757
6306	-0.8473
6307	-0.8908
6308	-0.8535
6309	-0.8743
6310	-0.8898
6311	-0.8613
6312	-0.8693
6313	-0.8598
6314	-0.8528
6315	-0.886
6316	-0.876
6317	-0.8804
6318	-0.8866
6319	-0.8595
6320	-0.8469
6321	-0.877
6322	-0.88
6323	-0.8562
6324	-0.8631
6325	-0.8698
6326	-0.8746
6327	-0.8657
6328	-0.8836
6329	-0.8849
6330	-0.8681
6331	-0.8714
6332	-0.865
6333	-0.8336
6334	-0.8465
6335	-0.8779
6336	-0.858
6337	-0.8863
6338	-0.8607
6339	-0.8631
6340	-0.8758
6341	-0.8604
6342	-0.8115
6343	-0.8859
6344	-0.8906
6345	-0.8581
6346	-0.8453
6347	-0.8558
6348	-0.8718
6349	-0.8284
6350	-0.8636
6351	-0.8713
6352	-0.8615
6353	-0.8679
6354	-0.8872
6355	-0.8551
6356	-0.8265
6357	-0.8652
6358	-0.8361
6359	-0.8316
6360	-0.8596
6361	-0.8675
6362	-0.8451
6363	-0.8471
6364	-0.873
6365	-0.8681
6366	-0.8683
6367	-0.843
6368	-0.8445
6369	-0.8308
6370	-0.8689
6371	-0.8765
6372	-0.8706
6373	-0.8253
6374	-0.8901
6375	-0.8463
6376	-0.8592
6377	-0.8784
6378	-0.8795
6379	-0.8651
6380	-0.8631
6381	-0.8785
6382	-0.8721
6383	-0.8639
6384	-0.8762
6385	-0.8729
6386	-0.8585
6387	-0.8587
6388	-0.853
6389	-0.8864
6390	-0.8647
6391	-0.8675
6392	-0.8646
6393	-0.8864
6394	-0.8713
6395	-0.879
6396	-0.8641
6397	-0.8529
6398	-0.8745
6399	-0.8645
6400	-0.892
6401	-0.8884
6402	-0.8637
6403	-0.8525
6404	-0.8455
6405	-0.8535
6406	-0.881
6407	-0.8573
6408	-0.8865
6409	-0.8656
6410	-0.8299
6411	-0.8524
6412	-0.8612
6413	-0.8586
6414	-0.8612
6415	-0.8488
6416	-0.8508
6417	-0.8562
6418	-0.8805
6419	-0.8537
6420	-0.8469
6421	-0.858
6422	-0.8538
6423	-0.879
6424	-0.847
6425	-0.8465
6426	-0.832
6427	-0.8696
6428	-0.8628
6429	-0.8853
6430	-0.8821
6431	-0.8724
6432	-0.8609
6433	-0.8429
6434	-0.8516
6435	-0.8963
6436	-0.8495
6437	-0.8765
6438	-0.8402
6439	-0.856
6440	-0.8951
6441	-0.8292
6442	-0.8371
6443	-0.8225
6444	-0.8402
6445	-0.8546
6446	-0.8655
6447	-0.871
6448	-0.88
6449	-0.8871
6450	-0.863
6451	-0.8551
6452	-0.8681
6453	-0.891
6454	-0.8547
6455	-0.8809
6456	-0.8554
6457	-0.8678
6458	-0.8582
6459	-0.8899
6460	-0.8662
6461	-0.8907
6462	-0.8492
6463	-0.8454
6464	-0.8933
6465	-0.8635
6466	-0.8435
6467	-0.8612
6468	-0.8769
6469	-0.8721
6470	-0.8814
6471	-0.8806
6472	-0.8858
6473	-0.8426
6474	-0.8688
6475	-0.8488
6476	-0.8255
6477	-0.8543
6478	-0.8568
6479	-0.8848
6480	-0.8652
6481	-0.8422
6482	-0.8612
6483	-0.8587
6484	-0.8279
6485	-0.8433
6486	-0.8462
6487	-0.8531
6488	-0.8827
6489	-0.8692
6490	-0.8791
6491	-0.8733
6492	-0.8423
6493	-0.826
6494	-0.8711
6495	-0.8601
6496	-0.8872
6497	-0.8538
6498	-0.8601
6499	-0.8653
6500	-0.8665
6501	-0.8721
6502	-0.9056
6503	-0.8421
6504	-0.8705
6505	-0.8699
6506	-0.8685
6507	-0.8706
6508	-0.8838
6509	-0.8543
6510	-0.857
6511	-0.8669
6512	-0.8472
6513	-0.8823
6514	-0.8747
6515	-0.8625
6516	-0.898
6517	-0.8791
6518	-0.8905
6519	-0.8808
6520	-0.8771
6521	-0.8415
6522	-0.8605
6523	-0.8533
6524	-0.8717
6525	-0.8715
6526	-0.8579
6527	-0.8642
6528	-0.8847
6529	-0.8796
6530	-0.868
6531	-0.8595
6532	-0.8737
6533	-0.895
6534	-0.8479
6535	-0.8414
6536	-0.8765
6537	-0.8657
6538	-0.8492
6539	-0.8493
6540	-0.8607
6541	-0.8796
6542	-0.8606
6543	-0.8533
6544	-0.8758
6545	-0.8633
6546	-0.8648
6547	-0.8301
6548	-0.8812
6549	-0.8728
6550	-0.8827
6551	-0.8414
6552	-0.8516
6553	-0.8388
6554	-0.8874
6555	-0.8633
6556	-0.8556
6557	-0.8702
6558	-0.8574
6559	-0.8698
6560	-0.8402
6561	-0.869
6562	-0.8982
6563	-0.8704
6564	-0.8489
6565	-0.8249
6566	-0.8414
6567	-0.8849
6568	-0.8536
6569	-0.876
6570	-0.8649
6571	-0.8825
6572	-0.8717
6573	-0.8364
6574	-0.8583
6575	-0.8357
6576	-0.8431
6577	-0.8702
6578	-0.8586
6579	-0.8659
6580	-0.8653
6581	-0.872
6582	-0.8337
6583	-0.8792
6584	-0.8737
6585	-0.8582
6586	-0.8666
6587	-0.8734
6588	-0.8533
6589	-0.8551
6590	-0.8889
6591	-0.8398
6592	-0.8879
6593	-0.85
6594	-0.8857
6595	-0.8648
6596	-0.8625
6597	-0.8512
6598	-0.8606
6599	-0.8799
6600	-0.8852
6601	-0.8515
6602	-0.8688
6603	-0.8623
6604	-0.8553
6605	-0.8785
6606	-0.8788
6607	-0.8812
6608	-0.8781
6609	-0.8758
6610	-0.8606
6611	-0.8432
6612	-0.8746
6613	-0.8787
6614	-0.8493
6615	-0.8769
6616	-0.8839
6617	-0.8703
6618	-0.8589
6619	-0.846
6620	-0.8744
6621	-0.8818
6622	-0.8744
6623	-0.87
6624	-0.8567
6625	-0.8369
6626	-0.8675
6627	-0.8555
6628	-0.874
6629	-0.8898
6630	-0.8779
6631	-0.8856
6632	-0.8663
6633	-0.8711
6634	-0.8663
6635	-0.8859
6636	-0.8826
6637	-0.8722
6638	-0.8444
6639	-0.8711
6640	-0.84
6641	-0.8625
6642	-0.8407
6643	-0.8731
6644	-0.8257
6645	-0.8808
6646	-0.865
6647	-0.8275
6648	-0.8458
6649	-0.8833
6650	-0.8892
6651	-0.8706
6652	-0.8839
6653	-0.8705
6654	-0.8441
6655	-0.8444
6656	-0.8398
6657	-0.8402
6658	-0.8776
6659	-0.8356
6660	-0.877
6661	-0.8822
6662	-0.8382
6663	-0.8205
6664	-0.878
6665	-0.8752
6666	-0.8625
6667	-0.8483
6668	-0.8511
6669	-0.8708
6670	-0.8856
6671	-0.8617
6672	-0.8625
6673	-0.8267
6674	-0.8608
6675	-0.8704
6676	-0.8428
6677	-0.8809
6678	-0.8548
6679	-0.8432
6680	-0.8707
6681	-0.8795
6682	-0.8414
6683	-0.8472
6684	-0.8473
6685	-0.8729
6686	-0.8695
6687	-0.8675
6688	-0.7979
6689	-0.8611
6690	-0.8787
6691	-0.8787
6692	-0.8381
6693	-0.8143
6694	-0.8659
6695	-0.8403
6696	-0.8593
6697	-0.8546
6698	-0.847
6699	-0.8888
6700	-0.8504
6701	-0.8913
6702	-0.8272
6703	-0.8535
6704	-0.8941
6705	-0.8725
6706	-0.862
6707	-0.8363
6708	-0.8317
6709	-0.8841
6710	-0.8895
6711	-0.8572
6712	-0.8337
6713	-0.8475
6714	-0.8503
6715	-0.8807
6716	-0.8734
6717	-0.8594
6718	-0.8554
6719	-0.8783
6720	-0.8263
6721	-0.8434
6722	-0.8534
6723	-0.8569
6724	-0.8931
6725	-0.8661
6726	-0.8469
6727	-0.8572
6728	-0.8597
6729	-0.8464
6730	-0.8603
6731	-0.8759
6732	-0.8545
6733	-0.8655
6734	-0.8649
6735	-0.8647
6736	-0.8848
6737	-0.884
6738	-0.8862
6739	-0.8711
6740	-0.8682
6741	-0.9022
6742	-0.8531
6743	-0.8602
6744	-0.8717
6745	-0.855
6746	-0.812
6747	-0.8602
6748	-0.8781
6749	-0.8566
6750	-0.8609
6751	-0.8712
6752	-0.8735
6753	-0.8646
6754	-0.8829
6755	-0.875
6756	-0.8271
6757	-0.8403
6758	-0.8759
6759	-0.869
6760	-0.8878
6761	-0.8671
6762	-0.8974
6763	-0.8699
6764	-0.857
6765	-0.8429
6766	-0.8761
6767	-0.8526
6768	-0.8513
6769	-0.8776
6770	-0.8732
6771	-0.8801
6772	-0.8599
6773	-0.8666
6774	-0.8547
6775	-0.8529
6776	-0.8656
6777	-0.8692
6778	-0.8674
6779	-0.9054
6780	-0.8785
6781	-0.8754
6782	-0.88
6783	-0.8623
6784	-0.874
6785	-0.8552
6786	-0.8823
6787	-0.8529
6788	-0.8324
6789	-0.8734
6790	-0.8342
6791	-0.8706
6792	-0.8697
6793	-0.8652
6794	-0.8643
6795	-0.8381
6796	-0.9025
6797	-0.89
6798	-0.8741
6799	-0.8581
6800	-0.8704
6801	-0.856
6802	-0.8667
6803	-0.837
6804	-0.8778
6805	-0.8704
6806	-0.8334
6807	-0.8718
6808	-0.8695
6809	-0.8779
6810	-0.9006
6811	-0.8352
6812	-0.8626
6813	-0.8175
6814	-0.8642
6815	-0.8739
6816	-0.8338
6817	-0.8897
6818	-0.849
6819	-0.8829
6820	-0.8509
6821	-0.8407
6822	-0.8531
6823	-0.8666
6824	-0.8523
6825	-0.8889
6826	-0.8645
6827	-0.8579
6828	-0.8719
6829	-0.8846
6830	-0.8548
6831	-0.8485
6832	-0.8694
6833	-0.8771
6834	-0.8727
6835	-0.8587
6836	-0.8733
6837	-0.8484
6838	-0.8595
6839	-0.8636
6840	-0.8765
6841	-0.8756
6842	-0.8451
6843	-0.8705
6844	-0.8712
6845	-0.8845
6846	-0.8757
6847	-0.8513
6848	-0.8799
6849	-0.8452
6850	-0.8556
6851	-0.8317
6852	-0.846
6853	-0.8916
6854	-0.8577
6855	-0.8783
6856	-0.8728
6857	-0.8395
6858	-0.8711
6859	-0.8526
6860	-0.8632
6861	-0.8622
6862	-0.8745
6863	-0.8632
6864	-0.878
6865	-0.8707
6866	-0.8406
6867	-0.8489
6868	-0.8402
6869	-0.8583
6870	-0.818
6871	-0.8456
6872	-0.8807
6873	-0.8602
6874	-0.8635
6875	-0.8582
6876	-0.8857
6877	-0.8367
6878	-0.8765
6879	-0.8527
6880	-0.8396
6881	-0.8644
6882	-0.8726
6883	-0.8616
6884	-0.8671
6885	-0.8782
6886	-0.8534
6887	-0.8545
6888	-0.8333
6889	-0.8458
6890	-0.8673
6891	-0.867
6892	-0.8432
6893	-0.8854
6894	-0.8685
6895	-0.8571
6896	-0.8584
6897	-0.8576
6898	-0.8779
6899	-0.8408
6900	-0.8457
6901	-0.8754
6902	-0.8754
6903	-0.8452
6904	-0.8995
6905	-0.861
6906	-0.8617
6907	-0.8547
6908	-0.8836
6909	-0.8505
6910	-0.8592
6911	-0.8462
6912	-0.8361
6913	-0.8794
6914	-0.8348
6915	-0.8449
6916	-0.8607
6917	-0.8192
6918	-0.8572
6919	-0.8367
6920	-0.8608
6921	-0.8361
6922	-0.8699
6923	-0.8896
6924	-0.8541
6925	-0.8524
6926	-0.8656
6927	-0.8796
6928	-0.8806
6929	-0.8321
6930	-0.8498
6931	-0.8292
6932	-0.88
6933	-0.8545
6934	-0.8666
6935	-0.8587
6936	-0.8451
6937	-0.8632
6938	-0.8366
6939	-0.8514
6940	-0.8642
6941	-0.8813
6942	-0.848
6943	-0.8496
6944	-0.8502
6945	-0.855
6946	-0.8517
6947	-0.8647
6948	-0.8643
6949	-0.8215
6950	-0.8482
6951	-0.8589
6952	-0.8768
6953	-0.8521
6954	-0.8238
6955	-0.8651
6956	-0.8562
6957	-0.8769
6958	-0.8809
6959	-0.8614
6960	-0.8351
6961	-0.8281
6962	-0.8855
6963	-0.8706
6964	-0.8717
6965	-0.8671
6966	-0.865
6967	-0.8354
6968	-0.8529
6969	-0.866
6970	-0.8835
6971	-0.8196
6972	-0.8653
6973	-0.8533
6974	-0.8255
6975	-0.88
6976	-0.8979
6977	-0.8737
6978	-0.8239
6979	-0.836
6980	-0.8875
6981	-0.8661
6982	-0.8784
6983	-0.8737
6984	-0.8603
6985	-0.879
6986	-0.8249
6987	-0.8443
6988	-0.8493
6989	-0.8598
6990	-0.8334
6991	-0.8742
6992	-0.8586
6993	-0.8713
6994	-0.8576
6995	-0.8606
6996	-0.8406
6997	-0.8541
6998	-0.8895
6999	-0.8968
7000	-0.8702
7001	-0.8567
7002	-0.8833
7003	-0.8417
7004	-0.8581
7005	-0.8788
7006	-0.812
7007	-0.8952
7008	-0.839
7009	-0.8133
7010	-0.8277
7011	-0.8621
7012	-0.8754
7013	-0.8679
7014	-0.8739
7015	-0.8554
7016	-0.8824
7017	-0.8451
7018	-0.8718
7019	-0.8591
7020	-0.8351
7021	-0.8918
7022	-0.8448
7023	-0.8455
7024	-0.8415
7025	-0.9009
7026	-0.8848
7027	-0.8945
7028	-0.8534
7029	-0.8816
7030	-0.8148
7031	-0.8815
7032	-0.8649
7033	-0.8474
7034	-0.8508
7035	-0.8502
7036	-0.8639
7037	-0.865
7038	-0.877
7039	-0.8646
7040	-0.8656
7041	-0.8464
7042	-0.8731
7043	-0.8488
7044	-0.8923
7045	-0.8682
7046	-0.8697
7047	-0.8581
7048	-0.8699
7049	-0.8633
7050	-0.8734
7051	-0.8642
7052	-0.8789
7053	-0.8343
7054	-0.8615
7055	-0.864
7056	-0.8852
7057	-0.8367
7058	-0.8633
7059	-0.838
7060	-0.8498
7061	-0.8525
7062	-0.8339
7063	-0.865
7064	-0.8897
7065	-0.8514
7066	-0.8532
7067	-0.8854
7068	-0.8585
7069	-0.8731
7070	-0.9088
7071	-0.8632
7072	-0.8396
7073	-0.8371
7074	-0.8503
7075	-0.836
7076	-0.856
7077	-0.8429
7078	-0.8558
7079	-0.8693
7080	-0.8583
7081	-0.8752
7082	-0.8498
7083	-0.8449
7084	-0.892
7085	-0.8748
7086	-0.8301
7087	-0.8647
7088	-0.8688
7089	-0.8469
7090	-0.8578
7091	-0.8647
7092	-0.887
7093	-0.8489
7094	-0.8445
7095	-0.8112
7096	-0.8437
7097	-0.8699
7098	-0.8753
7099	-0.8308
7100	-0.8884
7101	-0.8819
7102	-0.8285
7103	-0.8877
7104	-0.8594
7105	-0.8791
7106	-0.874
7107	-0.8448
7108	-0.8644
7109	-0.8679
7110	-0.8844
7111	-0.8597
7112	-0.8733
7113	-0.8595
7114	-0.8607
7115	-0.8587
7116	-0.8472
7117	-0.8511
7118	-0.8314
7119	-0.8452
7120	-0.8581
7121	-0.8668
7122	-0.8745
7123	-0.8745
7124	-0.8614
7125	-0.8942
7126	-0.8625
7127	-0.873
7128	-0.8577
7129	-0.8724
7130	-0.8639
7131	-0.8873
7132	-0.8759
7133	-0.8811
7134	-0.8638
7135	-0.8586
7136	-0.8551
7137	-0.8573
7138	-0.8447
7139	-0.8866
7140	-0.8922
7141	-0.8717
7142	-0.8859
7143	-0.8595
7144	-0.8483
7145	-0.8474
7146	-0.8882
7147	-0.839
7148	-0.8545
7149	-0.8992
7150	-0.8607
7151	-0.8634
7152	-0.8744
7153	-0.8505
7154	-0.8595
7155	-0.8518
7156	-0.8505
7157	-0.8587
7158	-0.8614
7159	-0.8243
7160	-0.85
7161	-0.8335
7162	-0.8403
7163	-0.8903
7164	-0.8642
7165	-0.8386
7166	-0.8819
7167	-0.8515
7168	-0.877
7169	-0.8734
7170	-0.8547
7171	-0.8564
7172	-0.831
7173	-0.8991
7174	-0.8408
7175	-0.8562
7176	-0.8637
7177	-0.8446
7178	-0.8709
7179	-0.8442
7180	-0.8907
7181	-0.8899
7182	-0.8443
7183	-0.8607
7184	-0.8633
7185	-0.8771
7186	-0.894
7187	-0.8608
7188	-0.8649
7189	-0.8107
7190	-0.8462
7191	-0.8845
7192	-0.893
7193	-0.8558
7194	-0.8784
7195	-0.8452
7196	-0.8535
7197	-0.8714
7198	-0.8861
7199	-0.8743
7200	-0.8427
7201	-0.8701
7202	-0.8385
7203	-0.887
7204	-0.8706
7205	-0.8503
7206	-0.8668
7207	-0.8249
7208	-0.8481
7209	-0.878
7210	-0.8407
7211	-0.8519
7212	-0.8745
7213	-0.8854
7214	-0.892
7215	-0.8632
7216	-0.8765
7217	-0.871
7218	-0.8491
7219	-0.8726
7220	-0.8643
7221	-0.871
7222	-0.8712
7223	-0.8118
7224	-0.8407
7225	-0.8739
7226	-0.8592
7227	-0.8626
7228	-0.8722
7229	-0.8479
7230	-0.8968
7231	-0.8822
7232	-0.8665
7233	-0.8536
7234	-0.85
7235	-0.8646
7236	-0.8528
7237	-0.901
7238	-0.8722
7239	-0.8792
7240	-0.8875
7241	-0.874
7242	-0.8902
7243	-0.8487
7244	-0.8655
7245	-0.8487
7246	-0.8306
7247	-0.8523
7248	-0.8564
7249	-0.8324
7250	-0.8616
7251	-0.8885
7252	-0.8515
7253	-0.828
7254	-0.8496
7255	-0.8297
7256	-0.8401
7257	-0.8791
7258	-0.8672
7259	-0.8727
7260	-0.8842
7261	-0.8744
7262	-0.8645
7263	-0.8503
7264	-0.892
7265	-0.8663
7266	-0.873
7267	-0.8522
7268	-0.8599
7269	-0.8544
7270	-0.8568
7271	-0.87
7272	-0.8389
7273	-0.8609
7274	-0.8609
7275	-0.8866
7276	-0.8707
7277	-0.8439
7278	-0.8532
7279	-0.8498
7280	-0.8399
7281	-0.8609
7282	-0.8515
7283	-0.8839
7284	-0.8589
7285	-0.8608
7286	-0.8369
7287	-0.8723
7288	-0.8535
7289	-0.8436
7290	-0.9145
7291	-0.8706
7292	-0.853
7293	-0.8471
7294	-0.8532
7295	-0.8351
7296	-0.8494
7297	-0.8688
7298	-0.8339
7299	-0.8756
7300	-0.8814
7301	-0.8817
7302	-0.8892
7303	-0.8487
7304	-0.8674
7305	-0.8693
7306	-0.8334
7307	-0.8433
7308	-0.8528
7309	-0.871
7310	-0.8633
7311	-0.8798
7312	-0.8692
7313	-0.8564
7314	-0.8477
7315	-0.8745
7316	-0.8708
7317	-0.8984
7318	-0.88
7319	-0.8526
7320	-0.8327
7321	-0.8727
7322	-0.8529
7323	-0.8569
7324	-0.8646
7325	-0.9049
7326	-0.8682
7327	-0.8321
7328	-0.8851
7329	-0.8775
7330	-0.8925
7331	-0.8586
7332	-0.8603
7333	-0.8747
7334	-0.8401
7335	-0.872
7336	-0.849
7337	-0.8493
7338	-0.8709
7339	-0.8666
7340	-0.8729
7341	-0.8539
7342	-0.8166
7343	-0.8637
7344	-0.8544
7345	-0.8666
7346	-0.8801
7347	-0.8861
7348	-0.8717
7349	-0.8774
7350	-0.8603
7351	-0.887
7352	-0.8541
7353	-0.9011
7354	-0.8433
7355	-0.8477
7356	-0.8514
7357	-0.8758
7358	-0.8618
7359	-0.8495
7360	-0.8416
7361	-0.865
7362	-0.8399
7363	-0.8756
7364	-0.8824
7365	-0.86
7366	-0.8786
7367	-0.8413
7368	-0.8454
7369	-0.8426
7370	-0.8646
7371	-0.8779
7372	-0.8584
7373	-0.8732
7374	-0.8948
7375	-0.8692
7376	-0.8676
7377	-0.8458
7378	-0.881
7379	-0.8804
7380	-0.8565
7381	-0.8668
7382	-0.8741
7383	-0.8763
7384	-0.8725
7385	-0.8816
7386	-0.8248
7387	-0.8312
7388	-0.837
7389	-0.8612
7390	-0.8831
7391	-0.868
7392	-0.8502
7393	-0.8601
7394	-0.8925
7395	-0.8633
7396	-0.8826
7397	-0.8828
7398	-0.8914
7399	-0.8743
7400	-0.8586
7401	-0.8701
7402	-0.8974
7403	-0.8688
7404	-0.8857
7405	-0.8796
7406	-0.8411
7407	-0.8628
7408	-0.8652
7409	-0.8751
7410	-0.8557
7411	-0.8877
7412	-0.8724
7413	-0.8615
7414	-0.8437
7415	-0.8411
7416	-0.8545
7417	-0.8797
7418	-0.9023
7419	-0.8523
7420	-0.834
7421	-0.868
7422	-0.8577
7423	-0.8842
7424	-0.886
7425	-0.8711
7426	-0.8696
7427	-0.8314
7428	-0.8551
7429	-0.8693
7430	-0.861
7431	-0.8868
7432	-0.8327
7433	-0.8677
7434	-0.8544
7435	-0.8421
7436	-0.8642
7437	-0.8707
7438	-0.8918
7439	-0.8773
7440	-0.8484
7441	-0.8668
7442	-0.8656
7443	-0.8756
7444	-0.8625
7445	-0.841
7446	-0.881
7447	-0.8629
7448	-0.8489
7449	-0.8628
7450	-0.8709
7451	-0.8761
7452	-0.8419
7453	-0.8696
7454	-0.8605
7455	-0.8391
7456	-0.8591
7457	-0.8862
7458	-0.8831
7459	-0.8633
7460	-0.8475
7461	-0.8697
7462	-0.8724
7463	-0.8759
7464	-0.8664
7465	-0.8395
7466	-0.8638
7467	-0.8579
7468	-0.8312
7469	-0.8578
7470	-0.8689
7471	-0.877
7472	-0.8818
7473	-0.8436
7474	-0.8071
7475	-0.8241
7476	-0.8635
7477	-0.8686
7478	-0.8477
7479	-0.8723
7480	-0.8592
7481	-0.872
7482	-0.8548
7483	-0.8405
7484	-0.8614
7485	-0.8835
7486	-0.8591
7487	-0.8898
7488	-0.8676
7489	-0.8867
7490	-0.867
7491	-0.8698
7492	-0.8616
7493	-0.8596
7494	-0.8506
7495	-0.8676
7496	-0.8671
7497	-0.8797
7498	-0.8429
7499	-0.845
7500	-0.8287
7501	-0.8626
7502	-0.8574
7503	-0.8335
7504	-0.8645
7505	-0.8565
7506	-0.8387
7507	-0.8763
7508	-0.8698
7509	-0.8765
7510	-0.8619
7511	-0.8713
7512	-0.8518
7513	-0.8809
7514	-0.8398
7515	-0.86
7516	-0.8735
7517	-0.8558
7518	-0.8379
7519	-0.8862
7520	-0.8668
7521	-0.8352
7522	-0.8887
7523	-0.8928
7524	-0.8461
7525	-0.8589
7526	-0.8579
7527	-0.8423
7528	-0.8466
7529	-0.8707
7530	-0.8692
7531	-0.8551
7532	-0.8712
7533	-0.8604
7534	-0.8685
7535	-0.8642
7536	-0.8499
7537	-0.8394
7538	-0.8494
7539	-0.8643
7540	-0.8794
7541	-0.8818
7542	-0.8477
7543	-0.8702
7544	-0.8688
7545	-0.8636
7546	-0.8741
7547	-0.8211
7548	-0.8703
7549	-0.8334
7550	-0.8771
7551	-0.8756
7552	-0.8756
7553	-0.8715
7554	-0.8825
7555	-0.8643
7556	-0.8482
7557	-0.8509
7558	-0.8744
7559	-0.8694
7560	-0.8657
7561	-0.8523
7562	-0.8668
7563	-0.8684
7564	-0.853
7565	-0.8739
7566	-0.8711
7567	-0.8822
7568	-0.903
7569	-0.8508
7570	-0.8756
7571	-0.8799
7572	-0.8818
7573	-0.8662
7574	-0.8639
7575	-0.8733
7576	-0.8774
7577	-0.89
7578	-0.8881
7579	-0.8779
7580	-0.8385
7581	-0.8492
7582	-0.856
7583	-0.8793
7584	-0.8771
7585	-0.878
7586	-0.8214
7587	-0.8642
7588	-0.8585
7589	-0.8254
7590	-0.8917
7591	-0.89
7592	-0.8967
7593	-0.8948
7594	-0.8786
7595	-0.8475
7596	-0.8843
7597	-0.8933
7598	-0.8331
7599	-0.8796
7600	-0.8819
7601	-0.8721
7602	-0.8789
7603	-0.8705
7604	-0.878
7605	-0.8908
7606	-0.8668
7607	-0.8889
7608	-0.8579
7609	-0.8689
7610	-0.8645
7611	-0.8833
7612	-0.8565
7613	-0.8413
7614	-0.8692
7615	-0.8914
7616	-0.8751
7617	-0.8438
7618	-0.8697
7619	-0.8731
7620	-0.8885
7621	-0.854
7622	-0.8715
7623	-0.8735
7624	-0.8691
7625	-0.8973
7626	-0.8491
7627	-0.8516
7628	-0.8496
7629	-0.8807
7630	-0.8814
7631	-0.8571
7632	-0.8483
7633	-0.8543
7634	-0.8507
7635	-0.865
7636	-0.858
7637	-0.8624
7638	-0.8705
7639	-0.8448
7640	-0.8997
7641	-0.8424
7642	-0.91
7643	-0.8921
7644	-0.888
7645	-0.8533
7646	-0.8554
7647	-0.8644
7648	-0.8645
7649	-0.854
7650	-0.8857
7651	-0.8557
7652	-0.8735
7653	-0.8836
7654	-0.835
7655	-0.8745
7656	-0.8926
7657	-0.8601
7658	-0.8895
7659	-0.861
7660	-0.8478
7661	-0.866
7662	-0.8792
7663	-0.8913
7664	-0.856
7665	-0.8529
7666	-0.8759
7667	-0.8956
7668	-0.889
7669	-0.8579
7670	-0.8577
7671	-0.9042
7672	-0.8566
7673	-0.847
7674	-0.8533
7675	-0.8543
7676	-0.8675
7677	-0.8557
7678	-0.8795
7679	-0.8606
7680	-0.869
7681	-0.8898
7682	-0.8275
7683	-0.8655
7684	-0.881
7685	-0.8513
7686	-0.8717
7687	-0.8621
7688	-0.845
7689	-0.837
7690	-0.8556
7691	-0.8565
7692	-0.8672
7693	-0.8723
7694	-0.8486
7695	-0.8443
7696	-0.8588
7697	-0.8876
7698	-0.848
7699	-0.869
7700	-0.8635
7701	-0.8861
7702	-0.8607
7703	-0.8761
7704	-0.8603
7705	-0.8428
7706	-0.8452
7707	-0.8687
7708	-0.88
7709	-0.8546
7710	-0.8945
7711	-0.8553
7712	-0.8498
7713	-0.8783
7714	-0.867
7715	-0.8398
7716	-0.8703
7717	-0.8929
7718	-0.8554
7719	-0.8312
7720	-0.8681
7721	-0.8848
7722	-0.8839
7723	-0.8305
7724	-0.8838
7725	-0.8847
7726	-0.8683
7727	-0.863
7728	-0.905
7729	-0.8513
7730	-0.864
7731	-0.852
7732	-0.8654
7733	-0.8784
7734	-0.8709
7735	-0.89
7736	-0.8583
7737	-0.9071
7738	-0.8586
7739	-0.8403
7740	-0.8501
7741	-0.8675
7742	-0.8605
7743	-0.8412
7744	-0.8613
7745	-0.8355
7746	-0.8485
7747	-0.8427
7748	-0.862
7749	-0.8644
7750	-0.8844
7751	-0.8902
7752	-0.8791
7753	-0.8327
7754	-0.8765
7755	-0.8311
7756	-0.8838
7757	-0.8773
7758	-0.8564
7759	-0.8804
7760	-0.8417
7761	-0.8741
7762	-0.8694
7763	-0.8621
7764	-0.8396
7765	-0.8779
7766	-0.8449
7767	-0.8379
7768	-0.8468
7769	-0.8414
7770	-0.8536
7771	-0.8438
7772	-0.8567
7773	-0.8642
7774	-0.8264
7775	-0.8567
7776	-0.8291
7777	-0.8877
7778	-0.8396
7779	-0.8445
7780	-0.8759
7781	-0.8669
7782	-0.8695
7783	-0.8667
7784	-0.8729
7785	-0.8752
7786	-0.8689
7787	-0.8791
7788	-0.8365
7789	-0.8461
7790	-0.8676
7791	-0.8603
7792	-0.8661
7793	-0.8486
7794	-0.878
7795	-0.8756
7796	-0.83
7797	-0.8765
7798	-0.862
7799	-0.853
7800	-0.8755
7801	-0.8485
7802	-0.8446
7803	-0.8599
7804	-0.8392
7805	-0.8754
7806	-0.8801
7807	-0.8652
7808	-0.8751
7809	-0.8119
7810	-0.8487
7811	-0.843
7812	-0.8607
7813	-0.8729
7814	-0.8846
7815	-0.8826
7816	-0.8736
7817	-0.8477
7818	-0.8856
7819	-0.8596
7820	-0.8626
7821	-0.8629
7822	-0.8566
7823	-0.8274
7824	-0.8435
7825	-0.8638
7826	-0.851
7827	-0.8497
7828	-0.8555
7829	-0.8709
7830	-0.8835
7831	-0.8949
7832	-0.8685
7833	-0.8604
7834	-0.8306
7835	-0.8666
7836	-0.8505
7837	-0.8685
7838	-0.8763
7839	-0.8484
7840	-0.8558
7841	-0.8769
7842	-0.839
7843	-0.8601
7844	-0.8606
7845	-0.8574
7846	-0.8643
7847	-0.8534
7848	-0.8449
7849	-0.8873
7850	-0.8576
7851	-0.8664
7852	-0.8479
7853	-0.8452
7854	-0.8511
7855	-0.8798
7856	-0.8634
7857	-0.8508
7858	-0.8396
7859	-0.8645
7860	-0.8583
7861	-0.8817
7862	-0.8688
7863	-0.8758
7864	-0.8448
7865	-0.8613
7866	-0.8583
7867	-0.8569
7868	-0.8594
7869	-0.8359
7870	-0.8562
7871	-0.8518
7872	-0.8675
7873	-0.8557
7874	-0.865
7875	-0.8782
7876	-0.8626
7877	-0.8572
7878	-0.8766
7879	-0.8814
7880	-0.8967
7881	-0.8857
7882	-0.8517
7883	-0.842
7884	-0.8587
7885	-0.8524
7886	-0.8693
7887	-0.8885
7888	-0.8818
7889	-0.8731
7890	-0.8574
7891	-0.8602
7892	-0.8687
7893	-0.8773
7894	-0.8454
7895	-0.8385
7896	-0.8551
7897	-0.8736
7898	-0.8386
7899	-0.8507
7900	-0.8584
7901	-0.8953
7902	-0.8466
7903	-0.8335
7904	-0.8513
7905	-0.8972
7906	-0.8858
7907	-0.8844
7908	-0.9021
7909	-0.8745
7910	-0.8634
7911	-0.866
7912	-0.8434
7913	-0.839
7914	-0.8845
7915	-0.89
7916	-0.847
7917	-0.8304
7918	-0.8698
7919	-0.846
7920	-0.8638
7921	-0.8546
7922	-0.8526
7923	-0.8795
7924	-0.8559
7925	-0.892
7926	-0.8589
7927	-0.8508
7928	-0.8191
7929	-0.8855
7930	-0.8743
7931	-0.8588
7932	-0.8532
7933	-0.8521
7934	-0.8197
7935	-0.861
7936	-0.8282
7937	-0.8636
7938	-0.8258
7939	-0.8584
7940	-0.8439
7941	-0.8685
7942	-0.8545
7943	-0.8516
7944	-0.8755
7945	-0.8715
7946	-0.8558
7947	-0.8771
7948	-0.8676
7949	-0.871
7950	-0.8483
7951	-0.8345
7952	-0.8734
7953	-0.8975
7954	-0.8749
7955	-0.8504
7956	-0.8459
7957	-0.8852
7958	-0.8354
7959	-0.8482
7960	-0.8777
7961	-0.8632
7962	-0.8674
7963	-0.8515
7964	-0.8431
7965	-0.8605
7966	-0.8788
7967	-0.8466
7968	-0.8874
7969	-0.8551
7970	-0.8405
7971	-0.842
7972	-0.8426
7973	-0.8508
7974	-0.8545
7975	-0.8729
7976	-0.8403
7977	-0.8653
7978	-0.8824
7979	-0.8594
7980	-0.8662
7981	-0.8753
7982	-0.8376
7983	-0.8442
7984	-0.8385
7985	-0.8544
7986	-0.8572
7987	-0.8732
7988	-0.8617
7989	-0.8683
7990	-0.8724
7991	-0.8713
7992	-0.8296
7993	-0.8381
7994	-0.8398
7995	-0.8433
7996	-0.893
7997	-0.8371
7998	-0.8802
7999	-0.8659
8000	-0.8922
8001	-0.8766
8002	-0.8211
8003	-0.8464
8004	-0.8667
8005	-0.8548
8006	-0.8446
8007	-0.8554
8008	-0.8781
8009	-0.8322
8010	-0.861
8011	-0.843
8012	-0.8319
8013	-0.8828
8014	-0.8869
8015	-0.8461
8016	-0.8651
8017	-0.8529
8018	-0.8864
8019	-0.9101
8020	-0.8532
8021	-0.876
8022	-0.8782
8023	-0.8552
8024	-0.8295
8025	-0.8453
8026	-0.8421
8027	-0.8808
8028	-0.8711
8029	-0.8368
8030	-0.8678
8031	-0.8557
8032	-0.8703
8033	-0.8534
8034	-0.8628
8035	-0.891
8036	-0.8619
8037	-0.8654
8038	-0.8748
8039	-0.8547
8040	-0.8533
8041	-0.8585
8042	-0.8735
8043	-0.8592
8044	-0.8753
8045	-0.8646
8046	-0.8492
8047	-0.8435
8048	-0.8308
8049	-0.8682
8050	-0.8699
8051	-0.8767
8052	-0.8536
8053	-0.8499
8054	-0.8493
8055	-0.8875
8056	-0.8635
8057	-0.881
8058	-0.86
8059	-0.8549
8060	-0.8346
8061	-0.8389
8062	-0.861
8063	-0.8654
8064	-0.8855
8065	-0.8787
8066	-0.8957
8067	-0.8709
8068	-0.8569
8069	-0.876
8070	-0.8685
8071	-0.828
8072	-0.8349
8073	-0.8699
8074	-0.8764
8075	-0.8539
8076	-0.8603
8077	-0.8972
8078	-0.8608
8079	-0.8579
8080	-0.8324
8081	-0.864
8082	-0.8716
8083	-0.8787
8084	-0.8624
8085	-0.8551
8086	-0.8637
8087	-0.8217
8088	-0.8787
8089	-0.8432
8090	-0.8541
8091	-0.8753
8092	-0.8416
8093	-0.8914
8094	-0.8603
8095	-0.856
8096	-0.8901
8097	-0.8915
8098	-0.8547
8099	-0.86
8100	-0.8733
8101	-0.8552
8102	-0.8515
8103	-0.8572
8104	-0.8642
8105	-0.8678
8106	-0.8762
8107	-0.8685
8108	-0.8601
8109	-0.8615
8110	-0.8815
8111	-0.8333
8112	-0.8609
8113	-0.8532
8114	-0.8867
8115	-0.881
8116	-0.8495
8117	-0.8471
8118	-0.8493
8119	-0.8625
8120	-0.8518
8121	-0.8405
8122	-0.8412
8123	-0.8755
8124	-0.9059
8125	-0.8819
8126	-0.8637
8127	-0.8652
8128	-0.8494
8129	-0.8613
8130	-0.8478
8131	-0.8509
8132	-0.8564
8133	-0.862
8134	-0.8651
8135	-0.8715
8136	-0.8952
8137	-0.8859
8138	-0.8653
8139	-0.8591
8140	-0.8797
8141	-0.833
8142	-0.8503
8143	-0.8584
8144	-0.8712
8145	-0.8478
8146	-0.867
8147	-0.8759
8148	-0.8863
8149	-0.8828
8150	-0.8699
8151	-0.903
8152	-0.8584
8153	-0.8773
8154	-0.8574
8155	-0.8688
8156	-0.8255
8157	-0.8548
8158	-0.8785
8159	-0.8522
8160	-0.8908
8161	-0.8553
8162	-0.8835
8163	-0.8384
8164	-0.8581
8165	-0.8799
8166	-0.8549
8167	-0.8564
8168	-0.8405
8169	-0.8657
8170	-0.8609
8171	-0.8385
8172	-0.8699
8173	-0.8828
8174	-0.8723
8175	-0.8774
8176	-0.878
8177	-0.8841
8178	-0.8763
8179	-0.8648
8180	-0.8354
8181	-0.8834
8182	-0.8306
8183	-0.8595
8184	-0.8552
8185	-0.8686
8186	-0.8534
8187	-0.8766
8188	-0.8548
8189	-0.8305
8190	-0.845
8191	-0.8884
8192	-0.8537
8193	-0.8672
8194	-0.8733
8195	-0.8791
8196	-0.8494
8197	-0.857
8198	-0.8857
8199	-0.8785
8200	-0.8743
8201	-0.8502
8202	-0.8466
8203	-0.8393
8204	-0.8646
8205	-0.8472
8206	-0.8808
8207	-0.8523
8208	-0.8427
8209	-0.8801
8210	-0.8838
8211	-0.8767
8212	-0.8524
8213	-0.833
8214	-0.84
8215	-0.8424
8216	-0.8512
8217	-0.8828
8218	-0.8153
8219	-0.8416
8220	-0.8695
8221	-0.8714
8222	-0.8663
8223	-0.8946
8224	-0.8587
8225	-0.886
8226	-0.8435
8227	-0.8515
8228	-0.8731
8229	-0.8893
8230	-0.8606
8231	-0.8843
8232	-0.8637
8233	-0.8704
8234	-0.8989
8235	-0.8507
8236	-0.8584
8237	-0.8581
8238	-0.8524
8239	-0.8584
8240	-0.8719
8241	-0.8821
8242	-0.867
8243	-0.8669
8244	-0.8529
8245	-0.8528
8246	-0.8773
8247	-0.8909
8248	-0.8613
8249	-0.8635
8250	-0.8594
8251	-0.862
8252	-0.8869
8253	-0.8672
8254	-0.8594
8255	-0.8468
8256	-0.8816
8257	-0.8685
8258	-0.8829
8259	-0.8568
8260	-0.8925
8261	-0.8554
8262	-0.8936
8263	-0.8872
8264	-0.8443
8265	-0.8265
8266	-0.85
8267	-0.8791
8268	-0.8779
8269	-0.867
8270	-0.8702
8271	-0.8491
8272	-0.8874
8273	-0.8465
8274	-0.8549
8275	-0.8334
8276	-0.8571
8277	-0.851
8278	-0.8745
8279	-0.8725
8280	-0.8455
8281	-0.8514
8282	-0.904
8283	-0.8726
8284	-0.8486
8285	-0.8518
8286	-0.8734
8287	-0.8426
8288	-0.8699
8289	-0.8579
8290	-0.8697
8291	-0.8793
8292	-0.8691
8293	-0.8667
8294	-0.8825
8295	-0.8614
8296	-0.8647
8297	-0.8487
8298	-0.8911
8299	-0.8552
8300	-0.8197
8301	-0.8612
8302	-0.8422
8303	-0.8788
8304	-0.8634
8305	-0.8774
8306	-0.8957
8307	-0.8705
8308	-0.8576
8309	-0.843
8310	-0.859
8311	-0.8486
8312	-0.8607
8313	-0.8457
8314	-0.8417
8315	-0.8524
8316	-0.8444
8317	-0.8295
8318	-0.8785
8319	-0.8541
8320	-0.8799
8321	-0.8599
8322	-0.8406
8323	-0.872
8324	-0.875
8325	-0.8647
8326	-0.8595
8327	-0.8422
8328	-0.7979
8329	-0.8641
8330	-0.867
8331	-0.866
8332	-0.8712
8333	-0.8554
8334	-0.8383
8335	-0.8485
8336	-0.845
8337	-0.8323
8338	-0.8599
8339	-0.8378
8340	-0.8758
8341	-0.8305
8342	-0.85
8343	-0.8751
8344	-0.8764
8345	-0.8605
8346	-0.8844
8347	-0.8535
8348	-0.8471
8349	-0.8445
8350	-0.8685
8351	-0.8352
8352	-0.8398
8353	-0.8762
8354	-0.863
8355	-0.8566
8356	-0.8511
8357	-0.8506
8358	-0.8897
8359	-0.854
8360	-0.8897
8361	-0.862
8362	-0.8667
8363	-0.8677
8364	-0.8755
8365	-0.8428
8366	-0.8578
8367	-0.8723
8368	-0.8688
8369	-0.9003
8370	-0.8985
8371	-0.8507
8372	-0.8462
8373	-0.8623
8374	-0.893
8375	-0.859
8376	-0.902
8377	-0.8655
8378	-0.8846
8379	-0.8678
8380	-0.8731
8381	-0.8367
8382	-0.8824
8383	-0.8695
8384	-0.9032
8385	-0.8656
8386	-0.9026
8387	-0.8495
8388	-0.8791
8389	-0.8582
8390	-0.8602
8391	-0.8745
8392	-0.8648
8393	-0.8359
8394	-0.8768
8395	-0.86
8396	-0.8681
8397	-0.8351
8398	-0.8823
8399	-0.8708
8400	-0.8639
8401	-0.8588
8402	-0.866
8403	-0.8667
8404	-0.8522
8405	-0.8586
8406	-0.8636
8407	-0.864
8408	-0.8758
8409	-0.8549
8410	-0.8396
8411	-0.8789
8412	-0.8637
8413	-0.8455
8414	-0.8813
8415	-0.8722
8416	-0.8539
8417	-0.873
8418	-0.8682
8419	-0.8884
8420	-0.8685
8421	-0.8768
8422	-0.8515
8423	-0.8703
8424	-0.8778
8425	-0.8715
8426	-0.8524
8427	-0.8631
8428	-0.8742
8429	-0.8579
8430	-0.8883
8431	-0.8588
8432	-0.8687
8433	-0.8408
8434	-0.8626
8435	-0.8289
8436	-0.8775
8437	-0.8912
8438	-0.8534
8439	-0.839
8440	-0.8808
8441	-0.8441
8442	-0.8772
8443	-0.8641
8444	-0.8383
8445	-0.8442
8446	-0.8346
8447	-0.8503
8448	-0.8688
8449	-0.8573
8450	-0.8911
8451	-0.8387
8452	-0.8619
8453	-0.8723
8454	-0.8724
8455	-0.8321
8456	-0.8892
8457	-0.8276
8458	-0.8642
8459	-0.8678
8460	-0.8773
8461	-0.859
8462	-0.8715
8463	-0.8513
8464	-0.8033
8465	-0.8484
8466	-0.8725
8467	-0.8723
8468	-0.8853
8469	-0.8644
8470	-0.8514
8471	-0.8612
8472	-0.8707
8473	-0.8645
8474	-0.8623
8475	-0.8419
8476	-0.8465
8477	-0.8734
8478	-0.8406
8479	-0.83
8480	-0.8361
8481	-0.8579
8482	-0.8617
8483	-0.8747
8484	-0.8794
8485	-0.8831
8486	-0.8595
8487	-0.8275
8488	-0.8534
8489	-0.877
8490	-0.8949
8491	-0.8799
8492	-0.8498
8493	-0.8536
8494	-0.8358
8495	-0.8596
8496	-0.8734
8497	-0.8694
8498	-0.8833
8499	-0.8781
8500	-0.8583
8501	-0.8545
8502	-0.8327
8503	-0.8544
8504	-0.8874
8505	-0.8259
8506	-0.8511
8507	-0.8581
8508	-0.8782
8509	-0.8701
8510	-0.8674
8511	-0.8885
8512	-0.8495
8513	-0.8563
8514	-0.8759
8515	-0.8679
8516	-0.8526
8517	-0.884
8518	-0.8709
8519	-0.8602
8520	-0.8755
8521	-0.8602
8522	-0.8606
8523	-0.8975
8524	-0.8698
8525	-0.8616
8526	-0.8594
8527	-0.8623
8528	-0.8331
8529	-0.88
8530	-0.8584
8531	-0.855
8532	-0.8426
8533	-0.8551
8534	-0.8835
8535	-0.8618
8536	-0.853
8537	-0.8868
8538	-0.8535
8539	-0.8894
8540	-0.8876
8541	-0.8414
8542	-0.8824
8543	-0.8701
8544	-0.8858
8545	-0.8729
8546	-0.8686
8547	-0.8364
8548	-0.8825
8549	-0.8659
8550	-0.8723
8551	-0.8641
8552	-0.8677
8553	-0.8407
8554	-0.8266
8555	-0.901
8556	-0.8639
8557	-0.8511
8558	-0.8721
8559	-0.8748
8560	-0.8299
8561	-0.867
8562	-0.8564
8563	-0.8562
8564	-0.8693
8565	-0.8412
8566	-0.8882
8567	-0.8758
8568	-0.8645
8569	-0.8193
8570	-0.8447
8571	-0.8854
8572	-0.8754
8573	-0.8704
8574	-0.8489
8575	-0.8582
8576	-0.8685
8577	-0.8462
8578	-0.8675
8579	-0.8467
8580	-0.8529
8581	-0.8896
8582	-0.8761
8583	-0.8495
8584	-0.8605
8585	-0.8904
8586	-0.8541
8587	-0.8858
8588	-0.8498
8589	-0.8401
8590	-0.8447
8591	-0.8531
8592	-0.8749
8593	-0.8523
8594	-0.8697
8595	-0.8669
8596	-0.814
8597	-0.8779
8598	-0.8987
8599	-0.849
8600	-0.8995
8601	-0.8747
8602	-0.8315
8603	-0.8951
8604	-0.8522
8605	-0.8801
8606	-0.8763
8607	-0.8535
8608	-0.8678
8609	-0.8581
8610	-0.8828
8611	-0.8498
8612	-0.8478
8613	-0.8675
8614	-0.847
8615	-0.8508
8616	-0.906
8617	-0.868
8618	-0.8753
8619	-0.868
8620	-0.862
8621	-0.8748
8622	-0.8696
8623	-0.8389
8624	-0.8589
8625	-0.8623
8626	-0.8477
8627	-0.8865
8628	-0.8529
8629	-0.8726
8630	-0.8647
8631	-0.8536
8632	-0.8664
8633	-0.895
8634	-0.8849
8635	-0.8515
8636	-0.8669
8637	-0.8562
8638	-0.9009
8639	-0.8584
8640	-0.8467
8641	-0.8349
8642	-0.876
8643	-0.8705
8644	-0.8946
8645	-0.8342
8646	-0.8331
8647	-0.838
8648	-0.8533
8649	-0.8467
8650	-0.8793
8651	-0.8878
8652	-0.8731
8653	-0.8806
8654	-0.814
8655	-0.8404
8656	-0.8715
8657	-0.8724
8658	-0.8524
8659	-0.8639
8660	-0.8423
8661	-0.8398
8662	-0.8762
8663	-0.8483
8664	-0.8612
8665	-0.8742
8666	-0.8696
8667	-0.8355
8668	-0.8156
8669	-0.8131
8670	-0.8431
8671	-0.8442
8672	-0.8389
8673	-0.8304
8674	-0.8706
8675	-0.8621
8676	-0.8775
8677	-0.8593
8678	-0.8506
8679	-0.8317
8680	-0.8382
8681	-0.8726
8682	-0.837
8683	-0.8682
8684	-0.8618
8685	-0.8677
8686	-0.8579
8687	-0.8834
8688	-0.8472
8689	-0.8595
8690	-0.8608
8691	-0.8724
8692	-0.8772
8693	-0.8673
8694	-0.8925
8695	-0.8867
8696	-0.8402
8697	-0.853
8698	-0.8264
8699	-0.8383
8700	-0.8667
8701	-0.8768
8702	-0.8644
8703	-0.8855
8704	-0.8676
8705	-0.8524
8706	-0.8405
8707	-0.8507
8708	-0.8788
8709	-0.8773
8710	-0.8621
8711	-0.873
8712	-0.8466
8713	-0.8903
8714	-0.8692
8715	-0.8459
8716	-0.8847
8717	-0.8679
8718	-0.8594
8719	-0.8631
8720	-0.8502
8721	-0.8341
8722	-0.8717
8723	-0.8603
8724	-0.8666
8725	-0.8478
8726	-0.8637
8727	-0.8677
8728	-0.8925
8729	-0.8712
8730	-0.8713
8731	-0.8557
8732	-0.85
8733	-0.8528
8734	-0.8716
8735	-0.8795
8736	-0.8345
8737	-0.8842
8738	-0.856
8739	-0.8672
8740	-0.8887
8741	-0.8937
8742	-0.8678
8743	-0.8681
8744	-0.851
8745	-0.8735
8746	-0.8566
8747	-0.8359
8748	-0.8338
8749	-0.8871
8750	-0.8361
8751	-0.8793
8752	-0.8533
8753	-0.8293
8754	-0.8624
8755	-0.855
8756	-0.8488
8757	-0.8933
8758	-0.8577
8759	-0.8608
8760	-0.8622
8761	-0.8372
8762	-0.8933
8763	-0.8798
8764	-0.8653
8765	-0.8692
8766	-0.8675
8767	-0.8455
8768	-0.8347
8769	-0.8657
8770	-0.868
8771	-0.8633
8772	-0.8526
8773	-0.8203
8774	-0.8539
8775	-0.8457
8776	-0.8828
8777	-0.8566
8778	-0.8471
8779	-0.8569
8780	-0.8529
8781	-0.8865
8782	-0.8898
8783	-0.8893
8784	-0.8539
8785	-0.8945
8786	-0.858
8787	-0.8549
8788	-0.8388
8789	-0.8667
8790	-0.8529
8791	-0.8614
8792	-0.8735
8793	-0.8526
8794	-0.816
8795	-0.8511
8796	-0.8452
8797	-0.8578
8798	-0.8654
8799	-0.8432
8800	-0.8605
8801	-0.8451
8802	-0.8597
8803	-0.8751
8804	-0.8832
8805	-0.8963
8806	-0.8591
8807	-0.8754
8808	-0.8796
8809	-0.8879
8810	-0.8445
8811	-0.8565
8812	-0.8953
8813	-0.8662
8814	-0.9064
8815	-0.872
8816	-0.8745
8817	-0.8754
8818	-0.8696
8819	-0.8642
8820	-0.8641
8821	-0.8698
8822	-0.8511
8823	-0.8624
8824	-0.8422
8825	-0.8623
8826	-0.8281
8827	-0.8724
8828	-0.882
8829	-0.8961
8830	-0.8862
8831	-0.8536
8832	-0.8617
8833	-0.8316
8834	-0.8878
8835	-0.8965
8836	-0.8578
8837	-0.8442
8838	-0.9048
8839	-0.8693
8840	-0.8833
8841	-0.8787
8842	-0.8382
8843	-0.8318
8844	-0.8816
8845	-0.8589
8846	-0.8531
8847	-0.8236
8848	-0.8748
8849	-0.8537
8850	-0.8469
8851	-0.8524
8852	-0.8335
8853	-0.8907
8854	-0.8812
8855	-0.8543
8856	-0.8555
8857	-0.8571
8858	-0.8777
8859	-0.8406
8860	-0.8475
8861	-0.8712
8862	-0.8802
8863	-0.8803
8864	-0.8709
8865	-0.8675
8866	-0.8699
8867	-0.898
8868	-0.8649
8869	-0.8629
8870	-0.8915
8871	-0.8827
8872	-0.8844
8873	-0.8401
8874	-0.8865
8875	-0.854
8876	-0.8674
8877	-0.9079
8878	-0.8494
8879	-0.8421
8880	-0.866
8881	-0.8681
8882	-0.8526
8883	-0.8361
8884	-0.8297
8885	-0.8836
8886	-0.8361
8887	-0.853
8888	-0.882
8889	-0.8618
8890	-0.8686
8891	-0.8746
8892	-0.9125
8893	-0.8856
8894	-0.8936
8895	-0.8716
8896	-0.875
8897	-0.8672
8898	-0.8289
8899	-0.8262
8900	-0.8459
8901	-0.878
8902	-0.8206
8903	-0.8636
8904	-0.8733
8905	-0.8789
8906	-0.841
8907	-0.8608
8908	-0.8617
8909	-0.8548
8910	-0.8449
8911	-0.8565
8912	-0.8389
8913	-0.8445
8914	-0.8724
8915	-0.8328
8916	-0.8604
8917	-0.89
8918	-0.8693
8919	-0.8648
8920	-0.8748
8921	-0.8727
8922	-0.8573
8923	-0.8681
8924	-0.8251
8925	-0.8781
8926	-0.8685
8927	-0.8251
8928	-0.8604
8929	-0.8747
8930	-0.8769
8931	-0.8773
8932	-0.8691
8933	-0.8952
8934	-0.8483
8935	-0.8656
8936	-0.8658
8937	-0.8481
8938	-0.8539
8939	-0.8326
8940	-0.8451
8941	-0.8237
8942	-0.8654
8943	-0.8925
8944	-0.8588
8945	-0.8498
8946	-0.8539
8947	-0.8579
8948	-0.8394
8949	-0.8644
8950	-0.8346
8951	-0.8618
8952	-0.8918
8953	-0.8553
8954	-0.8607
8955	-0.8843
8956	-0.8634
8957	-0.8581
8958	-0.8757
8959	-0.8523
8960	-0.8765
8961	-0.8238
8962	-0.8398
8963	-0.8858
8964	-0.8569
8965	-0.8788
8966	-0.8496
8967	-0.8155
8968	-0.8714
8969	-0.8524
8970	-0.8853
8971	-0.8573
8972	-0.8626
8973	-0.8617
8974	-0.8639
8975	-0.8344
8976	-0.8507
8977	-0.8783
8978	-0.8872
8979	-0.8695
8980	-0.8471
8981	-0.8697
8982	-0.8527
8983	-0.8537
8984	-0.8543
8985	-0.8279
8986	-0.8518
8987	-0.8655
8988	-0.8783
8989	-0.8329
8990	-0.8876
8991	-0.8468
8992	-0.8925
8993	-0.8424
8994	-0.8875
8995	-0.9006
8996	-0.8697
8997	-0.8332
8998	-0.8748
8999	-0.8476
9000	-0.8622
9001	-0.8661
9002	-0.8573
9003	-0.8884
9004	-0.8581
9005	-0.8809
9006	-0.8431
9007	-0.8412
9008	-0.875
9009	-0.8867
9010	-0.8547
9011	-0.8952
9012	-0.85
9013	-0.8499
9014	-0.8765
9015	-0.8322
9016	-0.8482
9017	-0.8355
9018	-0.8621
9019	-0.8403
9020	-0.8766
9021	-0.8915
9022	-0.8851
9023	-0.8923
9024	-0.8459
9025	-0.8642
9026	-0.8679
9027	-0.8554
9028	-0.876
9029	-0.8636
9030	-0.8628
9031	-0.8608
9032	-0.8662
9033	-0.8554
9034	-0.8829
9035	-0.8892
9036	-0.8397
9037	-0.8902
9038	-0.8828
9039	-0.8677
9040	-0.8443
9041	-0.8554
9042	-0.8767
9043	-0.8853
9044	-0.8844
9045	-0.8511
9046	-0.8304
9047	-0.8658
9048	-0.8597
9049	-0.8388
9050	-0.8602
9051	-0.8805
9052	-0.863
9053	-0.8874
9054	-0.905
9055	-0.8705
9056	-0.8872
9057	-0.8699
9058	-0.8422
9059	-0.8203
9060	-0.8776
9061	-0.8687
9062	-0.8761
9063	-0.866
9064	-0.8109
9065	-0.8474
9066	-0.8868
9067	-0.8753
9068	-0.8587
9069	-0.8557
9070	-0.8637
9071	-0.8264
9072	-0.8559
9073	-0.8621
9074	-0.8369
9075	-0.878
9076	-0.8473
9077	-0.844
9078	-0.8728
9079	-0.8865
9080	-0.8715
9081	-0.8434
9082	-0.8531
9083	-0.8617
9084	-0.8481
9085	-0.8382
9086	-0.8755
9087	-0.8866
9088	-0.8503
9089	-0.8726
9090	-0.8467
9091	-0.8591
9092	-0.8226
9093	-0.8675
9094	-0.8821
9095	-0.9113
9096	-0.8574
9097	-0.8522
9098	-0.8615
9099	-0.8601
9100	-0.8794
9101	-0.8515
9102	-0.8627
9103	-0.8286
9104	-0.8924
9105	-0.8491
9106	-0.8402
9107	-0.877
9108	-0.8534
9109	-0.8515
9110	-0.8487
9111	-0.8684
9112	-0.8751
9113	-0.8638
9114	-0.8527
9115	-0.8674
9116	-0.8529
9117	-0.8759
9118	-0.8316
9119	-0.8811
9120	-0.8558
9121	-0.8377
9122	-0.8882
9123	-0.8699
9124	-0.8603
9125	-0.8729
9126	-0.8701
9127	-0.8741
9128	-0.8511
9129	-0.8459
9130	-0.8847
9131	-0.8493
9132	-0.8487
9133	-0.8543
9134	-0.8733
9135	-0.8601
9136	-0.8555
9137	-0.8697
9138	-0.8227
9139	-0.8158
9140	-0.8339
9141	-0.854
9142	-0.8925
9143	-0.8894
9144	-0.8448
9145	-0.863
9146	-0.8877
9147	-0.8692
9148	-0.8738
9149	-0.8699
9150	-0.836
9151	-0.8553
9152	-0.8843
9153	-0.8609
9154	-0.8696
9155	-0.8734
9156	-0.8493
9157	-0.844
9158	-0.8659
9159	-0.8644
9160	-0.8462
9161	-0.8665
9162	-0.8368
9163	-0.8676
9164	-0.8861
9165	-0.8731
9166	-0.864
9167	-0.8868
9168	-0.8566
9169	-0.856
9170	-0.8566
9171	-0.8677
9172	-0.8963
9173	-0.8365
9174	-0.8789
9175	-0.8449
9176	-0.8788
9177	-0.8622
9178	-0.8995
9179	-0.8392
9180	-0.8732
9181	-0.8348
9182	-0.8694
9183	-0.8396
9184	-0.8386
9185	-0.8733
9186	-0.8392
9187	-0.8729
9188	-0.842
9189	-0.8614
9190	-0.8915
9191	-0.8767
9192	-0.851
9193	-0.862
9194	-0.8387
9195	-0.8622
9196	-0.8727
9197	-0.8638
9198	-0.8477
9199	-0.8285
9200	-0.8824
9201	-0.8758
9202	-0.8315
9203	-0.903
9204	-0.8839
9205	-0.8902
9206	-0.867
9207	-0.8504
9208	-0.8428
9209	-0.886
9210	-0.8417
9211	-0.8625
9212	-0.8512
9213	-0.861
9214	-0.8809
9215	-0.8679
9216	-0.8486
9217	-0.8648
9218	-0.8832
9219	-0.8705
9220	-0.8741
9221	-0.8679
9222	-0.8443
9223	-0.8528
9224	-0.8276
9225	-0.8758
9226	-0.8794
9227	-0.8773
9228	-0.8368
9229	-0.8409
9230	-0.8706
9231	-0.8659
9232	-0.8788
9233	-0.8611
9234	-0.8602
9235	-0.8545
9236	-0.867
9237	-0.8656
9238	-0.8652
9239	-0.8493
9240	-0.8602
9241	-0.864
9242	-0.8233
9243	-0.8713
9244	-0.8525
9245	-0.8974
9246	-0.8647
9247	-0.8595
9248	-0.8555
9249	-0.9013
9250	-0.8763
9251	-0.8511
9252	-0.8649
9253	-0.9012
9254	-0.8853
9255	-0.8488
9256	-0.8453
9257	-0.8643
9258	-0.8391
9259	-0.8949
9260	-0.8669
9261	-0.8433
9262	-0.8456
9263	-0.8174
9264	-0.8589
9265	-0.8576
9266	-0.8386
9267	-0.8781
9268	-0.8869
9269	-0.8495
9270	-0.8566
9271	-0.8755
9272	-0.8711
9273	-0.8824
9274	-0.8877
9275	-0.8804
9276	-0.8858
9277	-0.8296
9278	-0.8503
9279	-0.861
9280	-0.8153
9281	-0.8551
9282	-0.8295
9283	-0.8664
9284	-0.8732
9285	-0.8566
9286	-0.8425
9287	-0.8478
9288	-0.8576
9289	-0.8608
9290	-0.8502
9291	-0.8585
9292	-0.8629
9293	-0.8602
9294	-0.8228
9295	-0.8829
9296	-0.8603
9297	-0.8625
9298	-0.8553
9299	-0.8929
9300	-0.8909
9301	-0.8662
9302	-0.8657
9303	-0.8449
9304	-0.8873
9305	-0.8427
9306	-0.8792
9307	-0.8723
9308	-0.8742
9309	-0.8779
9310	-0.8522
9311	-0.8866
9312	-0.8621
9313	-0.8611
9314	-0.899
9315	-0.872
9316	-0.8908
9317	-0.8558
9318	-0.8704
9319	-0.8478
9320	-0.8753
9321	-0.8777
9322	-0.8725
9323	-0.8557
9324	-0.8536
9325	-0.855
9326	-0.8551
9327	-0.8313
9328	-0.8462
9329	-0.8415
9330	-0.8772
9331	-0.8486
9332	-0.8234
9333	-0.8518
9334	-0.8667
9335	-0.8934
9336	-0.8578
9337	-0.8791
9338	-0.8693
9339	-0.8534
9340	-0.8525
9341	-0.8675
9342	-0.8954
9343	-0.8576
9344	-0.8587
9345	-0.874
9346	-0.8113
9347	-0.8912
9348	-0.8609
9349	-0.8494
9350	-0.8781
9351	-0.8739
9352	-0.8834
9353	-0.8369
9354	-0.8969
9355	-0.8714
9356	-0.855
9357	-0.8519
9358	-0.8825
9359	-0.8629
9360	-0.8496
9361	-0.8467
9362	-0.8851
9363	-0.9016
9364	-0.8452
9365	-0.8709
9366	-0.8648
9367	-0.872
9368	-0.8376
9369	-0.8461
9370	-0.8654
9371	-0.88
9372	-0.8433
9373	-0.8848
9374	-0.8697
9375	-0.8337
9376	-0.867
9377	-0.8687
9378	-0.845
9379	-0.8629
9380	-0.8529
9381	-0.8718
9382	-0.8584
9383	-0.8523
9384	-0.8417
9385	-0.8998
9386	-0.8487
9387	-0.8784
9388	-0.8715
9389	-0.8766
9390	-0.8586
9391	-0.8631
9392	-0.8471
9393	-0.8509
9394	-0.859
9395	-0.8596
9396	-0.8605
9397	-0.8599
9398	-0.8216
9399	-0.8672
9400	-0.8309
9401	-0.8782
9402	-0.8699
9403	-0.8579
9404	-0.868
9405	-0.8502
9406	-0.8749
9407	-0.8735
9408	-0.8486
9409	-0.8553
9410	-0.8848
9411	-0.8851
9412	-0.8782
9413	-0.8696
9414	-0.8754
9415	-0.8583
9416	-0.8648
9417	-0.8766
9418	-0.8516
9419	-0.8929
9420	-0.8605
9421	-0.8195
9422	-0.8298
9423	-0.8511
9424	-0.8581
9425	-0.8275
9426	-0.8753
9427	-0.88
9428	-0.8389
9429	-0.8388
9430	-0.8427
9431	-0.88
9432	-0.8693
9433	-0.8407
9434	-0.8717
9435	-0.8434
9436	-0.8395
9437	-0.8819
9438	-0.8627
9439	-0.8399
9440	-0.8733
9441	-0.8598
9442	-0.8775
9443	-0.8749
9444	-0.8528
9445	-0.8529
9446	-0.867
9447	-0.8572
9448	-0.8827
9449	-0.8541
9450	-0.8696
9451	-0.8482
9452	-0.852
9453	-0.8378
9454	-0.8594
9455	-0.8606
9456	-0.8937
9457	-0.8604
9458	-0.8662
9459	-0.8557
9460	-0.8667
9461	-0.8925
9462	-0.8366
9463	-0.8794
9464	-0.8824
9465	-0.8935
9466	-0.8089
9467	-0.8665
9468	-0.8668
9469	-0.854
9470	-0.8498
9471	-0.8607
9472	-0.8539
9473	-0.8579
9474	-0.8803
9475	-0.8344
9476	-0.876
9477	-0.8309
9478	-0.8749
9479	-0.8787
9480	-0.8772
9481	-0.8835
9482	-0.8716
9483	-0.867
9484	-0.8623
9485	-0.8976
9486	-0.8497
9487	-0.8563
9488	-0.8659
9489	-0.851
9490	-0.8403
9491	-0.8766
9492	-0.808
9493	-0.8585
9494	-0.8651
9495	-0.8724
9496	-0.8161
9497	-0.8742
9498	-0.8657
9499	-0.8579
9500	-0.878
9501	-0.847
9502	-0.8703
9503	-0.8852
9504	-0.8426
9505	-0.8899
9506	-0.8671
9507	-0.8783
9508	-0.8717
9509	-0.8627
9510	-0.8722
9511	-0.8682
9512	-0.8484
9513	-0.8474
9514	-0.8654
9515	-0.8514
9516	-0.8532
9517	-0.8637
9518	-0.8565
9519	-0.8611
9520	-0.8587
9521	-0.8632
9522	-0.9017
9523	-0.8622
9524	-0.8511
9525	-0.8786
9526	-0.8415
9527	-0.8926
9528	-0.8561
9529	-0.8677
9530	-0.8807
9531	-0.8559
9532	-0.9017
9533	-0.8743
9534	-0.8634
9535	-0.8436
9536	-0.8652
9537	-0.8746
9538	-0.8329
9539	-0.8492
9540	-0.8644
9541	-0.8595
9542	-0.829
9543	-0.8473
9544	-0.8887
9545	-0.8466
9546	-0.8234
9547	-0.8452
9548	-0.8731
9549	-0.8528
9550	-0.8878
9551	-0.8834
9552	-0.8432
9553	-0.8459
9554	-0.8584
9555	-0.8782
9556	-0.8686
9557	-0.8826
9558	-0.8673
9559	-0.8571
9560	-0.8792
9561	-0.8677
9562	-0.8408
9563	-0.8687
9564	-0.8819
9565	-0.8863
9566	-0.8814
9567	-0.879
9568	-0.8198
9569	-0.8705
9570	-0.8567
9571	-0.8692
9572	-0.8677
9573	-0.8454
9574	-0.8875
9575	-0.856
9576	-0.8668
9577	-0.8631
9578	-0.8696
9579	-0.8381
9580	-0.8576
9581	-0.8778
9582	-0.8562
9583	-0.8399
9584	-0.8643
9585	-0.8544
9586	-0.8775
9587	-0.8597
9588	-0.8598
9589	-0.866
9590	-0.8555
9591	-0.8768
9592	-0.8448
9593	-0.8624
9594	-0.8727
9595	-0.8496
9596	-0.8693
9597	-0.8413
9598	-0.8762
9599	-0.8745
9600	-0.8781
9601	-0.8715
9602	-0.844
9603	-0.8755
9604	-0.8562
9605	-0.8666
9606	-0.8531
9607	-0.8634
9608	-0.8885
9609	-0.8479
9610	-0.8409
9611	-0.8608
9612	-0.8779
9613	-0.8574
9614	-0.8526
9615	-0.869
9616	-0.8623
9617	-0.8535
9618	-0.8437
9619	-0.8793
9620	-0.8696
9621	-0.869
9622	-0.8543
9623	-0.854
9624	-0.8939
9625	-0.8779
9626	-0.8496
9627	-0.8969
9628	-0.8673
9629	-0.8725
9630	-0.8293
9631	-0.9001
9632	-0.8655
9633	-0.8811
9634	-0.9141
9635	-0.8437
9636	-0.8602
9637	-0.862
9638	-0.8499
9639	-0.8796
9640	-0.858
9641	-0.8417
9642	-0.8821
9643	-0.8506
9644	-0.872
9645	-0.8862
9646	-0.8788
9647	-0.8667
9648	-0.8807
9649	-0.8826
9650	-0.8737
9651	-0.8698
9652	-0.8476
9653	-0.8505
9654	-0.8597
9655	-0.8972
9656	-0.8805
9657	-0.8711
9658	-0.9013
9659	-0.8903
9660	-0.8401
9661	-0.8576
9662	-0.8452
9663	-0.8675
9664	-0.8672
9665	-0.8789
9666	-0.8901
9667	-0.862
9668	-0.8583
9669	-0.8679
9670	-0.8813
9671	-0.8685
9672	-0.8579
9673	-0.8485
9674	-0.8673
9675	-0.8675
9676	-0.879
9677	-0.8644
9678	-0.8709
9679	-0.8178
9680	-0.8503
9681	-0.846
9682	-0.8738
9683	-0.8814
9684	-0.9023
9685	-0.8611
9686	-0.9005
9687	-0.8688
9688	-0.861
9689	-0.8596
9690	-0.8732
9691	-0.8696
9692	-0.8721
9693	-0.8907
9694	-0.8789
9695	-0.8496
9696	-0.8935
9697	-0.8605
9698	-0.8944
9699	-0.8603
9700	-0.8595
9701	-0.8623
9702	-0.8661
9703	-0.8589
9704	-0.8617
9705	-0.8499
9706	-0.8435
9707	-0.8553
9708	-0.8842
9709	-0.8619
9710	-0.875
9711	-0.8708
9712	-0.8274
9713	-0.8719
9714	-0.8468
9715	-0.8193
9716	-0.8962
9717	-0.8694
9718	-0.8338
9719	-0.8206
9720	-0.8403
9721	-0.8592
9722	-0.8476
9723	-0.8178
9724	-0.8578
9725	-0.8679
9726	-0.8822
9727	-0.8323
9728	-0.8413
9729	-0.8735
9730	-0.8466
9731	-0.8576
9732	-0.8323
9733	-0.8467
9734	-0.861
9735	-0.8603
9736	-0.8707
9737	-0.8662
9738	-0.8667
9739	-0.8584
9740	-0.8652
9741	-0.8791
9742	-0.8625
9743	-0.8287
9744	-0.8857
9745	-0.8434
9746	-0.8687
9747	-0.8368
9748	-0.8417
9749	-0.8601
9750	-0.8585
9751	-0.879
9752	-0.8401
9753	-0.8508
9754	-0.8282
9755	-0.878
9756	-0.8598
9757	-0.86
9758	-0.845
9759	-0.8605
9760	-0.8791
9761	-0.8478
9762	-0.8585
9763	-0.8743
9764	-0.8507
9765	-0.8534
9766	-0.8718
9767	-0.8612
9768	-0.8493
9769	-0.8635
9770	-0.8402
9771	-0.8573
9772	-0.8726
9773	-0.9004
9774	-0.864
9775	-0.8939
9776	-0.8638
9777	-0.8312
9778	-0.8467
9779	-0.8932
9780	-0.859
9781	-0.8728
9782	-0.8497
9783	-0.8487
9784	-0.8248
9785	-0.8823
9786	-0.8512
9787	-0.8485
9788	-0.8619
9789	-0.8667
9790	-0.8175
9791	-0.857
9792	-0.8625
9793	-0.8674
9794	-0.8737
9795	-0.8454
9796	-0.8729
9797	-0.8531
9798	-0.8204
9799	-0.8595
9800	-0.8569
9801	-0.8837
9802	-0.8811
9803	-0.8686
9804	-0.8295
9805	-0.8597
9806	-0.8318
9807	-0.8867
9808	-0.8568
9809	-0.8589
9810	-0.8554
9811	-0.8692
9812	-0.8457
9813	-0.8568
9814	-0.888
9815	-0.8525
9816	-0.8246
9817	-0.8753
9818	-0.8694
9819	-0.8609
9820	-0.8747
9821	-0.8309
9822	-0.8058
9823	-0.8452
9824	-0.8654
9825	-0.8594
9826	-0.8589
9827	-0.8359
9828	-0.8344
9829	-0.8681
9830	-0.8536
9831	-0.8666
9832	-0.8394
9833	-0.8679
9834	-0.8414
9835	-0.8556
9836	-0.8651
9837	-0.8803
9838	-0.8424
9839	-0.8606
9840	-0.8651
9841	-0.8738
9842	-0.8468
9843	-0.8692
9844	-0.8825
9845	-0.8775
9846	-0.8672
9847	-0.8583
9848	-0.8954
9849	-0.8856
9850	-0.8655
9851	-0.8852
9852	-0.8769
9853	-0.864
9854	-0.861
9855	-0.8698
9856	-0.818
9857	-0.8863
9858	-0.8663
9859	-0.8541
9860	-0.8429
9861	-0.8406
9862	-0.8609
9863	-0.8907
9864	-0.8553
9865	-0.8924
9866	-0.872
9867	-0.8339
9868	-0.8627
9869	-0.8365
9870	-0.8588
9871	-0.8779
9872	-0.8584
9873	-0.8525
9874	-0.8821
9875	-0.8741
9876	-0.8626
9877	-0.8669
9878	-0.8789
9879	-0.8833
9880	-0.8824
9881	-0.8334
9882	-0.8897
9883	-0.8785
9884	-0.851
9885	-0.8897
9886	-0.8821
9887	-0.8452
9888	-0.8691
9889	-0.8808
9890	-0.8553
9891	-0.8817
9892	-0.8586
9893	-0.8794
9894	-0.8257
9895	-0.8617
9896	-0.8553
9897	-0.8572
9898	-0.8707
9899	-0.8656
9900	-0.8659
9901	-0.8278
9902	-0.8606
9903	-0.8307
9904	-0.8158
9905	-0.8683
9906	-0.8505
9907	-0.8688
9908	-0.8755
9909	-0.8063
9910	-0.8566
9911	-0.8894
9912	-0.8718
9913	-0.8532
9914	-0.8509
9915	-0.87
9916	-0.8308
9917	-0.8709
9918	-0.8565
9919	-0.8716
9920	-0.8898
9921	-0.8436
9922	-0.8726
9923	-0.8725
9924	-0.8686
9925	-0.8778
9926	-0.873
9927	-0.8329
9928	-0.8326
9929	-0.8914
9930	-0.8754
9931	-0.8664
9932	-0.8992
9933	-0.8749
9934	-0.8659
9935	-0.8402
9936	-0.8848
9937	-0.8715
9938	-0.843
9939	-0.828
9940	-0.86
9941	-0.8809
9942	-0.888
9943	-0.862
9944	-0.8621
9945	-0.8627
9946	-0.8483
9947	-0.88
9948	-0.8746
9949	-0.8618
9950	-0.8853
9951	-0.853
9952	-0.8311
9953	-0.8509
9954	-0.8389
9955	-0.8437
9956	-0.8693
9957	-0.8426
9958	-0.8641
9959	-0.866
9960	-0.8907
9961	-0.8261
9962	-0.8396
9963	-0.8639
9964	-0.8235
9965	-0.8588
9966	-0.8767
9967	-0.8669
9968	-0.8699
9969	-0.8683
9970	-0.8627
9971	-0.8729
9972	-0.8382
9973	-0.8646
9974	-0.8571
9975	-0.8578
9976	-0.8557
9977	-0.8646
9978	-0.8324
9979	-0.8819
9980	-0.8496
9981	-0.888
9982	-0.8704
9983	-0.8416
9984	-0.8809
9985	-0.894
9986	-0.8799
9987	-0.8577
9988	-0.8808
9989	-0.8515
9990	-0.8403
9991	-0.8511
9992	-0.8563
9993	-0.8527
9994	-0.8709
9995	-0.8484
9996	-0.8779
9997	-0.8751
9998	-0.865
9999	-0.8715
10000	-0.8661
