1	-0.741
2	-0.7822
3	-0.6528
4	-0.7946
5	-0.7636
6	-0.7454
7	-0.7155
8	-0.7426
9	-0.8205
10	-0.8269
11	-0.7595
12	-0.8019
13	-0.7482
14	-0.8464
15	-0.7398
16	-0.7094
17	-0.7908
18	-0.8154
19	-0.8263
20	-0.7861
21	-0.8505
22	-0.6939
23	-0.8011
24	-0.7918
25	-0.7283
26	-0.7843
27	-0.7999
28	-0.7073
29	-0.8748
30	-0.8205
31	-0.7788
32	-0.775
33	-0.8642
34	-0.7205
35	-0.8949
36	-0.779
37	-0.7098
38	-0.7442
39	-0.8412
40	-0.7787
41	-0.8383
42	-0.8188
43	-0.8231
44	-0.7396
45	-0.788
46	-0.7938
47	-0.7713
48	-0.7408
49	-0.8623
50	-0.9127
51	-0.84
52	-0.788
53	-0.7468
54	-0.7192
55	-0.8367
56	-0.8677
57	-0.7861
58	-0.8144
59	-0.7621
60	-0.7589
61	-0.7353
62	-0.8815
63	-0.6972
64	-0.9056
65	-0.8255
66	-0.8248
67	-0.7692
68	-0.7622
69	-0.798
70	-0.8322
71	-0.8119
72	-0.7537
73	-0.7518
74	-0.827
75	-0.7717
76	-0.8793
77	-0.7486
78	-0.7889
79	-0.8058
80	-0.7278
81	-0.8923
82	-0.8227
83	-0.8109
84	-0.751
85	-0.7896
86	-0.8254
87	-0.8592
88	-0.7858
89	-0.7724
90	-0.7663
91	-0.8304
92	-0.8114
93	-0.8057
94	-0.7637
95	-0.7631
96	-0.7232
97	-0.795
98	-0.8305
99	-0.7628
100	-0.7272
101	-0.7518
102	-0.7858
103	-0.7186
104	-0.8641
105	-0.8549
106	-0.7356
107	-0.7614
108	-0.7715
109	-0.8756
110	-0.789
111	-0.7837
112	-0.8134
113	-0.7201
114	-0.8489
115	-0.6938
116	-0.7588
117	-0.6741
118	-0.8068
119	-0.8631
120	-0.9017
121	-0.8506
122	-0.7776
123	-0.7807
124	-0.8646
125	-0.8146
126	-0.8587
127	-0.8548
128	-0.7913
129	-0.7676
130	-0.7528
131	-0.7957
132	-0.7995
133	-0.7903
134	-0.8087
135	-0.7859
136	-0.8688
137	-0.7548
138	-0.7709
139	-0.8066
140	-0.8247
141	-0.7927
142	-0.7291
143	-0.7857
144	-0.8457
145	-0.7795
146	-0.858
147	-0.7414
148	-0.7387
149	-0.8419
150	-0.8502
151	-0.8489
152	-0.884
153	-0.8208
154	-0.7924
155	-0.7816
156	-0.8109
157	-0.7784
158	-0.8457
159	-0.8805
160	-0.7392
161	-0.7656
162	-0.7233
163	-0.6955
164	-0.8653
165	-0.8025
166	-0.7672
167	-0.782
168	-0.8143
169	-0.7317
170	-0.7754
171	-0.7804
172	-0.8849
173	-0.7725
174	-0.8319
175	-0.8147
176	-0.8672
177	-0.7145
178	-0.8228
179	-0.7854
180	-0.8009
181	-0.8028
182	-0.8275
183	-0.7825
184	-0.8393
185	-0.8014
186	-0.827
187	-0.829
188	-0.8683
189	-0.844
190	-0.8248
191	-0.8972
192	-0.7682
193	-0.8673
194	-0.8094
195	-0.7577
196	-0.7198
197	-0.8401
198	-0.747
199	-0.8021
200	-0.7577
201	-0.7712
202	-0.7649
203	-0.8876
204	-0.8345
205	-0.837
206	-0.8333
207	-0.9223
208	-0.8356
209	-0.8022
210	-0.7828
211	-0.7715
212	-0.835
213	-0.8091
214	-0.7731
215	-0.7736
216	-0.7488
217	-0.8243
218	-0.8027
219	-0.9345
220	-0.8236
221	-0.785
222	-0.7931
223	-0.8128
224	-0.8579
225	-0.6568
226	-0.8168
227	-0.7494
228	-0.7553
229	-0.7203
230	-0.7661
231	-0.7085
232	-0.8939
233	-0.8476
234	-0.8007
235	-0.8449
236	-0.8231
237	-0.6847
238	-0.7853
239	-0.8534
240	-0.761
241	-0.8131
242	-0.8075
243	-0.8324
244	-0.8512
245	-0.8419
246	-0.8128
247	-0.7803
248	-0.8148
249	-0.7807
250	-0.8281
251	-0.7298
252	-0.8141
253	-0.7576
254	-0.7828
255	-0.7882
256	-0.8192
257	-0.7541
258	-0.7964
259	-0.8577
260	-0.8238
261	-0.8228
262	-0.8446
263	-0.7984
264	-0.8372
265	-0.7651
266	-0.8359
267	-0.8491
268	-0.8253
269	-0.7819
270	-0.7597
271	-0.7026
272	-0.8258
273	-0.8279
274	-0.7133
275	-0.7146
276	-0.8099
277	-0.8139
278	-0.78
279	-0.8057
280	-0.7604
281	-0.8549
282	-0.773
283	-0.8326
284	-0.8231
285	-0.8329
286	-0.8466
287	-0.8836
288	-0.7889
289	-0.8177
290	-0.929
291	-0.8434
292	-0.8094
293	-0.8627
294	-0.7988
295	-0.771
296	-0.8817
297	-0.7945
298	-0.7211
299	-0.7268
300	-0.853
301	-0.8299
302	-0.8463
303	-0.7847
304	-0.7903
305	-0.8163
306	-0.8142
307	-0.6974
308	-0.818
309	-0.8047
310	-0.8167
311	-0.7802
312	-0.8697
313	-0.7758
314	-0.732
315	-0.8024
316	-0.8322
317	-0.7865
318	-0.78
319	-0.8298
320	-0.8581
321	-0.8099
322	-0.8675
323	-0.691
324	-0.8308
325	-0.8241
326	-0.8523
327	-0.8853
328	-0.817
329	-0.7078
330	-0.7668
331	-0.7958
332	-0.81
333	-0.7352
334	-0.7221
335	-0.8061
336	-0.8365
337	-0.7608
338	-0.8525
339	-0.8987
340	-0.9377
341	-0.8314
342	-0.796
343	-0.738
344	-0.7866
345	-0.7263
346	-0.793
347	-0.8071
348	-0.7867
349	-0.8025
350	-0.8388
351	-0.7937
352	-0.798
353	-0.8171
354	-0.727
355	-0.7553
356	-0.7909
357	-0.8396
358	-0.8055
359	-0.7234
360	-0.7942
361	-0.7936
362	-0.8183
363	-0.8138
364	-0.8406
365	-0.7893
366	-0.8365
367	-0.8
368	-0.9062
369	-0.8928
370	-0.7673
371	-0.8292
372	-0.8216
373	-0.7961
374	-0.8942
375	-0.7196
376	-0.8162
377	-0.7772
378	-0.8716
379	-0.7819
380	-0.7161
381	-0.8083
382	-0.7659
383	-0.7085
384	-0.7688
385	-0.8079
386	-0.7948
387	-0.8791
388	-0.8589
389	-0.7235
390	-0.798
391	-0.7843
392	-0.8045
393	-0.8584
394	-0.8268
395	-0.8004
396	-0.8106
397	-0.7654
398	-0.8452
399	-0.7708
400	-0.8209
401	-0.8634
402	-0.8216
403	-0.7436
404	-0.7554
405	-0.7985
406	-0.7563
407	-0.7364
408	-0.8491
409	-0.6674
410	-0.7641
411	-0.6956
412	-0.8071
413	-0.8578
414	-0.8035
415	-0.7475
416	-0.7885
417	-0.7764
418	-0.7871
419	-0.8023
420	-0.8433
421	-0.8697
422	-0.7746
423	-0.816
424	-0.7063
425	-0.8506
426	-0.9597
427	-0.8498
428	-0.8546
429	-0.7964
430	-0.7625
431	-0.7887
432	-0.8302
433	-0.7688
434	-0.8406
435	-0.7758
436	-0.7998
437	-0.8266
438	-0.8097
439	-0.7941
440	-0.8293
441	-0.8139
442	-0.7542
443	-0.7774
444	-0.6883
445	-0.68
446	-0.8327
447	-0.7249
448	-0.784
449	-0.7952
450	-0.6561
451	-0.8084
452	-0.853
453	-0.8568
454	-0.7973
455	-0.7294
456	-0.8026
457	-0.8247
458	-0.8614
459	-0.7416
460	-0.8046
461	-0.8416
462	-0.7958
463	-0.7393
464	-0.7626
465	-0.676
466	-0.9055
467	-0.741
468	-0.7545
469	-0.8763
470	-0.8538
471	-0.763
472	-0.7496
473	-0.7648
474	-0.8074
475	-0.8069
476	-0.8218
477	-0.7754
478	-0.7928
479	-0.8248
480	-0.8142
481	-0.7987
482	-0.7448
483	-0.8415
484	-0.8062
485	-0.765
486	-0.857
487	-0.8401
488	-0.7099
489	-0.7426
490	-0.8043
491	-0.8044
492	-0.8144
493	-0.7259
494	-0.8509
495	-0.7678
496	-0.7732
497	-0.8067
498	-0.8791
499	-0.8508
500	-0.7901
501	-0.7911
502	-0.8181
503	-0.89
504	-0.8395
505	-0.8553
506	-0.8281
507	-0.8458
508	-0.7067
509	-0.7267
510	-0.7889
511	-0.8663
512	-0.7924
513	-0.823
514	-0.8798
515	-0.7853
516	-0.8258
517	-0.7467
518	-0.6894
519	-0.7458
520	-0.7488
521	-0.739
522	-0.8366
523	-0.8781
524	-0.8535
525	-0.8711
526	-0.7392
527	-0.8535
528	-0.7459
529	-0.819
530	-0.7025
531	-0.8931
532	-0.7424
533	-0.8268
534	-0.695
535	-0.7931
536	-0.8128
537	-0.8076
538	-0.7327
539	-0.8265
540	-0.8087
541	-0.7761
542	-0.8178
543	-0.6216
544	-0.7869
545	-0.7951
546	-0.75
547	-0.7018
548	-0.7553
549	-0.8154
550	-0.8122
551	-0.8473
552	-0.8141
553	-0.8576
554	-0.8096
555	-0.8421
556	-0.8201
557	-0.8392
558	-0.7599
559	-0.7805
560	-0.8451
561	-0.7908
562	-0.7844
563	-0.849
564	-0.8327
565	-0.8087
566	-0.8306
567	-0.7956
568	-0.8368
569	-0.6548
570	-0.7068
571	-0.7703
572	-0.8912
573	-0.8216
574	-0.7668
575	-0.7038
576	-0.7902
577	-0.76
578	-0.7722
579	-0.7785
580	-0.7055
581	-0.7505
582	-0.8454
583	-0.8571
584	-0.8741
585	-0.8303
586	-0.8475
587	-0.8358
588	-0.8208
589	-0.8958
590	-0.8475
591	-0.8022
592	-0.7329
593	-0.6809
594	-0.8025
595	-0.812
596	-0.8939
597	-0.8116
598	-0.8633
599	-0.8359
600	-0.8242
601	-0.7518
602	-0.819
603	-0.7976
604	-0.7773
605	-0.783
606	-0.8592
607	-0.8062
608	-0.8078
609	-0.7601
610	-0.6949
611	-0.7307
612	-0.7619
613	-0.7352
614	-0.7674
615	-0.7425
616	-0.7443
617	-0.8315
618	-0.7899
619	-0.7629
620	-0.8673
621	-0.7665
622	-0.8444
623	-0.8357
624	-0.7959
625	-0.7409
626	-0.7228
627	-0.8069
628	-0.8928
629	-0.7919
630	-0.9129
631	-0.8211
632	-0.8048
633	-0.8119
634	-0.7779
635	-0.931
636	-0.7689
637	-0.8359
638	-0.8202
639	-0.7125
640	-0.8145
641	-0.7286
642	-0.8542
643	-0.8034
644	-0.8589
645	-0.8022
646	-0.853
647	-0.781
648	-0.7491
649	-0.8867
650	-0.7934
651	-0.7652
652	-0.7297
653	-0.747
654	-0.7409
655	-0.7889
656	-0.8025
657	-0.8257
658	-0.7792
659	-0.8201
660	-0.8108
661	-0.824
662	-0.7345
663	-0.8476
664	-0.812
665	-0.7295
666	-0.7251
667	-0.749
668	-0.7556
669	-0.8245
670	-0.7658
671	-0.7926
672	-0.8171
673	-0.7268
674	-0.7897
675	-0.8157
676	-0.7955
677	-0.785
678	-0.7749
679	-0.7547
680	-0.8308
681	-0.7849
682	-0.8282
683	-0.8342
684	-0.7995
685	-0.8436
686	-0.8219
687	-0.8113
688	-0.7279
689	-0.8313
690	-0.8203
691	-0.8501
692	-0.8498
693	-0.9025
694	-0.8237
695	-0.8024
696	-0.7365
697	-0.6738
698	-0.7619
699	-0.8414
700	-0.8485
701	-0.6961
702	-0.8374
703	-0.7778
704	-0.8741
705	-0.8181
706	-0.848
707	-0.7593
708	-0.7767
709	-0.8081
710	-0.7917
711	-0.8398
712	-0.7528
713	-0.7813
714	-0.7288
715	-0.774
716	-0.7513
717	-0.7795
718	-0.8039
719	-0.7882
720	-0.7948
721	-0.7344
722	-0.8646
723	-0.7395
724	-0.8287
725	-0.7022
726	-0.8156
727	-0.8355
728	-0.7888
729	-0.8315
730	-0.7458
731	-0.7276
732	-0.7991
733	-0.8143
734	-0.8858
735	-0.8101
736	-0.7984
737	-0.7517
738	-0.7384
739	-0.6483
740	-0.6793
741	-0.7692
742	-0.7697
743	-0.8004
744	-0.8313
745	-0.833
746	-0.8151
747	-0.7036
748	-0.7667
749	-0.7111
750	-0.7533
751	-0.8347
752	-0.8498
753	-0.8047
754	-0.7852
755	-0.7853
756	-0.8386
757	-0.7673
758	-0.8193
759	-0.7647
760	-0.7968
761	-0.7629
762	-0.7487
763	-0.8259
764	-0.7665
765	-0.7687
766	-0.7483
767	-0.7551
768	-0.77
769	-0.7847
770	-0.8019
771	-0.7622
772	-0.8356
773	-0.7566
774	-0.77
775	-0.8674
776	-0.7791
777	-0.7567
778	-0.8786
779	-0.8378
780	-0.7947
781	-0.876
782	-0.8269
783	-0.8551
784	-0.9177
785	-0.8052
786	-0.8475
787	-0.7468
788	-0.8387
789	-0.8159
790	-0.7879
791	-0.7878
792	-0.8237
793	-0.7897
794	-0.8138
795	-0.7969
796	-0.7903
797	-0.7545
798	-0.8147
799	-0.8432
800	-0.7927
801	-0.7841
802	-0.8357
803	-0.8521
804	-0.6858
805	-0.8228
806	-0.8082
807	-0.782
808	-0.8066
809	-0.8498
810	-0.7976
811	-0.8448
812	-0.8679
813	-0.7777
814	-0.7653
815	-0.8276
816	-0.8383
817	-0.8498
818	-0.8163
819	-0.8019
820	-0.7665
821	-0.8572
822	-0.7975
823	-0.75
824	-0.7593
825	-0.7538
826	-0.7484
827	-0.8215
828	-0.8041
829	-0.82
830	-0.8783
831	-0.7704
832	-0.8689
833	-0.8236
834	-0.7505
835	-0.8152
836	-0.856
837	-0.7628
838	-0.7627
839	-0.7623
840	-0.7437
841	-0.814
842	-0.8478
843	-0.7983
844	-0.8247
845	-0.922
846	-0.878
847	-0.7881
848	-0.8135
849	-0.8198
850	-0.7669
851	-0.752
852	-0.7492
853	-0.7164
854	-0.7111
855	-0.7604
856	-0.7254
857	-0.7345
858	-0.6713
859	-0.7445
860	-0.7653
861	-0.8228
862	-0.7929
863	-0.7925
864	-0.8112
865	-0.827
866	-0.7512
867	-0.8137
868	-0.8284
869	-0.825
870	-0.8912
871	-0.8083
872	-0.7785
873	-0.7838
874	-0.7207
875	-0.8333
876	-0.7763
877	-0.7381
878	-0.7483
879	-0.8066
880	-0.7878
881	-0.6858
882	-0.8586
883	-0.7502
884	-0.7465
885	-0.7978
886	-0.8388
887	-0.8591
888	-0.8006
889	-0.7666
890	-0.8237
891	-0.797
892	-0.8325
893	-0.757
894	-0.7426
895	-0.7954
896	-0.7322
897	-0.7893
898	-0.7897
899	-0.7813
900	-0.7786
901	-0.7575
902	-0.8313
903	-0.7769
904	-0.8429
905	-0.8013
906	-0.8577
907	-0.8389
908	-0.8531
909	-0.8124
910	-0.7861
911	-0.8084
912	-0.756
913	-0.6851
914	-0.8129
915	-0.823
916	-0.7047
917	-0.8506
918	-0.8368
919	-0.6691
920	-0.8674
921	-0.7158
922	-0.7933
923	-0.787
924	-0.8189
925	-0.8636
926	-0.7985
927	-0.7634
928	-0.816
929	-0.8534
930	-0.7674
931	-0.8506
932	-0.8325
933	-0.8798
934	-0.7839
935	-0.8661
936	-0.7944
937	-0.8523
938	-0.8083
939	-0.726
940	-0.8179
941	-0.8088
942	-0.787
943	-0.8107
944	-0.7688
945	-0.7983
946	-0.7555
947	-0.883
948	-0.786
949	-0.827
950	-0.7639
951	-0.8121
952	-0.7935
953	-0.8018
954	-0.7376
955	-0.7722
956	-0.8369
957	-0.839
958	-0.7357
959	-0.7512
960	-0.855
961	-0.832
962	-0.7593
963	-0.811
964	-0.8711
965	-0.8398
966	-0.8086
967	-0.7896
968	-0.6756
969	-0.8209
970	-0.7302
971	-0.727
972	-0.8265
973	-0.7815
974	-0.7722
975	-0.7813
976	-0.8194
977	-0.8104
978	-0.837
979	-0.7377
980	-0.7636
981	-0.8878
982	-0.7961
983	-0.8295
984	-0.8233
985	-0.8527
986	-0.8924
987	-0.8287
988	-0.8065
989	-0.8715
990	-0.9329
991	-0.8916
992	-0.7912
993	-0.863
994	-0.8223
995	-0.7983
996	-0.7727
997	-0.7831
998	-0.6848
999	-0.8228
1000	-0.7833
1001	-0.8355
1002	-0.7771
1003	-0.8474
1004	-0.8387
1005	-0.7456
1006	-0.7186
1007	-0.7972
1008	-0.7857
1009	-0.7472
1010	-0.8129
1011	-0.758
1012	-0.8233
1013	-0.7534
1014	-0.7352
1015	-0.7796
1016	-0.7678
1017	-0.8463
1018	-0.7901
1019	-0.7775
1020	-0.8678
1021	-0.7881
1022	-0.7566
1023	-0.8551
1024	-0.8436
1025	-0.7883
1026	-0.7583
1027	-0.9018
1028	-0.8291
1029	-0.8248
1030	-0.8906
1031	-0.7773
1032	-0.8083
1033	-0.7349
1034	-0.8476
1035	-0.7815
1036	-0.7784
1037	-0.7636
1038	-0.8514
1039	-0.8077
1040	-0.8074
1041	-0.7602
1042	-0.8501
1043	-0.7492
1044	-0.8503
1045	-0.719
1046	-0.7806
1047	-0.7573
1048	-0.8207
1049	-0.7605
1050	-0.7337
1051	-0.7579
1052	-0.8044
1053	-0.8142
1054	-0.8152
1055	-0.7879
1056	-0.8092
1057	-0.7084
1058	-0.7298
1059	-0.7963
1060	-0.8409
1061	-0.8221
1062	-0.8556
1063	-0.7624
1064	-0.8362
1065	-0.7859
1066	-0.8197
1067	-0.7949
1068	-0.7767
1069	-0.8446
1070	-0.7816
1071	-0.7825
1072	-0.8648
1073	-0.7779
1074	-0.659
1075	-0.8889
1076	-0.782
1077	-0.771
1078	-0.7391
1079	-0.7525
1080	-0.7339
1081	-0.7404
1082	-0.8417
1083	-0.708
1084	-0.7356
1085	-0.7277
1086	-0.742
1087	-0.8563
1088	-0.7745
1089	-0.8111
1090	-0.7919
1091	-0.7824
1092	-0.8638
1093	-0.756
1094	-0.8427
1095	-0.8031
1096	-0.8686
1097	-0.7422
1098	-0.8162
1099	-0.822
1100	-0.8302
1101	-0.7887
1102	-0.734
1103	-0.8807
1104	-0.9091
1105	-0.7534
1106	-0.7596
1107	-0.7919
1108	-0.8413
1109	-0.823
1110	-0.726
1111	-0.8087
1112	-0.778
1113	-0.7964
1114	-0.7862
1115	-0.837
1116	-0.6342
1117	-0.8393
1118	-0.7967
1119	-0.927
1120	-0.7405
1121	-0.7824
1122	-0.769
1123	-0.8026
1124	-0.7313
1125	-0.8481
1126	-0.8102
1127	-0.9308
1128	-0.7695
1129	-0.8343
1130	-0.817
1131	-0.8077
1132	-0.8283
1133	-0.7968
1134	-0.7575
1135	-0.7805
1136	-0.8462
1137	-0.6575
1138	-0.7893
1139	-0.8021
1140	-0.7968
1141	-0.9182
1142	-0.8399
1143	-0.8386
1144	-0.8292
1145	-0.8782
1146	-0.8186
1147	-0.8052
1148	-0.7968
1149	-0.7081
1150	-0.7649
1151	-0.8383
1152	-0.7887
1153	-0.8342
1154	-0.7942
1155	-0.7438
1156	-0.8299
1157	-0.8527
1158	-0.8056
1159	-0.8548
1160	-0.8467
1161	-0.8037
1162	-0.676
1163	-0.8217
1164	-0.8283
1165	-0.833
1166	-0.748
1167	-0.8397
1168	-0.9127
1169	-0.7802
1170	-0.8015
1171	-0.7934
1172	-0.7286
1173	-0.7819
1174	-0.7886
1175	-0.8631
1176	-0.795
1177	-0.8061
1178	-0.8227
1179	-0.8371
1180	-0.8022
1181	-0.7898
1182	-0.7732
1183	-0.8001
1184	-0.8187
1185	-0.8475
1186	-0.7406
1187	-0.8324
1188	-0.82
1189	-0.8054
1190	-0.7363
1191	-0.721
1192	-0.776
1193	-0.7517
1194	-0.7645
1195	-0.8712
1196	-0.8427
1197	-0.8535
1198	-0.8238
1199	-0.7506
1200	-0.7817
1201	-0.8176
1202	-0.8847
1203	-0.8132
1204	-0.8717
1205	-0.8021
1206	-0.735
1207	-0.7802
1208	-0.7475
1209	-0.8221
1210	-0.8671
1211	-0.7611
1212	-0.8381
1213	-0.7943
1214	-0.7412
1215	-0.7404
1216	-0.7898
1217	-0.7951
1218	-0.9189
1219	-0.8142
1220	-0.8319
1221	-0.8492
1222	-0.7962
1223	-0.807
1224	-0.7694
1225	-0.8064
1226	-0.8287
1227	-0.8159
1228	-0.8543
1229	-0.7041
1230	-0.7125
1231	-0.715
1232	-0.7487
1233	-0.735
1234	-0.757
1235	-0.7482
1236	-0.7514
1237	-0.7134
1238	-0.8203
1239	-0.7977
1240	-0.7725
1241	-0.7801
1242	-0.7762
1243	-0.8042
1244	-0.7956
1245	-0.8095
1246	-0.8635
1247	-0.8023
1248	-0.7695
1249	-0.8547
1250	-0.8092
1251	-0.8376
1252	-0.8501
1253	-0.7402
1254	-0.765
1255	-0.7951
1256	-0.7714
1257	-0.8329
1258	-0.7746
1259	-0.8448
1260	-0.7926
1261	-0.8342
1262	-0.7867
1263	-0.8371
1264	-0.7828
1265	-0.8709
1266	-0.8197
1267	-0.8708
1268	-0.7786
1269	-0.8318
1270	-0.7608
1271	-0.8312
1272	-0.8366
1273	-0.7457
1274	-0.8097
1275	-0.8488
1276	-0.7903
1277	-0.7722
1278	-0.8307
1279	-0.8256
1280	-0.7114
1281	-0.8013
1282	-0.8436
1283	-0.8338
1284	-0.823
1285	-0.8369
1286	-0.8195
1287	-0.9102
1288	-0.8717
1289	-0.8127
1290	-0.8578
1291	-0.8066
1292	-0.8172
1293	-0.8077
1294	-0.8417
1295	-0.8151
1296	-0.8149
1297	-0.7445
1298	-0.7927
1299	-0.8236
1300	-0.7935
1301	-0.8716
1302	-0.8448
1303	-0.8132
1304	-0.8365
1305	-0.7728
1306	-0.8084
1307	-0.8412
1308	-0.8238
1309	-0.8693
1310	-0.8568
1311	-0.7464
1312	-0.7374
1313	-0.782
1314	-0.7668
1315	-0.6597
1316	-0.7817
1317	-0.7424
1318	-0.8228
1319	-0.765
1320	-0.8357
1321	-0.7781
1322	-0.7594
1323	-0.7974
1324	-0.867
1325	-0.8151
1326	-0.8203
1327	-0.8732
1328	-0.8059
1329	-0.8442
1330	-0.8206
1331	-0.798
1332	-0.7229
1333	-0.86
1334	-0.758
1335	-0.7367
1336	-0.8555
1337	-0.7252
1338	-0.7836
1339	-0.7917
1340	-0.84
1341	-0.7521
1342	-0.7833
1343	-0.8418
1344	-0.8118
1345	-0.778
1346	-0.8119
1347	-0.7768
1348	-0.8219
1349	-0.7734
1350	-0.8606
1351	-0.8542
1352	-0.8025
1353	-0.7548
1354	-0.8152
1355	-0.8054
1356	-0.6136
1357	-0.8081
1358	-0.8631
1359	-0.7841
1360	-0.8129
1361	-0.7953
1362	-0.8569
1363	-0.7926
1364	-0.7758
1365	-0.8351
1366	-0.847
1367	-0.8367
1368	-0.7672
1369	-0.8649
1370	-0.74
1371	-0.7928
1372	-0.8102
1373	-0.7833
1374	-0.8408
1375	-0.7649
1376	-0.7645
1377	-0.8403
1378	-0.8129
1379	-0.8622
1380	-0.7655
1381	-0.7898
1382	-0.8224
1383	-0.8444
1384	-0.8587
1385	-0.6134
1386	-0.853
1387	-0.8572
1388	-0.8042
1389	-0.8042
1390	-0.7017
1391	-0.8145
1392	-0.8357
1393	-0.8174
1394	-0.8482
1395	-0.7719
1396	-0.7616
1397	-0.8231
1398	-0.8121
1399	-0.9042
1400	-0.8192
1401	-0.7734
1402	-0.8462
1403	-0.8506
1404	-0.8028
1405	-0.813
1406	-0.7808
1407	-0.7871
1408	-0.8213
1409	-0.8297
1410	-0.7592
1411	-0.8045
1412	-0.8345
1413	-0.8428
1414	-0.7767
1415	-0.8409
1416	-0.8766
1417	-0.8249
1418	-0.7662
1419	-0.8811
1420	-0.7718
1421	-0.7696
1422	-0.7749
1423	-0.7601
1424	-0.816
1425	-0.7787
1426	-0.8598
1427	-0.7795
1428	-0.6868
1429	-0.7677
1430	-0.8278
1431	-0.7855
1432	-0.7904
1433	-0.7611
1434	-0.7353
1435	-0.8095
1436	-0.6965
1437	-0.8543
1438	-0.7749
1439	-0.7815
1440	-0.7738
1441	-0.816
1442	-0.8412
1443	-0.7497
1444	-0.8377
1445	-0.835
1446	-0.7733
1447	-0.759
1448	-0.8418
1449	-0.8316
1450	-0.7847
1451	-0.8458
1452	-0.8373
1453	-0.7973
1454	-0.891
1455	-0.7928
1456	-0.9004
1457	-0.8086
1458	-0.9032
1459	-0.8259
1460	-0.8297
1461	-0.8265
1462	-0.8328
1463	-0.8966
1464	-0.7562
1465	-0.8706
1466	-0.7961
1467	-0.7565
1468	-0.8138
1469	-0.9083
1470	-0.9367
1471	-0.8306
1472	-0.7871
1473	-0.842
1474	-0.8462
1475	-0.9064
1476	-0.6971
1477	-0.8481
1478	-0.798
1479	-0.7503
1480	-0.7248
1481	-0.7974
1482	-0.8046
1483	-0.7533
1484	-0.7533
1485	-0.7495
1486	-0.8324
1487	-0.9559
1488	-0.8382
1489	-0.8625
1490	-0.8865
1491	-0.9133
1492	-0.8538
1493	-0.8091
1494	-0.867
1495	-0.8492
1496	-0.8442
1497	-0.7963
1498	-0.7996
1499	-0.8831
1500	-0.7943
1501	-0.7405
1502	-0.6724
1503	-0.6462
1504	-0.8408
1505	-0.7478
1506	-0.7785
1507	-0.7748
1508	-0.8293
1509	-0.8129
1510	-0.807
1511	-0.8868
1512	-0.9372
1513	-0.8431
1514	-0.8977
1515	-0.611
1516	-0.7757
1517	-0.7043
1518	-0.7995
1519	-0.7203
1520	-0.8302
1521	-0.8142
1522	-0.698
1523	-0.8745
1524	-0.7453
1525	-0.7996
1526	-0.8267
1527	-0.9067
1528	-0.8625
1529	-0.7822
1530	-0.8097
1531	-0.7539
1532	-0.7017
1533	-0.6608
1534	-0.7951
1535	-0.7579
1536	-0.8555
1537	-0.8859
1538	-0.7672
1539	-0.8386
1540	-0.7811
1541	-0.7714
1542	-0.8254
1543	-0.7694
1544	-0.7981
1545	-0.8141
1546	-0.8808
1547	-0.7991
1548	-0.7593
1549	-0.791
1550	-0.8381
1551	-0.7405
1552	-0.7653
1553	-0.7264
1554	-0.7488
1555	-0.8475
1556	-0.7194
1557	-0.7654
1558	-0.7953
1559	-0.7398
1560	-0.7437
1561	-0.7567
1562	-0.855
1563	-0.7564
1564	-0.8068
1565	-0.749
1566	-0.8057
1567	-0.8166
1568	-0.7807
1569	-0.7532
1570	-0.8529
1571	-0.8132
1572	-0.8074
1573	-0.8752
1574	-0.8314
1575	-0.7559
1576	-0.8909
1577	-0.8795
1578	-0.7907
1579	-0.7874
1580	-0.7921
1581	-0.7881
1582	-0.8073
1583	-0.8015
1584	-0.8036
1585	-0.8046
1586	-0.7543
1587	-0.8578
1588	-0.8321
1589	-0.7226
1590	-0.8147
1591	-0.7431
1592	-0.8126
1593	-0.821
1594	-0.785
1595	-0.8161
1596	-0.7527
1597	-0.8334
1598	-0.7154
1599	-0.7588
1600	-0.8849
1601	-0.8267
1602	-0.8274
1603	-0.7162
1604	-0.7911
1605	-0.8068
1606	-0.8089
1607	-0.8691
1608	-0.7788
1609	-0.8245
1610	-0.7687
1611	-0.7308
1612	-0.7632
1613	-0.8789
1614	-0.6785
1615	-0.7568
1616	-0.7927
1617	-0.8325
1618	-0.8167
1619	-0.7973
1620	-0.63
1621	-0.7717
1622	-0.7986
1623	-0.8275
1624	-0.6928
1625	-0.7165
1626	-0.786
1627	-0.7412
1628	-0.789
1629	-0.844
1630	-0.8522
1631	-0.7025
1632	-0.7979
1633	-0.8189
1634	-0.867
1635	-0.7976
1636	-0.7854
1637	-0.8476
1638	-0.8501
1639	-0.7928
1640	-0.8383
1641	-0.8491
1642	-0.825
1643	-0.7205
1644	-0.783
1645	-0.7131
1646	-0.8028
1647	-0.756
1648	-0.8153
1649	-0.8619
1650	-0.828
1651	-0.81
1652	-0.8145
1653	-0.8604
1654	-0.8
1655	-0.8843
1656	-0.7999
1657	-0.8013
1658	-0.7816
1659	-0.7894
1660	-0.8306
1661	-0.7169
1662	-0.7837
1663	-0.864
1664	-0.8542
1665	-0.7333
1666	-0.743
1667	-0.7368
1668	-0.8213
1669	-0.8724
1670	-0.8091
1671	-0.8742
1672	-0.8249
1673	-0.8098
1674	-0.8
1675	-0.8422
1676	-0.7669
1677	-0.7592
1678	-0.714
1679	-0.7507
1680	-0.8411
1681	-0.7581
1682	-0.8958
1683	-0.9758
1684	-0.8625
1685	-0.7383
1686	-0.7694
1687	-0.725
1688	-0.7235
1689	-0.776
1690	-0.76
1691	-0.8387
1692	-0.7264
1693	-0.8082
1694	-0.8561
1695	-0.7517
1696	-0.8109
1697	-0.8563
1698	-0.8265
1699	-0.7229
1700	-0.7084
1701	-0.7043
1702	-0.8332
1703	-0.8201
1704	-0.7908
1705	-0.773
1706	-0.8357
1707	-0.7787
1708	-0.9015
1709	-0.7903
1710	-0.695
1711	-0.7203
1712	-0.6921
1713	-0.7301
1714	-0.7154
1715	-0.832
1716	-0.8727
1717	-0.8486
1718	-0.8553
1719	-0.7427
1720	-0.77
1721	-0.6845
1722	-0.8558
1723	-0.8134
1724	-0.8129
1725	-0.8023
1726	-0.7816
1727	-0.8237
1728	-0.7576
1729	-0.751
1730	-0.7387
1731	-0.7048
1732	-0.7782
1733	-0.8213
1734	-0.8225
1735	-0.8621
1736	-0.8176
1737	-0.8711
1738	-0.7527
1739	-0.7145
1740	-0.8148
1741	-0.8295
1742	-0.8484
1743	-0.7621
1744	-0.8452
1745	-0.8365
1746	-0.7677
1747	-0.8664
1748	-0.8139
1749	-0.7196
1750	-0.8171
1751	-0.7469
1752	-0.7161
1753	-0.7312
1754	-0.77
1755	-0.7686
1756	-0.7779
1757	-0.7769
1758	-0.8021
1759	-0.7588
1760	-0.7202
1761	-0.6664
1762	-0.8593
1763	-0.7992
1764	-0.7953
1765	-0.7938
1766	-0.8097
1767	-0.8031
1768	-0.8521
1769	-0.8024
1770	-0.8211
1771	-0.8671
1772	-0.8542
1773	-0.8683
1774	-0.8241
1775	-0.7944
1776	-0.7592
1777	-0.8006
1778	-0.7893
1779	-0.8094
1780	-0.8297
1781	-0.8228
1782	-0.8254
1783	-0.7683
1784	-0.7835
1785	-0.7388
1786	-0.8505
1787	-0.8927
1788	-0.8771
1789	-0.8254
1790	-0.8239
1791	-0.8261
1792	-0.849
1793	-0.837
1794	-0.7892
1795	-0.7356
1796	-0.7471
1797	-0.7428
1798	-0.6002
1799	-0.717
1800	-0.7938
1801	-0.7548
1802	-0.8504
1803	-0.846
1804	-0.8471
1805	-0.785
1806	-0.7933
1807	-0.8411
1808	-0.8447
1809	-0.7817
1810	-0.7372
1811	-0.7998
1812	-0.8162
1813	-0.8318
1814	-0.7766
1815	-0.7441
1816	-0.8085
1817	-0.6197
1818	-0.9764
1819	-0.8116
1820	-0.7075
1821	-0.8472
1822	-0.8611
1823	-0.8702
1824	-0.7789
1825	-0.7986
1826	-0.7071
1827	-0.7658
1828	-0.7869
1829	-0.7578
1830	-0.826
1831	-0.7671
1832	-0.859
1833	-0.7967
1834	-0.7774
1835	-0.8621
1836	-0.8388
1837	-0.6809
1838	-0.8874
1839	-0.8747
1840	-0.8357
1841	-0.7846
1842	-0.8682
1843	-0.7829
1844	-0.8578
1845	-0.8341
1846	-0.902
1847	-0.8069
1848	-0.8864
1849	-0.8128
1850	-0.8064
1851	-0.8546
1852	-0.753
1853	-0.8259
1854	-0.8632
1855	-0.8018
1856	-0.7488
1857	-0.811
1858	-0.8352
1859	-0.8453
1860	-0.8013
1861	-0.7831
1862	-0.8435
1863	-0.7866
1864	-0.8314
1865	-0.7592
1866	-0.7682
1867	-0.7643
1868	-0.7691
1869	-0.7831
1870	-0.7925
1871	-0.8523
1872	-0.8655
1873	-0.7982
1874	-0.8311
1875	-0.8304
1876	-0.8823
1877	-0.9035
1878	-0.752
1879	-0.8314
1880	-0.8297
1881	-0.8398
1882	-0.8002
1883	-0.7523
1884	-0.8129
1885	-0.7107
1886	-0.8309
1887	-0.8199
1888	-0.7315
1889	-0.8164
1890	-0.8717
1891	-0.767
1892	-0.7318
1893	-0.7866
1894	-0.7055
1895	-0.7891
1896	-0.8024
1897	-0.8134
1898	-0.8746
1899	-0.8117
1900	-0.7659
1901	-0.8516
1902	-0.7491
1903	-0.8379
1904	-0.78
1905	-0.7897
1906	-0.8157
1907	-0.7346
1908	-0.8001
1909	-0.8209
1910	-0.8148
1911	-0.7678
1912	-0.7659
1913	-0.8009
1914	-0.7571
1915	-0.8135
1916	-0.8493
1917	-0.8784
1918	-0.8155
1919	-0.7226
1920	-0.7798
1921	-0.8517
1922	-0.799
1923	-0.7441
1924	-0.8237
1925	-0.8483
1926	-0.772
1927	-0.8262
1928	-0.8189
1929	-0.8212
1930	-0.7573
1931	-0.7856
1932	-0.7969
1933	-0.8362
1934	-0.8014
1935	-0.7796
1936	-0.7976
1937	-0.8315
1938	-0.8234
1939	-0.8893
1940	-0.8313
1941	-0.7765
1942	-0.8293
1943	-0.762
1944	-0.7963
1945	-0.739
1946	-0.8748
1947	-0.7534
1948	-0.824
1949	-0.7256
1950	-0.8503
1951	-0.7678
1952	-0.7529
1953	-0.7756
1954	-0.8126
1955	-0.8152
1956	-0.816
1957	-0.8358
1958	-0.7744
1959	-0.8125
1960	-0.7766
1961	-0.7824
1962	-0.7952
1963	-0.8585
1964	-0.79
1965	-0.7306
1966	-0.8293
1967	-0.8007
1968	-0.82
1969	-0.7616
1970	-0.7497
1971	-0.82
1972	-0.8555
1973	-0.8452
1974	-0.8212
1975	-0.8432
1976	-0.7572
1977	-0.7983
1978	-0.7616
1979	-0.7931
1980	-0.8013
1981	-0.8384
1982	-0.7996
1983	-0.8368
1984	-0.877
1985	-0.7767
1986	-0.7912
1987	-0.8581
1988	-0.8364
1989	-0.7843
1990	-0.8007
1991	-0.8502
1992	-0.7816
1993	-0.806
1994	-0.7896
1995	-0.7711
1996	-0.8434
1997	-0.7754
1998	-0.8297
1999	-0.8416
2000	-0.7987
2001	-0.8031
2002	-0.8437
2003	-0.8169
2004	-0.8063
2005	-0.7802
2006	-0.8116
2007	-0.801
2008	-0.8542
2009	-0.7714
2010	-0.7438
2011	-0.804
2012	-0.7473
2013	-0.901
2014	-0.7138
2015	-0.838
2016	-0.7868
2017	-0.813
2018	-0.7961
2019	-0.8329
2020	-0.8106
2021	-0.815
2022	-0.8086
2023	-0.8083
2024	-0.7942
2025	-0.7827
2026	-0.7926
2027	-0.8485
2028	-0.7361
2029	-0.7595
2030	-0.7604
2031	-0.7578
2032	-0.7764
2033	-0.7892
2034	-0.8326
2035	-0.8521
2036	-0.8593
2037	-0.9809
2038	-0.8354
2039	-0.8129
2040	-0.7417
2041	-0.6768
2042	-0.7444
2043	-0.7204
2044	-0.8294
2045	-0.8573
2046	-0.7829
2047	-0.754
2048	-0.6893
2049	-0.7324
2050	-0.8557
2051	-0.8581
2052	-0.8288
2053	-0.7754
2054	-0.8239
2055	-0.7885
2056	-0.8402
2057	-0.8545
2058	-0.7409
2059	-0.7525
2060	-0.7981
2061	-0.8326
2062	-0.7601
2063	-0.6531
2064	-0.8168
2065	-0.7311
2066	-0.8644
2067	-0.8079
2068	-0.761
2069	-0.7915
2070	-0.8224
2071	-0.709
2072	-0.7632
2073	-0.8228
2074	-0.7589
2075	-0.7305
2076	-0.8485
2077	-0.7782
2078	-0.8126
2079	-0.7472
2080	-0.82
2081	-0.7171
2082	-0.8024
2083	-0.7654
2084	-0.781
2085	-0.9011
2086	-0.7963
2087	-0.8444
2088	-0.8177
2089	-0.7567
2090	-0.7746
2091	-0.7401
2092	-0.7654
2093	-0.8284
2094	-0.829
2095	-0.7635
2096	-0.8431
2097	-0.7469
2098	-0.8554
2099	-0.8334
2100	-0.7694
2101	-0.8006
2102	-0.7725
2103	-0.7347
2104	-0.7915
2105	-0.9144
2106	-0.7473
2107	-0.7396
2108	-0.7235
2109	-0.7441
2110	-0.8813
2111	-0.7561
2112	-0.7086
2113	-0.7951
2114	-0.7525
2115	-0.7838
2116	-0.6701
2117	-0.6927
2118	-0.7644
2119	-0.836
2120	-0.7539
2121	-0.7542
2122	-0.8107
2123	-0.8299
2124	-0.8027
2125	-0.8601
2126	-0.7762
2127	-0.7752
2128	-0.6694
2129	-0.8147
2130	-0.7639
2131	-0.8049
2132	-0.7449
2133	-0.8717
2134	-0.7168
2135	-0.7628
2136	-0.765
2137	-0.7967
2138	-0.789
2139	-0.7064
2140	-0.7703
2141	-0.7927
2142	-0.7411
2143	-0.7668
2144	-0.7832
2145	-0.8471
2146	-0.8622
2147	-0.8032
2148	-0.8106
2149	-0.7916
2150	-0.769
2151	-0.8676
2152	-0.7951
2153	-0.8365
2154	-0.8756
2155	-0.7764
2156	-0.8789
2157	-0.825
2158	-0.84
2159	-0.7752
2160	-0.7898
2161	-0.9049
2162	-0.7897
2163	-0.8154
2164	-0.7876
2165	-0.8012
2166	-0.7924
2167	-0.7345
2168	-0.7309
2169	-0.8508
2170	-0.7453
2171	-0.9404
2172	-0.7647
2173	-0.7587
2174	-0.7895
2175	-0.7745
2176	-0.7931
2177	-0.7843
2178	-0.7335
2179	-0.8027
2180	-0.7602
2181	-0.7871
2182	-0.8073
2183	-0.8593
2184	-0.7802
2185	-0.718
2186	-0.7497
2187	-0.7799
2188	-0.7638
2189	-0.8075
2190	-0.7503
2191	-0.6103
2192	-0.7981
2193	-0.8144
2194	-0.8213
2195	-0.7838
2196	-0.7962
2197	-0.7286
2198	-0.7899
2199	-0.7391
2200	-0.6942
2201	-0.7235
2202	-0.7744
2203	-0.7479
2204	-0.7092
2205	-0.7579
2206	-0.6836
2207	-0.7699
2208	-0.8026
2209	-0.6544
2210	-0.7219
2211	-0.8389
2212	-0.7084
2213	-0.791
2214	-0.7732
2215	-0.8564
2216	-0.8247
2217	-0.7504
2218	-0.8319
2219	-0.8064
2220	-0.7838
2221	-0.7927
2222	-0.7531
2223	-0.8735
2224	-0.8093
2225	-0.7457
2226	-0.8257
2227	-0.7557
2228	-0.6761
2229	-0.6984
2230	-0.8528
2231	-0.7886
2232	-0.8095
2233	-0.7858
2234	-0.7723
2235	-0.8101
2236	-0.7906
2237	-0.7982
2238	-0.7242
2239	-0.7921
2240	-0.7888
2241	-0.7012
2242	-0.7151
2243	-0.707
2244	-0.7889
2245	-0.828
2246	-0.7339
2247	-0.8354
2248	-0.8537
2249	-0.7659
2250	-0.7846
2251	-0.7768
2252	-0.8041
2253	-0.8888
2254	-0.8465
2255	-0.8631
2256	-0.8367
2257	-0.7849
2258	-0.8382
2259	-0.8485
2260	-0.8384
2261	-0.792
2262	-0.836
2263	-0.7778
2264	-0.7791
2265	-0.8165
2266	-0.8625
2267	-0.7566
2268	-0.7876
2269	-0.7774
2270	-0.8003
2271	-0.7738
2272	-0.7911
2273	-0.7162
2274	-0.7062
2275	-0.6268
2276	-0.7431
2277	-0.7174
2278	-0.8704
2279	-0.6933
2280	-0.8288
2281	-0.7664
2282	-0.8102
2283	-0.8849
2284	-0.7409
2285	-0.7688
2286	-0.8437
2287	-0.8185
2288	-0.781
2289	-0.7798
2290	-0.7769
2291	-0.8274
2292	-0.8293
2293	-0.7878
2294	-0.7927
2295	-0.7849
2296	-0.7936
2297	-0.8096
2298	-0.8381
2299	-0.8346
2300	-0.8257
2301	-0.7558
2302	-0.8493
2303	-0.7077
2304	-0.8267
2305	-0.8701
2306	-0.8435
2307	-0.7537
2308	-0.6354
2309	-0.6786
2310	-0.7187
2311	-0.7608
2312	-0.7962
2313	-0.815
2314	-0.8394
2315	-0.8115
2316	-0.8666
2317	-0.8216
2318	-0.8374
2319	-0.7495
2320	-0.9189
2321	-0.813
2322	-0.7743
2323	-0.8249
2324	-0.79
2325	-0.8282
2326	-0.7877
2327	-0.7903
2328	-0.8074
2329	-0.8036
2330	-0.8765
2331	-0.7512
2332	-0.7891
2333	-0.8332
2334	-0.8284
2335	-0.8903
2336	-0.8086
2337	-0.8666
2338	-0.8312
2339	-0.7818
2340	-0.7874
2341	-0.7853
2342	-0.8991
2343	-0.7649
2344	-0.7736
2345	-0.863
2346	-0.8788
2347	-0.7659
2348	-0.8292
2349	-0.7933
2350	-0.7917
2351	-0.7894
2352	-0.8369
2353	-0.8272
2354	-0.8456
2355	-0.7927
2356	-0.7551
2357	-0.7656
2358	-0.637
2359	-0.7933
2360	-0.7172
2361	-0.868
2362	-0.8461
2363	-0.837
2364	-0.8985
2365	-0.8265
2366	-0.7484
2367	-0.8735
2368	-0.814
2369	-0.7642
2370	-0.7676
2371	-0.7631
2372	-0.853
2373	-0.752
2374	-0.7216
2375	-0.7997
2376	-0.7909
2377	-0.8314
2378	-0.7282
2379	-0.8293
2380	-0.8244
2381	-0.8105
2382	-0.7728
2383	-0.8217
2384	-0.7818
2385	-0.7526
2386	-0.5699
2387	-0.8201
2388	-0.7792
2389	-0.8056
2390	-0.826
2391	-0.8395
2392	-0.88
2393	-0.7982
2394	-0.7637
2395	-0.7728
2396	-0.7398
2397	-0.7856
2398	-0.8208
2399	-0.7404
2400	-0.7482
2401	-0.7789
2402	-0.716
2403	-0.7119
2404	-0.7685
2405	-0.8284
2406	-0.7167
2407	-0.8441
2408	-0.8452
2409	-0.8161
2410	-0.7896
2411	-0.819
2412	-0.8469
2413	-0.8333
2414	-0.8021
2415	-0.8097
2416	-0.8832
2417	-0.6471
2418	-0.8634
2419	-0.7866
2420	-0.8008
2421	-0.8473
2422	-0.7612
2423	-0.7647
2424	-0.7979
2425	-0.7676
2426	-0.8285
2427	-0.8155
2428	-0.7721
2429	-0.7514
2430	-0.8581
2431	-0.7565
2432	-0.8352
2433	-0.7956
2434	-0.8172
2435	-0.8211
2436	-0.9079
2437	-0.8056
2438	-0.7457
2439	-0.8483
2440	-0.8185
2441	-0.8308
2442	-0.811
2443	-0.7984
2444	-0.7964
2445	-0.766
2446	-0.8198
2447	-0.8612
2448	-0.7938
2449	-0.7411
2450	-0.8492
2451	-0.6533
2452	-0.7827
2453	-0.8192
2454	-0.7321
2455	-0.8422
2456	-0.7317
2457	-0.8661
2458	-0.7762
2459	-0.7241
2460	-0.8154
2461	-0.8445
2462	-0.6819
2463	-0.7837
2464	-0.7686
2465	-0.8188
2466	-0.7966
2467	-0.7939
2468	-0.7846
2469	-0.8291
2470	-0.7868
2471	-0.8436
2472	-0.8002
2473	-0.8058
2474	-0.7364
2475	-0.8335
2476	-0.8356
2477	-0.8297
2478	-0.7769
2479	-0.7912
2480	-0.8654
2481	-0.7721
2482	-0.7229
2483	-0.8361
2484	-0.7651
2485	-0.8098
2486	-0.7622
2487	-0.7444
2488	-0.7942
2489	-0.6919
2490	-0.7828
2491	-0.8167
2492	-0.8393
2493	-0.7819
2494	-0.7998
2495	-0.8151
2496	-0.8287
2497	-0.7934
2498	-0.8081
2499	-0.7732
2500	-0.7947
2501	-0.7649
2502	-0.7645
2503	-0.7496
2504	-0.8527
2505	-0.6791
2506	-0.8006
2507	-0.8339
2508	-0.742
2509	-0.8011
2510	-0.7939
2511	-0.7853
2512	-0.8933
2513	-0.7981
2514	-0.7956
2515	-0.7091
2516	-0.6891
2517	-0.719
2518	-0.7964
2519	-0.8286
2520	-0.813
2521	-0.8
2522	-0.835
2523	-0.857
2524	-0.7502
2525	-0.8696
2526	-0.8332
2527	-0.8047
2528	-0.9018
2529	-0.8232
2530	-0.7761
2531	-0.8232
2532	-0.9196
2533	-0.8537
2534	-0.813
2535	-0.7576
2536	-0.8218
2537	-0.7157
2538	-0.7596
2539	-0.8569
2540	-0.6474
2541	-0.7991
2542	-0.8101
2543	-0.7949
2544	-0.7908
2545	-0.8722
2546	-0.809
2547	-0.8176
2548	-0.7732
2549	-0.776
2550	-0.858
2551	-0.7922
2552	-0.7472
2553	-0.8076
2554	-0.7913
2555	-0.7834
2556	-0.7899
2557	-0.8051
2558	-0.6894
2559	-0.7556
2560	-0.7654
2561	-0.8155
2562	-0.8212
2563	-0.8377
2564	-0.7323
2565	-0.754
2566	-0.757
2567	-0.7973
2568	-0.7715
2569	-0.6803
2570	-0.7833
2571	-0.8397
2572	-0.6999
2573	-0.7018
2574	-0.6934
2575	-0.776
2576	-0.7169
2577	-0.7261
2578	-0.7306
2579	-0.5428
2580	-0.8363
2581	-0.8325
2582	-0.8075
2583	-0.7041
2584	-0.748
2585	-0.7636
2586	-0.8193
2587	-0.8138
2588	-0.8
2589	-0.7839
2590	-0.7894
2591	-0.7697
2592	-0.8705
2593	-0.8588
2594	-0.7983
2595	-0.7996
2596	-0.8611
2597	-0.856
2598	-0.7803
2599	-0.7573
2600	-0.7943
2601	-0.7401
2602	-0.856
2603	-0.8196
2604	-0.7512
2605	-0.7908
2606	-0.7298
2607	-0.7839
2608	-0.782
2609	-0.7845
2610	-0.8276
2611	-0.8674
2612	-0.8596
2613	-0.7933
2614	-0.8522
2615	-0.7888
2616	-0.8439
2617	-0.7733
2618	-0.7468
2619	-0.8331
2620	-0.7301
2621	-0.744
2622	-0.757
2623	-0.8129
2624	-0.8488
2625	-0.7962
2626	-0.8099
2627	-0.9121
2628	-0.8608
2629	-0.8245
2630	-0.8094
2631	-0.76
2632	-0.6536
2633	-0.8236
2634	-0.8387
2635	-0.8137
2636	-0.7907
2637	-0.7644
2638	-0.7803
2639	-0.8064
2640	-0.7258
2641	-0.7706
2642	-0.8343
2643	-0.8196
2644	-0.8348
2645	-0.7943
2646	-0.8564
2647	-0.8416
2648	-0.8097
2649	-0.8227
2650	-0.804
2651	-0.77
2652	-0.8316
2653	-0.807
2654	-0.8339
2655	-0.9394
2656	-0.8155
2657	-0.7432
2658	-0.7264
2659	-0.7488
2660	-0.7183
2661	-0.7538
2662	-0.8057
2663	-0.8181
2664	-0.8265
2665	-0.7596
2666	-0.9124
2667	-0.8202
2668	-0.8206
2669	-0.7572
2670	-0.8598
2671	-0.8067
2672	-0.7619
2673	-0.8204
2674	-0.851
2675	-0.7842
2676	-0.7561
2677	-0.8507
2678	-0.6805
2679	-0.8048
2680	-0.7515
2681	-0.7657
2682	-0.8176
2683	-0.7947
2684	-0.7387
2685	-0.7456
2686	-0.7289
2687	-0.8672
2688	-0.809
2689	-0.7685
2690	-0.7956
2691	-0.785
2692	-0.8725
2693	-0.8282
2694	-0.7943
2695	-0.8077
2696	-0.8317
2697	-0.8074
2698	-0.8334
2699	-0.8675
2700	-0.8266
2701	-0.8731
2702	-0.8625
2703	-0.8171
2704	-0.8391
2705	-0.7922
2706	-0.7918
2707	-0.8942
2708	-0.8089
2709	-0.8712
2710	-0.7983
2711	-0.8486
2712	-0.7869
2713	-0.8389
2714	-0.5978
2715	-0.7497
2716	-0.7735
2717	-0.7539
2718	-0.7845
2719	-0.7595
2720	-0.8176
2721	-0.7724
2722	-0.8459
2723	-0.8926
2724	-0.7849
2725	-0.8023
2726	-0.8243
2727	-0.7946
2728	-0.784
2729	-0.7592
2730	-0.7587
2731	-0.7654
2732	-0.817
2733	-0.8094
2734	-0.7769
2735	-0.7429
2736	-0.7671
2737	-0.8035
2738	-0.8991
2739	-0.7855
2740	-0.8252
2741	-0.8254
2742	-0.7581
2743	-0.784
2744	-0.8121
2745	-0.8694
2746	-0.8076
2747	-0.6758
2748	-0.5941
2749	-0.7917
2750	-0.8099
2751	-0.72
2752	-0.7579
2753	-0.8102
2754	-0.7332
2755	-0.7774
2756	-0.7933
2757	-0.8017
2758	-0.8303
2759	-0.712
2760	-0.7521
2761	-0.8241
2762	-0.8554
2763	-0.8069
2764	-0.8672
2765	-0.8831
2766	-0.7532
2767	-0.8483
2768	-0.7917
2769	-0.9114
2770	-0.8123
2771	-0.8143
2772	-0.803
2773	-0.8162
2774	-0.8545
2775	-0.843
2776	-0.7998
2777	-0.787
2778	-0.6808
2779	-0.7396
2780	-0.7989
2781	-0.8182
2782	-0.8137
2783	-0.8472
2784	-0.8312
2785	-0.8193
2786	-0.7938
2787	-0.8438
2788	-0.8664
2789	-0.7776
2790	-0.8624
2791	-0.8965
2792	-0.825
2793	-0.8046
2794	-0.9076
2795	-0.8224
2796	-0.8025
2797	-0.8144
2798	-0.8022
2799	-0.7702
2800	-0.8129
2801	-0.7642
2802	-0.7247
2803	-0.752
2804	-0.8579
2805	-0.8095
2806	-0.8129
2807	-0.8339
2808	-0.8009
2809	-0.8248
2810	-0.7818
2811	-0.8166
2812	-0.7914
2813	-0.8434
2814	-0.8176
2815	-0.7957
2816	-0.7687
2817	-0.817
2818	-0.8155
2819	-0.775
2820	-0.7981
2821	-0.7944
2822	-0.721
2823	-0.7785
2824	-0.7656
2825	-0.7375
2826	-0.8116
2827	-0.8872
2828	-0.7658
2829	-0.7741
2830	-0.7872
2831	-0.8155
2832	-0.8026
2833	-0.8037
2834	-0.7001
2835	-0.7408
2836	-0.7664
2837	-0.7842
2838	-0.7767
2839	-0.8344
2840	-0.7502
2841	-0.8028
2842	-0.766
2843	-0.901
2844	-0.7581
2845	-0.8346
2846	-0.8331
2847	-0.8354
2848	-0.7719
2849	-0.768
2850	-0.809
2851	-0.7824
2852	-0.8378
2853	-0.8995
2854	-0.7115
2855	-0.7665
2856	-0.8273
2857	-0.8076
2858	-0.78
2859	-0.8456
2860	-0.7406
2861	-0.7754
2862	-0.8428
2863	-0.8808
2864	-0.7528
2865	-0.8434
2866	-0.7508
2867	-0.8184
2868	-0.7788
2869	-0.8021
2870	-0.7761
2871	-0.8667
2872	-0.8215
2873	-0.7657
2874	-0.657
2875	-0.6971
2876	-0.7664
2877	-0.6749
2878	-0.7981
2879	-0.7116
2880	-0.6915
2881	-0.7847
2882	-0.8366
2883	-0.803
2884	-0.8315
2885	-0.8403
2886	-0.808
2887	-0.8575
2888	-0.7333
2889	-0.648
2890	-0.7176
2891	-0.8185
2892	-0.8194
2893	-0.7638
2894	-0.7479
2895	-0.7272
2896	-0.7982
2897	-0.8315
2898	-0.8043
2899	-0.8273
2900	-0.8014
2901	-0.8211
2902	-0.7335
2903	-0.7207
2904	-0.8163
2905	-0.8464
2906	-0.8045
2907	-0.7691
2908	-0.7376
2909	-0.8967
2910	-0.8338
2911	-0.8726
2912	-0.7545
2913	-0.795
2914	-0.7882
2915	-0.7518
2916	-0.7653
2917	-0.7978
2918	-0.7442
2919	-0.8034
2920	-0.8439
2921	-0.8643
2922	-0.7811
2923	-0.7767
2924	-0.839
2925	-0.77
2926	-0.766
2927	-0.8091
2928	-0.7615
2929	-0.802
2930	-0.8252
2931	-0.8545
2932	-0.8517
2933	-0.7586
2934	-0.7816
2935	-0.8348
2936	-0.7416
2937	-0.8867
2938	-0.922
2939	-0.8186
2940	-0.8312
2941	-0.7494
2942	-0.8646
2943	-0.8449
2944	-0.8041
2945	-0.8809
2946	-0.8741
2947	-0.7761
2948	-0.7597
2949	-0.8102
2950	-0.8219
2951	-0.775
2952	-0.7486
2953	-0.7907
2954	-0.7977
2955	-0.8082
2956	-0.8125
2957	-0.8162
2958	-0.8172
2959	-0.845
2960	-0.8432
2961	-0.7327
2962	-0.7584
2963	-0.8406
2964	-0.7573
2965	-0.7729
2966	-0.7262
2967	-0.7666
2968	-0.7317
2969	-0.7904
2970	-0.8302
2971	-0.7314
2972	-0.8224
2973	-0.7711
2974	-0.8378
2975	-0.8206
2976	-0.83
2977	-0.7872
2978	-0.7198
2979	-0.8149
2980	-0.7202
2981	-0.8233
2982	-0.8043
2983	-0.9358
2984	-0.8372
2985	-0.7316
2986	-0.8962
2987	-0.7889
2988	-0.7456
2989	-0.8872
2990	-0.7828
2991	-0.8183
2992	-0.837
2993	-0.8208
2994	-0.8764
2995	-0.7696
2996	-0.8459
2997	-0.857
2998	-0.8652
2999	-0.8351
3000	-0.8323
3001	-0.772
3002	-0.8941
3003	-0.8029
3004	-0.8465
3005	-0.72
3006	-0.6871
3007	-0.7338
3008	-0.8741
3009	-0.8285
3010	-0.7661
3011	-0.7541
3012	-0.7228
3013	-0.7791
3014	-0.7331
3015	-0.886
3016	-0.7425
3017	-0.833
3018	-0.8012
3019	-0.6364
3020	-0.7769
3021	-0.7334
3022	-0.7067
3023	-0.8012
3024	-0.8022
3025	-0.844
3026	-0.7741
3027	-0.7761
3028	-0.7829
3029	-0.8384
3030	-0.7666
3031	-0.7483
3032	-0.7903
3033	-0.8221
3034	-0.7645
3035	-0.8465
3036	-0.8611
3037	-0.8261
3038	-0.8359
3039	-0.7825
3040	-0.8254
3041	-0.7844
3042	-0.8679
3043	-0.7539
3044	-0.8387
3045	-0.8852
3046	-0.8344
3047	-0.799
3048	-0.8399
3049	-0.7981
3050	-0.7601
3051	-0.8721
3052	-0.8733
3053	-0.8177
3054	-0.8619
3055	-0.7564
3056	-0.8238
3057	-0.8559
3058	-0.7792
3059	-0.752
3060	-0.8024
3061	-0.7698
3062	-0.6538
3063	-0.7765
3064	-0.7849
3065	-0.7946
3066	-0.7844
3067	-0.7494
3068	-0.6883
3069	-0.8186
3070	-0.8101
3071	-0.7949
3072	-0.8862
3073	-0.7554
3074	-0.8315
3075	-0.7705
3076	-0.8324
3077	-0.765
3078	-0.7997
3079	-0.7728
3080	-0.784
3081	-0.9145
3082	-0.8224
3083	-0.8491
3084	-0.8537
3085	-0.856
3086	-0.9193
3087	-0.7979
3088	-0.7914
3089	-0.8081
3090	-0.8554
3091	-0.8188
3092	-0.7897
3093	-0.7959
3094	-0.8255
3095	-0.8686
3096	-0.92
3097	-0.8213
3098	-0.807
3099	-0.7734
3100	-0.8086
3101	-0.6997
3102	-0.7563
3103	-0.8009
3104	-0.8791
3105	-0.8889
3106	-0.7862
3107	-0.7532
3108	-0.7579
3109	-0.852
3110	-0.7138
3111	-0.8406
3112	-0.8036
3113	-0.8105
3114	-0.7874
3115	-0.8318
3116	-0.7958
3117	-0.7986
3118	-0.7734
3119	-0.7679
3120	-0.7747
3121	-0.7768
3122	-0.8253
3123	-0.7927
3124	-0.7824
3125	-0.7705
3126	-0.8062
3127	-0.8022
3128	-0.7888
3129	-0.8563
3130	-0.8202
3131	-0.8122
3132	-0.8569
3133	-0.7714
3134	-0.7423
3135	-0.6446
3136	-0.8451
3137	-0.7418
3138	-0.7385
3139	-0.8014
3140	-0.7826
3141	-0.7579
3142	-0.8228
3143	-0.7246
3144	-0.6878
3145	-0.8044
3146	-0.8364
3147	-0.8553
3148	-0.8274
3149	-0.8367
3150	-0.7296
3151	-0.8366
3152	-0.8569
3153	-0.7854
3154	-0.7404
3155	-0.8182
3156	-0.7829
3157	-0.7924
3158	-0.7387
3159	-0.8523
3160	-0.7414
3161	-0.7397
3162	-0.8131
3163	-0.7854
3164	-0.8969
3165	-0.8662
3166	-0.7947
3167	-0.727
3168	-0.7264
3169	-0.7938
3170	-0.7273
3171	-0.7749
3172	-0.8233
3173	-0.8299
3174	-0.8009
3175	-0.8732
3176	-0.823
3177	-0.7872
3178	-0.6705
3179	-0.7378
3180	-0.7626
3181	-0.7923
3182	-0.8775
3183	-0.8617
3184	-0.7953
3185	-0.7758
3186	-0.8739
3187	-0.8494
3188	-0.7507
3189	-0.8808
3190	-0.7417
3191	-0.7284
3192	-0.7839
3193	-0.8502
3194	-0.7647
3195	-0.7511
3196	-0.8403
3197	-0.7167
3198	-0.7573
3199	-0.7875
3200	-0.8062
3201	-0.8068
3202	-0.8124
3203	-0.7809
3204	-0.792
3205	-0.7427
3206	-0.7309
3207	-0.7977
3208	-0.7823
3209	-0.7593
3210	-0.7876
3211	-0.8038
3212	-0.7813
3213	-0.8014
3214	-0.8221
3215	-0.8187
3216	-0.7876
3217	-0.7464
3218	-0.7298
3219	-0.7263
3220	-0.8027
3221	-0.8486
3222	-0.8082
3223	-0.8105
3224	-0.7692
3225	-0.8094
3226	-0.7849
3227	-0.7859
3228	-0.7693
3229	-0.8578
3230	-0.8272
3231	-0.7955
3232	-0.8469
3233	-0.8085
3234	-0.8035
3235	-0.77
3236	-0.8273
3237	-0.8723
3238	-0.8569
3239	-0.8583
3240	-0.8327
3241	-0.7846
3242	-0.8203
3243	-0.8494
3244	-0.7795
3245	-0.9051
3246	-0.8249
3247	-0.9005
3248	-0.7908
3249	-0.8409
3250	-0.8091
3251	-0.8629
3252	-0.8466
3253	-0.8458
3254	-0.7568
3255	-0.785
3256	-0.7841
3257	-0.7613
3258	-0.7493
3259	-0.6567
3260	-0.8244
3261	-0.8034
3262	-0.8531
3263	-0.8245
3264	-0.8474
3265	-0.7655
3266	-0.8177
3267	-0.6872
3268	-0.8043
3269	-0.8205
3270	-0.6971
3271	-0.7608
3272	-0.7892
3273	-0.7552
3274	-0.777
3275	-0.7663
3276	-0.7162
3277	-0.8064
3278	-0.5893
3279	-0.728
3280	-0.8598
3281	-0.8212
3282	-0.7115
3283	-0.7761
3284	-0.7606
3285	-0.7968
3286	-0.8048
3287	-0.8456
3288	-0.8572
3289	-0.7345
3290	-0.7467
3291	-0.8417
3292	-0.7929
3293	-0.7995
3294	-0.8075
3295	-0.8223
3296	-0.8271
3297	-0.832
3298	-0.7528
3299	-0.8426
3300	-0.8821
3301	-0.6715
3302	-0.7911
3303	-0.8236
3304	-0.7437
3305	-0.8196
3306	-0.7865
3307	-0.7944
3308	-0.7105
3309	-0.3405
3310	-0.8367
3311	-0.7306
3312	-0.809
3313	-0.7846
3314	-0.7729
3315	-0.7893
3316	-0.8233
3317	-0.8026
3318	-0.7202
3319	-0.7644
3320	-0.7616
3321	-0.5377
3322	-0.8431
3323	-0.7566
3324	-0.8047
3325	-0.734
3326	-0.7236
3327	-0.7114
3328	-0.7393
3329	-0.8683
3330	-0.7136
3331	-0.7363
3332	-0.8477
3333	-0.8727
3334	-0.8167
3335	-0.7388
3336	-0.8037
3337	-0.8143
3338	-0.7932
3339	-0.7741
3340	-0.8716
3341	-0.854
3342	-0.7645
3343	-0.8654
3344	-0.8096
3345	-0.8458
3346	-0.7915
3347	-0.7224
3348	-0.8011
3349	-0.816
3350	-0.8504
3351	-0.8202
3352	-0.8256
3353	-0.8022
3354	-0.8087
3355	-0.7516
3356	-0.7618
3357	-0.7974
3358	-0.7814
3359	-0.8508
3360	-0.7506
3361	-0.7917
3362	-0.864
3363	-0.8476
3364	-0.8215
3365	-0.8499
3366	-0.7813
3367	-0.7882
3368	-0.8316
3369	-0.8414
3370	-0.9343
3371	-0.7764
3372	-0.7486
3373	-0.8761
3374	-0.8085
3375	-0.7527
3376	-0.8239
3377	-0.7819
3378	-0.8529
3379	-0.7577
3380	-0.845
3381	-0.8018
3382	-0.7056
3383	-0.8002
3384	-0.8107
3385	-0.756
3386	-0.8387
3387	-0.7793
3388	-0.7861
3389	-0.812
3390	-0.8599
3391	-0.8107
3392	-0.7972
3393	-0.7462
3394	-0.8903
3395	-0.8211
3396	-0.8671
3397	-0.777
3398	-0.864
3399	-0.7315
3400	-0.8048
3401	-0.8325
3402	-0.7495
3403	-0.75
3404	-0.7579
3405	-0.8191
3406	-0.8717
3407	-0.8256
3408	-0.8865
3409	-0.8044
3410	-0.8547
3411	-0.8401
3412	-0.9011
3413	-0.8486
3414	-0.8678
3415	-0.7668
3416	-0.6626
3417	-0.794
3418	-0.809
3419	-0.8087
3420	-0.7576
3421	-0.8163
3422	-0.8001
3423	-0.8272
3424	-0.8137
3425	-0.7998
3426	-0.8006
3427	-0.822
3428	-0.9051
3429	-0.8101
3430	-0.8228
3431	-0.8557
3432	-0.8094
3433	-0.723
3434	-0.7206
3435	-0.7538
3436	-0.7673
3437	-0.8684
3438	-0.6283
3439	-0.7558
3440	-0.8587
3441	-0.8437
3442	-0.7617
3443	-0.755
3444	-0.8295
3445	-0.7398
3446	-0.8398
3447	-0.8689
3448	-0.8249
3449	-0.7665
3450	-0.8515
3451	-0.7733
3452	-0.8303
3453	-0.8274
3454	-0.8502
3455	-0.798
3456	-0.6211
3457	-0.7984
3458	-0.6954
3459	-0.842
3460	-0.8365
3461	-0.7877
3462	-0.8714
3463	-0.7887
3464	-0.8527
3465	-0.7745
3466	-0.8488
3467	-0.8288
3468	-0.8155
3469	-0.7059
3470	-0.8376
3471	-0.8668
3472	-0.795
3473	-0.7536
3474	-0.7954
3475	-0.7011
3476	-0.7507
3477	-0.8477
3478	-0.7982
3479	-0.787
3480	-0.7462
3481	-0.7928
3482	-0.7409
3483	-0.8899
3484	-0.8695
3485	-0.7674
3486	-0.7433
3487	-0.8285
3488	-0.7976
3489	-0.8451
3490	-0.7666
3491	-0.7688
3492	-0.8291
3493	-0.7204
3494	-0.8126
3495	-0.7079
3496	-0.8153
3497	-0.8905
3498	-0.7288
3499	-0.8243
3500	-0.7883
3501	-0.6725
3502	-0.7447
3503	-0.7705
3504	-0.8199
3505	-0.8321
3506	-0.7658
3507	-0.7921
3508	-0.7835
3509	-0.8378
3510	-0.8203
3511	-0.7931
3512	-0.8345
3513	-0.83
3514	-0.7791
3515	-0.8064
3516	-0.8008
3517	-0.7564
3518	-0.8228
3519	-0.7796
3520	-0.8491
3521	-0.8862
3522	-0.8143
3523	-0.881
3524	-0.8165
3525	-0.8642
3526	-0.8715
3527	-0.8476
3528	-0.8175
3529	-0.819
3530	-0.8469
3531	-0.7493
3532	-0.7875
3533	-0.771
3534	-0.7592
3535	-0.8422
3536	-0.7946
3537	-0.8486
3538	-0.7937
3539	-0.8244
3540	-0.8242
3541	-0.814
3542	-0.7231
3543	-0.7246
3544	-0.7491
3545	-0.8411
3546	-0.8288
3547	-0.754
3548	-0.821
3549	-0.8254
3550	-0.8057
3551	-0.8467
3552	-0.8136
3553	-0.8034
3554	-0.8285
3555	-0.8947
3556	-0.9069
3557	-0.8545
3558	-0.8783
3559	-0.8213
3560	-0.8847
3561	-0.8432
3562	-0.854
3563	-0.7675
3564	-0.8261
3565	-0.7796
3566	-0.7397
3567	-0.8244
3568	-0.7669
3569	-0.7623
3570	-0.6108
3571	-0.805
3572	-0.8042
3573	-0.8362
3574	-0.7798
3575	-0.8328
3576	-0.8427
3577	-0.8101
3578	-0.7638
3579	-0.8258
3580	-0.6329
3581	-0.844
3582	-0.8302
3583	-0.7878
3584	-0.8536
3585	-0.7649
3586	-0.8561
3587	-0.7641
3588	-0.7892
3589	-0.7309
3590	-0.72
3591	-0.7995
3592	-0.6833
3593	-0.7945
3594	-0.7717
3595	-0.8029
3596	-0.7633
3597	-0.7935
3598	-0.8125
3599	-0.7496
3600	-0.8596
3601	-0.8135
3602	-0.8966
3603	-0.8377
3604	-0.8497
3605	-0.9577
3606	-0.7981
3607	-0.7647
3608	-0.7712
3609	-0.7617
3610	-0.8433
3611	-0.8086
3612	-0.8043
3613	-0.7885
3614	-0.8516
3615	-0.7756
3616	-0.9172
3617	-0.9155
3618	-0.7581
3619	-0.8839
3620	-0.7317
3621	-0.7686
3622	-0.7936
3623	-0.7766
3624	-0.7823
3625	-0.7843
3626	-0.7392
3627	-0.8085
3628	-0.7975
3629	-0.7736
3630	-0.742
3631	-0.8373
3632	-0.8285
3633	-0.7982
3634	-0.8242
3635	-0.7308
3636	-0.8297
3637	-0.8312
3638	-0.9045
3639	-0.8502
3640	-0.7464
3641	-0.697
3642	-0.7234
3643	-0.8137
3644	-0.7815
3645	-0.8598
3646	-0.8318
3647	-0.8625
3648	-0.7983
3649	-0.7677
3650	-0.7181
3651	-0.8654
3652	-0.7337
3653	-0.7954
3654	-0.843
3655	-0.7665
3656	-0.8554
3657	-0.7954
3658	-0.6702
3659	-0.8045
3660	-0.8213
3661	-0.7705
3662	-0.8074
3663	-0.8151
3664	-0.7873
3665	-0.8227
3666	-0.8092
3667	-0.8405
3668	-0.7854
3669	-0.8461
3670	-0.7747
3671	-0.886
3672	-0.8391
3673	-0.8171
3674	-0.7971
3675	-0.8172
3676	-0.7933
3677	-0.8266
3678	-0.766
3679	-0.8501
3680	-0.7443
3681	-0.7961
3682	-0.7526
3683	-0.7859
3684	-0.6866
3685	-0.7618
3686	-0.8354
3687	-0.7986
3688	-0.7826
3689	-0.763
3690	-0.8172
3691	-0.8015
3692	-0.7601
3693	-0.7069
3694	-0.8152
3695	-0.7783
3696	-0.7479
3697	-0.7908
3698	-0.7788
3699	-0.7199
3700	-0.8111
3701	-0.8349
3702	-0.79
3703	-0.888
3704	-0.8238
3705	-0.8503
3706	-0.8156
3707	-0.8788
3708	-0.82
3709	-0.7871
3710	-0.8034
3711	-0.8481
3712	-0.7652
3713	-0.8642
3714	-0.8439
3715	-0.8328
3716	-0.8418
3717	-0.8956
3718	-0.7819
3719	-0.825
3720	-0.7781
3721	-0.8615
3722	-0.8176
3723	-0.7241
3724	-0.8337
3725	-0.9033
3726	-0.8189
3727	-0.7455
3728	-0.8016
3729	-0.6923
3730	-0.7465
3731	-0.8236
3732	-0.8043
3733	-0.7854
3734	-0.7324
3735	-0.8487
3736	-0.7646
3737	-0.8282
3738	-0.8134
3739	-0.7002
3740	-0.8795
3741	-0.7291
3742	-0.8447
3743	-0.851
3744	-0.8272
3745	-0.6743
3746	-0.8071
3747	-0.8511
3748	-0.7632
3749	-0.7312
3750	-0.6762
3751	-0.8645
3752	-0.8179
3753	-0.8009
3754	-0.7816
3755	-0.8063
3756	-0.7365
3757	-0.6184
3758	-0.7225
3759	-0.8049
3760	-0.6691
3761	-0.8116
3762	-0.8623
3763	-0.7593
3764	-0.7746
3765	-0.7645
3766	-0.8028
3767	-0.8385
3768	-0.8076
3769	-0.874
3770	-0.8717
3771	-0.7127
3772	-0.7772
3773	-0.902
3774	-0.8436
3775	-0.8485
3776	-0.8596
3777	-1.221
3778	-0.8158
3779	-0.9001
3780	-0.8144
3781	-0.8331
3782	-0.8242
3783	-0.824
3784	-0.8224
3785	-0.8192
3786	-0.8046
3787	-0.8425
3788	-0.8327
3789	-0.7919
3790	-0.8097
3791	-0.7413
3792	-0.8216
3793	-0.739
3794	-0.8021
3795	-0.759
3796	-0.7627
3797	-0.7785
3798	-0.7718
3799	-0.8009
3800	-0.7757
3801	-0.789
3802	-0.7599
3803	-0.8148
3804	-0.807
3805	-0.8151
3806	-0.7864
3807	-0.852
3808	-0.8213
3809	-0.7853
3810	-0.7745
3811	-0.7832
3812	-0.8778
3813	-0.8082
3814	-0.8224
3815	-0.8952
3816	-0.8188
3817	-0.8417
3818	-0.8106
3819	-0.7266
3820	-0.7813
3821	-0.7405
3822	-0.8705
3823	-0.7665
3824	-0.8039
3825	-0.7824
3826	-0.8105
3827	-0.8173
3828	-0.7004
3829	-0.8123
3830	-0.8227
3831	-0.8171
3832	-0.7466
3833	-0.7641
3834	-0.8762
3835	-0.8784
3836	-0.8361
3837	-0.8432
3838	-0.7533
3839	-0.7668
3840	-0.9363
3841	-0.7859
3842	-0.7836
3843	-0.7869
3844	-0.8108
3845	-0.8365
3846	-0.7241
3847	-0.8408
3848	-0.7783
3849	-0.7133
3850	-0.8508
3851	-0.8282
3852	-0.8024
3853	-0.7947
3854	-0.842
3855	-0.8112
3856	-0.8619
3857	-0.8177
3858	-0.8316
3859	-0.9017
3860	-0.7865
3861	-0.7967
3862	-0.8737
3863	-0.8627
3864	-0.745
3865	-0.8186
3866	-0.8581
3867	-0.8084
3868	-0.8214
3869	-0.8517
3870	-0.8108
3871	-0.8203
3872	-0.8173
3873	-0.8294
3874	-0.8366
3875	-0.8462
3876	-0.8277
3877	-0.7862
3878	-0.8379
3879	-0.7808
3880	-0.8678
3881	-0.7782
3882	-0.7544
3883	-0.6893
3884	-0.9191
3885	-0.8292
3886	-0.7893
3887	-0.8159
3888	-0.8174
3889	-0.7892
3890	-0.8293
3891	-0.7656
3892	-0.7079
3893	-0.8737
3894	-0.7385
3895	-0.7951
3896	-0.8413
3897	-0.8243
3898	-0.8039
3899	-0.8943
3900	-0.8558
3901	-0.8157
3902	-0.8639
3903	-0.7654
3904	-0.7877
3905	-0.8818
3906	-0.7323
3907	-0.7025
3908	-0.7892
3909	-0.8006
3910	-0.7793
3911	-0.7853
3912	-0.7727
3913	-0.7236
3914	-0.8367
3915	-0.7163
3916	-0.737
3917	-0.8074
3918	-0.7837
3919	-0.7164
3920	-0.6664
3921	-0.7263
3922	-0.7423
3923	-0.816
3924	-0.773
3925	-0.8873
3926	-0.7604
3927	-0.7935
3928	-0.7715
3929	-0.7956
3930	-0.7582
3931	-0.8165
3932	-0.758
3933	-0.8098
3934	-0.818
3935	-0.8435
3936	-0.8143
3937	-0.8457
3938	-0.8041
3939	-0.8424
3940	-0.8867
3941	-0.7729
3942	-0.7735
3943	-0.7818
3944	-0.7862
3945	-0.7786
3946	-0.8182
3947	-0.8082
3948	-0.7467
3949	-0.6333
3950	-0.6345
3951	-0.5501
3952	-0.7562
3953	-0.7573
3954	-0.7334
3955	-0.7654
3956	-0.8286
3957	-0.7953
3958	-0.8665
3959	-0.8171
3960	-0.8215
3961	-0.8901
3962	-0.7855
3963	-0.8335
3964	-0.815
3965	-0.8438
3966	-0.8149
3967	-0.8515
3968	-0.8385
3969	-0.7724
3970	-0.859
3971	-0.8352
3972	-0.7679
3973	-0.7888
3974	-0.7662
3975	-0.869
3976	-0.8428
3977	-0.8583
3978	-0.8649
3979	-0.7648
3980	-0.7807
3981	-0.8206
3982	-0.8302
3983	-0.814
3984	-0.7997
3985	-0.8184
3986	-0.8271
3987	-0.8693
3988	-0.8131
3989	-0.8035
3990	-0.8493
3991	-0.7393
3992	-0.7542
3993	-0.7719
3994	-0.7453
3995	-0.8152
3996	-0.8026
3997	-0.8115
3998	-0.8415
3999	-0.8217
4000	-0.8122
4001	-0.8049
4002	-0.8272
4003	-0.8738
4004	-0.8723
4005	-0.8399
4006	-0.8239
4007	-0.6707
4008	-0.7425
4009	-0.7655
4010	-0.7589
4011	-0.7616
4012	-0.8086
4013	-0.8804
4014	-0.8426
4015	-0.7333
4016	-0.7177
4017	-0.8166
4018	-0.8282
4019	-0.7228
4020	-0.7586
4021	-0.8422
4022	-0.764
4023	-0.7957
4024	-0.898
4025	-0.8274
4026	-0.8079
4027	-0.7318
4028	-0.7954
4029	-0.7954
4030	-0.7739
4031	-0.8443
4032	-0.8047
4033	-0.7889
4034	-0.8301
4035	-0.7494
4036	-0.7672
4037	-0.8537
4038	-0.7669
4039	-0.7896
4040	-0.8512
4041	-0.779
4042	-0.7467
4043	-0.8097
4044	-0.7821
4045	-0.7631
4046	-0.7496
4047	-0.8791
4048	-0.8149
4049	-0.809
4050	-0.8385
4051	-0.7928
4052	-0.8089
4053	-0.8532
4054	-0.7876
4055	-0.8519
4056	-0.7951
4057	-0.8233
4058	-0.7649
4059	-0.7609
4060	-0.8423
4061	-0.7735
4062	-0.6873
4063	-0.778
4064	-0.8209
4065	-0.7691
4066	-0.8361
4067	-0.8071
4068	-0.8563
4069	-0.8539
4070	-0.7742
4071	-0.8155
4072	-0.7934
4073	-0.7493
4074	-0.6841
4075	-0.6288
4076	-0.8162
4077	-0.7873
4078	-0.8367
4079	-0.8285
4080	-0.8421
4081	-0.884
4082	-0.8207
4083	-0.8267
4084	-0.8367
4085	-0.9507
4086	-0.7323
4087	-0.8431
4088	-0.6849
4089	-0.7386
4090	-0.8542
4091	-0.7163
4092	-0.817
4093	-0.7844
4094	-0.7814
4095	-0.8271
4096	-0.731
4097	-0.8077
4098	-0.8098
4099	-0.8062
4100	-0.8493
4101	-0.8441
4102	-0.7417
4103	-0.8082
4104	-0.864
4105	-0.7574
4106	-0.8135
4107	-0.7723
4108	-0.7748
4109	-0.8412
4110	-0.7338
4111	-0.7075
4112	-0.7603
4113	-0.8094
4114	-0.7591
4115	-0.8367
4116	-0.8493
4117	-0.878
4118	-0.8801
4119	-0.8722
4120	-0.8372
4121	-0.8725
4122	-0.8355
4123	-0.7904
4124	-0.8084
4125	-0.8409
4126	-0.7595
4127	-0.8706
4128	-0.672
4129	-0.7641
4130	-0.862
4131	-0.7683
4132	-0.7744
4133	-0.8076
4134	-0.7933
4135	-0.7939
4136	-0.8058
4137	-0.6414
4138	-0.7199
4139	-0.8458
4140	-0.8243
4141	-0.7646
4142	-0.8519
4143	-0.701
4144	-0.8471
4145	-0.8181
4146	-0.803
4147	-0.795
4148	-0.8463
4149	-0.7927
4150	-0.7838
4151	-0.7939
4152	-0.6748
4153	-0.8611
4154	-0.8699
4155	-0.6302
4156	-0.8032
4157	-0.7872
4158	-0.766
4159	-0.7768
4160	-0.8297
4161	-0.7862
4162	-0.8208
4163	-0.7595
4164	-0.7657
4165	-0.771
4166	-0.9065
4167	-0.8327
4168	-0.828
4169	-0.7723
4170	-0.8924
4171	-0.812
4172	-0.8824
4173	-0.8728
4174	-0.863
4175	-0.8256
4176	-0.7881
4177	-0.7967
4178	-0.8325
4179	-0.8474
4180	-0.7583
4181	-0.8149
4182	-0.8079
4183	-0.7978
4184	-0.7788
4185	-0.8049
4186	-0.7121
4187	-0.8269
4188	-0.8196
4189	-0.7902
4190	-0.8175
4191	-0.8302
4192	-0.7225
4193	-0.8047
4194	-0.7975
4195	-0.7562
4196	-0.731
4197	-0.7995
4198	-0.8752
4199	-0.8732
4200	-0.7759
4201	-0.7919
4202	-0.6652
4203	-0.7652
4204	-0.6866
4205	-0.7175
4206	-0.7592
4207	-0.8231
4208	-0.8172
4209	-0.8707
4210	-0.8308
4211	-0.7743
4212	-0.8066
4213	-0.7845
4214	-0.8164
4215	-0.8
4216	-0.8159
4217	-0.8352
4218	-0.8306
4219	-0.863
4220	-0.8452
4221	-0.7665
4222	-0.8596
4223	-0.8078
4224	-0.7456
4225	-0.7803
4226	-0.857
4227	-0.8375
4228	-0.7874
4229	-0.7881
4230	-0.7555
4231	-0.7293
4232	-0.7736
4233	-0.8375
4234	-0.8454
4235	-0.7691
4236	-0.7097
4237	-0.7414
4238	-0.8011
4239	-0.6456
4240	-0.8193
4241	-0.8327
4242	-0.8158
4243	-0.774
4244	-0.8172
4245	-0.8611
4246	-0.8542
4247	-0.8393
4248	-0.8517
4249	-0.7907
4250	-0.8397
4251	-0.8396
4252	-0.8363
4253	-0.8371
4254	-0.8646
4255	-0.7371
4256	-0.9037
4257	-0.9089
4258	-0.8401
4259	-0.8071
4260	-0.8174
4261	-0.8552
4262	-0.8689
4263	-0.8065
4264	-0.7943
4265	-0.8189
4266	-0.8136
4267	-0.7668
4268	-0.7619
4269	-0.8327
4270	-0.8381
4271	-0.8082
4272	-0.8677
4273	-0.8124
4274	-0.756
4275	-0.8587
4276	-0.793
4277	-0.8286
4278	-0.7797
4279	-0.7488
4280	-0.7403
4281	-0.8037
4282	-0.7647
4283	-0.8067
4284	-0.7445
4285	-0.9116
4286	-0.8117
4287	-0.8023
4288	-0.819
4289	-0.8653
4290	-0.708
4291	-0.7113
4292	-0.7974
4293	-0.8155
4294	-0.728
4295	-0.87
4296	-0.812
4297	-0.8138
4298	-0.7663
4299	-0.6766
4300	-0.763
4301	-0.7783
4302	-0.7631
4303	-0.7352
4304	-0.7631
4305	-0.7882
4306	-0.7741
4307	-0.7724
4308	-0.7288
4309	-0.9001
4310	-0.7616
4311	-0.7888
4312	-0.7991
4313	-0.8681
4314	-0.733
4315	-0.7178
4316	-0.8736
4317	-0.7586
4318	-0.838
4319	-0.6967
4320	-0.8619
4321	-0.8194
4322	-0.806
4323	-0.7926
4324	-0.8117
4325	-0.8468
4326	-0.7115
4327	-0.8162
4328	-0.7829
4329	-0.7656
4330	-0.7293
4331	-0.8031
4332	-0.7177
4333	-0.8302
4334	-0.8107
4335	-0.7559
4336	-0.7946
4337	-0.812
4338	-0.8398
4339	-0.8269
4340	-0.8715
4341	-0.8225
4342	-0.6785
4343	-0.8327
4344	-0.8049
4345	-0.7764
4346	-0.7976
4347	-0.8157
4348	-0.8388
4349	-0.8279
4350	-0.8511
4351	-0.8255
4352	-0.7518
4353	-0.8169
4354	-0.8206
4355	-0.8191
4356	-0.814
4357	-0.8413
4358	-0.753
4359	-0.8368
4360	-0.6425
4361	-0.7679
4362	-0.6864
4363	-0.7876
4364	-0.7749
4365	-0.8452
4366	-0.8159
4367	-0.7717
4368	-0.8394
4369	-0.793
4370	-0.8082
4371	-0.8077
4372	-0.8759
4373	-0.8192
4374	-0.7861
4375	-0.8328
4376	-0.8061
4377	-0.8525
4378	-0.7783
4379	-0.7517
4380	-0.879
4381	-0.8613
4382	-0.8308
4383	-0.8249
4384	-0.7186
4385	-0.8724
4386	-0.8184
4387	-0.7889
4388	-0.75
4389	-0.859
4390	-0.7821
4391	-0.816
4392	-0.74
4393	-0.7577
4394	-0.8076
4395	-0.8563
4396	-0.8665
4397	-0.7394
4398	-0.7171
4399	-0.8149
4400	-0.7788
4401	-0.7875
4402	-0.7819
4403	-0.7452
4404	-0.6903
4405	-0.7715
4406	-0.7775
4407	-0.8525
4408	-0.7941
4409	-0.8583
4410	-0.7665
4411	-0.7938
4412	-0.855
4413	-0.8507
4414	-0.7604
4415	-0.7971
4416	-0.8508
4417	-0.8182
4418	-0.8183
4419	-0.7886
4420	-0.7795
4421	-0.7887
4422	-0.8202
4423	-0.7495
4424	-0.869
4425	-0.7636
4426	-0.8093
4427	-0.7217
4428	-0.7098
4429	-0.7043
4430	-0.7025
4431	-0.7924
4432	-0.8567
4433	-0.856
4434	-0.7982
4435	-0.8282
4436	-0.7959
4437	-0.8024
4438	-0.8298
4439	-0.9106
4440	-0.7885
4441	-0.8409
4442	-0.837
4443	-0.8379
4444	-0.8089
4445	-0.8209
4446	-0.8291
4447	-0.9013
4448	-0.8257
4449	-0.9153
4450	-0.8048
4451	-0.7936
4452	-0.6453
4453	-0.8446
4454	-0.7354
4455	-0.8073
4456	-0.7626
4457	-0.8207
4458	-0.7547
4459	-0.8085
4460	-0.8494
4461	-0.8325
4462	-0.7342
4463	-0.8532
4464	-0.8429
4465	-0.7385
4466	-0.8261
4467	-0.8615
4468	-0.8119
4469	-0.7862
4470	-0.8198
4471	-0.7095
4472	-0.8127
4473	-0.8563
4474	-0.8425
4475	-0.868
4476	-0.7636
4477	-0.861
4478	-0.7892
4479	-0.8264
4480	-0.7535
4481	-0.8275
4482	-0.8498
4483	-0.7961
4484	-0.8234
4485	-0.8351
4486	-0.8445
4487	-0.8555
4488	-0.7689
4489	-0.7801
4490	-0.737
4491	-0.8213
4492	-0.796
4493	-0.8303
4494	-0.8206
4495	-0.82
4496	-0.8032
4497	-0.8569
4498	-0.8438
4499	-0.797
4500	-0.7587
4501	-0.7762
4502	-0.8486
4503	-0.8143
4504	-0.7783
4505	-0.8234
4506	-0.8362
4507	-0.8283
4508	-0.8527
4509	-0.7763
4510	-0.8169
4511	-0.8231
4512	-0.8341
4513	-0.8949
4514	-0.8268
4515	-0.7618
4516	-0.8085
4517	-0.7789
4518	-0.8256
4519	-0.8358
4520	-0.8266
4521	-0.7373
4522	-0.781
4523	-0.7589
4524	-0.8988
4525	-0.8644
4526	-0.7073
4527	-0.812
4528	-0.822
4529	-0.7692
4530	-0.7472
4531	-0.7323
4532	-0.7437
4533	-0.6667
4534	-0.8044
4535	-0.8099
4536	-0.781
4537	-0.8447
4538	-0.7364
4539	-0.796
4540	-0.798
4541	-0.8102
4542	-0.8694
4543	-0.7235
4544	-0.7597
4545	-0.8623
4546	-0.7935
4547	-0.7408
4548	-0.7633
4549	-0.8158
4550	-0.8696
4551	-0.7952
4552	-0.7793
4553	-0.7571
4554	-0.7775
4555	-0.7799
4556	-0.8072
4557	-0.7564
4558	-0.7597
4559	-0.8713
4560	-0.837
4561	-0.8862
4562	-0.7983
4563	-0.7963
4564	-0.9066
4565	-0.7575
4566	-0.713
4567	-0.8023
4568	-0.7299
4569	-0.787
4570	-0.7522
4571	-0.8453
4572	-0.7728
4573	-0.8262
4574	-0.7488
4575	-0.7077
4576	-0.7426
4577	-0.7403
4578	-0.8901
4579	-0.7699
4580	-0.7664
4581	-0.8059
4582	-0.8187
4583	-0.7133
4584	-0.7454
4585	-0.7714
4586	-0.8046
4587	-0.6178
4588	-0.8474
4589	-0.7892
4590	-0.7868
4591	-0.8112
4592	-0.7987
4593	-0.7717
4594	-0.8081
4595	-0.8356
4596	-0.7636
4597	-0.7731
4598	-0.9613
4599	-0.8076
4600	-0.8666
4601	-0.8622
4602	-0.7575
4603	-0.7788
4604	-0.7569
4605	-0.7805
4606	-0.8008
4607	-0.7695
4608	-0.8153
4609	-0.8096
4610	-0.8599
4611	-0.8052
4612	-0.8406
4613	-0.7692
4614	-0.8462
4615	-0.872
4616	-0.72
4617	-0.8593
4618	-0.729
4619	-0.7913
4620	-0.8214
4621	-0.818
4622	-0.8159
4623	-0.7918
4624	-0.7478
4625	-0.7327
4626	-0.7444
4627	-0.7987
4628	-0.7989
4629	-0.8278
4630	-0.8642
4631	-0.8303
4632	-0.8288
4633	-0.6971
4634	-0.8867
4635	-0.8433
4636	-0.7702
4637	-0.804
4638	-0.8284
4639	-0.7725
4640	-0.7519
4641	-0.7389
4642	-0.7059
4643	-0.7631
4644	-0.6861
4645	-0.7931
4646	-0.7964
4647	-0.889
4648	-0.8121
4649	-0.7626
4650	-0.8372
4651	-0.7479
4652	-0.7094
4653	-0.8292
4654	-0.8013
4655	-0.5649
4656	-0.8031
4657	-0.7304
4658	-0.8193
4659	-0.7787
4660	-0.7266
4661	-0.8487
4662	-0.7803
4663	-0.8711
4664	-0.794
4665	-0.832
4666	-0.7653
4667	-0.754
4668	-0.7459
4669	-0.8282
4670	-0.8222
4671	-0.7749
4672	-0.8995
4673	-0.8036
4674	-0.8453
4675	-0.7334
4676	-0.8522
4677	-0.7595
4678	-0.8106
4679	-0.8488
4680	-0.8512
4681	-0.8899
4682	-0.8024
4683	-0.7662
4684	-0.8842
4685	-0.7852
4686	-0.7819
4687	-0.767
4688	-0.7057
4689	-0.7127
4690	-0.6507
4691	-0.7665
4692	-0.7941
4693	-0.7454
4694	-0.7364
4695	-0.7825
4696	-0.8082
4697	-0.6937
4698	-0.7315
4699	-0.7951
4700	-0.6939
4701	-0.7238
4702	-0.797
4703	-0.6793
4704	-0.7237
4705	-0.8198
4706	-0.8371
4707	-0.7904
4708	-0.8084
4709	-0.8788
4710	-0.8208
4711	-0.7773
4712	-0.8587
4713	-0.7858
4714	-0.8433
4715	-0.7289
4716	-0.7112
4717	-0.7836
4718	-0.6926
4719	-0.8471
4720	-0.7046
4721	-0.7943
4722	-0.8384
4723	-0.8223
4724	-0.8011
4725	-0.8875
4726	-0.8672
4727	-0.7195
4728	-0.7817
4729	-0.7847
4730	-0.8497
4731	-0.8384
4732	-0.7401
4733	-0.797
4734	-0.8322
4735	-0.818
4736	-0.834
4737	-0.6965
4738	-0.7136
4739	-0.7478
4740	-0.9111
4741	-0.8442
4742	-0.809
4743	-0.8402
4744	-0.8236
4745	-0.8134
4746	-0.7852
4747	-0.8168
4748	-0.8522
4749	-0.8655
4750	-0.7578
4751	-0.8475
4752	-0.8
4753	-0.8533
4754	-0.86
4755	-0.8482
4756	-0.7613
4757	-0.7917
4758	-0.8067
4759	-0.7792
4760	-0.8002
4761	-0.6655
4762	-0.8453
4763	-0.8313
4764	-0.8529
4765	-0.8957
4766	-0.8239
4767	-0.6818
4768	-0.76
4769	-0.8447
4770	-0.8102
4771	-0.793
4772	-0.8732
4773	-0.7615
4774	-0.8064
4775	-0.7928
4776	-0.7415
4777	-0.7898
4778	-0.8394
4779	-0.7629
4780	-0.8056
4781	-0.8056
4782	-0.7947
4783	-0.828
4784	-0.8832
4785	-0.8412
4786	-0.8387
4787	-0.7799
4788	-0.7538
4789	-0.7497
4790	-0.7978
4791	-0.7881
4792	-0.7417
4793	-0.7725
4794	-0.8035
4795	-0.7969
4796	-0.8343
4797	-0.841
4798	-0.8419
4799	-0.845
4800	-0.8858
4801	-0.8189
4802	-0.8
4803	-0.8335
4804	-0.8402
4805	-0.8368
4806	-0.7858
4807	-0.767
4808	-0.7612
4809	-0.7939
4810	-0.8332
4811	-0.7417
4812	-0.8053
4813	-0.7349
4814	-0.6938
4815	-0.8399
4816	-0.8015
4817	-0.8326
4818	-0.7731
4819	-0.84
4820	-0.7507
4821	-0.8588
4822	-0.8436
4823	-0.8082
4824	-0.8539
4825	-0.8293
4826	-0.8438
4827	-0.8097
4828	-0.7691
4829	-0.7684
4830	-0.7197
4831	-0.7534
4832	-0.7359
4833	-0.8646
4834	-0.772
4835	-0.8329
4836	-0.7409
4837	-0.7565
4838	-0.7669
4839	-0.785
4840	-0.8419
4841	-0.7363
4842	-0.8276
4843	-0.8576
4844	-0.8311
4845	-0.8313
4846	-0.7716
4847	-0.797
4848	-0.7764
4849	-0.7399
4850	-0.7466
4851	-0.7767
4852	-0.7904
4853	-0.8203
4854	-0.7066
4855	-0.7139
4856	-0.8718
4857	-0.826
4858	-0.8206
4859	-0.7903
4860	-0.8339
4861	-0.8472
4862	-0.8081
4863	-0.801
4864	-0.8015
4865	-0.8047
4866	-0.7656
4867	-0.7952
4868	-0.882
4869	-0.8682
4870	-0.8494
4871	-0.8251
4872	-0.8158
4873	-0.953
4874	-0.918
4875	-0.8591
4876	-0.7971
4877	-0.7837
4878	-0.8561
4879	-0.8501
4880	-0.8639
4881	-0.7805
4882	-0.7931
4883	-0.8784
4884	-0.7114
4885	-0.7928
4886	-0.7697
4887	-0.7594
4888	-0.8705
4889	-0.794
4890	-0.7801
4891	-0.7892
4892	-0.7487
4893	-0.7461
4894	-0.6949
4895	-0.7625
4896	-0.7522
4897	-0.7214
4898	-0.704
4899	-0.8275
4900	-0.7436
4901	-0.756
4902	-0.8633
4903	-0.76
4904	-0.8028
4905	-0.8144
4906	-0.7778
4907	-0.8399
4908	-0.7798
4909	-0.8476
4910	-0.7378
4911	-0.8471
4912	-0.8394
4913	-0.8856
4914	-0.7394
4915	-0.8151
4916	-0.8064
4917	-0.7545
4918	-0.8193
4919	-0.8407
4920	-0.7573
4921	-0.8068
4922	-0.8824
4923	-0.7921
4924	-0.789
4925	-0.8123
4926	-0.7652
4927	-0.8022
4928	-0.7953
4929	-0.7104
4930	-0.8241
4931	-0.8471
4932	-0.7643
4933	-0.7908
4934	-0.8434
4935	-0.7937
4936	-0.7951
4937	-0.7116
4938	-0.775
4939	-0.7465
4940	-0.6628
4941	-0.8602
4942	-0.7099
4943	-0.7667
4944	-0.7639
4945	-0.6872
4946	-0.7599
4947	-0.7404
4948	-0.8455
4949	-0.8148
4950	-0.8614
4951	-0.8016
4952	-0.7984
4953	-0.7606
4954	-0.8425
4955	-0.7718
4956	-0.7151
4957	-0.7072
4958	-0.7869
4959	-0.8265
4960	-0.6796
4961	-0.8145
4962	-0.8366
4963	-0.8303
4964	-0.8126
4965	-0.7865
4966	-0.806
4967	-0.8819
4968	-0.8007
4969	-0.8118
4970	-0.7857
4971	-0.8377
4972	-0.7723
4973	-0.8029
4974	-0.7957
4975	-0.7951
4976	-0.7862
4977	-0.7593
4978	-0.8639
4979	-0.7694
4980	-0.7017
4981	-0.6545
4982	-0.8029
4983	-0.8893
4984	-0.8105
4985	-0.6925
4986	-0.7348
4987	-0.7353
4988	-0.7524
4989	-0.8267
4990	-0.8343
4991	-0.7994
4992	-0.8698
4993	-0.7809
4994	-0.8683
4995	-0.7929
4996	-0.7923
4997	-0.8208
4998	-0.8518
4999	-0.8058
5000	-0.8432
5001	-0.8474
5002	-0.7385
5003	-0.788
5004	-0.7533
5005	-0.7926
5006	-0.7394
5007	-0.7994
5008	-0.7121
5009	-0.8827
5010	-0.8654
5011	-0.756
5012	-0.8302
5013	-0.7729
5014	-0.805
5015	-0.8292
5016	-0.8322
5017	-0.83
5018	-0.6724
5019	-0.8397
5020	-0.759
5021	-0.8049
5022	-0.8117
5023	-0.8748
5024	-0.7271
5025	-0.7159
5026	-0.7752
5027	-0.7315
5028	-0.7982
5029	-0.7604
5030	-0.7521
5031	-0.8388
5032	-0.7108
5033	-0.7768
5034	-0.8015
5035	-0.8031
5036	-0.7417
5037	-0.8202
5038	-0.6725
5039	-0.7186
5040	-0.8714
5041	-0.7306
5042	-0.806
5043	-0.8334
5044	-0.778
5045	-0.8432
5046	-0.6922
5047	-0.7941
5048	-0.852
5049	-0.8061
5050	-0.7918
5051	-0.9616
5052	-0.8052
5053	-0.8873
5054	-0.8497
5055	-0.8191
5056	-0.7509
5057	-0.7438
5058	-0.7578
5059	-0.859
5060	-0.8977
5061	-0.792
5062	-0.8544
5063	-0.7915
5064	-0.8563
5065	-0.7613
5066	-0.858
5067	-0.8837
5068	-0.8412
5069	-0.7687
5070	-0.8135
5071	-0.761
5072	-0.8114
5073	-0.882
5074	-0.7575
5075	-0.7889
5076	-0.7779
5077	-0.8584
5078	-0.7343
5079	-0.8215
5080	-0.8083
5081	-0.8257
5082	-0.7834
5083	-0.7849
5084	-0.7997
5085	-0.684
5086	-0.8459
5087	-0.8806
5088	-0.8304
5089	-0.9016
5090	-0.8929
5091	-0.819
5092	-0.831
5093	-0.8126
5094	-0.8243
5095	-0.7948
5096	-0.8492
5097	-0.7705
5098	-0.8224
5099	-0.767
5100	-0.8132
5101	-0.8328
5102	-0.7773
5103	-0.9059
5104	-0.7898
5105	-0.8355
5106	-0.8245
5107	-0.831
5108	-0.7555
5109	-0.7634
5110	-0.8448
5111	-0.885
5112	-0.7391
5113	-0.7727
5114	-0.7228
5115	-0.7639
5116	-0.8215
5117	-0.8629
5118	-0.8067
5119	-0.8243
5120	-0.7509
5121	-0.769
5122	-0.8
5123	-0.8004
5124	-0.767
5125	-0.7991
5126	-0.7398
5127	-0.6848
5128	-0.7314
5129	-0.737
5130	-0.8793
5131	-0.7534
5132	-0.7825
5133	-0.7824
5134	-0.7687
5135	-0.7745
5136	-0.8055
5137	-0.7592
5138	-0.7161
5139	-0.7966
5140	-0.821
5141	-0.7924
5142	-0.7889
5143	-0.7545
5144	-0.7937
5145	-0.6753
5146	-0.7389
5147	-0.8048
5148	-0.8319
5149	-0.8061
5150	-0.7821
5151	-0.7456
5152	-0.866
5153	-0.7625
5154	-0.7873
5155	-0.8023
5156	-0.7715
5157	-0.6543
5158	-0.7706
5159	-0.7666
5160	-0.8124
5161	-0.7752
5162	-0.8532
5163	-0.8979
5164	-0.7959
5165	-0.7922
5166	-0.8782
5167	-0.8461
5168	-0.7674
5169	-0.855
5170	-0.8443
5171	-0.8194
5172	-0.7926
5173	-0.8331
5174	-0.7978
5175	-0.7728
5176	-0.7878
5177	-0.9084
5178	-0.8373
5179	-0.8777
5180	-0.795
5181	-0.8018
5182	-0.8188
5183	-0.8356
5184	-0.8337
5185	-0.7404
5186	-0.6704
5187	-0.7471
5188	-0.7454
5189	-0.7964
5190	-0.6863
5191	-0.731
5192	-0.7118
5193	-0.8458
5194	-0.8149
5195	-0.8147
5196	-0.803
5197	-0.8156
5198	-0.7748
5199	-0.7717
5200	-0.831
5201	-0.833
5202	-0.725
5203	-0.7334
5204	-0.9009
5205	-0.6929
5206	-0.7847
5207	-0.7973
5208	-0.7565
5209	-0.7558
5210	-0.7723
5211	-0.7555
5212	-0.8267
5213	-0.8073
5214	-0.7925
5215	-0.9065
5216	-0.7774
5217	-0.7841
5218	-0.8417
5219	-0.7609
5220	-0.757
5221	-0.8179
5222	-0.816
5223	-0.8445
5224	-0.7507
5225	-0.7813
5226	-0.9084
5227	-0.8294
5228	-0.7824
5229	-0.8505
5230	-0.7692
5231	-0.8215
5232	-0.7807
5233	-0.7341
5234	-0.7395
5235	-0.7962
5236	-0.8235
5237	-0.8081
5238	-0.7688
5239	-0.8222
5240	-0.817
5241	-0.785
5242	-0.8111
5243	-0.7938
5244	-0.8442
5245	-0.7555
5246	-0.781
5247	-0.753
5248	-0.755
5249	-0.8326
5250	-0.7612
5251	-0.7149
5252	-0.8615
5253	-0.773
5254	-0.8425
5255	-0.7868
5256	-0.7732
5257	-0.8349
5258	-0.7841
5259	-0.8692
5260	-0.9126
5261	-0.9001
5262	-0.7662
5263	-0.8015
5264	-0.8284
5265	-0.7891
5266	-0.746
5267	-0.8132
5268	-0.7666
5269	-0.806
5270	-0.7988
5271	-0.8125
5272	-0.7922
5273	-0.8177
5274	-0.7254
5275	-0.7849
5276	-0.8385
5277	-0.6965
5278	-0.8272
5279	-0.7609
5280	-0.8167
5281	-0.8121
5282	-0.7744
5283	-0.8099
5284	-0.7084
5285	-0.7827
5286	-0.7997
5287	-0.8582
5288	-0.7569
5289	-0.754
5290	-0.8712
5291	-0.8288
5292	-0.8488
5293	-0.7143
5294	-0.7291
5295	-0.8417
5296	-0.7487
5297	-0.8684
5298	-0.8964
5299	-0.8476
5300	-0.8327
5301	-0.8199
5302	-0.7962
5303	-0.7735
5304	-0.8012
5305	-0.839
5306	-0.8469
5307	-0.7452
5308	-0.7841
5309	-0.8217
5310	-0.7607
5311	-0.7982
5312	-0.7426
5313	-0.756
5314	-0.7522
5315	-0.7269
5316	-0.8328
5317	-0.8022
5318	-0.9207
5319	-0.8222
5320	-0.8264
5321	-0.7882
5322	-0.7933
5323	-0.8195
5324	-0.7568
5325	-0.8144
5326	-0.8398
5327	-0.8442
5328	-0.8613
5329	-0.7325
5330	-0.8578
5331	-0.7917
5332	-0.7987
5333	-0.766
5334	-0.834
5335	-0.7229
5336	-0.8645
5337	-0.7861
5338	-0.8271
5339	-0.8187
5340	-0.8359
5341	-0.7307
5342	-0.8737
5343	-0.7388
5344	-0.8687
5345	-0.8673
5346	-0.8496
5347	-0.7981
5348	-0.7862
5349	-0.8023
5350	-0.8252
5351	-0.7772
5352	-0.8254
5353	-0.8233
5354	-0.778
5355	-0.7896
5356	-0.8193
5357	-0.7879
5358	-0.8521
5359	-0.7867
5360	-0.7898
5361	-0.7903
5362	-0.8648
5363	-0.8365
5364	-0.7465
5365	-0.841
5366	-0.78
5367	-0.8242
5368	-0.8432
5369	-0.7881
5370	-0.8451
5371	-0.8432
5372	-0.7666
5373	-0.849
5374	-0.7908
5375	-0.7954
5376	-0.8204
5377	-0.8252
5378	-0.8347
5379	-0.7825
5380	-0.8382
5381	-0.7541
5382	-0.8229
5383	-0.8153
5384	-0.7668
5385	-0.7246
5386	-0.8121
5387	-0.819
5388	-0.7564
5389	-0.7342
5390	-0.751
5391	-0.8412
5392	-0.8479
5393	-0.8569
5394	-0.7647
5395	-0.8207
5396	-0.7512
5397	-0.7868
5398	-0.8016
5399	-0.8077
5400	-0.7565
5401	-0.7231
5402	-0.8683
5403	-0.8556
5404	-0.8428
5405	-0.8059
5406	-0.8217
5407	-0.7459
5408	-0.7449
5409	-0.8289
5410	-0.7148
5411	-0.8128
5412	-0.845
5413	-0.8433
5414	-0.848
5415	-0.799
5416	-0.7995
5417	-0.7631
5418	-0.7538
5419	-0.6673
5420	-0.7627
5421	-0.7113
5422	-0.7195
5423	-0.7543
5424	-0.6943
5425	-0.804
5426	-0.7464
5427	-0.685
5428	-0.8207
5429	-0.713
5430	-0.6841
5431	-0.7124
5432	-0.8075
5433	-0.7742
5434	-0.8077
5435	-0.7313
5436	-0.8081
5437	-0.7984
5438	-0.7574
5439	-0.8919
5440	-0.8185
5441	-0.8005
5442	-0.8319
5443	-0.5896
5444	-0.7775
5445	-0.7689
5446	-0.8333
5447	-0.8163
5448	-0.866
5449	-0.8104
5450	-0.8136
5451	-0.8185
5452	-0.8178
5453	-0.6666
5454	-0.7984
5455	-0.7593
5456	-0.8721
5457	-0.7759
5458	-0.8407
5459	-0.7926
5460	-0.7952
5461	-0.7496
5462	-0.8653
5463	-0.7958
5464	-0.7685
5465	-0.8248
5466	-0.7588
5467	-0.8148
5468	-0.7578
5469	-0.8059
5470	-0.8523
5471	-0.7812
5472	-0.8026
5473	-0.7891
5474	-0.809
5475	-0.7233
5476	-0.7104
5477	-0.7332
5478	-0.758
5479	-0.7899
5480	-0.8303
5481	-0.7516
5482	-0.739
5483	-0.8029
5484	-0.7498
5485	-0.6667
5486	-0.8289
5487	-0.7574
5488	-0.7305
5489	-0.7893
5490	-0.7453
5491	-0.8498
5492	-0.8315
5493	-0.8699
5494	-0.7459
5495	-0.6369
5496	-0.8636
5497	-0.8627
5498	-0.8025
5499	-0.9039
5500	-0.8333
5501	-0.9346
5502	-0.8404
5503	-0.8279
5504	-0.7811
5505	-0.7834
5506	-0.6138
5507	-0.7201
5508	-0.7552
5509	-0.7916
5510	-0.8623
5511	-0.7747
5512	-0.8434
5513	-0.8523
5514	-0.8134
5515	-0.8389
5516	-0.7062
5517	-0.7812
5518	-0.8008
5519	-0.7525
5520	-0.7788
5521	-0.8261
5522	-0.7644
5523	-0.7834
5524	-0.7582
5525	-0.7497
5526	-0.8221
5527	-0.7265
5528	-0.7638
5529	-0.8378
5530	-0.745
5531	-0.7811
5532	-0.7633
5533	-0.739
5534	-0.761
5535	-0.7142
5536	-0.7566
5537	-0.8098
5538	-0.6542
5539	-0.789
5540	-0.7807
5541	-0.7401
5542	-0.8827
5543	-0.8074
5544	-0.7871
5545	-0.7461
5546	-0.7959
5547	-0.8294
5548	-0.7732
5549	-0.7141
5550	-0.9145
5551	-0.851
5552	-0.6534
5553	-0.7546
5554	-0.8552
5555	-0.7724
5556	-0.7956
5557	-0.7569
5558	-0.8175
5559	-0.7659
5560	-0.721
5561	-0.7262
5562	-0.7709
5563	-0.7285
5564	-0.8064
5565	-0.8061
5566	-0.867
5567	-0.7735
5568	-0.9119
5569	-0.8141
5570	-0.868
5571	-0.7405
5572	-0.8127
5573	-0.7797
5574	-0.7785
5575	-0.711
5576	-0.8744
5577	-0.7836
5578	-0.8908
5579	-0.8636
5580	-0.7963
5581	-0.7572
5582	-0.813
5583	-0.7173
5584	-0.7306
5585	-0.8184
5586	-0.7829
5587	-0.7953
5588	-0.8133
5589	-0.7467
5590	-0.7982
5591	-0.8237
5592	-0.8068
5593	-0.836
5594	-0.6646
5595	-0.841
5596	-0.7426
5597	-0.8484
5598	-0.8089
5599	-0.8263
5600	-0.8408
5601	-0.8325
5602	-0.8073
5603	-0.7632
5604	-0.7073
5605	-0.7424
5606	-0.8686
5607	-0.8486
5608	-0.8133
5609	-0.8006
5610	-0.7953
5611	-0.8093
5612	-0.7896
5613	-0.8479
5614	-0.7317
5615	-0.7467
5616	-0.7582
5617	-0.7592
5618	-0.7436
5619	-0.8295
5620	-0.8323
5621	-0.7052
5622	-0.8078
5623	-0.8067
5624	-0.8154
5625	-0.6476
5626	-0.8029
5627	-0.665
5628	-0.6947
5629	-0.8084
5630	-0.8387
5631	-0.8671
5632	-0.7612
5633	-0.8404
5634	-0.8403
5635	-0.7574
5636	-0.836
5637	-0.8199
5638	-0.8219
5639	-0.7037
5640	-0.8011
5641	-0.7347
5642	-0.8742
5643	-0.9107
5644	-0.8013
5645	-0.8473
5646	-0.799
5647	-0.8282
5648	-0.832
5649	-0.7825
5650	-0.8093
5651	-0.8562
5652	-0.8867
5653	-0.6917
5654	-0.7519
5655	-0.7817
5656	-0.8184
5657	-0.7697
5658	-0.756
5659	-0.8205
5660	-0.7728
5661	-0.8782
5662	-0.8045
5663	-0.7896
5664	-0.8395
5665	-0.6863
5666	-0.7911
5667	-0.7471
5668	-0.7825
5669	-0.8033
5670	-0.8062
5671	-0.8055
5672	-0.82
5673	-0.7918
5674	-0.8043
5675	-0.8364
5676	-0.7821
5677	-0.8415
5678	-0.7695
5679	-0.7982
5680	-0.7629
5681	-0.8518
5682	-0.7338
5683	-0.762
5684	-0.7915
5685	-0.8263
5686	-0.8673
5687	-0.7591
5688	-0.7592
5689	-0.8179
5690	-0.8264
5691	-0.7985
5692	-0.8099
5693	-0.834
5694	-0.8319
5695	-0.7218
5696	-0.8545
5697	-0.778
5698	-0.6599
5699	-0.8289
5700	-0.7923
5701	-0.8399
5702	-0.8113
5703	-0.7879
5704	-0.7866
5705	-0.7387
5706	-0.7952
5707	-0.8108
5708	-0.7136
5709	-0.7672
5710	-0.7729
5711	-0.789
5712	-0.8352
5713	-0.7251
5714	-0.8606
5715	-0.7279
5716	-0.7873
5717	-0.8051
5718	-0.7907
5719	-0.8307
5720	-0.7632
5721	-0.6936
5722	-0.7483
5723	-0.7624
5724	-0.7719
5725	-0.8923
5726	-0.7772
5727	-0.8161
5728	-0.8237
5729	-0.8032
5730	-0.8321
5731	-0.7989
5732	-0.7833
5733	-0.7766
5734	-0.7972
5735	-0.8006
5736	-0.7958
5737	-0.7433
5738	-0.8043
5739	-0.7688
5740	-0.787
5741	-0.8201
5742	-0.8232
5743	-0.8187
5744	-0.782
5745	-0.6772
5746	-0.8219
5747	-0.7976
5748	-0.6331
5749	-0.8202
5750	-0.7272
5751	-0.8003
5752	-0.8282
5753	-0.8323
5754	-0.7949
5755	-0.7336
5756	-0.7704
5757	-0.8184
5758	-0.8191
5759	-0.8054
5760	-0.8664
5761	-0.6401
5762	-0.7912
5763	-0.7779
5764	-0.755
5765	-0.8301
5766	-0.8802
5767	-0.8301
5768	-0.8303
5769	-0.7461
5770	-0.8145
5771	-0.8167
5772	-0.8241
5773	-0.8385
5774	-0.842
5775	-0.8036
5776	-0.8224
5777	-0.856
5778	-0.7713
5779	-0.8431
5780	-0.7722
5781	-0.8012
5782	-0.8405
5783	-0.8247
5784	-0.6523
5785	-0.7939
5786	-0.8129
5787	-0.7927
5788	-0.7731
5789	-0.7533
5790	-0.8116
5791	-0.7824
5792	-0.8311
5793	-0.765
5794	-0.8182
5795	-0.7695
5796	-0.8174
5797	-0.8788
5798	-0.7084
5799	-0.7196
5800	-0.7851
5801	-0.6958
5802	-0.7552
5803	-0.8121
5804	-0.7483
5805	-0.7999
5806	-0.8362
5807	-0.729
5808	-0.8657
5809	-0.8762
5810	-0.8135
5811	-0.8504
5812	-0.7894
5813	-0.8292
5814	-0.8611
5815	-0.8162
5816	-0.8029
5817	-0.812
5818	-0.8398
5819	-0.6858
5820	-0.8667
5821	-0.7723
5822	-0.6702
5823	-0.808
5824	-0.8295
5825	-0.8971
5826	-0.7774
5827	-0.8153
5828	-0.6893
5829	-0.9221
5830	-0.833
5831	-0.7948
5832	-0.7841
5833	-0.8298
5834	-0.9081
5835	-0.8011
5836	-0.7652
5837	-0.8534
5838	-0.7347
5839	-0.7796
5840	-0.8455
5841	-0.8453
5842	-0.7754
5843	-0.786
5844	-0.7954
5845	-0.7265
5846	-0.8022
5847	-0.6456
5848	-0.8038
5849	-0.8076
5850	-0.7373
5851	-0.7752
5852	-0.8318
5853	-0.6157
5854	-0.7845
5855	-0.7761
5856	-0.9132
5857	-0.8476
5858	-0.8425
5859	-0.7226
5860	-0.772
5861	-0.8128
5862	-0.8194
5863	-0.7717
5864	-0.781
5865	-0.7586
5866	-0.8032
5867	-0.8811
5868	-0.8459
5869	-0.7982
5870	-0.8167
5871	-0.8235
5872	-0.8621
5873	-0.857
5874	-0.9038
5875	-0.7866
5876	-0.8585
5877	-0.8583
5878	-0.8189
5879	-0.8355
5880	-0.8817
5881	-0.754
5882	-0.7034
5883	-0.8006
5884	-0.7664
5885	-0.7928
5886	-0.7726
5887	-0.802
5888	-0.7934
5889	-0.7899
5890	-0.8688
5891	-0.7439
5892	-0.8293
5893	-0.8276
5894	-0.8329
5895	-0.7454
5896	-0.908
5897	-0.5343
5898	-0.6669
5899	-0.7151
5900	-0.7404
5901	-0.8432
5902	-0.7428
5903	-0.872
5904	-0.7427
5905	-0.7161
5906	-0.7497
5907	-0.8642
5908	-0.7346
5909	-0.8221
5910	-0.8289
5911	-0.7624
5912	-0.6655
5913	-0.8333
5914	-0.896
5915	-0.8296
5916	-0.8466
5917	-0.776
5918	-0.843
5919	-0.7864
5920	-0.7765
5921	-0.8796
5922	-0.9136
5923	-0.8379
5924	-0.8807
5925	-0.7326
5926	-0.878
5927	-0.8049
5928	-0.7784
5929	-0.8721
5930	-0.7952
5931	-0.818
5932	-0.716
5933	-0.7547
5934	-0.7807
5935	-0.8208
5936	-0.7968
5937	-0.719
5938	-0.79
5939	-0.8533
5940	-0.8474
5941	-0.8261
5942	-0.8037
5943	-0.8383
5944	-0.7929
5945	-0.7466
5946	-0.8175
5947	-0.6716
5948	-0.8002
5949	-0.777
5950	-0.7753
5951	-0.812
5952	-0.7903
5953	-0.7384
5954	-0.8256
5955	-0.8168
5956	-0.8213
5957	-0.7993
5958	-0.8371
5959	-0.7846
5960	-0.8473
5961	-0.8039
5962	-0.8197
5963	-0.8338
5964	-0.7273
5965	-0.8826
5966	-0.7745
5967	-0.8515
5968	-0.7596
5969	-0.8319
5970	-0.7481
5971	-0.8335
5972	-0.776
5973	-0.7172
5974	-0.7296
5975	-0.8149
5976	-0.8589
5977	-0.7851
5978	-0.8089
5979	-0.7658
5980	-0.7601
5981	-0.8757
5982	-0.8227
5983	-0.8505
5984	-0.8015
5985	-0.8279
5986	-0.8111
5987	-0.8043
5988	-0.8288
5989	-0.6883
5990	-0.8005
5991	-0.8592
5992	-0.8332
5993	-0.7768
5994	-0.829
5995	-0.7657
5996	-0.7163
5997	-0.871
5998	-0.8267
5999	-0.7737
6000	-0.8135
6001	-0.8199
6002	-0.7661
6003	-0.808
6004	-0.7568
6005	-0.7858
6006	-0.8372
6007	-0.8395
6008	-0.7602
6009	-0.7955
6010	-0.7319
6011	-0.7587
6012	-0.8069
6013	-0.8034
6014	-0.8555
6015	-0.6988
6016	-0.7886
6017	-0.7749
6018	-0.8836
6019	-0.8206
6020	-0.746
6021	-0.7585
6022	-0.8111
6023	-0.8404
6024	-0.8442
6025	-0.8286
6026	-0.8285
6027	-0.7849
6028	-0.8179
6029	-0.7289
6030	-0.7679
6031	-0.7153
6032	-0.8068
6033	-0.7647
6034	-0.8116
6035	-0.8005
6036	-0.7734
6037	-0.7637
6038	-0.7993
6039	-0.864
6040	-0.8318
6041	-0.789
6042	-0.746
6043	-0.7564
6044	-0.8437
6045	-0.9184
6046	-0.8047
6047	-0.676
6048	-0.8159
6049	-0.7812
6050	-0.9396
6051	-0.6673
6052	-0.8406
6053	-0.7658
6054	-0.779
6055	-0.8089
6056	-0.791
6057	-0.8416
6058	-0.7006
6059	-0.8363
6060	-0.7663
6061	-0.7866
6062	-0.7699
6063	-0.7597
6064	-0.8213
6065	-0.806
6066	-0.8896
6067	-0.8141
6068	-0.7707
6069	-0.8575
6070	-0.8486
6071	-0.7673
6072	-0.7301
6073	-0.7739
6074	-0.7963
6075	-0.8078
6076	-0.815
6077	-0.7727
6078	-0.8621
6079	-0.714
6080	-0.8052
6081	-0.8805
6082	-0.8415
6083	-0.8125
6084	-0.8862
6085	-0.8181
6086	-0.8583
6087	-0.851
6088	-0.739
6089	-0.9032
6090	-0.8105
6091	-0.7059
6092	-0.7703
6093	-0.7982
6094	-0.8166
6095	-0.7872
6096	-0.8698
6097	-0.6486
6098	-0.7731
6099	-0.7591
6100	-0.8282
6101	-0.8092
6102	-0.833
6103	-0.7816
6104	-0.8044
6105	-0.8589
6106	-0.7783
6107	-0.786
6108	-0.812
6109	-0.859
6110	-0.8133
6111	-0.7266
6112	-0.8311
6113	-0.7739
6114	-0.7728
6115	-0.9469
6116	-0.8367
6117	-0.7866
6118	-0.8012
6119	-0.7611
6120	-0.8519
6121	-0.8238
6122	-0.8611
6123	-0.7779
6124	-0.826
6125	-0.7555
6126	-0.7623
6127	-0.7107
6128	-0.7988
6129	-0.7873
6130	-0.7807
6131	-0.7706
6132	-0.8062
6133	-0.7927
6134	-0.6869
6135	-0.7624
6136	-0.8212
6137	-0.853
6138	-0.829
6139	-0.7902
6140	-0.9681
6141	-0.7962
6142	-0.8691
6143	-0.8296
6144	-0.8055
6145	-0.7556
6146	-0.7986
6147	-0.7966
6148	-0.7767
6149	-0.8426
6150	-0.7669
6151	-0.763
6152	-0.7583
6153	-0.8813
6154	-0.8155
6155	-0.7842
6156	-0.7822
6157	-0.7201
6158	-0.7438
6159	-0.7514
6160	-0.7314
6161	-0.8184
6162	-0.7152
6163	-0.7577
6164	-0.6827
6165	-0.712
6166	-0.7082
6167	-0.7496
6168	-0.8073
6169	-0.6853
6170	-0.7474
6171	-0.8655
6172	-0.7745
6173	-0.7867
6174	-0.8067
6175	-0.8449
6176	-0.8002
6177	-0.8613
6178	-0.8245
6179	-0.8675
6180	-0.8229
6181	-0.9243
6182	-0.8013
6183	-0.83
6184	-0.8317
6185	-0.8429
6186	-0.7964
6187	-0.8591
6188	-0.8346
6189	-0.7665
6190	-0.8069
6191	-0.8023
6192	-0.8258
6193	-0.7456
6194	-0.9054
6195	-0.8238
6196	-0.8163
6197	-0.9855
6198	-0.8377
6199	-0.8619
6200	-0.7556
6201	-0.7509
6202	-0.7358
6203	-0.8325
6204	-0.7675
6205	-0.8484
6206	-0.8201
6207	-0.7534
6208	-0.7921
6209	-0.7663
6210	-0.8331
6211	-0.7587
6212	-0.8606
6213	-0.7749
6214	-0.7576
6215	-0.9546
6216	-0.8216
6217	-0.8127
6218	-0.7501
6219	-0.8777
6220	-0.8637
6221	-0.7995
6222	-0.8338
6223	-0.6881
6224	-0.8304
6225	-0.8641
6226	-0.8069
6227	-0.7413
6228	-0.6648
6229	-0.7309
6230	-0.7887
6231	-0.8352
6232	-0.7219
6233	-0.8069
6234	-0.8264
6235	-0.763
6236	-0.8513
6237	-0.7537
6238	-0.7721
6239	-0.8542
6240	-0.7602
6241	-0.7047
6242	-0.7266
6243	-0.7593
6244	-0.777
6245	-0.7948
6246	-0.8067
6247	-0.7799
6248	-0.7036
6249	-0.9242
6250	-0.7549
6251	-0.8104
6252	-0.795
6253	-0.8686
6254	-0.8318
6255	-0.8399
6256	-0.8188
6257	-0.7263
6258	-0.753
6259	-0.8022
6260	-0.7083
6261	-0.7551
6262	-0.742
6263	-0.7832
6264	-0.7615
6265	-0.8196
6266	-0.7937
6267	-0.8391
6268	-0.8225
6269	-0.6912
6270	-0.7944
6271	-0.684
6272	-0.7202
6273	-0.8627
6274	-0.745
6275	-0.7751
6276	-0.7117
6277	-0.7266
6278	-0.7914
6279	-0.865
6280	-0.8395
6281	-0.8141
6282	-0.8789
6283	-0.7336
6284	-0.8115
6285	-0.8118
6286	-0.8626
6287	-0.7634
6288	-0.9152
6289	-0.8261
6290	-0.78
6291	-0.7867
6292	-0.8442
6293	-0.8392
6294	-0.7051
6295	-0.7648
6296	-0.8143
6297	-0.8291
6298	-0.7591
6299	-0.7839
6300	-0.8806
6301	-0.8442
6302	-0.8677
6303	-0.7896
6304	-0.8179
6305	-0.9666
6306	-0.842
6307	-0.7335
6308	-0.8859
6309	-0.8007
6310	-0.8348
6311	-0.7083
6312	-0.8105
6313	-0.8302
6314	-0.7734
6315	-0.8066
6316	-0.7743
6317	-0.8305
6318	-0.7855
6319	-0.8336
6320	-0.7492
6321	-0.6711
6322	-0.7868
6323	-0.741
6324	-0.8803
6325	-0.6769
6326	-0.8066
6327	-0.7644
6328	-0.7083
6329	-0.72
6330	-0.7021
6331	-0.8158
6332	-0.747
6333	-0.721
6334	-0.8606
6335	-0.711
6336	-0.7671
6337	-0.8053
6338	-0.8194
6339	-0.8055
6340	-0.817
6341	-0.7755
6342	-0.8452
6343	-0.7477
6344	-0.8159
6345	-0.9584
6346	-0.7759
6347	-0.7681
6348	-0.8439
6349	-0.795
6350	-0.8083
6351	-0.8077
6352	-0.6262
6353	-0.7971
6354	-0.8396
6355	-0.7831
6356	-0.7732
6357	-0.7326
6358	-0.8389
6359	-0.8529
6360	-0.7296
6361	-0.8906
6362	-0.8157
6363	-0.7938
6364	-0.7921
6365	-0.8208
6366	-0.7364
6367	-0.8429
6368	-0.9025
6369	-0.8115
6370	-0.743
6371	-0.7879
6372	-0.7625
6373	-0.8632
6374	-0.706
6375	-0.7246
6376	-0.7627
6377	-0.7977
6378	-0.7762
6379	-0.8255
6380	-0.8007
6381	-0.8255
6382	-0.7588
6383	-0.8895
6384	-0.8076
6385	-0.8342
6386	-0.8698
6387	-0.7367
6388	-0.7975
6389	-0.8465
6390	-0.7641
6391	-0.845
6392	-0.8673
6393	-0.7546
6394	-0.865
6395	-0.9112
6396	-0.8123
6397	-0.8455
6398	-0.8508
6399	-0.8029
6400	-0.8841
6401	-0.8833
6402	-0.7439
6403	-0.7433
6404	-0.812
6405	-0.7946
6406	-0.833
6407	-0.8811
6408	-0.8493
6409	-0.7511
6410	-0.8429
6411	-0.881
6412	-0.8193
6413	-0.8436
6414	-0.7425
6415	-0.8526
6416	-0.7389
6417	-0.9472
6418	-0.8169
6419	-0.7755
6420	-0.8205
6421	-0.8354
6422	-0.7981
6423	-0.8213
6424	-0.7928
6425	-0.7916
6426	-0.7595
6427	-0.8829
6428	-0.7679
6429	-0.8161
6430	-0.8115
6431	-0.8412
6432	-0.8057
6433	-0.7639
6434	-0.8542
6435	-0.7764
6436	-0.7616
6437	-0.7997
6438	-0.8971
6439	-0.7536
6440	-0.8161
6441	-0.8378
6442	-0.7154
6443	-0.8305
6444	-0.8795
6445	-0.8503
6446	-0.7975
6447	-0.855
6448	-0.8576
6449	-0.8284
6450	-0.8033
6451	-0.7511
6452	-0.8692
6453	-0.7564
6454	-0.783
6455	-0.7966
6456	-0.8547
6457	-0.718
6458	-0.8099
6459	-0.8147
6460	-0.6648
6461	-0.961
6462	-0.8407
6463	-0.8539
6464	-0.7905
6465	-0.7904
6466	-0.7313
6467	-0.8258
6468	-0.7877
6469	-0.7968
6470	-0.7958
6471	-0.8462
6472	-0.808
6473	-0.7805
6474	-0.7863
6475	-0.7989
6476	-0.7053
6477	-0.8391
6478	-0.7961
6479	-0.7793
6480	-0.7646
6481	-0.7367
6482	-0.6673
6483	-0.7965
6484	-0.7514
6485	-0.8213
6486	-0.7784
6487	-0.8295
6488	-0.7806
6489	-0.779
6490	-0.7427
6491	-0.7852
6492	-0.6901
6493	-0.7569
6494	-0.8297
6495	-0.8239
6496	-0.8256
6497	-0.7521
6498	-0.7713
6499	-0.7391
6500	-0.8958
6501	-0.7315
6502	-0.7452
6503	-0.739
6504	-0.7919
6505	-0.7941
6506	-0.8014
6507	-0.7981
6508	-0.8062
6509	-0.814
6510	-0.6691
6511	-0.7741
6512	-0.8606
6513	-0.8164
6514	-0.7676
6515	-0.8981
6516	-0.8555
6517	-0.7597
6518	-0.8444
6519	-0.7525
6520	-0.8123
6521	-0.8351
6522	-0.8928
6523	-0.7354
6524	-0.8262
6525	-0.7741
6526	-0.7342
6527	-0.8156
6528	-0.7918
6529	-0.791
6530	-0.711
6531	-0.6754
6532	-0.974
6533	-0.8192
6534	-0.7918
6535	-0.8405
6536	-0.749
6537	-0.7588
6538	-0.8109
6539	-0.8068
6540	-0.8153
6541	-0.7661
6542	-0.7807
6543	-0.7539
6544	-0.7417
6545	-0.8195
6546	-0.8665
6547	-0.7758
6548	-0.8135
6549	-0.8401
6550	-0.8935
6551	-0.7878
6552	-0.788
6553	-0.8929
6554	-0.7771
6555	-0.844
6556	-0.7946
6557	-0.8284
6558	-0.854
6559	-0.7209
6560	-0.8466
6561	-0.923
6562	-0.8363
6563	-0.8197
6564	-0.8227
6565	-0.8069
6566	-0.8077
6567	-0.9031
6568	-0.7605
6569	-0.695
6570	-0.821
6571	-0.7901
6572	-0.8256
6573	-0.7753
6574	-0.8243
6575	-0.777
6576	-0.8011
6577	-0.7581
6578	-0.6797
6579	-0.7455
6580	-0.8377
6581	-0.9006
6582	-0.7719
6583	-0.7588
6584	-0.8041
6585	-0.7938
6586	-0.7759
6587	-0.7561
6588	-0.8182
6589	-0.7915
6590	-0.8811
6591	-0.8202
6592	-0.8182
6593	-0.8754
6594	-0.8594
6595	-0.8537
6596	-0.7896
6597	-0.7814
6598	-0.8183
6599	-0.7928
6600	-0.8143
6601	-0.8463
6602	-0.7493
6603	-0.7604
6604	-0.7595
6605	-0.8099
6606	-0.8178
6607	-0.7201
6608	-0.8096
6609	-0.8129
6610	-0.7606
6611	-0.8015
6612	-0.8448
6613	-0.7643
6614	-0.8547
6615	-0.6691
6616	-0.8157
6617	-0.782
6618	-0.7421
6619	-0.7565
6620	-0.7622
6621	-0.8645
6622	-0.823
6623	-0.7588
6624	-0.8361
6625	-0.8504
6626	-0.7984
6627	-0.8893
6628	-0.8742
6629	-0.8953
6630	-0.8809
6631	-0.7418
6632	-0.8037
6633	-0.76
6634	-0.7825
6635	-0.8664
6636	-0.8113
6637	-0.874
6638	-0.7723
6639	-0.8575
6640	-0.8305
6641	-0.8714
6642	-0.7799
6643	-0.7581
6644	-0.8009
6645	-0.8573
6646	-0.7691
6647	-0.7565
6648	-0.751
6649	-0.8163
6650	-0.8737
6651	-0.8054
6652	-0.7671
6653	-0.8611
6654	-0.8093
6655	-0.8096
6656	-0.8124
6657	-0.8014
6658	-0.8085
6659	-0.8214
6660	-0.8608
6661	-0.7635
6662	-0.7969
6663	-0.7631
6664	-0.7934
6665	-0.7663
6666	-0.8632
6667	-0.8336
6668	-0.8747
6669	-0.826
6670	-0.863
6671	-0.8449
6672	-0.8364
6673	-0.823
6674	-0.9252
6675	-0.7535
6676	-0.8495
6677	-0.8428
6678	-0.8305
6679	-0.8198
6680	-0.8078
6681	-0.7405
6682	-0.8384
6683	-0.7915
6684	-0.8215
6685	-0.7514
6686	-0.8279
6687	-0.7926
6688	-0.8333
6689	-0.7404
6690	-0.7368
6691	-0.7749
6692	-0.914
6693	-0.8288
6694	-0.7977
6695	-0.8504
6696	-0.8601
6697	-0.6656
6698	-0.7698
6699	-0.6929
6700	-0.7838
6701	-0.7852
6702	-0.7611
6703	-0.7252
6704	-0.8259
6705	-0.8374
6706	-0.7465
6707	-0.7212
6708	-0.7228
6709	-0.7291
6710	-0.6744
6711	-0.678
6712	-0.7503
6713	-0.8826
6714	-0.8437
6715	-0.7541
6716	-0.8189
6717	-0.8234
6718	-0.8127
6719	-0.7362
6720	-0.6619
6721	-0.788
6722	-0.7796
6723	-0.7769
6724	-0.7634
6725	-0.8158
6726	-0.84
6727	-0.7769
6728	-0.6879
6729	-0.7584
6730	-0.7962
6731	-0.7527
6732	-0.8316
6733	-0.6908
6734	-0.8218
6735	-0.7748
6736	-0.8831
6737	-0.8306
6738	-0.801
6739	-0.7512
6740	-0.876
6741	-0.831
6742	-0.8385
6743	-0.7794
6744	-0.8884
6745	-0.8053
6746	-0.8276
6747	-0.8398
6748	-0.7927
6749	-0.7772
6750	-0.8089
6751	-0.814
6752	-0.8211
6753	-0.7895
6754	-0.7532
6755	-0.7504
6756	-0.8842
6757	-0.818
6758	-0.8373
6759	-0.8034
6760	-0.7984
6761	-0.8255
6762	-0.8696
6763	-0.8086
6764	-0.7276
6765	-0.8199
6766	-0.8114
6767	-0.7365
6768	-0.7883
6769	-0.7915
6770	-0.7564
6771	-0.8158
6772	-0.8581
6773	-0.8067
6774	-0.8391
6775	-0.7443
6776	-0.7725
6777	-0.767
6778	-0.7456
6779	-0.8174
6780	-0.8077
6781	-0.8463
6782	-0.8159
6783	-0.8557
6784	-0.8488
6785	-0.8223
6786	-0.8151
6787	-0.7999
6788	-0.8219
6789	-0.8341
6790	-0.8398
6791	-0.8308
6792	-0.7573
6793	-0.8585
6794	-0.8076
6795	-0.8171
6796	-0.8354
6797	-0.7834
6798	-0.7383
6799	-0.7487
6800	-0.8026
6801	-0.7774
6802	-0.8014
6803	-0.7365
6804	-0.7616
6805	-0.8232
6806	-0.8118
6807	-0.8249
6808	-0.7319
6809	-0.6508
6810	-0.7106
6811	-0.74
6812	-0.8693
6813	-0.8711
6814	-0.7952
6815	-0.7512
6816	-0.7088
6817	-0.7072
6818	-0.777
6819	-0.8136
6820	-0.8135
6821	-0.8376
6822	-0.8582
6823	-0.6855
6824	-0.8539
6825	-0.8282
6826	-0.9307
6827	-0.8877
6828	-0.8984
6829	-0.732
6830	-0.8681
6831	-0.8559
6832	-0.8664
6833	-0.7729
6834	-0.8165
6835	-0.7882
6836	-0.9001
6837	-0.9143
6838	-0.8239
6839	-0.8788
6840	-0.7968
6841	-0.8434
6842	-0.8543
6843	-0.8916
6844	-0.8151
6845	-0.819
6846	-0.8811
6847	-0.8328
6848	-0.7762
6849	-0.8298
6850	-0.8037
6851	-0.8277
6852	-0.7881
6853	-0.7741
6854	-0.7893
6855	-0.7953
6856	-0.8272
6857	-0.8182
6858	-0.8199
6859	-0.7867
6860	-0.7717
6861	-0.8298
6862	-0.7729
6863	-0.8451
6864	-0.7661
6865	-0.8461
6866	-0.7948
6867	-0.8403
6868	-0.8507
6869	-0.81
6870	-0.7899
6871	-0.8292
6872	-0.7868
6873	-0.8723
6874	-0.7186
6875	-0.8387
6876	-0.8274
6877	-0.8371
6878	-0.7591
6879	-0.6142
6880	-0.8189
6881	-0.726
6882	-0.719
6883	-0.782
6884	-0.7389
6885	-0.891
6886	-0.7483
6887	-0.8425
6888	-0.8224
6889	-0.8352
6890	-0.8827
6891	-0.8244
6892	-0.7242
6893	-0.7867
6894	-0.8714
6895	-0.8888
6896	-0.8064
6897	-0.7333
6898	-0.9107
6899	-0.8499
6900	-0.8719
6901	-0.7495
6902	-0.9198
6903	-0.7389
6904	-0.7762
6905	-0.7942
6906	-0.8503
6907	-0.7391
6908	-0.789
6909	-0.819
6910	-0.7668
6911	-0.8104
6912	-0.8318
6913	-0.7367
6914	-0.6865
6915	-0.7823
6916	-0.8253
6917	-0.8594
6918	-0.8099
6919	-0.7836
6920	-0.7155
6921	-0.8723
6922	-0.8456
6923	-0.8723
6924	-0.8174
6925	-0.8041
6926	-0.7527
6927	-0.7846
6928	-0.8069
6929	-0.9006
6930	-0.8417
6931	-0.8089
6932	-0.912
6933	-0.7046
6934	-0.7999
6935	-0.7838
6936	-0.6739
6937	-0.8228
6938	-0.814
6939	-0.7645
6940	-0.8024
6941	-0.812
6942	-0.8346
6943	-0.8638
6944	-0.7658
6945	-0.8233
6946	-0.8902
6947	-0.8251
6948	-0.7771
6949	-0.7364
6950	-0.8362
6951	-0.7887
6952	-0.8109
6953	-0.824
6954	-0.836
6955	-0.8519
6956	-0.699
6957	-0.7775
6958	-0.7806
6959	-0.6742
6960	-0.8027
6961	-0.7923
6962	-0.8362
6963	-0.8097
6964	-0.8548
6965	-0.8528
6966	-0.7493
6967	-0.8749
6968	-0.6743
6969	-0.7434
6970	-0.8179
6971	-0.7464
6972	-0.6896
6973	-0.786
6974	-0.8489
6975	-0.8412
6976	-0.7419
6977	-0.8786
6978	-0.8855
6979	-0.7966
6980	-0.8471
6981	-0.6917
6982	-0.8556
6983	-0.8479
6984	-0.7415
6985	-0.7589
6986	-0.7062
6987	-0.7011
6988	-0.8339
6989	-0.778
6990	-0.7973
6991	-0.7373
6992	-0.7899
6993	-0.7547
6994	-0.8087
6995	-0.6752
6996	-0.811
6997	-0.7808
6998	-0.8034
6999	-0.793
7000	-0.8228
7001	-0.7269
7002	-0.8443
7003	-0.8283
7004	-0.7953
7005	-0.82
7006	-0.7993
7007	-0.894
7008	-0.6221
7009	-0.7721
7010	-0.7149
7011	-0.5908
7012	-0.7718
7013	-0.8232
7014	-0.7804
7015	-0.7291
7016	-0.7632
7017	-0.7718
7018	-0.88
7019	-0.7846
7020	-0.8327
7021	-0.7933
7022	-0.8274
7023	-0.8696
7024	-0.7594
7025	-0.7511
7026	-0.7835
7027	-0.8198
7028	-0.787
7029	-0.8023
7030	-0.8152
7031	-0.8261
7032	-0.7873
7033	-0.8486
7034	-0.8236
7035	-0.7774
7036	-0.7299
7037	-0.7964
7038	-0.8439
7039	-0.9215
7040	-0.7236
7041	-0.9087
7042	-0.8633
7043	-0.8217
7044	-0.8044
7045	-0.8128
7046	-0.8172
7047	-0.8256
7048	-0.8928
7049	-0.8841
7050	-0.748
7051	-0.8515
7052	-0.7386
7053	-0.761
7054	-0.7653
7055	-0.7529
7056	-0.7906
7057	-0.8194
7058	-0.7556
7059	-0.8422
7060	-0.9231
7061	-0.8138
7062	-0.8255
7063	-0.8018
7064	-0.8867
7065	-0.7761
7066	-0.7441
7067	-0.8484
7068	-0.8384
7069	-0.8243
7070	-0.8084
7071	-0.7807
7072	-0.7432
7073	-0.8312
7074	-0.8373
7075	-0.7327
7076	-0.8919
7077	-0.8544
7078	-0.7898
7079	-0.7857
7080	-0.8028
7081	-0.784
7082	-0.8182
7083	-0.7949
7084	-0.7547
7085	-0.8495
7086	-0.7974
7087	-0.7738
7088	-0.6402
7089	-0.7987
7090	-0.8556
7091	-0.8351
7092	-0.7989
7093	-0.7734
7094	-0.8462
7095	-0.7792
7096	-0.7605
7097	-0.8276
7098	-0.747
7099	-0.7676
7100	-0.8176
7101	-0.7977
7102	-0.8074
7103	-0.7867
7104	-0.713
7105	-0.7955
7106	-0.8059
7107	-0.8184
7108	-0.9335
7109	-0.781
7110	-0.8209
7111	-0.8129
7112	-0.8409
7113	-0.8273
7114	-0.8046
7115	-0.8167
7116	-0.8649
7117	-0.7323
7118	-0.7774
7119	-0.7587
7120	-0.8121
7121	-0.8355
7122	-0.7464
7123	-0.8052
7124	-0.7624
7125	-0.7682
7126	-0.8093
7127	-0.8005
7128	-0.798
7129	-0.871
7130	-0.6875
7131	-0.9192
7132	-0.8064
7133	-0.7447
7134	-0.8245
7135	-0.8294
7136	-0.8479
7137	-0.783
7138	-0.7499
7139	-0.8179
7140	-0.722
7141	-0.774
7142	-0.7242
7143	-0.8952
7144	-0.8393
7145	-0.8072
7146	-0.8168
7147	-0.779
7148	-0.781
7149	-0.7776
7150	-0.7812
7151	-0.845
7152	-0.8221
7153	-0.8606
7154	-0.8301
7155	-0.7785
7156	-0.8238
7157	-0.8509
7158	-0.7746
7159	-0.8438
7160	-0.8435
7161	-0.8206
7162	-0.835
7163	-0.7679
7164	-0.8191
7165	-0.835
7166	-0.887
7167	-0.8082
7168	-0.7612
7169	-0.7793
7170	-0.7836
7171	-0.8328
7172	-0.8308
7173	-0.7974
7174	-0.8594
7175	-0.825
7176	-0.7219
7177	-0.8355
7178	-0.7631
7179	-0.7787
7180	-0.8006
7181	-0.7612
7182	-0.8448
7183	-0.7579
7184	-0.7151
7185	-0.8321
7186	-0.7875
7187	-0.8578
7188	-0.846
7189	-0.8976
7190	-0.7917
7191	-0.7788
7192	-0.8376
7193	-0.8203
7194	-0.8579
7195	-0.8105
7196	-0.7328
7197	-0.8624
7198	-0.9028
7199	-0.8086
7200	-0.7588
7201	-0.848
7202	-0.8021
7203	-0.7376
7204	-0.7198
7205	-0.8921
7206	-0.8143
7207	-0.7368
7208	-0.8141
7209	-0.8559
7210	-0.7494
7211	-0.7743
7212	-0.8062
7213	-0.8052
7214	-0.8089
7215	-0.8263
7216	-0.798
7217	-0.8234
7218	-0.7667
7219	-0.7962
7220	-0.6824
7221	-0.8082
7222	-0.8102
7223	-0.894
7224	-0.8124
7225	-0.886
7226	-0.7867
7227	-0.8309
7228	-0.6987
7229	-0.7153
7230	-0.7686
7231	-0.7306
7232	-0.8255
7233	-0.7646
7234	-0.8432
7235	-0.7373
7236	-0.7557
7237	-0.8131
7238	-0.8359
7239	-0.7667
7240	-0.8412
7241	-0.9101
7242	-0.8488
7243	-0.8257
7244	-0.8958
7245	-0.804
7246	-0.8142
7247	-0.7643
7248	-0.7856
7249	-0.7727
7250	-0.8416
7251	-0.7758
7252	-0.8452
7253	-0.8229
7254	-0.8044
7255	-0.743
7256	-0.8445
7257	-0.8261
7258	-0.8321
7259	-0.8285
7260	-0.7502
7261	-0.8235
7262	-0.8583
7263	-0.7693
7264	-0.7702
7265	-0.7948
7266	-0.7896
7267	-0.8406
7268	-0.7178
7269	-0.6688
7270	-0.8149
7271	-0.7772
7272	-0.82
7273	-0.8176
7274	-0.7266
7275	-0.8313
7276	-0.743
7277	-0.7594
7278	-0.8006
7279	-0.8223
7280	-0.7161
7281	-0.8403
7282	-0.8312
7283	-0.7011
7284	-0.8425
7285	-0.7575
7286	-0.8397
7287	-0.7922
7288	-0.8519
7289	-0.8076
7290	-0.8335
7291	-0.7801
7292	-0.8084
7293	-0.8289
7294	-0.8409
7295	-0.8526
7296	-0.8537
7297	-0.8053
7298	-0.8274
7299	-0.8657
7300	-0.8254
7301	-0.7003
7302	-0.8017
7303	-0.8286
7304	-0.7759
7305	-0.8312
7306	-0.8357
7307	-0.7756
7308	-0.839
7309	-0.7841
7310	-0.7016
7311	-0.7699
7312	-0.8418
7313	-0.7508
7314	-0.7863
7315	-0.7331
7316	-0.8157
7317	-0.8021
7318	-0.7213
7319	-0.846
7320	-0.7065
7321	-0.7571
7322	-0.8197
7323	-0.713
7324	-0.7685
7325	-0.7794
7326	-0.8614
7327	-0.7982
7328	-0.9146
7329	-0.7985
7330	-0.731
7331	-0.7486
7332	-0.6363
7333	-0.7993
7334	-0.8025
7335	-0.8249
7336	-0.864
7337	-0.8911
7338	-0.8905
7339	-0.7951
7340	-0.7538
7341	-0.815
7342	-0.8334
7343	-0.8372
7344	-0.7919
7345	-0.8099
7346	-0.6135
7347	-0.8189
7348	-0.7619
7349	-0.66
7350	-0.747
7351	-0.7816
7352	-0.7664
7353	-0.7513
7354	-0.815
7355	-0.8219
7356	-0.8482
7357	-0.7717
7358	-0.789
7359	-0.7894
7360	-0.8443
7361	-0.8196
7362	-0.7606
7363	-0.6522
7364	-0.8095
7365	-0.7986
7366	-0.7845
7367	-0.8096
7368	-0.658
7369	-0.805
7370	-0.7786
7371	-0.7556
7372	-0.8981
7373	-0.7645
7374	-0.7915
7375	-0.7936
7376	-0.7816
7377	-0.7384
7378	-0.8245
7379	-0.8435
7380	-0.7361
7381	-0.7275
7382	-0.8405
7383	-0.7771
7384	-0.783
7385	-0.7656
7386	-0.7596
7387	-0.8419
7388	-0.8509
7389	-0.8445
7390	-0.8163
7391	-0.798
7392	-0.9098
7393	-0.8147
7394	-0.6931
7395	-0.8574
7396	-0.8086
7397	-0.7787
7398	-0.7703
7399	-0.7269
7400	-0.7935
7401	-0.718
7402	-0.7616
7403	-0.7888
7404	-0.7567
7405	-0.8336
7406	-0.7686
7407	-0.8102
7408	-0.8396
7409	-0.7614
7410	-0.7197
7411	-0.7664
7412	-0.7868
7413	-0.8175
7414	-0.7525
7415	-0.7746
7416	-0.8497
7417	-0.7225
7418	-0.8285
7419	-0.7877
7420	-0.818
7421	-0.8259
7422	-0.8266
7423	-0.8031
7424	-0.8364
7425	-0.7567
7426	-0.7706
7427	-0.8266
7428	-0.8077
7429	-0.7821
7430	-0.7853
7431	-0.7972
7432	-0.7753
7433	-0.7674
7434	-0.8341
7435	-0.7361
7436	-0.8944
7437	-0.8645
7438	-0.837
7439	-0.6929
7440	-0.8589
7441	-0.8075
7442	-0.8183
7443	-0.8186
7444	-0.913
7445	-0.8412
7446	-0.8546
7447	-0.7277
7448	-0.7974
7449	-0.7725
7450	-0.7058
7451	-0.7878
7452	-0.7892
7453	-0.8223
7454	-0.7795
7455	-0.8519
7456	-0.8426
7457	-0.7885
7458	-0.7706
7459	-0.7725
7460	-0.76
7461	-0.7557
7462	-0.677
7463	-0.7573
7464	-0.8217
7465	-0.7783
7466	-0.7833
7467	-0.86
7468	-0.8606
7469	-0.7353
7470	-0.814
7471	-0.8551
7472	-0.7472
7473	-0.8399
7474	-0.7845
7475	-0.7646
7476	-0.8732
7477	-0.8082
7478	-0.8455
7479	-0.7724
7480	-0.8789
7481	-0.8898
7482	-0.8372
7483	-0.9076
7484	-0.8443
7485	-0.8485
7486	-0.8737
7487	-0.7988
7488	-0.8602
7489	-0.8311
7490	-0.931
7491	-0.8876
7492	-0.791
7493	-0.8976
7494	-0.8121
7495	-0.8868
7496	-0.774
7497	-0.7483
7498	-0.8457
7499	-0.7893
7500	-0.8266
7501	-0.8665
7502	-0.685
7503	-0.7309
7504	-0.7695
7505	-0.7741
7506	-0.7978
7507	-0.7791
7508	-0.7436
7509	-0.7841
7510	-0.7518
7511	-0.7007
7512	-0.8434
7513	-0.7012
7514	-0.7382
7515	-0.7193
7516	-0.816
7517	-0.7106
7518	-0.7332
7519	-0.8434
7520	-0.7923
7521	-0.7984
7522	-0.7643
7523	-0.7203
7524	-0.8268
7525	-0.7262
7526	-0.7397
7527	-0.7538
7528	-0.7465
7529	-0.8878
7530	-0.7981
7531	-0.7859
7532	-0.7872
7533	-0.7674
7534	-0.7655
7535	-0.7941
7536	-0.7467
7537	-0.8312
7538	-0.8655
7539	-0.8024
7540	-0.8167
7541	-0.862
7542	-0.8679
7543	-0.8388
7544	-0.8829
7545	-0.839
7546	-0.839
7547	-0.8523
7548	-0.7767
7549	-0.8344
7550	-0.8143
7551	-0.8257
7552	-1.024
7553	-0.8617
7554	-0.9175
7555	-0.8277
7556	-0.8413
7557	-0.8661
7558	-0.8538
7559	-0.8131
7560	-0.8165
7561	-0.8178
7562	-0.8137
7563	-0.8297
7564	-0.7759
7565	-0.806
7566	-0.8096
7567	-0.9268
7568	-0.6789
7569	-0.8476
7570	-0.7419
7571	-0.8858
7572	-0.7935
7573	-0.8042
7574	-0.809
7575	-0.6995
7576	-0.873
7577	-0.7021
7578	-0.761
7579	-0.7886
7580	-0.8603
7581	-0.8489
7582	-0.8446
7583	-0.8136
7584	-0.8227
7585	-0.8659
7586	-0.7398
7587	-0.7226
7588	-0.6209
7589	-0.7817
7590	-0.8151
7591	-0.8723
7592	-0.7468
7593	-0.7169
7594	-0.8073
7595	-0.7685
7596	-0.6842
7597	-0.8443
7598	-0.7084
7599	-0.8181
7600	-0.8094
7601	-0.8339
7602	-0.7488
7603	-0.7326
7604	-0.7523
7605	-0.7188
7606	-0.7726
7607	-0.8435
7608	-0.7809
7609	-0.7898
7610	-0.7716
7611	-0.7439
7612	-0.8568
7613	-0.8313
7614	-0.8199
7615	-0.7863
7616	-0.8393
7617	-0.7898
7618	-0.8067
7619	-0.8267
7620	-0.6631
7621	-0.7961
7622	-0.7774
7623	-0.7557
7624	-0.8343
7625	-0.7549
7626	-0.835
7627	-0.9555
7628	-0.8054
7629	-0.8244
7630	-0.7887
7631	-0.8073
7632	-0.8498
7633	-0.7843
7634	-0.8031
7635	-0.7531
7636	-0.7723
7637	-0.7933
7638	-0.7871
7639	-0.7811
7640	-0.7948
7641	-0.8054
7642	-0.7786
7643	-0.8046
7644	-0.8564
7645	-0.8174
7646	-0.7564
7647	-0.7384
7648	-0.8317
7649	-0.8503
7650	-0.7762
7651	-0.8721
7652	-0.8682
7653	-0.8289
7654	-0.8271
7655	-0.7522
7656	-0.8121
7657	-0.8279
7658	-0.8076
7659	-0.8712
7660	-0.8138
7661	-0.801
7662	-0.8392
7663	-0.8042
7664	-0.837
7665	-0.8247
7666	-0.7907
7667	-0.8087
7668	-0.7825
7669	-0.8489
7670	-0.7919
7671	-0.7453
7672	-0.798
7673	-0.8403
7674	-0.8266
7675	-0.7048
7676	-0.8262
7677	-0.7547
7678	-0.7393
7679	-0.7608
7680	-0.845
7681	-0.6815
7682	-0.838
7683	-0.8788
7684	-0.8377
7685	-0.8511
7686	-0.8575
7687	-0.8028
7688	-0.7999
7689	-0.8254
7690	-0.8365
7691	-0.8838
7692	-0.7851
7693	-0.8028
7694	-0.7506
7695	-0.8372
7696	-0.776
7697	-0.7873
7698	-0.8695
7699	-0.7733
7700	-0.7429
7701	-0.7143
7702	-0.7075
7703	-0.7898
7704	-0.8115
7705	-0.8357
7706	-0.8241
7707	-0.8209
7708	-0.8115
7709	-0.7406
7710	-0.8388
7711	-0.8113
7712	-0.7589
7713	-0.8012
7714	-0.8087
7715	-0.7741
7716	-0.7812
7717	-0.8378
7718	-0.7212
7719	-0.8267
7720	-0.8229
7721	-0.78
7722	-0.8087
7723	-0.7157
7724	-0.8224
7725	-0.809
7726	-0.7693
7727	-0.8801
7728	-0.8754
7729	-0.8426
7730	-0.8328
7731	-0.8045
7732	-0.8578
7733	-0.7961
7734	-0.7789
7735	-0.7637
7736	-0.8417
7737	-0.7613
7738	-0.7634
7739	-0.8321
7740	-0.8711
7741	-0.817
7742	-0.8221
7743	-0.7425
7744	-0.8142
7745	-0.7753
7746	-0.8088
7747	-0.8214
7748	-0.8168
7749	-0.8643
7750	-0.7988
7751	-0.7186
7752	-0.8061
7753	-0.7517
7754	-0.784
7755	-0.8214
7756	-0.8054
7757	-0.8196
7758	-0.8645
7759	-0.7927
7760	-0.7356
7761	-0.7387
7762	-0.8259
7763	-0.8207
7764	-0.753
7765	-0.8199
7766	-0.7649
7767	-0.7444
7768	-0.8053
7769	-0.8516
7770	-0.7682
7771	-0.833
7772	-0.8001
7773	-0.7913
7774	-0.8328
7775	-0.8858
7776	-0.8415
7777	-0.8096
7778	-0.9338
7779	-0.7788
7780	-0.8505
7781	-0.7598
7782	-0.7986
7783	-0.7902
7784	-0.807
7785	-0.6167
7786	-0.7295
7787	-0.7757
7788	-0.8563
7789	-0.8181
7790	-0.7836
7791	-0.7835
7792	-0.837
7793	-0.8518
7794	-0.7821
7795	-0.798
7796	-0.8458
7797	-0.8375
7798	-0.8632
7799	-0.7318
7800	-0.877
7801	-0.8338
7802	-0.8051
7803	-0.8892
7804	-0.8039
7805	-0.8475
7806	-0.8205
7807	-0.7637
7808	-0.8801
7809	-0.7272
7810	-0.7476
7811	-0.7033
7812	-0.8
7813	-0.7278
7814	-0.7616
7815	-0.772
7816	-0.822
7817	-0.771
7818	-0.8595
7819	-0.7577
7820	-0.8193
7821	-0.8531
7822	-0.8212
7823	-0.7726
7824	-0.733
7825	-0.9523
7826	-0.7755
7827	-0.8146
7828	-0.8131
7829	-0.7638
7830	-0.8002
7831	-0.8145
7832	-0.8271
7833	-0.7562
7834	-0.8216
7835	-0.7893
7836	-0.7971
7837	-0.8368
7838	-0.8353
7839	-0.8533
7840	-0.8313
7841	-0.8179
7842	-0.8218
7843	-0.7263
7844	-0.8145
7845	-0.8104
7846	-0.7841
7847	-0.6379
7848	-0.872
7849	-0.7191
7850	-0.8007
7851	-0.7173
7852	-0.7489
7853	-0.7792
7854	-0.7397
7855	-0.8195
7856	-0.8545
7857	-0.8326
7858	-0.8752
7859	-0.8138
7860	-0.8234
7861	-0.8602
7862	-0.8104
7863	-0.8084
7864	-0.9087
7865	-0.8296
7866	-0.8734
7867	-0.7775
7868	-0.7864
7869	-0.8196
7870	-0.6815
7871	-0.7717
7872	-0.7771
7873	-0.7501
7874	-0.792
7875	-0.8203
7876	-0.8108
7877	-0.8455
7878	-0.7895
7879	-0.8153
7880	-0.7882
7881	-0.7662
7882	-0.7494
7883	-0.8442
7884	-0.783
7885	-0.8085
7886	-0.8013
7887	-0.8622
7888	-0.7224
7889	-0.8103
7890	-0.7924
7891	-0.829
7892	-0.8107
7893	-0.7507
7894	-0.7974
7895	-0.7735
7896	-0.8668
7897	-0.7898
7898	-0.8496
7899	-0.8264
7900	-0.7706
7901	-0.7969
7902	-0.8608
7903	-0.772
7904	-0.786
7905	-0.8026
7906	-0.8269
7907	-0.8235
7908	-0.7553
7909	-0.7662
7910	-0.7091
7911	-0.8373
7912	-0.7998
7913	-0.7789
7914	-0.8616
7915	-0.8066
7916	-0.7966
7917	-0.7969
7918	-0.7949
7919	-0.7228
7920	-0.8224
7921	-0.7505
7922	-0.7456
7923	-0.7623
7924	-0.825
7925	-0.7624
7926	-0.7086
7927	-0.7715
7928	-0.7714
7929	-0.7882
7930	-0.7986
7931	-0.8202
7932	-0.8221
7933	-0.7896
7934	-0.746
7935	-0.7857
7936	-0.8074
7937	-0.6656
7938	-0.7784
7939	-0.8221
7940	-0.816
7941	-0.8225
7942	-0.8599
7943	-0.7949
7944	-0.7726
7945	-0.7963
7946	-0.8244
7947	-0.892
7948	-0.7781
7949	-0.8202
7950	-0.8347
7951	-0.7521
7952	-0.8712
7953	-0.8218
7954	-0.7663
7955	-0.8052
7956	-0.8399
7957	-0.7756
7958	-0.7923
7959	-0.8841
7960	-0.7796
7961	-0.7884
7962	-0.8596
7963	-0.7741
7964	-0.8133
7965	-0.7775
7966	-0.7747
7967	-0.7964
7968	-0.7072
7969	-0.9198
7970	-0.8225
7971	-0.8155
7972	-0.7716
7973	-0.7803
7974	-0.847
7975	-0.7875
7976	-0.8094
7977	-0.7516
7978	-0.8727
7979	-0.7132
7980	-0.7404
7981	-0.8038
7982	-0.8032
7983	-0.8898
7984	-0.7318
7985	-0.7834
7986	-0.8138
7987	-0.7337
7988	-0.7146
7989	-0.7909
7990	-0.8107
7991	-0.7967
7992	-0.836
7993	-0.7313
7994	-0.7856
7995	-0.7964
7996	-0.8679
7997	-0.7448
7998	-0.8751
7999	-0.8791
8000	-0.7918
8001	-0.7538
8002	-0.7518
8003	-0.7882
8004	-0.8714
8005	-0.8003
8006	-0.7975
8007	-0.7568
8008	-0.7912
8009	-0.8561
8010	-0.8088
8011	-0.7988
8012	-0.7949
8013	-0.796
8014	-0.8732
8015	-0.8479
8016	-0.7029
8017	-0.8344
8018	-0.662
8019	-0.8113
8020	-0.8355
8021	-0.7993
8022	-0.7869
8023	-0.8101
8024	-0.7979
8025	-0.8007
8026	-0.8162
8027	-0.7501
8028	-0.8057
8029	-0.827
8030	-0.7629
8031	-0.8726
8032	-0.8589
8033	-0.7798
8034	-0.7858
8035	-0.6993
8036	-0.8276
8037	-0.8143
8038	-0.8759
8039	-0.8257
8040	-0.8389
8041	-0.8178
8042	-0.8387
8043	-0.8365
8044	-0.7974
8045	-0.8565
8046	-0.7983
8047	-0.8218
8048	-0.8638
8049	-0.8806
8050	-0.8052
8051	-0.779
8052	-0.7917
8053	-0.7584
8054	-0.7326
8055	-0.7199
8056	-0.756
8057	-0.8445
8058	-0.7739
8059	-0.8009
8060	-0.8303
8061	-0.7299
8062	-0.7671
8063	-0.7955
8064	-0.8411
8065	-0.8236
8066	-0.8187
8067	-0.7631
8068	-0.7597
8069	-0.8034
8070	-0.8439
8071	-0.859
8072	-0.7533
8073	-0.8026
8074	-0.8458
8075	-0.7099
8076	-0.8067
8077	-0.8338
8078	-0.7706
8079	-0.8117
8080	-0.7952
8081	-0.7295
8082	-0.8715
8083	-0.7816
8084	-0.8186
8085	-0.74
8086	-0.7704
8087	-0.7789
8088	-0.737
8089	-0.8486
8090	-0.8416
8091	-0.7398
8092	-0.922
8093	-0.8089
8094	-0.8194
8095	-0.8134
8096	-0.7354
8097	-0.8107
8098	-0.7928
8099	-0.8001
8100	-0.7554
8101	-0.7237
8102	-0.8274
8103	-0.8237
8104	-0.778
8105	-0.8868
8106	-0.8028
8107	-0.7913
8108	-0.7235
8109	-0.765
8110	-0.7756
8111	-0.7788
8112	-0.7633
8113	-0.7289
8114	-0.7755
8115	-0.8036
8116	-0.652
8117	-0.7085
8118	-0.7412
8119	-0.7466
8120	-0.7461
8121	-0.7277
8122	-0.7242
8123	-0.7942
8124	-0.8628
8125	-0.8154
8126	-0.7684
8127	-0.7243
8128	-0.7858
8129	-0.6517
8130	-0.7199
8131	-0.7536
8132	-0.9071
8133	-0.7764
8134	-0.7998
8135	-0.8286
8136	-0.8072
8137	-0.8317
8138	-0.8542
8139	-0.8221
8140	-0.7971
8141	-0.8227
8142	-0.8543
8143	-0.8583
8144	-0.7952
8145	-0.8102
8146	-0.8131
8147	-0.8738
8148	-0.7481
8149	-0.83
8150	-0.8028
8151	-0.7715
8152	-0.8705
8153	-0.788
8154	-0.7511
8155	-0.8231
8156	-0.7785
8157	-0.7574
8158	-0.7629
8159	-0.8719
8160	-0.7921
8161	-0.7817
8162	-0.8504
8163	-0.8304
8164	-0.768
8165	-0.7308
8166	-0.8327
8167	-0.7747
8168	-0.8558
8169	-0.7724
8170	-0.8027
8171	-0.7877
8172	-0.7438
8173	-0.8553
8174	-0.8143
8175	-0.753
8176	-0.7865
8177	-0.7557
8178	-0.7946
8179	-0.8056
8180	-0.7415
8181	-0.8031
8182	-0.8466
8183	-0.778
8184	-0.8603
8185	-0.7405
8186	-0.658
8187	-0.8056
8188	-0.8025
8189	-0.8043
8190	-0.6946
8191	-0.8563
8192	-0.8183
8193	-0.7466
8194	-0.7936
8195	-0.8394
8196	-0.7543
8197	-0.7941
8198	-0.8681
8199	-0.7749
8200	-0.7854
8201	-0.8067
8202	-0.7954
8203	-0.8489
8204	-0.8617
8205	-0.7725
8206	-0.7991
8207	-0.8416
8208	-0.8368
8209	-0.807
8210	-0.8567
8211	-0.8615
8212	-0.858
8213	-0.8545
8214	-0.8505
8215	-0.8421
8216	-0.8366
8217	-0.8194
8218	-0.7711
8219	-0.8393
8220	-0.7603
8221	-0.8234
8222	-0.817
8223	-0.7442
8224	-0.8532
8225	-0.825
8226	-0.7437
8227	-0.7217
8228	-0.7922
8229	-0.8519
8230	-0.7332
8231	-0.7634
8232	-0.8091
8233	-0.7949
8234	-0.8043
8235	-0.8585
8236	-0.8447
8237	-0.8426
8238	-0.8462
8239	-0.8938
8240	-0.7778
8241	-0.9383
8242	-0.7917
8243	-0.813
8244	-0.7254
8245	-0.868
8246	-0.8144
8247	-0.8373
8248	-0.7397
8249	-0.9043
8250	-0.8315
8251	-0.7504
8252	-0.7689
8253	-0.9504
8254	-0.8353
8255	-0.9171
8256	-0.7216
8257	-0.787
8258	-0.8436
8259	-0.743
8260	-0.8627
8261	-0.8199
8262	-0.8123
8263	-0.8336
8264	-0.8134
8265	-0.7854
8266	-0.8078
8267	-0.8472
8268	-0.8567
8269	-0.7373
8270	-0.8176
8271	-0.7784
8272	-0.7485
8273	-0.8522
8274	-0.8156
8275	-0.781
8276	-0.6954
8277	-0.7578
8278	-0.7559
8279	-0.8035
8280	-0.6988
8281	-0.7621
8282	-0.7465
8283	-0.7988
8284	-0.8416
8285	-0.8532
8286	-0.8454
8287	-0.8937
8288	-0.9353
8289	-0.8857
8290	-0.829
8291	-0.8809
8292	-0.88
8293	-0.8865
8294	-0.8218
8295	-0.807
8296	-0.7808
8297	-0.8315
8298	-0.7935
8299	-0.7926
8300	-0.8023
8301	-0.7915
8302	-0.8023
8303	-0.8336
8304	-0.8623
8305	-0.7651
8306	-0.7785
8307	-0.8672
8308	-0.8293
8309	-0.8107
8310	-0.8332
8311	-0.8413
8312	-0.857
8313	-0.8497
8314	-0.7601
8315	-0.721
8316	-0.8395
8317	-0.8955
8318	-0.8148
8319	-0.883
8320	-0.8379
8321	-0.8
8322	-0.8702
8323	-0.7891
8324	-0.8148
8325	-0.8281
8326	-0.7859
8327	-0.7679
8328	-0.7773
8329	-0.7831
8330	-0.7565
8331	-0.7852
8332	-0.7908
8333	-0.7782
8334	-0.8349
8335	-0.8152
8336	-0.8014
8337	-0.8263
8338	-0.8307
8339	-0.7873
8340	-0.8306
8341	-0.7464
8342	-0.7503
8343	-0.8064
8344	-0.8119
8345	-0.681
8346	-0.801
8347	-0.7008
8348	-0.6307
8349	-0.7113
8350	-0.6491
8351	-0.7644
8352	-0.8175
8353	-0.7956
8354	-0.8315
8355	-0.7498
8356	-0.8221
8357	-0.8437
8358	-0.8319
8359	-0.7839
8360	-0.7747
8361	-0.8738
8362	-0.7517
8363	-0.7833
8364	-0.7407
8365	-0.8701
8366	-0.7488
8367	-0.8726
8368	-0.8324
8369	-0.7258
8370	-0.8064
8371	-0.7628
8372	-0.8945
8373	-0.7381
8374	-0.9596
8375	-0.8857
8376	-0.7127
8377	-0.8183
8378	-0.7136
8379	-0.7701
8380	-0.8274
8381	-0.7537
8382	-0.8059
8383	-0.7382
8384	-0.9116
8385	-0.8022
8386	-0.8209
8387	-0.8012
8388	-0.828
8389	-0.7486
8390	-0.7999
8391	-0.8223
8392	-0.7734
8393	-0.8451
8394	-0.8561
8395	-0.6972
8396	-0.8032
8397	-0.7608
8398	-0.8277
8399	-0.742
8400	-0.8232
8401	-0.7572
8402	-0.7844
8403	-0.7948
8404	-0.8093
8405	-0.8409
8406	-0.7738
8407	-0.6848
8408	-0.7854
8409	-0.7997
8410	-0.7935
8411	-0.818
8412	-0.8122
8413	-0.7422
8414	-0.7557
8415	-0.8199
8416	-0.7564
8417	-0.8516
8418	-0.7643
8419	-0.813
8420	-0.82
8421	-0.8002
8422	-0.8601
8423	-0.8022
8424	-0.8186
8425	-0.795
8426	-0.8418
8427	-0.792
8428	-0.8544
8429	-0.8283
8430	-0.8754
8431	-0.7817
8432	-0.7912
8433	-0.813
8434	-0.8426
8435	-0.7956
8436	-0.8472
8437	-0.751
8438	-0.7937
8439	-0.7397
8440	-0.8131
8441	-0.7951
8442	-0.8185
8443	-0.7844
8444	-0.7327
8445	-0.8462
8446	-0.809
8447	-0.7768
8448	-0.793
8449	-0.7518
8450	-0.8397
8451	-0.7857
8452	-0.7664
8453	-0.8413
8454	-0.8346
8455	-0.8544
8456	-0.8005
8457	-0.865
8458	-0.7458
8459	-0.8571
8460	-0.844
8461	-0.8672
8462	-0.8445
8463	-0.8161
8464	-0.7358
8465	-0.7475
8466	-0.8373
8467	-0.7839
8468	-0.7291
8469	-0.8063
8470	-0.7966
8471	-0.8837
8472	-0.8054
8473	-0.7969
8474	-0.7433
8475	-0.7116
8476	-0.8057
8477	-0.7402
8478	-0.7533
8479	-0.8309
8480	-0.7576
8481	-0.8038
8482	-0.7808
8483	-0.7589
8484	-0.8643
8485	-0.7725
8486	-0.7653
8487	-0.839
8488	-0.857
8489	-0.9194
8490	-0.8505
8491	-0.8492
8492	-0.8569
8493	-0.7326
8494	-0.8501
8495	-0.8108
8496	-0.8518
8497	-0.7877
8498	-0.8444
8499	-0.8369
8500	-0.8583
8501	-0.7845
8502	-0.8258
8503	-0.8222
8504	-0.8161
8505	-0.6899
8506	-0.7579
8507	-0.7827
8508	-0.7836
8509	-0.6703
8510	-0.7758
8511	-0.9429
8512	-0.8012
8513	-0.806
8514	-0.7673
8515	-0.7243
8516	-0.9104
8517	-0.8515
8518	-0.9566
8519	-0.8325
8520	-0.809
8521	-0.8049
8522	-0.7977
8523	-0.7993
8524	-0.8707
8525	-0.7967
8526	-0.8834
8527	-0.8239
8528	-0.8026
8529	-0.591
8530	-0.8254
8531	-0.7899
8532	-0.8408
8533	-0.7971
8534	-0.8162
8535	-0.8233
8536	-0.911
8537	-0.8337
8538	-0.7781
8539	-0.8327
8540	-0.7819
8541	-0.7557
8542	-0.7343
8543	-0.807
8544	-0.7359
8545	-0.8146
8546	-0.877
8547	-0.8452
8548	-0.787
8549	-0.7802
8550	-0.8657
8551	-0.8264
8552	-0.7654
8553	-0.8332
8554	-0.88
8555	-0.7907
8556	-0.8232
8557	-0.8264
8558	-0.7603
8559	-0.7785
8560	-0.7957
8561	-0.859
8562	-0.8518
8563	-0.8243
8564	-0.829
8565	-0.7851
8566	-0.8423
8567	-0.8158
8568	-0.8094
8569	-0.8549
8570	-0.7695
8571	-0.8757
8572	-0.7693
8573	-0.8266
8574	-0.7448
8575	-0.8325
8576	-0.7981
8577	-0.7911
8578	-0.8513
8579	-0.7482
8580	-0.7897
8581	-0.7785
8582	-0.7667
8583	-0.8234
8584	-0.7392
8585	-0.914
8586	-0.8419
8587	-0.802
8588	-0.7255
8589	-0.8559
8590	-0.7647
8591	-0.8304
8592	-0.833
8593	-0.8159
8594	-0.7297
8595	-0.6343
8596	-0.8203
8597	-0.6888
8598	-0.7613
8599	-0.8315
8600	-0.7999
8601	-0.7995
8602	-0.7915
8603	-0.7851
8604	-0.7832
8605	-0.7258
8606	-0.7714
8607	-0.6884
8608	-0.7586
8609	-0.752
8610	-0.8794
8611	-0.8264
8612	-0.8153
8613	-0.8508
8614	-1.004
8615	-0.7991
8616	-0.8797
8617	-0.7718
8618	-0.8608
8619	-0.7845
8620	-0.867
8621	-0.8309
8622	-0.7742
8623	-0.7645
8624	-0.8
8625	-0.8359
8626	-0.8081
8627	-0.8098
8628	-0.8394
8629	-0.8521
8630	-0.7761
8631	-0.8441
8632	-0.7269
8633	-0.7896
8634	-0.8141
8635	-0.8002
8636	-0.8285
8637	-0.8654
8638	-0.861
8639	-0.7446
8640	-0.9112
8641	-0.9008
8642	-0.6549
8643	-0.7648
8644	-0.7522
8645	-0.7728
8646	-0.8108
8647	-0.7106
8648	-0.7103
8649	-0.8119
8650	-0.6463
8651	-0.7627
8652	-0.7341
8653	-0.8103
8654	-0.7583
8655	-0.7505
8656	-0.7197
8657	-0.865
8658	-0.6902
8659	-0.7006
8660	-0.7445
8661	-0.784
8662	-0.8334
8663	-0.8968
8664	-0.8772
8665	-0.8462
8666	-0.8296
8667	-0.8171
8668	-0.8722
8669	-0.8117
8670	-0.811
8671	-0.8116
8672	-0.7709
8673	-0.839
8674	-0.7949
8675	-0.6534
8676	-0.7694
8677	-0.7167
8678	-0.8291
8679	-0.8699
8680	-0.8149
8681	-0.8012
8682	-0.8339
8683	-0.7455
8684	-0.793
8685	-0.678
8686	-0.8395
8687	-0.7313
8688	-0.7952
8689	-0.7859
8690	-0.783
8691	-0.7956
8692	-0.858
8693	-0.8537
8694	-0.7267
8695	-0.8309
8696	-0.8061
8697	-0.8366
8698	-0.8307
8699	-0.7736
8700	-0.9008
8701	-0.7807
8702	-0.7732
8703	-0.8801
8704	-0.7998
8705	-0.811
8706	-0.8743
8707	-0.6988
8708	-0.8124
8709	-0.8282
8710	-0.7885
8711	-0.8802
8712	-0.7743
8713	-0.8153
8714	-0.7596
8715	-0.7072
8716	-0.7233
8717	-0.8548
8718	-0.7327
8719	-0.7859
8720	-0.733
8721	-0.849
8722	-0.916
8723	-0.8425
8724	-0.8046
8725	-0.8415
8726	-0.88
8727	-0.8816
8728	-0.8154
8729	-0.725
8730	-0.7386
8731	-0.8471
8732	-0.8689
8733	-0.83
8734	-0.8266
8735	-0.7554
8736	-0.7199
8737	-0.8095
8738	-0.7266
8739	-0.7373
8740	-0.8069
8741	-0.7665
8742	-0.9199
8743	-0.8377
8744	-0.8457
8745	-0.7948
8746	-0.8307
8747	-0.8279
8748	-0.7606
8749	-0.7475
8750	-0.803
8751	-0.7617
8752	-0.8345
8753	-0.8463
8754	-0.7295
8755	-0.8472
8756	-0.6859
8757	-0.6725
8758	-0.8488
8759	-0.8643
8760	-0.7247
8761	-0.7245
8762	-0.6194
8763	-0.792
8764	-0.8295
8765	-0.7461
8766	-0.8166
8767	-0.8358
8768	-0.8916
8769	-0.8549
8770	-0.8165
8771	-0.7885
8772	-0.9677
8773	-0.8833
8774	-0.7559
8775	-0.7937
8776	-0.7415
8777	-0.8383
8778	-0.7453
8779	-0.6299
8780	-0.8388
8781	-0.7827
8782	-0.7609
8783	-0.7585
8784	-0.8376
8785	-0.7857
8786	-0.7213
8787	-0.7387
8788	-0.7164
8789	-0.7739
8790	-0.6374
8791	-0.799
8792	-0.8584
8793	-0.8076
8794	-0.8278
8795	-0.8111
8796	-0.8926
8797	-0.7853
8798	-0.8672
8799	-0.8215
8800	-0.7747
8801	-0.8963
8802	-0.8866
8803	-0.8792
8804	-0.8444
8805	-0.7982
8806	-0.822
8807	-0.8212
8808	-0.834
8809	-0.8317
8810	-0.8357
8811	-0.739
8812	-0.8624
8813	-0.7716
8814	-0.7573
8815	-0.8251
8816	-0.7861
8817	-0.7775
8818	-0.9078
8819	-0.8292
8820	-0.8687
8821	-0.8251
8822	-0.8052
8823	-0.7543
8824	-0.7443
8825	-0.8363
8826	-0.7688
8827	-0.8151
8828	-0.8187
8829	-0.7955
8830	-0.8077
8831	-0.9049
8832	-0.8919
8833	-0.828
8834	-0.8003
8835	-0.8109
8836	-0.7913
8837	-0.7414
8838	-0.8618
8839	-0.7852
8840	-0.7644
8841	-0.7291
8842	-0.7667
8843	-0.813
8844	-0.7195
8845	-0.8573
8846	-0.7159
8847	-0.8098
8848	-0.7833
8849	-0.8
8850	-0.8505
8851	-0.8079
8852	-0.796
8853	-0.8097
8854	-0.8207
8855	-0.7317
8856	-0.8549
8857	-0.8812
8858	-0.685
8859	-0.6994
8860	-0.7686
8861	-0.7903
8862	-0.787
8863	-0.7958
8864	-0.7673
8865	-0.8342
8866	-0.7545
8867	-0.8494
8868	-0.719
8869	-0.8457
8870	-0.788
8871	-0.7457
8872	-0.7918
8873	-0.6798
8874	-0.832
8875	-0.7742
8876	-0.8429
8877	-0.6785
8878	-0.7374
8879	-0.81
8880	-0.8106
8881	-0.8979
8882	-0.7847
8883	-0.7082
8884	-0.7998
8885	-0.7658
8886	-0.7571
8887	-0.7997
8888	-0.7018
8889	-0.8509
8890	-0.8171
8891	-0.7637
8892	-0.917
8893	-0.786
8894	-0.7542
8895	-0.7295
8896	-0.8686
8897	-0.7777
8898	-0.9004
8899	-0.9221
8900	-0.8824
8901	-0.8285
8902	-0.8076
8903	-0.7757
8904	-0.786
8905	-0.8298
8906	-0.7439
8907	-0.8273
8908	-0.8548
8909	-0.8506
8910	-0.7943
8911	-0.8968
8912	-0.8174
8913	-0.721
8914	-0.8197
8915	-0.8225
8916	-0.8242
8917	-0.7212
8918	-0.8498
8919	-0.8241
8920	-0.7851
8921	-0.8418
8922	-0.7778
8923	-0.75
8924	-0.7937
8925	-0.841
8926	-0.827
8927	-0.7817
8928	-0.7365
8929	-0.7851
8930	-0.7775
8931	-0.8109
8932	-0.8186
8933	-0.8862
8934	-0.8014
8935	-0.8827
8936	-0.8294
8937	-0.7187
8938	-0.7547
8939	-0.8928
8940	-0.9042
8941	-0.841
8942	-0.737
8943	-0.7261
8944	-0.8059
8945	-0.8046
8946	-0.7244
8947	-0.8002
8948	-0.7741
8949	-0.7321
8950	-0.7367
8951	-0.788
8952	-0.7065
8953	-0.7705
8954	-0.8252
8955	-0.806
8956	-0.8025
8957	-0.8471
8958	-0.7485
8959	-0.7076
8960	-0.746
8961	-0.7675
8962	-0.8399
8963	-0.7587
8964	-0.78
8965	-0.7699
8966	-0.8006
8967	-0.805
8968	-0.7452
8969	-0.9261
8970	-0.8356
8971	-0.8661
8972	-0.7855
8973	-0.8669
8974	-0.8302
8975	-0.8389
8976	-0.7602
8977	-0.8116
8978	-0.8198
8979	-0.84
8980	-0.887
8981	-0.8146
8982	-0.6924
8983	-0.8269
8984	-0.7779
8985	-0.7403
8986	-0.8238
8987	-0.8122
8988	-0.7574
8989	-0.7533
8990	-0.818
8991	-0.8023
8992	-0.8074
8993	-0.8036
8994	-0.7893
8995	-0.7583
8996	-0.7631
8997	-0.7862
8998	-0.8058
8999	-0.7792
9000	-0.7755
9001	-0.8635
9002	-0.805
9003	-0.8285
9004	-0.8577
9005	-0.7252
9006	-0.8646
9007	-0.8737
9008	-0.7782
9009	-0.7752
9010	-0.8619
9011	-0.7545
9012	-0.8278
9013	-0.7815
9014	-0.8797
9015	-0.8058
9016	-0.7886
9017	-0.7539
9018	-0.7672
9019	-0.8192
9020	-0.7626
9021	-0.8172
9022	-0.8556
9023	-0.8535
9024	-0.774
9025	-0.8312
9026	-0.8342
9027	-0.763
9028	-0.7768
9029	-0.8256
9030	-0.7883
9031	-0.7782
9032	-0.8707
9033	-0.8802
9034	-0.7573
9035	-0.8356
9036	-0.7714
9037	-0.8724
9038	-0.7104
9039	-0.8079
9040	-0.8385
9041	-0.8785
9042	-0.8232
9043	-0.7197
9044	-0.7449
9045	-0.7788
9046	-0.7138
9047	-0.8234
9048	-0.8458
9049	-0.8244
9050	-0.7834
9051	-0.8335
9052	-0.7883
9053	-0.8581
9054	-0.8798
9055	-0.7931
9056	-0.7998
9057	-0.9135
9058	-0.7992
9059	-0.7557
9060	-0.7877
9061	-0.7686
9062	-0.75
9063	-0.8668
9064	-0.8391
9065	-0.7339
9066	-0.7626
9067	-0.7967
9068	-0.7713
9069	-0.7127
9070	-0.7882
9071	-0.7683
9072	-0.8693
9073	-0.8239
9074	-0.8439
9075	-0.8099
9076	-0.8501
9077	-0.8436
9078	-0.8579
9079	-0.845
9080	-0.8455
9081	-0.8886
9082	-0.8191
9083	-0.7808
9084	-0.8074
9085	-0.7328
9086	-0.788
9087	-0.7697
9088	-0.8894
9089	-0.8299
9090	-0.7633
9091	-0.8444
9092	-0.7303
9093	-0.7701
9094	-0.8346
9095	-0.8331
9096	-0.789
9097	-0.7943
9098	-0.7235
9099	-0.803
9100	-0.766
9101	-0.8136
9102	-0.8007
9103	-0.8304
9104	-0.7836
9105	-0.8659
9106	-0.741
9107	-0.852
9108	-0.7495
9109	-0.8194
9110	-0.8542
9111	-0.7714
9112	-0.9075
9113	-0.8288
9114	-0.8371
9115	-0.8538
9116	-0.7999
9117	-0.8807
9118	-0.7896
9119	-0.8501
9120	-0.8172
9121	-0.7884
9122	-0.7862
9123	-0.8122
9124	-0.8115
9125	-0.8065
9126	-0.7716
9127	-0.8408
9128	-0.7875
9129	-0.7773
9130	-0.7909
9131	-0.7739
9132	-0.9106
9133	-0.7915
9134	-0.7939
9135	-0.8082
9136	-0.8397
9137	-0.6936
9138	-0.7782
9139	-0.6781
9140	-0.6478
9141	-0.7649
9142	-0.8254
9143	-0.7535
9144	-0.7925
9145	-0.754
9146	-0.7168
9147	-0.7347
9148	-0.773
9149	-0.7367
9150	-0.755
9151	-0.8063
9152	-0.8017
9153	-0.8058
9154	-0.878
9155	-0.7926
9156	-0.8118
9157	-0.8685
9158	-0.8824
9159	-0.838
9160	-0.7764
9161	-0.7934
9162	-0.9092
9163	-0.8408
9164	-0.7972
9165	-0.7636
9166	-0.7262
9167	-0.7836
9168	-0.73
9169	-0.8105
9170	-0.8518
9171	-0.7703
9172	-0.7824
9173	-0.8687
9174	-0.807
9175	-0.8042
9176	-0.7786
9177	-0.801
9178	-0.8414
9179	-0.7925
9180	-0.8023
9181	-0.8201
9182	-0.8791
9183	-0.7986
9184	-0.8179
9185	-0.8408
9186	-0.7731
9187	-0.805
9188	-0.8216
9189	-0.7874
9190	-0.7919
9191	-0.754
9192	-0.7818
9193	-0.7962
9194	-0.8323
9195	-0.7111
9196	-0.8359
9197	-0.7824
9198	-0.7523
9199	-0.7253
9200	-0.8652
9201	-0.7811
9202	-0.7088
9203	-0.9118
9204	-0.8199
9205	-0.8254
9206	-0.6891
9207	-0.8578
9208	-0.7957
9209	-0.7891
9210	-0.8173
9211	-0.7896
9212	-0.8582
9213	-0.8005
9214	-0.7762
9215	-0.825
9216	-0.8057
9217	-0.7861
9218	-0.7973
9219	-0.8374
9220	-0.8564
9221	-0.8049
9222	-0.7923
9223	-0.8216
9224	-0.7656
9225	-0.8334
9226	-0.7528
9227	-0.7618
9228	-0.8132
9229	-0.7679
9230	-0.7888
9231	-0.825
9232	-0.6853
9233	-0.798
9234	-0.794
9235	-0.8317
9236	-0.8672
9237	-0.7355
9238	-0.6553
9239	-0.8015
9240	-0.7578
9241	-0.7961
9242	-0.7876
9243	-0.705
9244	-0.8277
9245	-0.7087
9246	-0.7927
9247	-0.871
9248	-0.8192
9249	-0.8343
9250	-0.8075
9251	-0.9039
9252	-0.8397
9253	-0.841
9254	-0.8266
9255	-0.8199
9256	-0.8418
9257	-0.8011
9258	-0.6681
9259	-0.792
9260	-0.8329
9261	-0.7589
9262	-0.8699
9263	-0.8272
9264	-0.7932
9265	-0.8238
9266	-0.8547
9267	-0.8238
9268	-0.7994
9269	-0.8226
9270	-0.8252
9271	-0.7582
9272	-0.7381
9273	-0.8224
9274	-0.785
9275	-0.8155
9276	-0.8454
9277	-0.7988
9278	-0.7987
9279	-0.8142
9280	-0.7456
9281	-0.8125
9282	-0.7396
9283	-0.8969
9284	-0.8624
9285	-0.8438
9286	-0.8276
9287	-0.7345
9288	-0.8334
9289	-0.8003
9290	-0.7589
9291	-0.8271
9292	-0.7136
9293	-0.8584
9294	-0.8395
9295	-0.794
9296	-0.8454
9297	-0.7689
9298	-0.819
9299	-0.8625
9300	-0.795
9301	-0.8203
9302	-0.8598
9303	-0.8503
9304	-0.8235
9305	-0.7908
9306	-0.7991
9307	-0.8652
9308	-0.8032
9309	-0.8213
9310	-0.8122
9311	-0.8097
9312	-0.8333
9313	-0.6186
9314	-0.8633
9315	-0.8562
9316	-0.8561
9317	-0.8613
9318	-0.8538
9319	-0.9042
9320	-0.7291
9321	-0.7466
9322	-0.7976
9323	-0.8915
9324	-0.7205
9325	-0.7608
9326	-0.8235
9327	-0.8549
9328	-0.78
9329	-0.8413
9330	-0.8427
9331	-0.8591
9332	-0.7926
9333	-0.7914
9334	-0.6927
9335	-0.8837
9336	-0.7998
9337	-0.8025
9338	-0.7623
9339	-0.7596
9340	-0.8181
9341	-0.7673
9342	-0.7272
9343	-0.8915
9344	-0.8058
9345	-0.6844
9346	-0.7428
9347	-0.8644
9348	-0.779
9349	-0.8526
9350	-0.7768
9351	-0.8046
9352	-0.7444
9353	-0.8157
9354	-0.7532
9355	-0.7845
9356	-0.8135
9357	-0.8197
9358	-0.7674
9359	-0.8443
9360	-0.8452
9361	-0.8042
9362	-0.8206
9363	-0.7893
9364	-0.7625
9365	-0.7839
9366	-0.8613
9367	-0.8385
9368	-0.8098
9369	-0.8199
9370	-0.8303
9371	-0.7806
9372	-0.8108
9373	-0.8305
9374	-0.8441
9375	-0.7431
9376	-0.8302
9377	-0.804
9378	-0.7715
9379	-0.8299
9380	-0.6963
9381	-0.8142
9382	-0.7813
9383	-0.6152
9384	-0.8055
9385	-0.8296
9386	-0.8752
9387	-0.8452
9388	-0.8662
9389	-0.8531
9390	-0.9846
9391	-0.7909
9392	-0.8518
9393	-0.8076
9394	-0.7574
9395	-0.8152
9396	-0.8473
9397	-0.8329
9398	-0.831
9399	-0.825
9400	-0.7856
9401	-0.8344
9402	-0.7379
9403	-0.8726
9404	-0.8267
9405	-0.7541
9406	-0.7134
9407	-0.8181
9408	-0.838
9409	-0.8093
9410	-0.6953
9411	-0.8464
9412	-0.7925
9413	-0.762
9414	-0.8409
9415	-0.7319
9416	-0.7743
9417	-0.8284
9418	-0.9087
9419	-0.8068
9420	-0.8184
9421	-0.8443
9422	-0.7224
9423	-0.7192
9424	-0.7691
9425	-0.7874
9426	-0.7887
9427	-0.8652
9428	-0.7536
9429	-0.7513
9430	-0.8009
9431	-0.8359
9432	-0.8836
9433	-0.8029
9434	-0.8051
9435	-0.6945
9436	-0.7824
9437	-0.7523
9438	-0.8543
9439	-0.7984
9440	-0.8419
9441	-0.8176
9442	-0.8923
9443	-0.8429
9444	-0.8127
9445	-0.8432
9446	-0.8918
9447	-0.766
9448	-0.8143
9449	-0.8125
9450	-0.6994
9451	-0.7669
9452	-0.8236
9453	-0.7528
9454	-0.7591
9455	-0.9362
9456	-0.8203
9457	-0.8517
9458	-0.8661
9459	-0.798
9460	-0.8472
9461	-0.8598
9462	-0.8122
9463	-0.7878
9464	-0.7642
9465	-0.8074
9466	-0.7522
9467	-0.7764
9468	-0.7607
9469	-0.8116
9470	-0.8033
9471	-0.7914
9472	-0.9
9473	-0.7988
9474	-0.7468
9475	-0.7903
9476	-0.7827
9477	-0.7542
9478	-0.8449
9479	-0.8444
9480	-0.8156
9481	-0.8739
9482	-0.8209
9483	-0.8369
9484	-0.8592
9485	-0.9226
9486	-0.8032
9487	-0.9289
9488	-0.917
9489	-0.8608
9490	-0.879
9491	-0.9506
9492	-0.7765
9493	-0.9032
9494	-0.825
9495	-0.8694
9496	-0.8276
9497	-0.8845
9498	-0.7825
9499	-0.8734
9500	-0.7896
9501	-0.8153
9502	-0.778
9503	-0.7744
9504	-0.8353
9505	-0.7885
9506	-0.8165
9507	-0.7608
9508	-0.7675
9509	-0.7222
9510	-0.7785
9511	-0.8348
9512	-0.8849
9513	-0.8297
9514	-0.8277
9515	-0.8455
9516	-0.7793
9517	-0.6818
9518	-0.7069
9519	-0.811
9520	-0.7403
9521	-0.8134
9522	-0.8115
9523	-0.7784
9524	-0.8295
9525	-0.87
9526	-0.8955
9527	-0.6594
9528	-0.7836
9529	-0.8055
9530	-0.7891
9531	-0.8465
9532	-0.8641
9533	-0.6829
9534	-0.7744
9535	-0.7756
9536	-0.7602
9537	-0.8723
9538	-0.7883
9539	-0.7719
9540	-0.8314
9541	-0.76
9542	-0.8492
9543	-0.7653
9544	-0.7769
9545	-0.7786
9546	-0.8263
9547	-0.7997
9548	-0.7973
9549	-0.8558
9550	-0.8232
9551	-0.7737
9552	-0.7864
9553	-0.8813
9554	-0.7963
9555	-0.7461
9556	-0.8149
9557	-0.7665
9558	-0.7145
9559	-0.7692
9560	-0.8928
9561	-0.7639
9562	-0.8278
9563	-0.8026
9564	-0.795
9565	-0.8513
9566	-0.7413
9567	-0.8123
9568	-0.8348
9569	-0.8224
9570	-0.7072
9571	-0.7992
9572	-0.9304
9573	-0.8138
9574	-0.8313
9575	-0.8257
9576	-0.7897
9577	-0.8065
9578	-0.8926
9579	-0.7916
9580	-0.7948
9581	-0.8268
9582	-0.7996
9583	-0.8378
9584	-0.8195
9585	-0.8429
9586	-0.7044
9587	-0.8384
9588	-0.7747
9589	-0.7184
9590	-0.735
9591	-0.7218
9592	-0.7877
9593	-0.734
9594	-0.7162
9595	-0.8161
9596	-0.7626
9597	-0.8083
9598	-0.7949
9599	-0.7933
9600	-0.8113
9601	-0.8122
9602	-0.7876
9603	-0.7722
9604	-0.8215
9605	-0.75
9606	-0.8417
9607	-0.7985
9608	-0.7862
9609	-0.8419
9610	-0.8065
9611	-0.7389
9612	-0.8199
9613	-0.8685
9614	-0.7994
9615	-0.782
9616	-0.8593
9617	-0.7971
9618	-0.8499
9619	-0.8211
9620	-0.7606
9621	-0.8599
9622	-0.8167
9623	-0.7696
9624	-0.7811
9625	-0.8079
9626	-0.7966
9627	-0.7659
9628	-0.8297
9629	-0.748
9630	-0.653
9631	-0.8305
9632	-0.8654
9633	-0.755
9634	-0.8302
9635	-0.7233
9636	-0.8227
9637	-0.7754
9638	-0.7684
9639	-0.8277
9640	-0.7817
9641	-0.7196
9642	-0.8266
9643	-0.7739
9644	-0.7724
9645	-0.7243
9646	-0.8503
9647	-0.8065
9648	-0.7754
9649	-0.763
9650	-0.8
9651	-0.8099
9652	-0.8316
9653	-0.7218
9654	-0.7124
9655	-0.8123
9656	-0.8916
9657	-0.7707
9658	-0.8103
9659	-0.8028
9660	-0.7856
9661	-0.7927
9662	-0.8631
9663	-0.8909
9664	-0.7979
9665	-0.7822
9666	-0.7392
9667	-0.8723
9668	-0.8361
9669	-0.8315
9670	-0.8161
9671	-0.8434
9672	-0.7383
9673	-0.8018
9674	-0.7678
9675	-0.8829
9676	-0.8277
9677	-0.7669
9678	-0.8066
9679	-0.7567
9680	-0.817
9681	-0.7943
9682	-0.7768
9683	-0.7856
9684	-0.8237
9685	-0.8024
9686	-0.8018
9687	-0.7742
9688	-0.8037
9689	-0.8312
9690	-0.7948
9691	-0.8512
9692	-0.7964
9693	-0.8301
9694	-0.8238
9695	-0.9475
9696	-0.8208
9697	-0.8384
9698	-0.8119
9699	-0.768
9700	-0.7703
9701	-0.7789
9702	-0.8723
9703	-0.7532
9704	-0.7718
9705	-0.7935
9706	-0.716
9707	-0.6845
9708	-0.8043
9709	-0.8245
9710	-0.7483
9711	-0.8276
9712	-0.8275
9713	-0.7655
9714	-0.8012
9715	-0.8642
9716	-0.8493
9717	-0.7168
9718	-0.8154
9719	-0.8189
9720	-0.7645
9721	-0.8082
9722	-0.8099
9723	-0.7568
9724	-0.8099
9725	-0.801
9726	-0.8097
9727	-0.8352
9728	-0.748
9729	-0.8398
9730	-0.7833
9731	-0.8123
9732	-0.9328
9733	-0.7511
9734	-0.7805
9735	-0.7543
9736	-0.8576
9737	-0.7946
9738	-0.7986
9739	-0.7652
9740	-0.809
9741	-0.7764
9742	-0.7734
9743	-0.7594
9744	-0.759
9745	-0.7479
9746	-0.8439
9747	-0.7179
9748	-0.7408
9749	-0.8384
9750	-0.8077
9751	-0.6875
9752	-0.8316
9753	-0.7523
9754	-0.7967
9755	-0.7378
9756	-0.8215
9757	-0.7939
9758	-0.765
9759	-0.7665
9760	-0.7899
9761	-0.7873
9762	-0.7568
9763	-0.8242
9764	-0.8209
9765	-0.7383
9766	-0.7492
9767	-0.8162
9768	-0.8062
9769	-0.8527
9770	-0.7219
9771	-0.6798
9772	-0.7038
9773	-0.8586
9774	-0.7759
9775	-0.8732
9776	-0.8423
9777	-0.8064
9778	-0.817
9779	-0.8093
9780	-0.8593
9781	-0.7568
9782	-0.8241
9783	-0.8077
9784	-0.8457
9785	-0.6629
9786	-0.8687
9787	-0.7839
9788	-0.8396
9789	-0.7872
9790	-0.7903
9791	-0.8128
9792	-0.831
9793	-0.8005
9794	-0.7613
9795	-0.7869
9796	-0.8156
9797	-0.7668
9798	-0.7781
9799	-0.8191
9800	-0.7496
9801	-0.7989
9802	-0.7918
9803	-0.8244
9804	-0.6905
9805	-0.7742
9806	-0.7457
9807	-0.6551
9808	-0.7157
9809	-0.8824
9810	-0.8046
9811	-0.8348
9812	-0.7765
9813	-0.8343
9814	-0.8015
9815	-0.7509
9816	-0.7135
9817	-0.6924
9818	-0.8791
9819	-0.7387
9820	-0.7664
9821	-0.8373
9822	-0.8055
9823	-0.7007
9824	-0.7155
9825	-0.7989
9826	-0.821
9827	-0.7887
9828	-0.7953
9829	-0.8044
9830	-0.8043
9831	-0.8037
9832	-0.7795
9833	-0.7143
9834	-0.7512
9835	-0.775
9836	-0.6983
9837	-0.8212
9838	-0.7981
9839	-0.7742
9840	-0.8536
9841	-0.8193
9842	-0.7666
9843	-0.876
9844	-0.8269
9845	-0.7994
9846	-0.8663
9847	-0.7951
9848	-0.8737
9849	-0.8345
9850	-0.8312
9851	-0.7857
9852	-0.7077
9853	-0.8116
9854	-0.821
9855	-0.7877
9856	-0.8316
9857	-0.7713
9858	-0.9029
9859	-0.8995
9860	-0.8202
9861	-0.7509
9862	-0.7687
9863	-0.825
9864	-0.7865
9865	-0.7918
9866	-0.8635
9867	-0.696
9868	-0.8533
9869	-0.7822
9870	-0.8414
9871	-0.8021
9872	-0.7513
9873	-0.8005
9874	-0.7886
9875	-0.7931
9876	-0.8108
9877	-0.7674
9878	-0.7492
9879	-0.7868
9880	-0.8355
9881	-0.8039
9882	-0.8387
9883	-0.8615
9884	-0.739
9885	-0.7584
9886	-0.765
9887	-0.8208
9888	-0.8803
9889	-0.7636
9890	-0.812
9891	-0.7963
9892	-0.76
9893	-0.802
9894	-0.8829
9895	-0.7671
9896	-0.6768
9897	-0.7413
9898	-0.804
9899	-0.7883
9900	-0.8138
9901	-0.8337
9902	-0.7713
9903	-0.8166
9904	-0.7255
9905	-0.8305
9906	-0.8086
9907	-0.7063
9908	-0.8525
9909	-0.8443
9910	-0.7752
9911	-0.8205
9912	-0.7584
9913	-0.8223
9914	-0.8241
9915	-0.7965
9916	-0.7905
9917	-0.8211
9918	-0.7628
9919	-0.7908
9920	-0.8098
9921	-0.743
9922	-0.7361
9923	-0.754
9924	-0.7719
9925	-0.7419
9926	-0.8089
9927	-0.798
9928	-0.8579
9929	-0.7016
9930	-0.7294
9931	-0.7575
9932	-0.7736
9933	-0.7618
9934	-0.7429
9935	-0.7855
9936	-0.852
9937	-0.785
9938	-0.731
9939	-0.7498
9940	-0.8007
9941	-0.8165
9942	-0.8275
9943	-0.8207
9944	-0.7951
9945	-0.7965
9946	-0.7927
9947	-0.7056
9948	-0.8063
9949	-0.7664
9950	-0.707
9951	-0.8949
9952	-0.7552
9953	-0.7902
9954	-0.8774
9955	-0.8339
9956	-0.9
9957	-0.7869
9958	-0.8939
9959	-0.9118
9960	-0.8386
9961	-0.8776
9962	-0.8393
9963	-0.8966
9964	-0.7417
9965	-0.8575
9966	-0.8477
9967	-0.8134
9968	-0.8379
9969	-0.7816
9970	-0.7441
9971	-0.7065
9972	-0.8551
9973	-0.7577
9974	-0.7116
9975	-0.8158
9976	-0.707
9977	-0.786
9978	-0.7887
9979	-0.7156
9980	-0.8654
9981	-0.823
9982	-0.8893
9983	-0.7617
9984	-0.8455
9985	-0.7784
9986	-0.7908
9987	-0.8955
9988	-0.7599
9989	-0.8156
9990	-0.8411
9991	-0.7677
9992	-0.7741
9993	-0.741
9994	-0.8466
9995	-0.7706
9996	-0.7534
9997	-0.8461
9998	-0.7032
9999	-0.8568
10000	-0.8737
