1	-0.8223
2	-0.8423
3	-0.8265
4	-0.7775
5	-0.7866
6	-0.8418
7	-0.7661
8	-0.8465
9	-0.8359
10	-0.8425
11	-0.8621
12	-0.8498
13	-0.8556
14	-0.8256
15	-0.8789
16	-0.827
17	-0.7815
18	-0.8124
19	-0.7949
20	-0.8274
21	-0.82
22	-0.8608
23	-0.8397
24	-0.8341
25	-0.8306
26	-0.8576
27	-0.8315
28	-0.8258
29	-0.8038
30	-0.8283
31	-0.8461
32	-0.8583
33	-0.8388
34	-0.8796
35	-0.8426
36	-0.7994
37	-0.7626
38	-0.8469
39	-0.8464
40	-0.8187
41	-0.8471
42	-0.8563
43	-0.7626
44	-0.8457
45	-0.8827
46	-0.7691
47	-0.8226
48	-0.8209
49	-0.8147
50	-0.8741
51	-0.8131
52	-0.8322
53	-0.8031
54	-0.8618
55	-0.8257
56	-0.8637
57	-0.7932
58	-0.7655
59	-0.8289
60	-0.8088
61	-0.8314
62	-0.8126
63	-0.8281
64	-0.8126
65	-0.859
66	-0.852
67	-0.7667
68	-0.8397
69	-0.8617
70	-0.8449
71	-0.8513
72	-0.8584
73	-0.8337
74	-0.794
75	-0.8115
76	-0.7657
77	-0.8794
78	-0.8366
79	-0.8481
80	-0.824
81	-0.8129
82	-0.8142
83	-0.8107
84	-0.8369
85	-0.8562
86	-0.8226
87	-0.8368
88	-0.793
89	-0.838
90	-0.7751
91	-0.875
92	-0.8582
93	-0.8482
94	-0.8607
95	-0.8469
96	-0.85
97	-0.7935
98	-0.8515
99	-0.8089
100	-0.8049
101	-0.8249
102	-0.7701
103	-0.8258
104	-0.844
105	-0.817
106	-0.8525
107	-0.8425
108	-0.8755
109	-0.8394
110	-0.8107
111	-0.7835
112	-0.8344
113	-0.8297
114	-0.8719
115	-0.8509
116	-0.8135
117	-0.8259
118	-0.8386
119	-0.8736
120	-0.824
121	-0.8288
122	-0.8202
123	-0.765
124	-0.8521
125	-0.8319
126	-0.8371
127	-0.8411
128	-0.7877
129	-0.846
130	-0.8629
131	-0.8113
132	-0.8206
133	-0.8318
134	-0.8434
135	-0.8438
136	-0.8613
137	-0.8609
138	-0.8513
139	-0.8257
140	-0.8052
141	-0.8246
142	-0.8444
143	-0.837
144	-0.8298
145	-0.7988
146	-0.8332
147	-0.7882
148	-0.7795
149	-0.8085
150	-0.8666
151	-0.8072
152	-0.8305
153	-0.8576
154	-0.857
155	-0.8484
156	-0.8328
157	-0.8566
158	-0.8206
159	-0.822
160	-0.7786
161	-0.8264
162	-0.8243
163	-0.8646
164	-0.8159
165	-0.8293
166	-0.8443
167	-0.8537
168	-0.8306
169	-0.8275
170	-0.7827
171	-0.8343
172	-0.8635
173	-0.8161
174	-0.8478
175	-0.8183
176	-0.7922
177	-0.8075
178	-0.8245
179	-0.8452
180	-0.8405
181	-0.7703
182	-0.8253
183	-0.8246
184	-0.8768
185	-0.8022
186	-0.757
187	-0.8136
188	-0.8203
189	-0.8473
190	-0.8483
191	-0.8346
192	-0.8218
193	-0.8322
194	-0.8485
195	-0.8164
196	-0.8032
197	-0.7974
198	-0.8456
199	-0.8608
200	-0.8457
201	-0.865
202	-0.8542
203	-0.8171
204	-0.8306
205	-0.8015
206	-0.8331
207	-0.858
208	-0.7959
209	-0.7889
210	-0.8393
211	-0.7934
212	-0.8126
213	-0.8498
214	-0.8296
215	-0.8424
216	-0.8496
217	-0.8182
218	-0.796
219	-0.8192
220	-0.8469
221	-0.8417
222	-0.8417
223	-0.8043
224	-0.8539
225	-0.8915
226	-0.8553
227	-0.8312
228	-0.8214
229	-0.8344
230	-0.808
231	-0.8514
232	-0.7742
233	-0.845
234	-0.8369
235	-0.839
236	-0.8133
237	-0.8236
238	-0.7966
239	-0.837
240	-0.8218
241	-0.8164
242	-0.8055
243	-0.8432
244	-0.8157
245	-0.8541
246	-0.818
247	-0.8432
248	-0.8369
249	-0.8404
250	-0.8556
251	-0.8689
252	-0.8459
253	-0.849
254	-0.8374
255	-0.8432
256	-0.7534
257	-0.8591
258	-0.804
259	-0.8335
260	-0.8553
261	-0.839
262	-0.8219
263	-0.8089
264	-0.7762
265	-0.8227
266	-0.8459
267	-0.8134
268	-0.7977
269	-0.8035
270	-0.843
271	-0.8334
272	-0.8354
273	-0.8378
274	-0.82
275	-0.8112
276	-0.7887
277	-0.8247
278	-0.7859
279	-0.8766
280	-0.8346
281	-0.8134
282	-0.8483
283	-0.8036
284	-0.8182
285	-0.8319
286	-0.8815
287	-0.8286
288	-0.7889
289	-0.8577
290	-0.8372
291	-0.8267
292	-0.8569
293	-0.7819
294	-0.8177
295	-0.8161
296	-0.8471
297	-0.8593
298	-0.8104
299	-0.8173
300	-0.8317
301	-0.8458
302	-0.8296
303	-0.8274
304	-0.8442
305	-0.8734
306	-0.8504
307	-0.8351
308	-0.8386
309	-0.8356
310	-0.8098
311	-0.8105
312	-0.8227
313	-0.8791
314	-0.8301
315	-0.7871
316	-0.8435
317	-0.7512
318	-0.8253
319	-0.7914
320	-0.8104
321	-0.8237
322	-0.8323
323	-0.8219
324	-0.795
325	-0.8164
326	-0.8283
327	-0.8742
328	-0.829
329	-0.8363
330	-0.8534
331	-0.8472
332	-0.8135
333	-0.8263
334	-0.8673
335	-0.8023
336	-0.8144
337	-0.8368
338	-0.8462
339	-0.8107
340	-0.7876
341	-0.8133
342	-0.787
343	-0.8175
344	-0.7807
345	-0.7896
346	-0.858
347	-0.85
348	-0.8522
349	-0.8466
350	-0.8458
351	-0.8247
352	-0.8658
353	-0.8373
354	-0.8823
355	-0.8118
356	-0.7731
357	-0.78
358	-0.8174
359	-0.8752
360	-0.8689
361	-0.812
362	-0.8039
363	-0.8492
364	-0.8336
365	-0.8671
366	-0.8425
367	-0.8218
368	-0.8131
369	-0.8352
370	-0.8542
371	-0.8453
372	-0.8174
373	-0.8576
374	-0.8284
375	-0.8428
376	-0.8456
377	-0.8279
378	-0.8242
379	-0.8233
380	-0.8391
381	-0.7472
382	-0.8104
383	-0.8234
384	-0.7786
385	-0.8331
386	-0.8141
387	-0.8627
388	-0.8462
389	-0.8284
390	-0.8765
391	-0.8639
392	-0.8449
393	-0.8164
394	-0.7937
395	-0.8392
396	-0.7949
397	-0.8177
398	-0.8212
399	-0.8157
400	-0.8538
401	-0.8446
402	-0.8542
403	-0.8253
404	-0.8333
405	-0.8111
406	-0.8185
407	-0.8351
408	-0.7988
409	-0.8053
410	-0.8496
411	-0.8281
412	-0.8404
413	-0.7958
414	-0.8155
415	-0.848
416	-0.8287
417	-0.7654
418	-0.8217
419	-0.7955
420	-0.8494
421	-0.8149
422	-0.8525
423	-0.8302
424	-0.7908
425	-0.8601
426	-0.798
427	-0.8466
428	-0.8951
429	-0.8281
430	-0.8158
431	-0.8141
432	-0.8297
433	-0.8443
434	-0.8574
435	-0.8476
436	-0.8271
437	-0.8519
438	-0.8601
439	-0.8378
440	-0.863
441	-0.8219
442	-0.8678
443	-0.8105
444	-0.8125
445	-0.8753
446	-0.8466
447	-0.8177
448	-0.8188
449	-0.8364
450	-0.8116
451	-0.8707
452	-0.8422
453	-0.8537
454	-0.8138
455	-0.8719
456	-0.7863
457	-0.8492
458	-0.7593
459	-0.8575
460	-0.7605
461	-0.8208
462	-0.8247
463	-0.7971
464	-0.8147
465	-0.7843
466	-0.8106
467	-0.8504
468	-0.8457
469	-0.836
470	-0.7974
471	-0.7899
472	-0.7808
473	-0.8356
474	-0.8299
475	-0.7758
476	-0.8661
477	-0.8456
478	-0.8169
479	-0.8448
480	-0.809
481	-0.8079
482	-0.834
483	-0.8299
484	-0.8392
485	-0.7936
486	-0.8398
487	-0.793
488	-0.8031
489	-0.8342
490	-0.8408
491	-0.8411
492	-0.8126
493	-0.8211
494	-0.8304
495	-0.8538
496	-0.8638
497	-0.8283
498	-0.848
499	-0.8174
500	-0.7528
501	-0.8112
502	-0.8509
503	-0.8231
504	-0.8399
505	-0.8167
506	-0.8246
507	-0.8075
508	-0.8203
509	-0.8455
510	-0.8659
511	-0.7923
512	-0.8711
513	-0.7985
514	-0.8414
515	-0.853
516	-0.8437
517	-0.8189
518	-0.8737
519	-0.8585
520	-0.8611
521	-0.8508
522	-0.8503
523	-0.8145
524	-0.8232
525	-0.832
526	-0.858
527	-0.8002
528	-0.8816
529	-0.848
530	-0.8219
531	-0.8059
532	-0.7902
533	-0.8434
534	-0.8222
535	-0.8423
536	-0.8139
537	-0.7989
538	-0.7791
539	-0.8461
540	-0.7254
541	-0.7801
542	-0.8577
543	-0.8457
544	-0.8079
545	-0.8428
546	-0.8208
547	-0.7978
548	-0.8288
549	-0.8474
550	-0.7691
551	-0.8334
552	-0.8462
553	-0.8262
554	-0.8478
555	-0.8177
556	-0.8437
557	-0.8213
558	-0.8543
559	-0.8519
560	-0.8162
561	-0.8287
562	-0.815
563	-0.8102
564	-0.824
565	-0.8171
566	-0.8468
567	-0.8361
568	-0.827
569	-0.815
570	-0.7759
571	-0.8496
572	-0.8568
573	-0.8253
574	-0.8311
575	-0.7779
576	-0.7723
577	-0.845
578	-0.7876
579	-0.8086
580	-0.8588
581	-0.8445
582	-0.8606
583	-0.7976
584	-0.7919
585	-0.8586
586	-0.8189
587	-0.8373
588	-0.8095
589	-0.8578
590	-0.7839
591	-0.7591
592	-0.7304
593	-0.7707
594	-0.8642
595	-0.8192
596	-0.8563
597	-0.8559
598	-0.8304
599	-0.8768
600	-0.83
601	-0.8529
602	-0.8454
603	-0.8499
604	-0.8464
605	-0.8854
606	-0.8604
607	-0.8592
608	-0.8468
609	-0.8608
610	-0.8548
611	-0.8573
612	-0.797
613	-0.8333
614	-0.8161
615	-0.8651
616	-0.8601
617	-0.8141
618	-0.8068
619	-0.8081
620	-0.8838
621	-0.8489
622	-0.8501
623	-0.8379
624	-0.839
625	-0.8717
626	-0.8467
627	-0.8421
628	-0.81
629	-0.8244
630	-0.8244
631	-0.8209
632	-0.8557
633	-0.8167
634	-0.8269
635	-0.8856
636	-0.8644
637	-0.8241
638	-0.8524
639	-0.8555
640	-0.8752
641	-0.8363
642	-0.8105
643	-0.8235
644	-0.8355
645	-0.8386
646	-0.8138
647	-0.7686
648	-0.8214
649	-0.808
650	-0.8277
651	-0.8499
652	-0.867
653	-0.8648
654	-0.8548
655	-0.8022
656	-0.7961
657	-0.8673
658	-0.8543
659	-0.8452
660	-0.8627
661	-0.7787
662	-0.8143
663	-0.8416
664	-0.8604
665	-0.8591
666	-0.8168
667	-0.8506
668	-0.8188
669	-0.8026
670	-0.8549
671	-0.7805
672	-0.7933
673	-0.8199
674	-0.8626
675	-0.8036
676	-0.7888
677	-0.7915
678	-0.8591
679	-0.8042
680	-0.7695
681	-0.8426
682	-0.8075
683	-0.7842
684	-0.7954
685	-0.8234
686	-0.8212
687	-0.8733
688	-0.8368
689	-0.8472
690	-0.8278
691	-0.8199
692	-0.7964
693	-0.8216
694	-0.8602
695	-0.8211
696	-0.8478
697	-0.8412
698	-0.8488
699	-0.8132
700	-0.7989
701	-0.7914
702	-0.8415
703	-0.8383
704	-0.8499
705	-0.8787
706	-0.8533
707	-0.8434
708	-0.8397
709	-0.8504
710	-0.8379
711	-0.827
712	-0.7697
713	-0.8187
714	-0.8288
715	-0.8702
716	-0.8246
717	-0.8348
718	-0.8248
719	-0.8398
720	-0.8245
721	-0.83
722	-0.8477
723	-0.7716
724	-0.8541
725	-0.7945
726	-0.8493
727	-0.8023
728	-0.8426
729	-0.8645
730	-0.8295
731	-0.8325
732	-0.8025
733	-0.8405
734	-0.8192
735	-0.847
736	-0.8496
737	-0.8352
738	-0.7892
739	-0.8508
740	-0.867
741	-0.8697
742	-0.8233
743	-0.8325
744	-0.8499
745	-0.7987
746	-0.8557
747	-0.875
748	-0.7911
749	-0.825
750	-0.8392
751	-0.8066
752	-0.8573
753	-0.8043
754	-0.8735
755	-0.8603
756	-0.8314
757	-0.8486
758	-0.8094
759	-0.8367
760	-0.8489
761	-0.8166
762	-0.7908
763	-0.8191
764	-0.8351
765	-0.8405
766	-0.8043
767	-0.798
768	-0.8079
769	-0.8091
770	-0.8474
771	-0.8373
772	-0.8425
773	-0.8465
774	-0.8493
775	-0.8692
776	-0.7756
777	-0.8318
778	-0.84
779	-0.8311
780	-0.852
781	-0.8181
782	-0.8103
783	-0.8511
784	-0.7991
785	-0.7945
786	-0.8423
787	-0.8414
788	-0.8068
789	-0.8029
790	-0.8731
791	-0.82
792	-0.8406
793	-0.8551
794	-0.8469
795	-0.815
796	-0.8519
797	-0.8352
798	-0.8603
799	-0.8097
800	-0.879
801	-0.8348
802	-0.8366
803	-0.8627
804	-0.8346
805	-0.7522
806	-0.7918
807	-0.8068
808	-0.818
809	-0.8283
810	-0.8416
811	-0.8783
812	-0.7891
813	-0.8478
814	-0.8515
815	-0.8202
816	-0.8792
817	-0.853
818	-0.8373
819	-0.8064
820	-0.8312
821	-0.8026
822	-0.7876
823	-0.7955
824	-0.8101
825	-0.8402
826	-0.7969
827	-0.8496
828	-0.8165
829	-0.8562
830	-0.8495
831	-0.807
832	-0.833
833	-0.8036
834	-0.8421
835	-0.8392
836	-0.8171
837	-0.7877
838	-0.8767
839	-0.8074
840	-0.847
841	-0.8317
842	-0.8163
843	-0.8079
844	-0.8022
845	-0.8529
846	-0.7976
847	-0.8302
848	-0.8138
849	-0.8122
850	-0.8206
851	-0.815
852	-0.8035
853	-0.8739
854	-0.8241
855	-0.8126
856	-0.8059
857	-0.8122
858	-0.7861
859	-0.7888
860	-0.8279
861	-0.8704
862	-0.8569
863	-0.8467
864	-0.7717
865	-0.8644
866	-0.8207
867	-0.7742
868	-0.7797
869	-0.8018
870	-0.8029
871	-0.8071
872	-0.8702
873	-0.8306
874	-0.8575
875	-0.7997
876	-0.8096
877	-0.8237
878	-0.7954
879	-0.7992
880	-0.8452
881	-0.8304
882	-0.8486
883	-0.8304
884	-0.8711
885	-0.7946
886	-0.8458
887	-0.8632
888	-0.8594
889	-0.8553
890	-0.7899
891	-0.8121
892	-0.82
893	-0.8488
894	-0.8451
895	-0.8
896	-0.8598
897	-0.8826
898	-0.853
899	-0.8436
900	-0.8495
901	-0.8188
902	-0.842
903	-0.8381
904	-0.8438
905	-0.8294
906	-0.7963
907	-0.785
908	-0.8365
909	-0.8259
910	-0.8005
911	-0.8643
912	-0.8483
913	-0.8386
914	-0.7972
915	-0.748
916	-0.8288
917	-0.8569
918	-0.8131
919	-0.8432
920	-0.8211
921	-0.8207
922	-0.7759
923	-0.8423
924	-0.8442
925	-0.8321
926	-0.8231
927	-0.8264
928	-0.8291
929	-0.7737
930	-0.8501
931	-0.8022
932	-0.7882
933	-0.8496
934	-0.8443
935	-0.8478
936	-0.8023
937	-0.7934
938	-0.8143
939	-0.8176
940	-0.8389
941	-0.824
942	-0.8585
943	-0.8398
944	-0.8192
945	-0.8339
946	-0.8446
947	-0.8328
948	-0.8078
949	-0.8298
950	-0.8521
951	-0.8423
952	-0.8193
953	-0.8501
954	-0.8179
955	-0.7227
956	-0.8056
957	-0.8588
958	-0.8026
959	-0.8589
960	-0.871
961	-0.7896
962	-0.8225
963	-0.8487
964	-0.824
965	-0.7864
966	-0.8039
967	-0.821
968	-0.8318
969	-0.7938
970	-0.8599
971	-0.774
972	-0.8416
973	-0.8169
974	-0.7883
975	-0.7546
976	-0.8074
977	-0.8116
978	-0.818
979	-0.8438
980	-0.8259
981	-0.7855
982	-0.8695
983	-0.8141
984	-0.8539
985	-0.8165
986	-0.8301
987	-0.8233
988	-0.7917
989	-0.816
990	-0.8381
991	-0.8422
992	-0.8478
993	-0.8068
994	-0.8151
995	-0.8633
996	-0.8274
997	-0.8578
998	-0.8821
999	-0.8266
1000	-0.8215
1001	-0.8095
1002	-0.8354
1003	-0.8583
1004	-0.8271
1005	-0.8441
1006	-0.8501
1007	-0.8167
1008	-0.8586
1009	-0.8069
1010	-0.8135
1011	-0.8304
1012	-0.7854
1013	-0.7637
1014	-0.8133
1015	-0.8415
1016	-0.8506
1017	-0.8378
1018	-0.8136
1019	-0.7771
1020	-0.8569
1021	-0.8866
1022	-0.7708
1023	-0.7529
1024	-0.8527
1025	-0.8039
1026	-0.8033
1027	-0.832
1028	-0.8481
1029	-0.8497
1030	-0.7888
1031	-0.8026
1032	-0.8309
1033	-0.789
1034	-0.8679
1035	-0.8494
1036	-0.8053
1037	-0.7924
1038	-0.8272
1039	-0.8128
1040	-0.812
1041	-0.7917
1042	-0.8445
1043	-0.8106
1044	-0.8273
1045	-0.8617
1046	-0.7666
1047	-0.8047
1048	-0.8336
1049	-0.8295
1050	-0.8204
1051	-0.8089
1052	-0.8703
1053	-0.8055
1054	-0.8724
1055	-0.7994
1056	-0.8263
1057	-0.8236
1058	-0.8457
1059	-0.799
1060	-0.8093
1061	-0.8301
1062	-0.8304
1063	-0.8405
1064	-0.8228
1065	-0.8167
1066	-0.8501
1067	-0.8301
1068	-0.8211
1069	-0.7997
1070	-0.7993
1071	-0.8667
1072	-0.8259
1073	-0.8075
1074	-0.8111
1075	-0.8217
1076	-0.8546
1077	-0.8025
1078	-0.8314
1079	-0.8227
1080	-0.8223
1081	-0.7658
1082	-0.8602
1083	-0.8448
1084	-0.8231
1085	-0.8295
1086	-0.8399
1087	-0.8127
1088	-0.8506
1089	-0.8669
1090	-0.8024
1091	-0.8046
1092	-0.8594
1093	-0.8156
1094	-0.8519
1095	-0.8442
1096	-0.8325
1097	-0.8683
1098	-0.8129
1099	-0.8337
1100	-0.8777
1101	-0.8257
1102	-0.8574
1103	-0.8416
1104	-0.8399
1105	-0.8113
1106	-0.821
1107	-0.8387
1108	-0.8296
1109	-0.8663
1110	-0.8055
1111	-0.8028
1112	-0.8564
1113	-0.8379
1114	-0.8447
1115	-0.8658
1116	-0.8557
1117	-0.7653
1118	-0.8352
1119	-0.8152
1120	-0.8075
1121	-0.8585
1122	-0.8058
1123	-0.8156
1124	-0.8621
1125	-0.8672
1126	-0.8406
1127	-0.8475
1128	-0.8073
1129	-0.847
1130	-0.8599
1131	-0.857
1132	-0.7874
1133	-0.8023
1134	-0.8071
1135	-0.8246
1136	-0.8582
1137	-0.8174
1138	-0.8202
1139	-0.7912
1140	-0.8531
1141	-0.8062
1142	-0.8095
1143	-0.8737
1144	-0.8252
1145	-0.8754
1146	-0.8287
1147	-0.8252
1148	-0.8609
1149	-0.8883
1150	-0.8286
1151	-0.8515
1152	-0.8213
1153	-0.7778
1154	-0.7867
1155	-0.8286
1156	-0.7999
1157	-0.8183
1158	-0.8308
1159	-0.8413
1160	-0.8384
1161	-0.8708
1162	-0.795
1163	-0.809
1164	-0.8269
1165	-0.8283
1166	-0.8467
1167	-0.8523
1168	-0.8612
1169	-0.8002
1170	-0.8208
1171	-0.8188
1172	-0.7992
1173	-0.8504
1174	-0.8298
1175	-0.8076
1176	-0.8833
1177	-0.8409
1178	-0.8388
1179	-0.7902
1180	-0.8541
1181	-0.8081
1182	-0.8107
1183	-0.8443
1184	-0.8642
1185	-0.8528
1186	-0.8662
1187	-0.874
1188	-0.8207
1189	-0.8468
1190	-0.8565
1191	-0.834
1192	-0.8099
1193	-0.8794
1194	-0.8416
1195	-0.8377
1196	-0.8403
1197	-0.8324
1198	-0.8098
1199	-0.7736
1200	-0.8299
1201	-0.8275
1202	-0.8
1203	-0.8273
1204	-0.7947
1205	-0.8015
1206	-0.8303
1207	-0.8213
1208	-0.8712
1209	-0.8588
1210	-0.8287
1211	-0.848
1212	-0.8003
1213	-0.8604
1214	-0.8779
1215	-0.841
1216	-0.8471
1217	-0.8184
1218	-0.811
1219	-0.8519
1220	-0.8139
1221	-0.8149
1222	-0.8429
1223	-0.778
1224	-0.8401
1225	-0.8666
1226	-0.8265
1227	-0.8689
1228	-0.7897
1229	-0.8422
1230	-0.8194
1231	-0.828
1232	-0.8082
1233	-0.8267
1234	-0.8391
1235	-0.8205
1236	-0.8218
1237	-0.8395
1238	-0.8482
1239	-0.8354
1240	-0.8623
1241	-0.8317
1242	-0.8578
1243	-0.8512
1244	-0.8341
1245	-0.8219
1246	-0.8317
1247	-0.8433
1248	-0.8451
1249	-0.8096
1250	-0.8213
1251	-0.8244
1252	-0.8189
1253	-0.8208
1254	-0.8358
1255	-0.754
1256	-0.846
1257	-0.7778
1258	-0.8112
1259	-0.8316
1260	-0.8465
1261	-0.8099
1262	-0.8109
1263	-0.8397
1264	-0.8264
1265	-0.8269
1266	-0.8791
1267	-0.8265
1268	-0.8544
1269	-0.8113
1270	-0.8191
1271	-0.8562
1272	-0.812
1273	-0.8592
1274	-0.8656
1275	-0.7862
1276	-0.8547
1277	-0.8272
1278	-0.8093
1279	-0.8054
1280	-0.8219
1281	-0.7992
1282	-0.8073
1283	-0.8314
1284	-0.8016
1285	-0.8523
1286	-0.8661
1287	-0.8289
1288	-0.7895
1289	-0.8188
1290	-0.8199
1291	-0.7909
1292	-0.8644
1293	-0.879
1294	-0.8216
1295	-0.8673
1296	-0.8373
1297	-0.8299
1298	-0.7981
1299	-0.8099
1300	-0.8394
1301	-0.8164
1302	-0.8759
1303	-0.8577
1304	-0.8541
1305	-0.8187
1306	-0.852
1307	-0.8397
1308	-0.8144
1309	-0.786
1310	-0.8389
1311	-0.8066
1312	-0.8463
1313	-0.8146
1314	-0.785
1315	-0.8348
1316	-0.834
1317	-0.8128
1318	-0.8341
1319	-0.8129
1320	-0.8163
1321	-0.8745
1322	-0.885
1323	-0.8094
1324	-0.882
1325	-0.8542
1326	-0.8389
1327	-0.8319
1328	-0.8548
1329	-0.8002
1330	-0.8567
1331	-0.8295
1332	-0.8461
1333	-0.8304
1334	-0.8199
1335	-0.8507
1336	-0.7733
1337	-0.835
1338	-0.8008
1339	-0.8399
1340	-0.7909
1341	-0.831
1342	-0.7922
1343	-0.7975
1344	-0.7854
1345	-0.8582
1346	-0.8452
1347	-0.8246
1348	-0.8202
1349	-0.8646
1350	-0.8382
1351	-0.8142
1352	-0.8589
1353	-0.8381
1354	-0.8224
1355	-0.8192
1356	-0.811
1357	-0.835
1358	-0.839
1359	-0.8128
1360	-0.7871
1361	-0.8315
1362	-0.8284
1363	-0.8587
1364	-0.8404
1365	-0.8144
1366	-0.8215
1367	-0.8247
1368	-0.8677
1369	-0.8274
1370	-0.7633
1371	-0.8139
1372	-0.8258
1373	-0.8412
1374	-0.8105
1375	-0.8122
1376	-0.8577
1377	-0.806
1378	-0.7787
1379	-0.8308
1380	-0.7909
1381	-0.8608
1382	-0.8636
1383	-0.7702
1384	-0.801
1385	-0.8695
1386	-0.7928
1387	-0.8476
1388	-0.8193
1389	-0.866
1390	-0.8379
1391	-0.8539
1392	-0.7726
1393	-0.8599
1394	-0.8727
1395	-0.8388
1396	-0.8082
1397	-0.8423
1398	-0.8436
1399	-0.8443
1400	-0.8153
1401	-0.7934
1402	-0.867
1403	-0.8484
1404	-0.8673
1405	-0.7924
1406	-0.8434
1407	-0.7894
1408	-0.7413
1409	-0.8098
1410	-0.8788
1411	-0.8452
1412	-0.8487
1413	-0.8305
1414	-0.8206
1415	-0.8464
1416	-0.8516
1417	-0.8385
1418	-0.7761
1419	-0.8282
1420	-0.8273
1421	-0.855
1422	-0.8175
1423	-0.8301
1424	-0.8363
1425	-0.8256
1426	-0.7857
1427	-0.8379
1428	-0.8695
1429	-0.8816
1430	-0.8078
1431	-0.7977
1432	-0.8531
1433	-0.7877
1434	-0.8261
1435	-0.7595
1436	-0.7658
1437	-0.7813
1438	-0.8477
1439	-0.8403
1440	-0.8838
1441	-0.8778
1442	-0.8367
1443	-0.8518
1444	-0.8759
1445	-0.8572
1446	-0.8553
1447	-0.8451
1448	-0.8306
1449	-0.8636
1450	-0.8391
1451	-0.8262
1452	-0.8039
1453	-0.7824
1454	-0.8126
1455	-0.859
1456	-0.8185
1457	-0.8338
1458	-0.8136
1459	-0.8252
1460	-0.8668
1461	-0.8178
1462	-0.8104
1463	-0.7865
1464	-0.7917
1465	-0.8249
1466	-0.7973
1467	-0.8322
1468	-0.7866
1469	-0.8487
1470	-0.8566
1471	-0.8355
1472	-0.8597
1473	-0.8043
1474	-0.8406
1475	-0.8049
1476	-0.809
1477	-0.8758
1478	-0.8418
1479	-0.8319
1480	-0.8052
1481	-0.7957
1482	-0.8293
1483	-0.805
1484	-0.7764
1485	-0.8371
1486	-0.8395
1487	-0.8208
1488	-0.8283
1489	-0.8131
1490	-0.8416
1491	-0.8269
1492	-0.867
1493	-0.8557
1494	-0.8436
1495	-0.8267
1496	-0.7857
1497	-0.8789
1498	-0.7906
1499	-0.8619
1500	-0.8417
1501	-0.7622
1502	-0.8434
1503	-0.7812
1504	-0.8013
1505	-0.8128
1506	-0.8354
1507	-0.8464
1508	-0.8669
1509	-0.8921
1510	-0.8214
1511	-0.803
1512	-0.7957
1513	-0.7723
1514	-0.8145
1515	-0.7898
1516	-0.7737
1517	-0.8223
1518	-0.8415
1519	-0.8358
1520	-0.7856
1521	-0.89
1522	-0.8361
1523	-0.8356
1524	-0.8301
1525	-0.8286
1526	-0.76
1527	-0.8025
1528	-0.8161
1529	-0.8113
1530	-0.8348
1531	-0.8306
1532	-0.8262
1533	-0.8538
1534	-0.8452
1535	-0.771
1536	-0.8784
1537	-0.8498
1538	-0.8646
1539	-0.8522
1540	-0.8063
1541	-0.8514
1542	-0.8519
1543	-0.8569
1544	-0.8573
1545	-0.8228
1546	-0.8169
1547	-0.8381
1548	-0.8461
1549	-0.8254
1550	-0.8217
1551	-0.839
1552	-0.8299
1553	-0.8438
1554	-0.8049
1555	-0.8461
1556	-0.8358
1557	-0.8235
1558	-0.8699
1559	-0.8167
1560	-0.8324
1561	-0.7948
1562	-0.8538
1563	-0.8487
1564	-0.824
1565	-0.8415
1566	-0.7945
1567	-0.8649
1568	-0.8431
1569	-0.8735
1570	-0.8726
1571	-0.827
1572	-0.8547
1573	-0.8562
1574	-0.8545
1575	-0.8231
1576	-0.8304
1577	-0.8572
1578	-0.8913
1579	-0.8299
1580	-0.8835
1581	-0.7936
1582	-0.8206
1583	-0.8544
1584	-0.8129
1585	-0.7757
1586	-0.8094
1587	-0.7874
1588	-0.8265
1589	-0.8224
1590	-0.8202
1591	-0.8554
1592	-0.8042
1593	-0.8119
1594	-0.8196
1595	-0.8522
1596	-0.8
1597	-0.815
1598	-0.8211
1599	-0.8247
1600	-0.8357
1601	-0.8351
1602	-0.7686
1603	-0.8558
1604	-0.8652
1605	-0.8187
1606	-0.8285
1607	-0.8441
1608	-0.8495
1609	-0.8235
1610	-0.8098
1611	-0.7977
1612	-0.824
1613	-0.8368
1614	-0.8066
1615	-0.8231
1616	-0.7996
1617	-0.8224
1618	-0.8231
1619	-0.8059
1620	-0.8397
1621	-0.8676
1622	-0.8083
1623	-0.8667
1624	-0.8465
1625	-0.861
1626	-0.8284
1627	-0.8244
1628	-0.8026
1629	-0.8354
1630	-0.8489
1631	-0.8472
1632	-0.7981
1633	-0.8404
1634	-0.8045
1635	-0.8132
1636	-0.8309
1637	-0.8059
1638	-0.8836
1639	-0.8423
1640	-0.8383
1641	-0.8293
1642	-0.82
1643	-0.8473
1644	-0.8578
1645	-0.841
1646	-0.7577
1647	-0.8543
1648	-0.8256
1649	-0.8498
1650	-0.8194
1651	-0.8118
1652	-0.7853
1653	-0.8621
1654	-0.8075
1655	-0.8074
1656	-0.8257
1657	-0.8555
1658	-0.8442
1659	-0.8426
1660	-0.839
1661	-0.8246
1662	-0.8558
1663	-0.8287
1664	-0.8385
1665	-0.8312
1666	-0.8563
1667	-0.8483
1668	-0.8452
1669	-0.8537
1670	-0.8556
1671	-0.87
1672	-0.8688
1673	-0.8511
1674	-0.8354
1675	-0.8272
1676	-0.8247
1677	-0.8814
1678	-0.8301
1679	-0.8622
1680	-0.8491
1681	-0.8379
1682	-0.8715
1683	-0.8338
1684	-0.8318
1685	-0.8571
1686	-0.8481
1687	-0.8114
1688	-0.8149
1689	-0.8338
1690	-0.8298
1691	-0.846
1692	-0.8203
1693	-0.8164
1694	-0.8295
1695	-0.815
1696	-0.7824
1697	-0.8523
1698	-0.8636
1699	-0.8553
1700	-0.7586
1701	-0.8138
1702	-0.8251
1703	-0.8264
1704	-0.8601
1705	-0.8019
1706	-0.8165
1707	-0.8453
1708	-0.8429
1709	-0.8113
1710	-0.7999
1711	-0.7701
1712	-0.879
1713	-0.8389
1714	-0.8469
1715	-0.8601
1716	-0.8233
1717	-0.8329
1718	-0.8373
1719	-0.8318
1720	-0.8511
1721	-0.8826
1722	-0.8457
1723	-0.8133
1724	-0.8271
1725	-0.7959
1726	-0.8304
1727	-0.8564
1728	-0.8218
1729	-0.8674
1730	-0.7993
1731	-0.7916
1732	-0.8287
1733	-0.8405
1734	-0.8086
1735	-0.8785
1736	-0.8471
1737	-0.7965
1738	-0.7753
1739	-0.8476
1740	-0.7475
1741	-0.8448
1742	-0.8268
1743	-0.8315
1744	-0.8091
1745	-0.8447
1746	-0.8854
1747	-0.8682
1748	-0.8458
1749	-0.824
1750	-0.8227
1751	-0.7816
1752	-0.8307
1753	-0.8326
1754	-0.859
1755	-0.8592
1756	-0.7961
1757	-0.8259
1758	-0.7846
1759	-0.7946
1760	-0.8181
1761	-0.8599
1762	-0.8515
1763	-0.8557
1764	-0.8543
1765	-0.7962
1766	-0.7901
1767	-0.7738
1768	-0.825
1769	-0.8379
1770	-0.8062
1771	-0.8357
1772	-0.8466
1773	-0.7996
1774	-0.7935
1775	-0.8435
1776	-0.8706
1777	-0.8504
1778	-0.8489
1779	-0.8386
1780	-0.8556
1781	-0.8199
1782	-0.8193
1783	-0.8352
1784	-0.854
1785	-0.7991
1786	-0.7839
1787	-0.818
1788	-0.8298
1789	-0.8778
1790	-0.8518
1791	-0.8626
1792	-0.8381
1793	-0.8474
1794	-0.8603
1795	-0.8598
1796	-0.7871
1797	-0.8085
1798	-0.8283
1799	-0.8272
1800	-0.8815
1801	-0.8717
1802	-0.8573
1803	-0.8024
1804	-0.8233
1805	-0.8448
1806	-0.8501
1807	-0.8387
1808	-0.8684
1809	-0.8277
1810	-0.7834
1811	-0.8074
1812	-0.7943
1813	-0.8431
1814	-0.862
1815	-0.7796
1816	-0.8428
1817	-0.8194
1818	-0.8382
1819	-0.8149
1820	-0.8209
1821	-0.8133
1822	-0.8291
1823	-0.8452
1824	-0.8446
1825	-0.8366
1826	-0.8143
1827	-0.837
1828	-0.7802
1829	-0.8198
1830	-0.8388
1831	-0.8308
1832	-0.8105
1833	-0.8244
1834	-0.8678
1835	-0.7906
1836	-0.8631
1837	-0.8407
1838	-0.8438
1839	-0.8628
1840	-0.8196
1841	-0.7946
1842	-0.837
1843	-0.8249
1844	-0.8193
1845	-0.8449
1846	-0.8159
1847	-0.8371
1848	-0.835
1849	-0.8507
1850	-0.7981
1851	-0.791
1852	-0.8512
1853	-0.8178
1854	-0.8093
1855	-0.8031
1856	-0.8629
1857	-0.8739
1858	-0.8475
1859	-0.8039
1860	-0.8119
1861	-0.8146
1862	-0.8453
1863	-0.7531
1864	-0.845
1865	-0.8554
1866	-0.8276
1867	-0.8684
1868	-0.8409
1869	-0.8076
1870	-0.8402
1871	-0.8312
1872	-0.8057
1873	-0.8214
1874	-0.8693
1875	-0.7808
1876	-0.8591
1877	-0.7827
1878	-0.8342
1879	-0.8454
1880	-0.8026
1881	-0.8444
1882	-0.8224
1883	-0.8437
1884	-0.8145
1885	-0.8104
1886	-0.8474
1887	-0.8281
1888	-0.8215
1889	-0.8292
1890	-0.8502
1891	-0.826
1892	-0.807
1893	-0.8593
1894	-0.8445
1895	-0.8685
1896	-0.8306
1897	-0.8154
1898	-0.8104
1899	-0.8454
1900	-0.8328
1901	-0.8946
1902	-0.8536
1903	-0.8511
1904	-0.8827
1905	-0.7934
1906	-0.8086
1907	-0.8281
1908	-0.8505
1909	-0.8267
1910	-0.8132
1911	-0.8022
1912	-0.8274
1913	-0.8241
1914	-0.8031
1915	-0.788
1916	-0.8136
1917	-0.7819
1918	-0.8491
1919	-0.8747
1920	-0.8291
1921	-0.801
1922	-0.8707
1923	-0.85
1924	-0.8415
1925	-0.8147
1926	-0.8396
1927	-0.8035
1928	-0.8521
1929	-0.8407
1930	-0.8369
1931	-0.8368
1932	-0.7947
1933	-0.8708
1934	-0.7859
1935	-0.8078
1936	-0.768
1937	-0.7786
1938	-0.8266
1939	-0.8192
1940	-0.7855
1941	-0.8382
1942	-0.8238
1943	-0.8336
1944	-0.8049
1945	-0.7737
1946	-0.8386
1947	-0.8179
1948	-0.8088
1949	-0.8633
1950	-0.8427
1951	-0.7981
1952	-0.858
1953	-0.8677
1954	-0.8035
1955	-0.8504
1956	-0.8498
1957	-0.8711
1958	-0.8766
1959	-0.8854
1960	-0.812
1961	-0.8378
1962	-0.7878
1963	-0.8427
1964	-0.8175
1965	-0.7691
1966	-0.8476
1967	-0.8168
1968	-0.7746
1969	-0.7912
1970	-0.8313
1971	-0.878
1972	-0.8259
1973	-0.8304
1974	-0.8479
1975	-0.7895
1976	-0.8113
1977	-0.865
1978	-0.8324
1979	-0.8349
1980	-0.8473
1981	-0.8244
1982	-0.8472
1983	-0.7891
1984	-0.8222
1985	-0.8427
1986	-0.8318
1987	-0.8093
1988	-0.811
1989	-0.8347
1990	-0.8512
1991	-0.8013
1992	-0.7983
1993	-0.8238
1994	-0.868
1995	-0.8654
1996	-0.8457
1997	-0.8402
1998	-0.8627
1999	-0.8424
2000	-0.777
2001	-0.7914
2002	-0.8675
2003	-0.804
2004	-0.7981
2005	-0.8066
2006	-0.8112
2007	-0.8342
2008	-0.8337
2009	-0.8609
2010	-0.8532
2011	-0.8393
2012	-0.8612
2013	-0.8329
2014	-0.8129
2015	-0.7961
2016	-0.8027
2017	-0.7869
2018	-0.81
2019	-0.8348
2020	-0.7902
2021	-0.8123
2022	-0.8431
2023	-0.8296
2024	-0.7782
2025	-0.8123
2026	-0.864
2027	-0.7885
2028	-0.8558
2029	-0.8162
2030	-0.8516
2031	-0.8689
2032	-0.8352
2033	-0.8404
2034	-0.8598
2035	-0.8701
2036	-0.8363
2037	-0.8
2038	-0.8089
2039	-0.788
2040	-0.8173
2041	-0.8379
2042	-0.8433
2043	-0.8494
2044	-0.8468
2045	-0.8326
2046	-0.823
2047	-0.8586
2048	-0.788
2049	-0.8022
2050	-0.8412
2051	-0.8418
2052	-0.7933
2053	-0.8587
2054	-0.8319
2055	-0.8799
2056	-0.8396
2057	-0.8016
2058	-0.8393
2059	-0.792
2060	-0.8177
2061	-0.8041
2062	-0.8411
2063	-0.8525
2064	-0.8229
2065	-0.7931
2066	-0.8248
2067	-0.8064
2068	-0.8451
2069	-0.8132
2070	-0.7835
2071	-0.852
2072	-0.8296
2073	-0.8633
2074	-0.8445
2075	-0.88
2076	-0.8285
2077	-0.8044
2078	-0.8649
2079	-0.8492
2080	-0.8366
2081	-0.8307
2082	-0.8689
2083	-0.8622
2084	-0.7902
2085	-0.8308
2086	-0.8212
2087	-0.8392
2088	-0.8439
2089	-0.81
2090	-0.8331
2091	-0.7986
2092	-0.7893
2093	-0.845
2094	-0.8203
2095	-0.8136
2096	-0.8341
2097	-0.8259
2098	-0.8418
2099	-0.8829
2100	-0.8016
2101	-0.7813
2102	-0.8271
2103	-0.8353
2104	-0.8253
2105	-0.8141
2106	-0.8591
2107	-0.8013
2108	-0.8179
2109	-0.8194
2110	-0.8303
2111	-0.8288
2112	-0.7678
2113	-0.8276
2114	-0.8288
2115	-0.8094
2116	-0.8037
2117	-0.8355
2118	-0.7893
2119	-0.8504
2120	-0.8551
2121	-0.7837
2122	-0.8172
2123	-0.8051
2124	-0.8469
2125	-0.8296
2126	-0.8473
2127	-0.8082
2128	-0.8396
2129	-0.8811
2130	-0.8537
2131	-0.8093
2132	-0.7761
2133	-0.8376
2134	-0.8366
2135	-0.7949
2136	-0.8368
2137	-0.8301
2138	-0.829
2139	-0.8273
2140	-0.8143
2141	-0.8575
2142	-0.8497
2143	-0.7832
2144	-0.8366
2145	-0.8229
2146	-0.8471
2147	-0.8829
2148	-0.8427
2149	-0.797
2150	-0.8324
2151	-0.8218
2152	-0.857
2153	-0.8445
2154	-0.8212
2155	-0.8165
2156	-0.8338
2157	-0.8308
2158	-0.8952
2159	-0.8292
2160	-0.8273
2161	-0.7771
2162	-0.8228
2163	-0.8669
2164	-0.8632
2165	-0.8601
2166	-0.8103
2167	-0.81
2168	-0.8599
2169	-0.8488
2170	-0.8399
2171	-0.8023
2172	-0.8099
2173	-0.8221
2174	-0.7731
2175	-0.7831
2176	-0.8396
2177	-0.8431
2178	-0.8164
2179	-0.8105
2180	-0.8212
2181	-0.8383
2182	-0.8173
2183	-0.8203
2184	-0.8108
2185	-0.8012
2186	-0.8425
2187	-0.8041
2188	-0.8029
2189	-0.8422
2190	-0.8313
2191	-0.8715
2192	-0.8303
2193	-0.7671
2194	-0.8523
2195	-0.8407
2196	-0.8358
2197	-0.8542
2198	-0.8339
2199	-0.8518
2200	-0.8325
2201	-0.8247
2202	-0.8648
2203	-0.807
2204	-0.8056
2205	-0.798
2206	-0.8263
2207	-0.8195
2208	-0.8258
2209	-0.8283
2210	-0.8574
2211	-0.8298
2212	-0.8315
2213	-0.7926
2214	-0.8417
2215	-0.8054
2216	-0.8303
2217	-0.7753
2218	-0.8532
2219	-0.8638
2220	-0.8072
2221	-0.8518
2222	-0.8519
2223	-0.8554
2224	-0.8196
2225	-0.8705
2226	-0.8345
2227	-0.8134
2228	-0.8057
2229	-0.814
2230	-0.849
2231	-0.8221
2232	-0.843
2233	-0.8117
2234	-0.8365
2235	-0.8299
2236	-0.8202
2237	-0.8341
2238	-0.8448
2239	-0.8143
2240	-0.8255
2241	-0.8282
2242	-0.8038
2243	-0.8271
2244	-0.7995
2245	-0.85
2246	-0.8365
2247	-0.7844
2248	-0.8197
2249	-0.8199
2250	-0.8009
2251	-0.8423
2252	-0.8175
2253	-0.84
2254	-0.7741
2255	-0.8408
2256	-0.8422
2257	-0.8091
2258	-0.8042
2259	-0.8366
2260	-0.8135
2261	-0.7639
2262	-0.8085
2263	-0.8079
2264	-0.8413
2265	-0.8428
2266	-0.7409
2267	-0.8532
2268	-0.8438
2269	-0.8316
2270	-0.8068
2271	-0.8138
2272	-0.8317
2273	-0.7831
2274	-0.8636
2275	-0.8389
2276	-0.8398
2277	-0.8455
2278	-0.8007
2279	-0.812
2280	-0.7871
2281	-0.799
2282	-0.8526
2283	-0.8498
2284	-0.8471
2285	-0.8485
2286	-0.857
2287	-0.8478
2288	-0.8419
2289	-0.8281
2290	-0.8416
2291	-0.8384
2292	-0.8253
2293	-0.7946
2294	-0.7711
2295	-0.8242
2296	-0.7731
2297	-0.8261
2298	-0.7857
2299	-0.8141
2300	-0.811
2301	-0.8512
2302	-0.8136
2303	-0.8619
2304	-0.8527
2305	-0.8724
2306	-0.8473
2307	-0.7573
2308	-0.8415
2309	-0.8051
2310	-0.8639
2311	-0.8315
2312	-0.8439
2313	-0.8521
2314	-0.8496
2315	-0.8489
2316	-0.7721
2317	-0.815
2318	-0.8439
2319	-0.818
2320	-0.8128
2321	-0.7924
2322	-0.7912
2323	-0.8341
2324	-0.7894
2325	-0.7895
2326	-0.8608
2327	-0.8641
2328	-0.8304
2329	-0.8429
2330	-0.8365
2331	-0.8421
2332	-0.82
2333	-0.8418
2334	-0.8475
2335	-0.8488
2336	-0.8477
2337	-0.8502
2338	-0.7712
2339	-0.8433
2340	-0.8121
2341	-0.8338
2342	-0.8742
2343	-0.8078
2344	-0.8407
2345	-0.8557
2346	-0.8512
2347	-0.8039
2348	-0.8063
2349	-0.8553
2350	-0.8782
2351	-0.8296
2352	-0.8252
2353	-0.8203
2354	-0.8367
2355	-0.7893
2356	-0.8529
2357	-0.8659
2358	-0.8518
2359	-0.7707
2360	-0.8064
2361	-0.8455
2362	-0.843
2363	-0.8197
2364	-0.8278
2365	-0.8462
2366	-0.7901
2367	-0.8518
2368	-0.8211
2369	-0.8174
2370	-0.8298
2371	-0.8037
2372	-0.8522
2373	-0.803
2374	-0.7963
2375	-0.8263
2376	-0.8287
2377	-0.8438
2378	-0.8127
2379	-0.8525
2380	-0.8454
2381	-0.8009
2382	-0.8757
2383	-0.8158
2384	-0.8309
2385	-0.8941
2386	-0.8319
2387	-0.8571
2388	-0.802
2389	-0.8294
2390	-0.8317
2391	-0.8443
2392	-0.8446
2393	-0.8417
2394	-0.8255
2395	-0.8732
2396	-0.8079
2397	-0.8413
2398	-0.8401
2399	-0.8505
2400	-0.9042
2401	-0.8585
2402	-0.8778
2403	-0.7804
2404	-0.8321
2405	-0.7869
2406	-0.7992
2407	-0.7942
2408	-0.7972
2409	-0.8562
2410	-0.8287
2411	-0.7802
2412	-0.8161
2413	-0.8127
2414	-0.8147
2415	-0.8331
2416	-0.8583
2417	-0.872
2418	-0.7739
2419	-0.8287
2420	-0.8135
2421	-0.7788
2422	-0.8178
2423	-0.8319
2424	-0.826
2425	-0.8225
2426	-0.8256
2427	-0.8002
2428	-0.8267
2429	-0.8167
2430	-0.8096
2431	-0.8392
2432	-0.821
2433	-0.8409
2434	-0.832
2435	-0.8882
2436	-0.8225
2437	-0.801
2438	-0.8432
2439	-0.8161
2440	-0.8389
2441	-0.8283
2442	-0.7724
2443	-0.7772
2444	-0.8452
2445	-0.8409
2446	-0.858
2447	-0.8715
2448	-0.8299
2449	-0.7861
2450	-0.8179
2451	-0.8756
2452	-0.8548
2453	-0.7914
2454	-0.7976
2455	-0.8578
2456	-0.8341
2457	-0.8546
2458	-0.8382
2459	-0.8043
2460	-0.819
2461	-0.7759
2462	-0.8823
2463	-0.7591
2464	-0.8142
2465	-0.8476
2466	-0.8341
2467	-0.8668
2468	-0.8558
2469	-0.867
2470	-0.8256
2471	-0.7936
2472	-0.795
2473	-0.8137
2474	-0.83
2475	-0.8725
2476	-0.8491
2477	-0.8419
2478	-0.7892
2479	-0.8092
2480	-0.8036
2481	-0.84
2482	-0.8444
2483	-0.8094
2484	-0.8804
2485	-0.8605
2486	-0.8367
2487	-0.8194
2488	-0.8032
2489	-0.7444
2490	-0.8419
2491	-0.8725
2492	-0.8236
2493	-0.773
2494	-0.83
2495	-0.8191
2496	-0.8363
2497	-0.8383
2498	-0.8471
2499	-0.8229
2500	-0.8091
2501	-0.8374
2502	-0.8511
2503	-0.8057
2504	-0.7785
2505	-0.8413
2506	-0.8859
2507	-0.8147
2508	-0.8415
2509	-0.8322
2510	-0.8484
2511	-0.8616
2512	-0.855
2513	-0.8569
2514	-0.8227
2515	-0.8375
2516	-0.8236
2517	-0.8032
2518	-0.8291
2519	-0.8424
2520	-0.8824
2521	-0.83
2522	-0.8616
2523	-0.8308
2524	-0.8406
2525	-0.8542
2526	-0.8298
2527	-0.8616
2528	-0.8221
2529	-0.8079
2530	-0.7929
2531	-0.7934
2532	-0.8047
2533	-0.8673
2534	-0.8039
2535	-0.8176
2536	-0.7958
2537	-0.7575
2538	-0.8002
2539	-0.8416
2540	-0.7917
2541	-0.7714
2542	-0.8833
2543	-0.8696
2544	-0.8287
2545	-0.8468
2546	-0.8032
2547	-0.8532
2548	-0.8436
2549	-0.855
2550	-0.85
2551	-0.8437
2552	-0.8417
2553	-0.818
2554	-0.8166
2555	-0.8393
2556	-0.7982
2557	-0.82
2558	-0.8181
2559	-0.8398
2560	-0.7922
2561	-0.7773
2562	-0.8403
2563	-0.8365
2564	-0.8313
2565	-0.8148
2566	-0.8731
2567	-0.8731
2568	-0.8102
2569	-0.8322
2570	-0.828
2571	-0.8331
2572	-0.8626
2573	-0.8567
2574	-0.7572
2575	-0.8167
2576	-0.8179
2577	-0.8099
2578	-0.8698
2579	-0.8623
2580	-0.8512
2581	-0.7859
2582	-0.828
2583	-0.8106
2584	-0.8518
2585	-0.8487
2586	-0.8183
2587	-0.8355
2588	-0.8715
2589	-0.7996
2590	-0.8265
2591	-0.8117
2592	-0.8301
2593	-0.8048
2594	-0.8208
2595	-0.8355
2596	-0.8318
2597	-0.7947
2598	-0.8052
2599	-0.8294
2600	-0.8134
2601	-0.8381
2602	-0.8198
2603	-0.834
2604	-0.8244
2605	-0.83
2606	-0.8294
2607	-0.8726
2608	-0.8726
2609	-0.8552
2610	-0.8565
2611	-0.8214
2612	-0.8315
2613	-0.8525
2614	-0.8557
2615	-0.8171
2616	-0.8541
2617	-0.828
2618	-0.8135
2619	-0.8286
2620	-0.8547
2621	-0.8277
2622	-0.8557
2623	-0.8732
2624	-0.8085
2625	-0.8393
2626	-0.8684
2627	-0.8679
2628	-0.8462
2629	-0.8162
2630	-0.7893
2631	-0.8054
2632	-0.8818
2633	-0.8071
2634	-0.805
2635	-0.8128
2636	-0.8159
2637	-0.8464
2638	-0.8161
2639	-0.8053
2640	-0.8349
2641	-0.8441
2642	-0.7667
2643	-0.8216
2644	-0.7925
2645	-0.8089
2646	-0.8659
2647	-0.7936
2648	-0.8003
2649	-0.7941
2650	-0.8307
2651	-0.8896
2652	-0.8332
2653	-0.8467
2654	-0.7977
2655	-0.804
2656	-0.8332
2657	-0.8463
2658	-0.8197
2659	-0.834
2660	-0.8239
2661	-0.8302
2662	-0.8186
2663	-0.8177
2664	-0.7943
2665	-0.8257
2666	-0.7945
2667	-0.8857
2668	-0.8308
2669	-0.8615
2670	-0.8404
2671	-0.8651
2672	-0.8283
2673	-0.8611
2674	-0.8235
2675	-0.8233
2676	-0.7972
2677	-0.8353
2678	-0.867
2679	-0.8169
2680	-0.8363
2681	-0.8141
2682	-0.8438
2683	-0.7959
2684	-0.827
2685	-0.763
2686	-0.8123
2687	-0.8281
2688	-0.8665
2689	-0.806
2690	-0.8505
2691	-0.8409
2692	-0.8403
2693	-0.8646
2694	-0.7807
2695	-0.8116
2696	-0.8506
2697	-0.8018
2698	-0.8293
2699	-0.8437
2700	-0.8958
2701	-0.828
2702	-0.8777
2703	-0.844
2704	-0.8309
2705	-0.8082
2706	-0.8165
2707	-0.8341
2708	-0.7986
2709	-0.82
2710	-0.7767
2711	-0.8243
2712	-0.8405
2713	-0.8933
2714	-0.8793
2715	-0.8569
2716	-0.8289
2717	-0.8266
2718	-0.8351
2719	-0.8035
2720	-0.7948
2721	-0.8328
2722	-0.8543
2723	-0.8066
2724	-0.8342
2725	-0.8317
2726	-0.8224
2727	-0.8336
2728	-0.7901
2729	-0.815
2730	-0.8278
2731	-0.8411
2732	-0.8259
2733	-0.8717
2734	-0.8387
2735	-0.8323
2736	-0.8163
2737	-0.8253
2738	-0.8758
2739	-0.8609
2740	-0.8689
2741	-0.8335
2742	-0.8509
2743	-0.8176
2744	-0.8335
2745	-0.8032
2746	-0.847
2747	-0.8534
2748	-0.7854
2749	-0.8049
2750	-0.8441
2751	-0.8548
2752	-0.8432
2753	-0.819
2754	-0.7976
2755	-0.8215
2756	-0.8461
2757	-0.8603
2758	-0.7009
2759	-0.8395
2760	-0.7586
2761	-0.8305
2762	-0.8146
2763	-0.8115
2764	-0.8062
2765	-0.8435
2766	-0.8649
2767	-0.8139
2768	-0.8223
2769	-0.8249
2770	-0.8134
2771	-0.833
2772	-0.7838
2773	-0.8418
2774	-0.815
2775	-0.8472
2776	-0.8432
2777	-0.8656
2778	-0.8366
2779	-0.8257
2780	-0.8719
2781	-0.87
2782	-0.844
2783	-0.8569
2784	-0.8351
2785	-0.8588
2786	-0.8113
2787	-0.8021
2788	-0.8652
2789	-0.836
2790	-0.7837
2791	-0.8437
2792	-0.8757
2793	-0.8655
2794	-0.8783
2795	-0.8157
2796	-0.8132
2797	-0.8273
2798	-0.8166
2799	-0.8496
2800	-0.8002
2801	-0.8425
2802	-0.8405
2803	-0.8742
2804	-0.7996
2805	-0.8309
2806	-0.8442
2807	-0.8375
2808	-0.8235
2809	-0.838
2810	-0.8248
2811	-0.8406
2812	-0.8397
2813	-0.7904
2814	-0.8209
2815	-0.8397
2816	-0.8588
2817	-0.8416
2818	-0.8045
2819	-0.7863
2820	-0.8126
2821	-0.8646
2822	-0.7832
2823	-0.83
2824	-0.8603
2825	-0.8264
2826	-0.8196
2827	-0.8185
2828	-0.8129
2829	-0.8249
2830	-0.7789
2831	-0.8239
2832	-0.8044
2833	-0.8304
2834	-0.7874
2835	-0.8357
2836	-0.8362
2837	-0.8069
2838	-0.8194
2839	-0.8229
2840	-0.8531
2841	-0.83
2842	-0.8041
2843	-0.8472
2844	-0.8368
2845	-0.8481
2846	-0.7479
2847	-0.83
2848	-0.8548
2849	-0.861
2850	-0.8113
2851	-0.8394
2852	-0.8771
2853	-0.8398
2854	-0.8431
2855	-0.8355
2856	-0.833
2857	-0.8365
2858	-0.8407
2859	-0.8481
2860	-0.8209
2861	-0.8307
2862	-0.8062
2863	-0.8016
2864	-0.866
2865	-0.7713
2866	-0.8418
2867	-0.8558
2868	-0.8233
2869	-0.8345
2870	-0.8197
2871	-0.8257
2872	-0.8898
2873	-0.8326
2874	-0.8636
2875	-0.8133
2876	-0.8549
2877	-0.8666
2878	-0.8094
2879	-0.8157
2880	-0.8318
2881	-0.851
2882	-0.8291
2883	-0.8283
2884	-0.8697
2885	-0.793
2886	-0.863
2887	-0.799
2888	-0.808
2889	-0.8045
2890	-0.8178
2891	-0.8335
2892	-0.8246
2893	-0.827
2894	-0.812
2895	-0.8152
2896	-0.8449
2897	-0.8189
2898	-0.8476
2899	-0.8264
2900	-0.8163
2901	-0.8113
2902	-0.8164
2903	-0.849
2904	-0.8338
2905	-0.7998
2906	-0.8295
2907	-0.8604
2908	-0.8242
2909	-0.8336
2910	-0.8198
2911	-0.8082
2912	-0.8374
2913	-0.8364
2914	-0.8173
2915	-0.8364
2916	-0.8136
2917	-0.808
2918	-0.7272
2919	-0.7777
2920	-0.8423
2921	-0.8295
2922	-0.8092
2923	-0.856
2924	-0.8101
2925	-0.806
2926	-0.7966
2927	-0.8328
2928	-0.8611
2929	-0.8062
2930	-0.8551
2931	-0.8208
2932	-0.8206
2933	-0.8047
2934	-0.8444
2935	-0.8558
2936	-0.8264
2937	-0.8444
2938	-0.8205
2939	-0.8131
2940	-0.8471
2941	-0.8483
2942	-0.8706
2943	-0.8234
2944	-0.8296
2945	-0.8433
2946	-0.8349
2947	-0.8376
2948	-0.7844
2949	-0.838
2950	-0.8118
2951	-0.7926
2952	-0.7733
2953	-0.8149
2954	-0.8456
2955	-0.8606
2956	-0.8149
2957	-0.8316
2958	-0.8488
2959	-0.832
2960	-0.8513
2961	-0.8402
2962	-0.8351
2963	-0.839
2964	-0.7715
2965	-0.8278
2966	-0.8475
2967	-0.8225
2968	-0.8202
2969	-0.8181
2970	-0.8356
2971	-0.8312
2972	-0.8073
2973	-0.8047
2974	-0.8508
2975	-0.8411
2976	-0.846
2977	-0.8565
2978	-0.8343
2979	-0.8261
2980	-0.8583
2981	-0.826
2982	-0.8736
2983	-0.8652
2984	-0.8461
2985	-0.8313
2986	-0.8174
2987	-0.7913
2988	-0.8157
2989	-0.8246
2990	-0.8217
2991	-0.8932
2992	-0.7943
2993	-0.8401
2994	-0.8787
2995	-0.8138
2996	-0.8106
2997	-0.7997
2998	-0.8458
2999	-0.8439
3000	-0.8381
3001	-0.8357
3002	-0.8538
3003	-0.8689
3004	-0.7888
3005	-0.7599
3006	-0.8151
3007	-0.8073
3008	-0.8614
3009	-0.8774
3010	-0.7977
3011	-0.8383
3012	-0.8539
3013	-0.842
3014	-0.8222
3015	-0.8137
3016	-0.8345
3017	-0.8252
3018	-0.8117
3019	-0.8188
3020	-0.8481
3021	-0.8506
3022	-0.8209
3023	-0.8284
3024	-0.8069
3025	-0.8026
3026	-0.7811
3027	-0.8624
3028	-0.8015
3029	-0.8667
3030	-0.8174
3031	-0.8764
3032	-0.8504
3033	-0.8341
3034	-0.8597
3035	-0.8292
3036	-0.7996
3037	-0.8354
3038	-0.8119
3039	-0.8145
3040	-0.7814
3041	-0.8164
3042	-0.8591
3043	-0.8198
3044	-0.7901
3045	-0.8139
3046	-0.8049
3047	-0.8256
3048	-0.8332
3049	-0.7897
3050	-0.8285
3051	-0.8532
3052	-0.836
3053	-0.8271
3054	-0.84
3055	-0.8601
3056	-0.8358
3057	-0.8186
3058	-0.8463
3059	-0.8289
3060	-0.8313
3061	-0.8412
3062	-0.8738
3063	-0.8052
3064	-0.8325
3065	-0.8124
3066	-0.8589
3067	-0.854
3068	-0.822
3069	-0.826
3070	-0.8458
3071	-0.8637
3072	-0.7986
3073	-0.8491
3074	-0.8007
3075	-0.8784
3076	-0.7678
3077	-0.8379
3078	-0.7918
3079	-0.8567
3080	-0.7744
3081	-0.7695
3082	-0.799
3083	-0.8276
3084	-0.8204
3085	-0.7828
3086	-0.8276
3087	-0.866
3088	-0.7925
3089	-0.7849
3090	-0.8201
3091	-0.8376
3092	-0.7893
3093	-0.8271
3094	-0.8
3095	-0.8083
3096	-0.8441
3097	-0.8423
3098	-0.8713
3099	-0.8365
3100	-0.8362
3101	-0.8175
3102	-0.8133
3103	-0.7622
3104	-0.8422
3105	-0.7962
3106	-0.8293
3107	-0.8448
3108	-0.8331
3109	-0.8181
3110	-0.8313
3111	-0.8215
3112	-0.8102
3113	-0.807
3114	-0.8051
3115	-0.8561
3116	-0.8827
3117	-0.8122
3118	-0.8451
3119	-0.8499
3120	-0.7841
3121	-0.7711
3122	-0.8366
3123	-0.8309
3124	-0.8417
3125	-0.8371
3126	-0.8617
3127	-0.8624
3128	-0.8177
3129	-0.8679
3130	-0.8243
3131	-0.8092
3132	-0.842
3133	-0.8024
3134	-0.8356
3135	-0.8296
3136	-0.847
3137	-0.8581
3138	-0.8351
3139	-0.8191
3140	-0.8133
3141	-0.8189
3142	-0.8311
3143	-0.8242
3144	-0.857
3145	-0.814
3146	-0.7973
3147	-0.8183
3148	-0.8423
3149	-0.8098
3150	-0.8203
3151	-0.8053
3152	-0.8471
3153	-0.7958
3154	-0.8143
3155	-0.8432
3156	-0.8333
3157	-0.8193
3158	-0.8274
3159	-0.8121
3160	-0.8647
3161	-0.8178
3162	-0.8236
3163	-0.8426
3164	-0.8531
3165	-0.8643
3166	-0.8347
3167	-0.8347
3168	-0.7989
3169	-0.7901
3170	-0.7929
3171	-0.8283
3172	-0.8174
3173	-0.8443
3174	-0.8407
3175	-0.8382
3176	-0.8264
3177	-0.8222
3178	-0.8044
3179	-0.8412
3180	-0.8643
3181	-0.794
3182	-0.8266
3183	-0.7678
3184	-0.8112
3185	-0.8364
3186	-0.8651
3187	-0.8585
3188	-0.8458
3189	-0.855
3190	-0.8104
3191	-0.7598
3192	-0.8363
3193	-0.8543
3194	-0.816
3195	-0.8258
3196	-0.8284
3197	-0.8606
3198	-0.8236
3199	-0.8598
3200	-0.8719
3201	-0.8662
3202	-0.8284
3203	-0.8179
3204	-0.7742
3205	-0.8256
3206	-0.8416
3207	-0.8056
3208	-0.8112
3209	-0.8347
3210	-0.8238
3211	-0.8322
3212	-0.8393
3213	-0.8549
3214	-0.8477
3215	-0.8028
3216	-0.8101
3217	-0.8266
3218	-0.8483
3219	-0.8163
3220	-0.8213
3221	-0.7877
3222	-0.8407
3223	-0.8308
3224	-0.8382
3225	-0.7996
3226	-0.865
3227	-0.8136
3228	-0.8622
3229	-0.8405
3230	-0.8435
3231	-0.8269
3232	-0.799
3233	-0.8168
3234	-0.8291
3235	-0.8616
3236	-0.8572
3237	-0.8471
3238	-0.8369
3239	-0.8476
3240	-0.8472
3241	-0.832
3242	-0.857
3243	-0.8815
3244	-0.845
3245	-0.8151
3246	-0.8454
3247	-0.863
3248	-0.8065
3249	-0.8598
3250	-0.8055
3251	-0.8552
3252	-0.8029
3253	-0.8556
3254	-0.8559
3255	-0.8275
3256	-0.8567
3257	-0.811
3258	-0.8479
3259	-0.8277
3260	-0.8045
3261	-0.8709
3262	-0.8379
3263	-0.8673
3264	-0.8227
3265	-0.8599
3266	-0.8265
3267	-0.8195
3268	-0.8633
3269	-0.8821
3270	-0.8395
3271	-0.8508
3272	-0.7461
3273	-0.8181
3274	-0.8308
3275	-0.8114
3276	-0.8414
3277	-0.8092
3278	-0.8434
3279	-0.817
3280	-0.8056
3281	-0.801
3282	-0.8441
3283	-0.8649
3284	-0.8629
3285	-0.8154
3286	-0.8476
3287	-0.8715
3288	-0.8539
3289	-0.8637
3290	-0.8578
3291	-0.8555
3292	-0.8443
3293	-0.8087
3294	-0.8231
3295	-0.7679
3296	-0.847
3297	-0.8108
3298	-0.8233
3299	-0.855
3300	-0.8636
3301	-0.8152
3302	-0.8379
3303	-0.8424
3304	-0.8151
3305	-0.817
3306	-0.7978
3307	-0.8254
3308	-0.8592
3309	-0.8229
3310	-0.8357
3311	-0.8411
3312	-0.8402
3313	-0.8254
3314	-0.8548
3315	-0.774
3316	-0.825
3317	-0.8239
3318	-0.7766
3319	-0.8436
3320	-0.8558
3321	-0.8215
3322	-0.8485
3323	-0.8291
3324	-0.8234
3325	-0.8319
3326	-0.8536
3327	-0.8236
3328	-0.8533
3329	-0.7958
3330	-0.8025
3331	-0.8233
3332	-0.8624
3333	-0.8455
3334	-0.8846
3335	-0.88
3336	-0.8451
3337	-0.8177
3338	-0.7645
3339	-0.8117
3340	-0.8368
3341	-0.7616
3342	-0.853
3343	-0.8273
3344	-0.8184
3345	-0.8678
3346	-0.8801
3347	-0.8564
3348	-0.8441
3349	-0.8188
3350	-0.8519
3351	-0.8671
3352	-0.8241
3353	-0.8381
3354	-0.873
3355	-0.8386
3356	-0.8885
3357	-0.7873
3358	-0.8115
3359	-0.8189
3360	-0.7753
3361	-0.8112
3362	-0.889
3363	-0.8935
3364	-0.8398
3365	-0.8238
3366	-0.8467
3367	-0.8228
3368	-0.8223
3369	-0.7751
3370	-0.8213
3371	-0.7689
3372	-0.786
3373	-0.8258
3374	-0.8344
3375	-0.8738
3376	-0.8481
3377	-0.8592
3378	-0.8481
3379	-0.8418
3380	-0.8039
3381	-0.7989
3382	-0.8693
3383	-0.826
3384	-0.8379
3385	-0.835
3386	-0.836
3387	-0.8241
3388	-0.8784
3389	-0.7666
3390	-0.8057
3391	-0.7937
3392	-0.8312
3393	-0.8332
3394	-0.8279
3395	-0.8644
3396	-0.878
3397	-0.8242
3398	-0.8307
3399	-0.8308
3400	-0.8366
3401	-0.8474
3402	-0.8455
3403	-0.8807
3404	-0.8296
3405	-0.8157
3406	-0.8417
3407	-0.8314
3408	-0.8184
3409	-0.8098
3410	-0.831
3411	-0.8065
3412	-0.7855
3413	-0.8296
3414	-0.804
3415	-0.8535
3416	-0.8524
3417	-0.8232
3418	-0.8019
3419	-0.7317
3420	-0.7992
3421	-0.842
3422	-0.7976
3423	-0.8501
3424	-0.8535
3425	-0.8484
3426	-0.8603
3427	-0.8174
3428	-0.835
3429	-0.8101
3430	-0.8068
3431	-0.8561
3432	-0.8098
3433	-0.7687
3434	-0.8288
3435	-0.8156
3436	-0.8692
3437	-0.8539
3438	-0.8411
3439	-0.817
3440	-0.8059
3441	-0.8066
3442	-0.8036
3443	-0.8872
3444	-0.8335
3445	-0.8468
3446	-0.8686
3447	-0.8379
3448	-0.8186
3449	-0.8193
3450	-0.8086
3451	-0.8682
3452	-0.8216
3453	-0.8334
3454	-0.8293
3455	-0.8061
3456	-0.8588
3457	-0.8254
3458	-0.7929
3459	-0.8036
3460	-0.8132
3461	-0.7872
3462	-0.8466
3463	-0.7838
3464	-0.8576
3465	-0.8411
3466	-0.8156
3467	-0.8535
3468	-0.8045
3469	-0.8278
3470	-0.7986
3471	-0.8223
3472	-0.8352
3473	-0.882
3474	-0.8524
3475	-0.7888
3476	-0.8348
3477	-0.823
3478	-0.8179
3479	-0.8299
3480	-0.8408
3481	-0.8379
3482	-0.8324
3483	-0.8039
3484	-0.8781
3485	-0.8836
3486	-0.7947
3487	-0.8224
3488	-0.8265
3489	-0.7755
3490	-0.8591
3491	-0.8676
3492	-0.7797
3493	-0.7932
3494	-0.8237
3495	-0.7857
3496	-0.8009
3497	-0.763
3498	-0.8374
3499	-0.8288
3500	-0.8129
3501	-0.8894
3502	-0.8482
3503	-0.8182
3504	-0.8756
3505	-0.8037
3506	-0.7806
3507	-0.8493
3508	-0.8286
3509	-0.8326
3510	-0.804
3511	-0.812
3512	-0.8229
3513	-0.8527
3514	-0.8426
3515	-0.8395
3516	-0.8337
3517	-0.7884
3518	-0.8367
3519	-0.8404
3520	-0.8249
3521	-0.8251
3522	-0.8818
3523	-0.8491
3524	-0.8838
3525	-0.8164
3526	-0.8064
3527	-0.8438
3528	-0.8585
3529	-0.8461
3530	-0.8397
3531	-0.867
3532	-0.8167
3533	-0.8475
3534	-0.8484
3535	-0.8046
3536	-0.857
3537	-0.8212
3538	-0.837
3539	-0.8644
3540	-0.8164
3541	-0.8135
3542	-0.7714
3543	-0.7836
3544	-0.8275
3545	-0.8985
3546	-0.8567
3547	-0.7911
3548	-0.8288
3549	-0.8686
3550	-0.8368
3551	-0.859
3552	-0.8463
3553	-0.8306
3554	-0.8021
3555	-0.8135
3556	-0.8091
3557	-0.8115
3558	-0.8696
3559	-0.8318
3560	-0.834
3561	-0.817
3562	-0.8382
3563	-0.7737
3564	-0.83
3565	-0.8004
3566	-0.8303
3567	-0.7522
3568	-0.8432
3569	-0.8418
3570	-0.8399
3571	-0.8282
3572	-0.8104
3573	-0.8655
3574	-0.8768
3575	-0.7932
3576	-0.8795
3577	-0.8604
3578	-0.8133
3579	-0.8352
3580	-0.825
3581	-0.8216
3582	-0.8176
3583	-0.7963
3584	-0.8276
3585	-0.8438
3586	-0.8531
3587	-0.8322
3588	-0.8333
3589	-0.8834
3590	-0.7883
3591	-0.8832
3592	-0.8423
3593	-0.8313
3594	-0.8174
3595	-0.8603
3596	-0.8749
3597	-0.8317
3598	-0.8474
3599	-0.8658
3600	-0.7605
3601	-0.8249
3602	-0.8434
3603	-0.7986
3604	-0.8103
3605	-0.8318
3606	-0.8474
3607	-0.8519
3608	-0.8098
3609	-0.8374
3610	-0.8288
3611	-0.7933
3612	-0.844
3613	-0.785
3614	-0.84
3615	-0.7636
3616	-0.8385
3617	-0.7573
3618	-0.858
3619	-0.8018
3620	-0.7879
3621	-0.8295
3622	-0.8275
3623	-0.8548
3624	-0.8344
3625	-0.8489
3626	-0.8488
3627	-0.8105
3628	-0.8467
3629	-0.816
3630	-0.8205
3631	-0.8423
3632	-0.8284
3633	-0.8372
3634	-0.8525
3635	-0.8327
3636	-0.8029
3637	-0.8433
3638	-0.8135
3639	-0.843
3640	-0.8498
3641	-0.8538
3642	-0.8251
3643	-0.8203
3644	-0.8043
3645	-0.815
3646	-0.8736
3647	-0.8616
3648	-0.815
3649	-0.8414
3650	-0.8565
3651	-0.7627
3652	-0.7909
3653	-0.7629
3654	-0.8335
3655	-0.8407
3656	-0.8302
3657	-0.8204
3658	-0.8428
3659	-0.8403
3660	-0.8397
3661	-0.7972
3662	-0.8048
3663	-0.8584
3664	-0.7844
3665	-0.8334
3666	-0.8508
3667	-0.7785
3668	-0.8334
3669	-0.7866
3670	-0.8266
3671	-0.7622
3672	-0.8309
3673	-0.8363
3674	-0.8318
3675	-0.842
3676	-0.835
3677	-0.8163
3678	-0.765
3679	-0.8185
3680	-0.8619
3681	-0.8256
3682	-0.8113
3683	-0.7773
3684	-0.8513
3685	-0.8325
3686	-0.8316
3687	-0.8276
3688	-0.8282
3689	-0.8323
3690	-0.8524
3691	-0.8344
3692	-0.7883
3693	-0.7792
3694	-0.7999
3695	-0.8685
3696	-0.8417
3697	-0.8292
3698	-0.8423
3699	-0.8495
3700	-0.8326
3701	-0.8467
3702	-0.8681
3703	-0.8373
3704	-0.8385
3705	-0.8585
3706	-0.8094
3707	-0.8121
3708	-0.8799
3709	-0.8539
3710	-0.8601
3711	-0.7829
3712	-0.8221
3713	-0.837
3714	-0.8357
3715	-0.8161
3716	-0.8634
3717	-0.8404
3718	-0.8284
3719	-0.8044
3720	-0.8611
3721	-0.7896
3722	-0.8298
3723	-0.8248
3724	-0.8484
3725	-0.8203
3726	-0.8274
3727	-0.8271
3728	-0.7919
3729	-0.8549
3730	-0.8162
3731	-0.827
3732	-0.8184
3733	-0.8493
3734	-0.8255
3735	-0.8363
3736	-0.8207
3737	-0.7689
3738	-0.8137
3739	-0.8381
3740	-0.7959
3741	-0.846
3742	-0.8058
3743	-0.7406
3744	-0.8709
3745	-0.8385
3746	-0.8148
3747	-0.8488
3748	-0.8282
3749	-0.8071
3750	-0.8826
3751	-0.836
3752	-0.8721
3753	-0.8358
3754	-0.8667
3755	-0.816
3756	-0.8341
3757	-0.8276
3758	-0.8228
3759	-0.8204
3760	-0.8379
3761	-0.8423
3762	-0.8432
3763	-0.832
3764	-0.8609
3765	-0.8066
3766	-0.829
3767	-0.8381
3768	-0.8741
3769	-0.8382
3770	-0.7424
3771	-0.8084
3772	-0.7868
3773	-0.8491
3774	-0.8112
3775	-0.7888
3776	-0.8149
3777	-0.803
3778	-0.775
3779	-0.8218
3780	-0.855
3781	-0.8348
3782	-0.8089
3783	-0.8164
3784	-0.834
3785	-0.8152
3786	-0.8587
3787	-0.7667
3788	-0.7913
3789	-0.8348
3790	-0.8221
3791	-0.8325
3792	-0.8143
3793	-0.8415
3794	-0.8471
3795	-0.8109
3796	-0.7902
3797	-0.8567
3798	-0.8172
3799	-0.8131
3800	-0.8347
3801	-0.8435
3802	-0.8241
3803	-0.8279
3804	-0.8277
3805	-0.8585
3806	-0.8651
3807	-0.7835
3808	-0.8078
3809	-0.827
3810	-0.848
3811	-0.8573
3812	-0.8625
3813	-0.8498
3814	-0.7897
3815	-0.8307
3816	-0.8487
3817	-0.8698
3818	-0.8384
3819	-0.8317
3820	-0.807
3821	-0.812
3822	-0.8395
3823	-0.8401
3824	-0.8457
3825	-0.82
3826	-0.7957
3827	-0.8159
3828	-0.8004
3829	-0.8362
3830	-0.8383
3831	-0.809
3832	-0.8083
3833	-0.8114
3834	-0.8891
3835	-0.8015
3836	-0.8507
3837	-0.8175
3838	-0.8556
3839	-0.8444
3840	-0.7922
3841	-0.8503
3842	-0.8543
3843	-0.8637
3844	-0.8233
3845	-0.8515
3846	-0.8221
3847	-0.8397
3848	-0.8565
3849	-0.7709
3850	-0.8305
3851	-0.8053
3852	-0.8431
3853	-0.8337
3854	-0.8599
3855	-0.8251
3856	-0.8128
3857	-0.8202
3858	-0.8516
3859	-0.8416
3860	-0.8851
3861	-0.8378
3862	-0.8169
3863	-0.8501
3864	-0.7841
3865	-0.7757
3866	-0.8257
3867	-0.7989
3868	-0.8061
3869	-0.8241
3870	-0.8297
3871	-0.8818
3872	-0.8349
3873	-0.8113
3874	-0.8338
3875	-0.8461
3876	-0.8042
3877	-0.8229
3878	-0.8503
3879	-0.8343
3880	-0.8595
3881	-0.834
3882	-0.8336
3883	-0.811
3884	-0.8135
3885	-0.8502
3886	-0.8746
3887	-0.831
3888	-0.8048
3889	-0.8066
3890	-0.8078
3891	-0.8882
3892	-0.8369
3893	-0.7987
3894	-0.8059
3895	-0.802
3896	-0.8008
3897	-0.8082
3898	-0.8429
3899	-0.8351
3900	-0.7699
3901	-0.804
3902	-0.8113
3903	-0.8635
3904	-0.8457
3905	-0.8545
3906	-0.7857
3907	-0.8257
3908	-0.8421
3909	-0.8109
3910	-0.8462
3911	-0.86
3912	-0.8411
3913	-0.8463
3914	-0.8118
3915	-0.8354
3916	-0.8554
3917	-0.8352
3918	-0.8383
3919	-0.8367
3920	-0.8566
3921	-0.7561
3922	-0.8593
3923	-0.8087
3924	-0.8402
3925	-0.8115
3926	-0.8675
3927	-0.7894
3928	-0.8172
3929	-0.826
3930	-0.8159
3931	-0.8202
3932	-0.8078
3933	-0.8059
3934	-0.826
3935	-0.8213
3936	-0.8516
3937	-0.871
3938	-0.8512
3939	-0.8169
3940	-0.8274
3941	-0.8827
3942	-0.8069
3943	-0.8313
3944	-0.8152
3945	-0.8139
3946	-0.8778
3947	-0.8548
3948	-0.8367
3949	-0.8638
3950	-0.8355
3951	-0.8261
3952	-0.8396
3953	-0.8484
3954	-0.8336
3955	-0.8264
3956	-0.7887
3957	-0.816
3958	-0.8026
3959	-0.8405
3960	-0.8486
3961	-0.8555
3962	-0.8145
3963	-0.7761
3964	-0.8374
3965	-0.8196
3966	-0.8461
3967	-0.8578
3968	-0.8018
3969	-0.7995
3970	-0.8527
3971	-0.8203
3972	-0.8517
3973	-0.8257
3974	-0.7817
3975	-0.8621
3976	-0.8551
3977	-0.8129
3978	-0.8379
3979	-0.8521
3980	-0.8509
3981	-0.858
3982	-0.8072
3983	-0.8517
3984	-0.8106
3985	-0.8107
3986	-0.8477
3987	-0.881
3988	-0.8243
3989	-0.818
3990	-0.8374
3991	-0.845
3992	-0.8356
3993	-0.8388
3994	-0.7767
3995	-0.7595
3996	-0.8467
3997	-0.8464
3998	-0.84
3999	-0.8225
4000	-0.8225
4001	-0.7981
4002	-0.7995
4003	-0.8363
4004	-0.7872
4005	-0.8093
4006	-0.8523
4007	-0.8184
4008	-0.7685
4009	-0.8302
4010	-0.8542
4011	-0.8198
4012	-0.8532
4013	-0.8184
4014	-0.8038
4015	-0.7964
4016	-0.8305
4017	-0.8404
4018	-0.8271
4019	-0.8207
4020	-0.8209
4021	-0.8516
4022	-0.853
4023	-0.8485
4024	-0.8006
4025	-0.7761
4026	-0.8213
4027	-0.8525
4028	-0.8296
4029	-0.9038
4030	-0.8539
4031	-0.8057
4032	-0.8761
4033	-0.8283
4034	-0.7858
4035	-0.7866
4036	-0.798
4037	-0.8154
4038	-0.8494
4039	-0.8389
4040	-0.79
4041	-0.8544
4042	-0.8348
4043	-0.7598
4044	-0.8037
4045	-0.8366
4046	-0.8412
4047	-0.8408
4048	-0.8268
4049	-0.8255
4050	-0.8286
4051	-0.8214
4052	-0.8214
4053	-0.7642
4054	-0.8456
4055	-0.8621
4056	-0.8469
4057	-0.8365
4058	-0.768
4059	-0.8379
4060	-0.8791
4061	-0.8355
4062	-0.8367
4063	-0.7904
4064	-0.8336
4065	-0.8475
4066	-0.8019
4067	-0.8334
4068	-0.8248
4069	-0.8697
4070	-0.8295
4071	-0.8393
4072	-0.8737
4073	-0.8514
4074	-0.7914
4075	-0.8556
4076	-0.8171
4077	-0.8038
4078	-0.7801
4079	-0.8484
4080	-0.8035
4081	-0.854
4082	-0.8396
4083	-0.86
4084	-0.8661
4085	-0.8474
4086	-0.8256
4087	-0.8194
4088	-0.8536
4089	-0.8612
4090	-0.8331
4091	-0.8343
4092	-0.8564
4093	-0.8537
4094	-0.8679
4095	-0.8787
4096	-0.829
4097	-0.8165
4098	-0.7915
4099	-0.8242
4100	-0.8257
4101	-0.8283
4102	-0.8443
4103	-0.8423
4104	-0.8205
4105	-0.8546
4106	-0.8316
4107	-0.8438
4108	-0.8079
4109	-0.9046
4110	-0.8598
4111	-0.8644
4112	-0.8594
4113	-0.8451
4114	-0.8305
4115	-0.8139
4116	-0.8202
4117	-0.797
4118	-0.8195
4119	-0.8006
4120	-0.8151
4121	-0.814
4122	-0.8161
4123	-0.8394
4124	-0.857
4125	-0.8105
4126	-0.8225
4127	-0.828
4128	-0.8308
4129	-0.8548
4130	-0.817
4131	-0.8376
4132	-0.8053
4133	-0.8285
4134	-0.8417
4135	-0.8172
4136	-0.8381
4137	-0.8348
4138	-0.8207
4139	-0.7672
4140	-0.8231
4141	-0.8333
4142	-0.8188
4143	-0.814
4144	-0.8786
4145	-0.8006
4146	-0.839
4147	-0.8208
4148	-0.8354
4149	-0.7571
4150	-0.8273
4151	-0.839
4152	-0.7802
4153	-0.797
4154	-0.8345
4155	-0.8523
4156	-0.8384
4157	-0.7975
4158	-0.843
4159	-0.8299
4160	-0.8314
4161	-0.7697
4162	-0.8161
4163	-0.8243
4164	-0.8392
4165	-0.8111
4166	-0.8094
4167	-0.8023
4168	-0.8644
4169	-0.8618
4170	-0.8024
4171	-0.8171
4172	-0.8716
4173	-0.8478
4174	-0.8394
4175	-0.8456
4176	-0.8546
4177	-0.8444
4178	-0.8394
4179	-0.813
4180	-0.7515
4181	-0.841
4182	-0.8592
4183	-0.8261
4184	-0.8384
4185	-0.8614
4186	-0.8137
4187	-0.8011
4188	-0.8809
4189	-0.8288
4190	-0.8085
4191	-0.8289
4192	-0.811
4193	-0.8038
4194	-0.8045
4195	-0.8188
4196	-0.847
4197	-0.8247
4198	-0.8281
4199	-0.8291
4200	-0.8345
4201	-0.8014
4202	-0.8484
4203	-0.8259
4204	-0.8219
4205	-0.8814
4206	-0.7911
4207	-0.7847
4208	-0.8185
4209	-0.7683
4210	-0.87
4211	-0.8424
4212	-0.824
4213	-0.8511
4214	-0.748
4215	-0.858
4216	-0.8111
4217	-0.8294
4218	-0.8592
4219	-0.786
4220	-0.8154
4221	-0.8244
4222	-0.8233
4223	-0.831
4224	-0.8069
4225	-0.8374
4226	-0.816
4227	-0.8576
4228	-0.8325
4229	-0.7826
4230	-0.8799
4231	-0.8618
4232	-0.8186
4233	-0.8516
4234	-0.8382
4235	-0.7964
4236	-0.8343
4237	-0.828
4238	-0.8317
4239	-0.8103
4240	-0.8323
4241	-0.8411
4242	-0.8509
4243	-0.8134
4244	-0.8617
4245	-0.85
4246	-0.8505
4247	-0.877
4248	-0.8131
4249	-0.8109
4250	-0.8303
4251	-0.808
4252	-0.8366
4253	-0.8051
4254	-0.8459
4255	-0.8213
4256	-0.7674
4257	-0.8305
4258	-0.7665
4259	-0.8545
4260	-0.8292
4261	-0.8313
4262	-0.8737
4263	-0.8329
4264	-0.8554
4265	-0.8169
4266	-0.8174
4267	-0.8127
4268	-0.8319
4269	-0.8401
4270	-0.8296
4271	-0.8817
4272	-0.8451
4273	-0.8668
4274	-0.823
4275	-0.8535
4276	-0.8507
4277	-0.8352
4278	-0.8225
4279	-0.7677
4280	-0.7868
4281	-0.836
4282	-0.8211
4283	-0.8153
4284	-0.8158
4285	-0.8317
4286	-0.8384
4287	-0.7905
4288	-0.8003
4289	-0.8203
4290	-0.8212
4291	-0.832
4292	-0.856
4293	-0.8157
4294	-0.8604
4295	-0.824
4296	-0.8406
4297	-0.8077
4298	-0.8603
4299	-0.819
4300	-0.8606
4301	-0.7851
4302	-0.8155
4303	-0.8272
4304	-0.8558
4305	-0.8392
4306	-0.8051
4307	-0.8498
4308	-0.8098
4309	-0.8194
4310	-0.8556
4311	-0.7664
4312	-0.8326
4313	-0.8605
4314	-0.8328
4315	-0.8467
4316	-0.8318
4317	-0.8334
4318	-0.8248
4319	-0.8964
4320	-0.8281
4321	-0.8514
4322	-0.7998
4323	-0.7658
4324	-0.7728
4325	-0.8247
4326	-0.8266
4327	-0.8422
4328	-0.8737
4329	-0.7748
4330	-0.8067
4331	-0.808
4332	-0.7999
4333	-0.8558
4334	-0.8694
4335	-0.87
4336	-0.8724
4337	-0.8435
4338	-0.8625
4339	-0.8079
4340	-0.8157
4341	-0.7813
4342	-0.8112
4343	-0.8236
4344	-0.8556
4345	-0.843
4346	-0.8107
4347	-0.8195
4348	-0.7957
4349	-0.859
4350	-0.808
4351	-0.8523
4352	-0.8713
4353	-0.8452
4354	-0.851
4355	-0.8248
4356	-0.805
4357	-0.8369
4358	-0.8269
4359	-0.8004
4360	-0.7887
4361	-0.7867
4362	-0.8475
4363	-0.8525
4364	-0.8121
4365	-0.8265
4366	-0.8533
4367	-0.8115
4368	-0.885
4369	-0.8736
4370	-0.8063
4371	-0.8162
4372	-0.837
4373	-0.8382
4374	-0.8126
4375	-0.7895
4376	-0.8094
4377	-0.8481
4378	-0.8083
4379	-0.8374
4380	-0.798
4381	-0.8481
4382	-0.8205
4383	-0.8901
4384	-0.7965
4385	-0.8585
4386	-0.8679
4387	-0.847
4388	-0.8467
4389	-0.8311
4390	-0.8108
4391	-0.8246
4392	-0.8025
4393	-0.8398
4394	-0.8529
4395	-0.813
4396	-0.8299
4397	-0.8558
4398	-0.7792
4399	-0.8211
4400	-0.8573
4401	-0.806
4402	-0.8235
4403	-0.8592
4404	-0.857
4405	-0.74
4406	-0.8212
4407	-0.7899
4408	-0.7918
4409	-0.7651
4410	-0.8841
4411	-0.7523
4412	-0.8028
4413	-0.8105
4414	-0.8232
4415	-0.76
4416	-0.8401
4417	-0.84
4418	-0.8145
4419	-0.8524
4420	-0.7915
4421	-0.8157
4422	-0.8061
4423	-0.8248
4424	-0.7934
4425	-0.8662
4426	-0.8185
4427	-0.7752
4428	-0.8491
4429	-0.855
4430	-0.7848
4431	-0.8385
4432	-0.811
4433	-0.8128
4434	-0.8062
4435	-0.8382
4436	-0.8438
4437	-0.8189
4438	-0.8266
4439	-0.853
4440	-0.8559
4441	-0.8219
4442	-0.7721
4443	-0.8238
4444	-0.8312
4445	-0.8532
4446	-0.857
4447	-0.8052
4448	-0.8132
4449	-0.8127
4450	-0.8565
4451	-0.7934
4452	-0.8535
4453	-0.8447
4454	-0.8448
4455	-0.8341
4456	-0.8065
4457	-0.8124
4458	-0.8238
4459	-0.8527
4460	-0.837
4461	-0.8287
4462	-0.8412
4463	-0.8374
4464	-0.8424
4465	-0.8573
4466	-0.8148
4467	-0.8312
4468	-0.7665
4469	-0.8638
4470	-0.8105
4471	-0.7994
4472	-0.8673
4473	-0.7998
4474	-0.8003
4475	-0.8273
4476	-0.8679
4477	-0.8702
4478	-0.8245
4479	-0.8033
4480	-0.8357
4481	-0.8312
4482	-0.7307
4483	-0.7921
4484	-0.7416
4485	-0.8321
4486	-0.7802
4487	-0.8273
4488	-0.8332
4489	-0.8596
4490	-0.8328
4491	-0.819
4492	-0.8682
4493	-0.8168
4494	-0.8527
4495	-0.8244
4496	-0.7977
4497	-0.8006
4498	-0.8333
4499	-0.8659
4500	-0.846
4501	-0.8154
4502	-0.8414
4503	-0.8869
4504	-0.8237
4505	-0.8507
4506	-0.9012
4507	-0.8201
4508	-0.7866
4509	-0.8506
4510	-0.8612
4511	-0.8424
4512	-0.8437
4513	-0.8522
4514	-0.8384
4515	-0.8742
4516	-0.8945
4517	-0.7842
4518	-0.8241
4519	-0.8446
4520	-0.8215
4521	-0.8364
4522	-0.8409
4523	-0.8359
4524	-0.8172
4525	-0.8748
4526	-0.8098
4527	-0.8436
4528	-0.833
4529	-0.8083
4530	-0.8646
4531	-0.7665
4532	-0.8121
4533	-0.8714
4534	-0.8417
4535	-0.8857
4536	-0.8616
4537	-0.7875
4538	-0.7895
4539	-0.8227
4540	-0.8188
4541	-0.8185
4542	-0.8592
4543	-0.8059
4544	-0.8065
4545	-0.8193
4546	-0.8394
4547	-0.8322
4548	-0.8085
4549	-0.859
4550	-0.7872
4551	-0.7974
4552	-0.8202
4553	-0.8366
4554	-0.8645
4555	-0.839
4556	-0.7869
4557	-0.77
4558	-0.7966
4559	-0.807
4560	-0.7928
4561	-0.818
4562	-0.8448
4563	-0.8435
4564	-0.8034
4565	-0.8041
4566	-0.8108
4567	-0.8487
4568	-0.7966
4569	-0.8572
4570	-0.8353
4571	-0.8152
4572	-0.8061
4573	-0.8234
4574	-0.8784
4575	-0.8315
4576	-0.8077
4577	-0.8228
4578	-0.8349
4579	-0.8271
4580	-0.8441
4581	-0.8277
4582	-0.8629
4583	-0.7985
4584	-0.8418
4585	-0.8257
4586	-0.8656
4587	-0.859
4588	-0.8864
4589	-0.8471
4590	-0.8282
4591	-0.7889
4592	-0.8004
4593	-0.8625
4594	-0.8813
4595	-0.8525
4596	-0.8442
4597	-0.8349
4598	-0.849
4599	-0.8417
4600	-0.7978
4601	-0.8314
4602	-0.8269
4603	-0.8434
4604	-0.8484
4605	-0.8005
4606	-0.8167
4607	-0.8459
4608	-0.8369
4609	-0.8274
4610	-0.8423
4611	-0.8221
4612	-0.8346
4613	-0.8488
4614	-0.8453
4615	-0.8583
4616	-0.8248
4617	-0.8176
4618	-0.8463
4619	-0.8739
4620	-0.8046
4621	-0.8081
4622	-0.7981
4623	-0.7647
4624	-0.7905
4625	-0.858
4626	-0.8556
4627	-0.8393
4628	-0.791
4629	-0.7341
4630	-0.8082
4631	-0.7971
4632	-0.8747
4633	-0.8322
4634	-0.8259
4635	-0.8444
4636	-0.8331
4637	-0.8572
4638	-0.8586
4639	-0.8172
4640	-0.8067
4641	-0.8668
4642	-0.7993
4643	-0.7981
4644	-0.8081
4645	-0.8195
4646	-0.8281
4647	-0.8278
4648	-0.8459
4649	-0.8454
4650	-0.8702
4651	-0.8377
4652	-0.8496
4653	-0.8162
4654	-0.8409
4655	-0.7987
4656	-0.8287
4657	-0.8248
4658	-0.7922
4659	-0.8577
4660	-0.8168
4661	-0.8293
4662	-0.8433
4663	-0.8374
4664	-0.8373
4665	-0.811
4666	-0.7874
4667	-0.8045
4668	-0.7708
4669	-0.8589
4670	-0.8383
4671	-0.8183
4672	-0.8405
4673	-0.8397
4674	-0.7833
4675	-0.7919
4676	-0.8249
4677	-0.8241
4678	-0.7605
4679	-0.814
4680	-0.8098
4681	-0.8041
4682	-0.8037
4683	-0.8402
4684	-0.8561
4685	-0.8116
4686	-0.8453
4687	-0.8574
4688	-0.7937
4689	-0.8127
4690	-0.8154
4691	-0.7819
4692	-0.8126
4693	-0.84
4694	-0.8182
4695	-0.8413
4696	-0.8249
4697	-0.8467
4698	-0.8074
4699	-0.8493
4700	-0.869
4701	-0.842
4702	-0.8488
4703	-0.8619
4704	-0.8214
4705	-0.8268
4706	-0.8469
4707	-0.8329
4708	-0.8175
4709	-0.8305
4710	-0.8097
4711	-0.8309
4712	-0.7848
4713	-0.8543
4714	-0.8281
4715	-0.7948
4716	-0.8658
4717	-0.8551
4718	-0.8457
4719	-0.8128
4720	-0.8114
4721	-0.8679
4722	-0.8186
4723	-0.8593
4724	-0.8412
4725	-0.8409
4726	-0.8857
4727	-0.8546
4728	-0.8348
4729	-0.8601
4730	-0.8456
4731	-0.7996
4732	-0.8251
4733	-0.8454
4734	-0.8635
4735	-0.8123
4736	-0.8573
4737	-0.8497
4738	-0.8147
4739	-0.8305
4740	-0.8221
4741	-0.8014
4742	-0.7627
4743	-0.7903
4744	-0.8339
4745	-0.8404
4746	-0.8452
4747	-0.8582
4748	-0.8416
4749	-0.8781
4750	-0.884
4751	-0.8432
4752	-0.8379
4753	-0.8657
4754	-0.811
4755	-0.8282
4756	-0.8245
4757	-0.7783
4758	-0.8586
4759	-0.8346
4760	-0.8463
4761	-0.8364
4762	-0.8807
4763	-0.8279
4764	-0.8301
4765	-0.8849
4766	-0.8098
4767	-0.8112
4768	-0.8159
4769	-0.8202
4770	-0.8199
4771	-0.8795
4772	-0.8647
4773	-0.8669
4774	-0.7804
4775	-0.7851
4776	-0.8034
4777	-0.8432
4778	-0.8046
4779	-0.8401
4780	-0.8581
4781	-0.7816
4782	-0.7839
4783	-0.8022
4784	-0.8067
4785	-0.7981
4786	-0.7854
4787	-0.8074
4788	-0.8829
4789	-0.8301
4790	-0.8707
4791	-0.8422
4792	-0.8456
4793	-0.8225
4794	-0.8558
4795	-0.8445
4796	-0.77
4797	-0.7598
4798	-0.8199
4799	-0.8482
4800	-0.8345
4801	-0.7989
4802	-0.8289
4803	-0.8322
4804	-0.8409
4805	-0.8535
4806	-0.8411
4807	-0.8211
4808	-0.8354
4809	-0.7882
4810	-0.85
4811	-0.8506
4812	-0.8577
4813	-0.8445
4814	-0.8141
4815	-0.8305
4816	-0.8494
4817	-0.8676
4818	-0.8325
4819	-0.8361
4820	-0.814
4821	-0.8541
4822	-0.8055
4823	-0.8862
4824	-0.8348
4825	-0.8275
4826	-0.8292
4827	-0.816
4828	-0.8025
4829	-0.7587
4830	-0.8127
4831	-0.8278
4832	-0.8639
4833	-0.8105
4834	-0.8401
4835	-0.8375
4836	-0.7992
4837	-0.8519
4838	-0.8124
4839	-0.8624
4840	-0.8423
4841	-0.8477
4842	-0.8275
4843	-0.887
4844	-0.8384
4845	-0.8722
4846	-0.8221
4847	-0.8266
4848	-0.8354
4849	-0.8058
4850	-0.8285
4851	-0.8196
4852	-0.8648
4853	-0.8211
4854	-0.7947
4855	-0.8031
4856	-0.8111
4857	-0.8822
4858	-0.8714
4859	-0.8313
4860	-0.8031
4861	-0.8426
4862	-0.8519
4863	-0.8397
4864	-0.8
4865	-0.8321
4866	-0.8267
4867	-0.8625
4868	-0.8378
4869	-0.855
4870	-0.8837
4871	-0.8202
4872	-0.7802
4873	-0.8533
4874	-0.8427
4875	-0.8619
4876	-0.8616
4877	-0.8202
4878	-0.8137
4879	-0.8159
4880	-0.7817
4881	-0.7654
4882	-0.8516
4883	-0.7959
4884	-0.8243
4885	-0.8168
4886	-0.8563
4887	-0.864
4888	-0.8832
4889	-0.8785
4890	-0.8729
4891	-0.8027
4892	-0.813
4893	-0.8537
4894	-0.8379
4895	-0.8233
4896	-0.859
4897	-0.9009
4898	-0.8459
4899	-0.8651
4900	-0.8153
4901	-0.8487
4902	-0.8656
4903	-0.8476
4904	-0.8207
4905	-0.8305
4906	-0.8244
4907	-0.8532
4908	-0.8642
4909	-0.7804
4910	-0.8345
4911	-0.8478
4912	-0.8491
4913	-0.8472
4914	-0.8062
4915	-0.816
4916	-0.7966
4917	-0.834
4918	-0.8277
4919	-0.8183
4920	-0.7768
4921	-0.8156
4922	-0.7899
4923	-0.8407
4924	-0.8204
4925	-0.8417
4926	-0.8239
4927	-0.8669
4928	-0.8042
4929	-0.8586
4930	-0.8357
4931	-0.8349
4932	-0.8584
4933	-0.8149
4934	-0.8206
4935	-0.8073
4936	-0.8054
4937	-0.7849
4938	-0.8345
4939	-0.8802
4940	-0.8486
4941	-0.8171
4942	-0.8151
4943	-0.8442
4944	-0.8846
4945	-0.8237
4946	-0.862
4947	-0.853
4948	-0.7996
4949	-0.824
4950	-0.827
4951	-0.8629
4952	-0.8104
4953	-0.8234
4954	-0.7661
4955	-0.8336
4956	-0.8394
4957	-0.8421
4958	-0.8282
4959	-0.8426
4960	-0.8643
4961	-0.8435
4962	-0.8136
4963	-0.8132
4964	-0.8413
4965	-0.8399
4966	-0.8176
4967	-0.7936
4968	-0.8355
4969	-0.8022
4970	-0.8168
4971	-0.8388
4972	-0.8786
4973	-0.8445
4974	-0.823
4975	-0.8557
4976	-0.7921
4977	-0.8491
4978	-0.8476
4979	-0.8141
4980	-0.8357
4981	-0.8363
4982	-0.8616
4983	-0.8656
4984	-0.8279
4985	-0.8235
4986	-0.8475
4987	-0.8658
4988	-0.8305
4989	-0.8089
4990	-0.8603
4991	-0.8164
4992	-0.8324
4993	-0.7795
4994	-0.7929
4995	-0.8427
4996	-0.8435
4997	-0.7944
4998	-0.8311
4999	-0.802
5000	-0.8266
5001	-0.8144
5002	-0.8473
5003	-0.8382
5004	-0.8041
5005	-0.8347
5006	-0.846
5007	-0.8337
5008	-0.8158
5009	-0.7905
5010	-0.7906
5011	-0.8113
5012	-0.8552
5013	-0.8581
5014	-0.8084
5015	-0.8541
5016	-0.8044
5017	-0.8434
5018	-0.8455
5019	-0.8166
5020	-0.7819
5021	-0.8327
5022	-0.8205
5023	-0.8127
5024	-0.8554
5025	-0.8368
5026	-0.8269
5027	-0.8368
5028	-0.778
5029	-0.8584
5030	-0.8154
5031	-0.7915
5032	-0.8629
5033	-0.8655
5034	-0.8041
5035	-0.8322
5036	-0.8219
5037	-0.8214
5038	-0.8619
5039	-0.8347
5040	-0.846
5041	-0.8476
5042	-0.8375
5043	-0.8115
5044	-0.7667
5045	-0.799
5046	-0.8171
5047	-0.8025
5048	-0.8406
5049	-0.7329
5050	-0.8215
5051	-0.8228
5052	-0.8142
5053	-0.8472
5054	-0.834
5055	-0.8328
5056	-0.8642
5057	-0.8125
5058	-0.8152
5059	-0.8308
5060	-0.7929
5061	-0.8554
5062	-0.8277
5063	-0.8109
5064	-0.854
5065	-0.8497
5066	-0.7927
5067	-0.8512
5068	-0.8404
5069	-0.8209
5070	-0.8657
5071	-0.8046
5072	-0.8049
5073	-0.8409
5074	-0.8423
5075	-0.8237
5076	-0.822
5077	-0.7612
5078	-0.8337
5079	-0.8109
5080	-0.8295
5081	-0.8608
5082	-0.8527
5083	-0.8219
5084	-0.8315
5085	-0.8642
5086	-0.873
5087	-0.821
5088	-0.8608
5089	-0.847
5090	-0.7928
5091	-0.8111
5092	-0.8315
5093	-0.8533
5094	-0.7837
5095	-0.8521
5096	-0.8402
5097	-0.8275
5098	-0.8453
5099	-0.8124
5100	-0.7901
5101	-0.8196
5102	-0.8807
5103	-0.8911
5104	-0.878
5105	-0.8236
5106	-0.8268
5107	-0.8806
5108	-0.8449
5109	-0.8179
5110	-0.8489
5111	-0.8261
5112	-0.8406
5113	-0.8044
5114	-0.8296
5115	-0.803
5116	-0.8112
5117	-0.8204
5118	-0.7852
5119	-0.8243
5120	-0.8222
5121	-0.8621
5122	-0.8569
5123	-0.7968
5124	-0.7801
5125	-0.8176
5126	-0.8135
5127	-0.86
5128	-0.8195
5129	-0.8524
5130	-0.8831
5131	-0.8201
5132	-0.8324
5133	-0.8262
5134	-0.8324
5135	-0.8381
5136	-0.8523
5137	-0.8219
5138	-0.8124
5139	-0.8319
5140	-0.864
5141	-0.8234
5142	-0.7982
5143	-0.839
5144	-0.8228
5145	-0.8116
5146	-0.8189
5147	-0.8042
5148	-0.8426
5149	-0.8797
5150	-0.8452
5151	-0.8271
5152	-0.8614
5153	-0.8322
5154	-0.8574
5155	-0.8309
5156	-0.8222
5157	-0.8411
5158	-0.8431
5159	-0.8491
5160	-0.822
5161	-0.8607
5162	-0.8283
5163	-0.7998
5164	-0.7839
5165	-0.8368
5166	-0.8352
5167	-0.8443
5168	-0.8399
5169	-0.8442
5170	-0.8356
5171	-0.8475
5172	-0.8857
5173	-0.8253
5174	-0.8425
5175	-0.806
5176	-0.8537
5177	-0.8286
5178	-0.8376
5179	-0.8844
5180	-0.886
5181	-0.8258
5182	-0.8447
5183	-0.8296
5184	-0.7954
5185	-0.83
5186	-0.8527
5187	-0.8894
5188	-0.8376
5189	-0.8127
5190	-0.8209
5191	-0.8351
5192	-0.8158
5193	-0.8295
5194	-0.791
5195	-0.8513
5196	-0.7788
5197	-0.8043
5198	-0.8113
5199	-0.8534
5200	-0.8462
5201	-0.7867
5202	-0.7839
5203	-0.7525
5204	-0.8274
5205	-0.7904
5206	-0.8095
5207	-0.85
5208	-0.7966
5209	-0.8395
5210	-0.7829
5211	-0.846
5212	-0.824
5213	-0.831
5214	-0.8123
5215	-0.7963
5216	-0.8271
5217	-0.7999
5218	-0.8652
5219	-0.8736
5220	-0.8047
5221	-0.8276
5222	-0.8153
5223	-0.864
5224	-0.7538
5225	-0.7912
5226	-0.8196
5227	-0.8492
5228	-0.8536
5229	-0.8447
5230	-0.8086
5231	-0.811
5232	-0.8533
5233	-0.859
5234	-0.865
5235	-0.8162
5236	-0.8104
5237	-0.8327
5238	-0.8541
5239	-0.8537
5240	-0.8788
5241	-0.8128
5242	-0.81
5243	-0.8361
5244	-0.8302
5245	-0.8348
5246	-0.8108
5247	-0.824
5248	-0.8177
5249	-0.7677
5250	-0.8026
5251	-0.8625
5252	-0.8128
5253	-0.8186
5254	-0.8475
5255	-0.8066
5256	-0.814
5257	-0.8279
5258	-0.8285
5259	-0.8135
5260	-0.8368
5261	-0.7633
5262	-0.7744
5263	-0.8233
5264	-0.8554
5265	-0.8188
5266	-0.8836
5267	-0.8079
5268	-0.8087
5269	-0.8538
5270	-0.8418
5271	-0.8678
5272	-0.8394
5273	-0.8256
5274	-0.8033
5275	-0.8398
5276	-0.8507
5277	-0.7997
5278	-0.8336
5279	-0.8484
5280	-0.8373
5281	-0.7558
5282	-0.8192
5283	-0.839
5284	-0.838
5285	-0.8533
5286	-0.8152
5287	-0.8218
5288	-0.8013
5289	-0.7668
5290	-0.843
5291	-0.8623
5292	-0.8018
5293	-0.7995
5294	-0.8308
5295	-0.8268
5296	-0.854
5297	-0.7794
5298	-0.8289
5299	-0.7721
5300	-0.8388
5301	-0.7845
5302	-0.8292
5303	-0.8636
5304	-0.8593
5305	-0.8301
5306	-0.8611
5307	-0.8573
5308	-0.8403
5309	-0.8049
5310	-0.8242
5311	-0.8019
5312	-0.8144
5313	-0.8035
5314	-0.7981
5315	-0.784
5316	-0.865
5317	-0.8628
5318	-0.7946
5319	-0.8395
5320	-0.8242
5321	-0.8658
5322	-0.8033
5323	-0.8545
5324	-0.8385
5325	-0.8487
5326	-0.8669
5327	-0.836
5328	-0.8121
5329	-0.8704
5330	-0.7987
5331	-0.8534
5332	-0.7666
5333	-0.8475
5334	-0.8162
5335	-0.8173
5336	-0.8052
5337	-0.861
5338	-0.8282
5339	-0.848
5340	-0.8088
5341	-0.815
5342	-0.8087
5343	-0.868
5344	-0.8592
5345	-0.7865
5346	-0.8509
5347	-0.8613
5348	-0.823
5349	-0.8055
5350	-0.81
5351	-0.8508
5352	-0.8211
5353	-0.8574
5354	-0.8705
5355	-0.8017
5356	-0.7962
5357	-0.8516
5358	-0.7799
5359	-0.8339
5360	-0.8038
5361	-0.8041
5362	-0.8369
5363	-0.8773
5364	-0.7879
5365	-0.805
5366	-0.8279
5367	-0.8282
5368	-0.8447
5369	-0.8578
5370	-0.8514
5371	-0.8499
5372	-0.8138
5373	-0.8064
5374	-0.843
5375	-0.8327
5376	-0.7737
5377	-0.8336
5378	-0.835
5379	-0.8408
5380	-0.8179
5381	-0.8386
5382	-0.785
5383	-0.8096
5384	-0.8341
5385	-0.8057
5386	-0.897
5387	-0.8253
5388	-0.8471
5389	-0.8403
5390	-0.8025
5391	-0.7769
5392	-0.7869
5393	-0.8029
5394	-0.8346
5395	-0.8127
5396	-0.8083
5397	-0.7591
5398	-0.826
5399	-0.8587
5400	-0.7692
5401	-0.8068
5402	-0.8047
5403	-0.8302
5404	-0.8072
5405	-0.8454
5406	-0.8172
5407	-0.8575
5408	-0.8401
5409	-0.8458
5410	-0.8043
5411	-0.8665
5412	-0.8444
5413	-0.8057
5414	-0.8352
5415	-0.8293
5416	-0.8203
5417	-0.7826
5418	-0.789
5419	-0.81
5420	-0.8508
5421	-0.7971
5422	-0.84
5423	-0.8491
5424	-0.8118
5425	-0.8301
5426	-0.8738
5427	-0.8433
5428	-0.8199
5429	-0.8181
5430	-0.8429
5431	-0.8365
5432	-0.8518
5433	-0.8122
5434	-0.8476
5435	-0.8228
5436	-0.8406
5437	-0.8263
5438	-0.8298
5439	-0.8116
5440	-0.7714
5441	-0.8133
5442	-0.7996
5443	-0.8136
5444	-0.83
5445	-0.8381
5446	-0.8192
5447	-0.8423
5448	-0.8482
5449	-0.8358
5450	-0.8421
5451	-0.8474
5452	-0.845
5453	-0.8371
5454	-0.8387
5455	-0.8473
5456	-0.8436
5457	-0.7791
5458	-0.8662
5459	-0.8361
5460	-0.8067
5461	-0.84
5462	-0.8364
5463	-0.8494
5464	-0.8542
5465	-0.8344
5466	-0.8041
5467	-0.8546
5468	-0.78
5469	-0.8171
5470	-0.8361
5471	-0.8236
5472	-0.8131
5473	-0.8949
5474	-0.7937
5475	-0.8348
5476	-0.8229
5477	-0.7887
5478	-0.7592
5479	-0.8474
5480	-0.8372
5481	-0.7945
5482	-0.8049
5483	-0.8567
5484	-0.7882
5485	-0.8365
5486	-0.8608
5487	-0.8145
5488	-0.8349
5489	-0.8278
5490	-0.844
5491	-0.8512
5492	-0.7814
5493	-0.8454
5494	-0.8338
5495	-0.8293
5496	-0.8391
5497	-0.8568
5498	-0.8481
5499	-0.8285
5500	-0.8469
5501	-0.8932
5502	-0.7864
5503	-0.8718
5504	-0.8679
5505	-0.804
5506	-0.8542
5507	-0.8562
5508	-0.8785
5509	-0.8316
5510	-0.8286
5511	-0.8533
5512	-0.8233
5513	-0.8324
5514	-0.8387
5515	-0.8547
5516	-0.7796
5517	-0.8091
5518	-0.8476
5519	-0.8032
5520	-0.821
5521	-0.8546
5522	-0.8608
5523	-0.8367
5524	-0.8531
5525	-0.8465
5526	-0.8717
5527	-0.8457
5528	-0.8131
5529	-0.8775
5530	-0.7754
5531	-0.8516
5532	-0.8564
5533	-0.8275
5534	-0.884
5535	-0.8717
5536	-0.8481
5537	-0.8236
5538	-0.8031
5539	-0.8732
5540	-0.7969
5541	-0.8429
5542	-0.8455
5543	-0.8058
5544	-0.8143
5545	-0.8493
5546	-0.8426
5547	-0.8174
5548	-0.843
5549	-0.8433
5550	-0.8153
5551	-0.8111
5552	-0.8514
5553	-0.8263
5554	-0.8156
5555	-0.8076
5556	-0.8583
5557	-0.8463
5558	-0.825
5559	-0.7795
5560	-0.8153
5561	-0.8367
5562	-0.8726
5563	-0.81
5564	-0.7718
5565	-0.841
5566	-0.8422
5567	-0.7942
5568	-0.8101
5569	-0.7671
5570	-0.8009
5571	-0.8767
5572	-0.8349
5573	-0.8152
5574	-0.8312
5575	-0.8618
5576	-0.7969
5577	-0.8055
5578	-0.8495
5579	-0.8536
5580	-0.8395
5581	-0.8453
5582	-0.7861
5583	-0.83
5584	-0.8533
5585	-0.8314
5586	-0.8478
5587	-0.8005
5588	-0.8862
5589	-0.839
5590	-0.8405
5591	-0.781
5592	-0.8616
5593	-0.8365
5594	-0.8574
5595	-0.8229
5596	-0.8262
5597	-0.8718
5598	-0.817
5599	-0.8379
5600	-0.8512
5601	-0.8451
5602	-0.8573
5603	-0.8708
5604	-0.8347
5605	-0.786
5606	-0.8247
5607	-0.8436
5608	-0.8493
5609	-0.8558
5610	-0.8066
5611	-0.8431
5612	-0.8461
5613	-0.8437
5614	-0.8199
5615	-0.8699
5616	-0.8186
5617	-0.8411
5618	-0.8588
5619	-0.8261
5620	-0.8287
5621	-0.8608
5622	-0.8
5623	-0.8103
5624	-0.7997
5625	-0.8069
5626	-0.8254
5627	-0.8063
5628	-0.8281
5629	-0.8462
5630	-0.8282
5631	-0.847
5632	-0.8808
5633	-0.8096
5634	-0.8322
5635	-0.8399
5636	-0.8356
5637	-0.8317
5638	-0.8475
5639	-0.8526
5640	-0.8101
5641	-0.8012
5642	-0.8153
5643	-0.7932
5644	-0.8626
5645	-0.832
5646	-0.7961
5647	-0.8085
5648	-0.8231
5649	-0.7853
5650	-0.8175
5651	-0.8119
5652	-0.8358
5653	-0.8187
5654	-0.8207
5655	-0.8224
5656	-0.8419
5657	-0.8276
5658	-0.8457
5659	-0.8431
5660	-0.8519
5661	-0.8551
5662	-0.8723
5663	-0.824
5664	-0.8008
5665	-0.8179
5666	-0.7976
5667	-0.8333
5668	-0.8321
5669	-0.8343
5670	-0.7589
5671	-0.8703
5672	-0.8209
5673	-0.8337
5674	-0.8058
5675	-0.8165
5676	-0.8292
5677	-0.8098
5678	-0.8188
5679	-0.8734
5680	-0.8472
5681	-0.8402
5682	-0.8378
5683	-0.8571
5684	-0.7817
5685	-0.7994
5686	-0.784
5687	-0.785
5688	-0.8659
5689	-0.8012
5690	-0.8436
5691	-0.8069
5692	-0.8287
5693	-0.8375
5694	-0.7981
5695	-0.834
5696	-0.8082
5697	-0.8741
5698	-0.8386
5699	-0.8045
5700	-0.846
5701	-0.8023
5702	-0.8508
5703	-0.8093
5704	-0.8274
5705	-0.8323
5706	-0.8229
5707	-0.8223
5708	-0.8267
5709	-0.7791
5710	-0.8452
5711	-0.803
5712	-0.8407
5713	-0.8008
5714	-0.8454
5715	-0.7586
5716	-0.7815
5717	-0.8261
5718	-0.8311
5719	-0.8391
5720	-0.8025
5721	-0.7991
5722	-0.8385
5723	-0.832
5724	-0.8001
5725	-0.8265
5726	-0.8745
5727	-0.8652
5728	-0.8544
5729	-0.8142
5730	-0.8206
5731	-0.8064
5732	-0.8601
5733	-0.8273
5734	-0.8422
5735	-0.8164
5736	-0.8409
5737	-0.8597
5738	-0.862
5739	-0.8312
5740	-0.8535
5741	-0.8713
5742	-0.7999
5743	-0.8596
5744	-0.8211
5745	-0.819
5746	-0.8318
5747	-0.8213
5748	-0.8556
5749	-0.8232
5750	-0.8247
5751	-0.8283
5752	-0.818
5753	-0.8649
5754	-0.8367
5755	-0.8443
5756	-0.8474
5757	-0.8275
5758	-0.8332
5759	-0.8251
5760	-0.8387
5761	-0.8003
5762	-0.8334
5763	-0.8757
5764	-0.807
5765	-0.7862
5766	-0.8228
5767	-0.8321
5768	-0.7849
5769	-0.8075
5770	-0.834
5771	-0.8562
5772	-0.8023
5773	-0.8584
5774	-0.8428
5775	-0.832
5776	-0.8464
5777	-0.8071
5778	-0.8204
5779	-0.8652
5780	-0.8001
5781	-0.8605
5782	-0.8498
5783	-0.8353
5784	-0.8507
5785	-0.8178
5786	-0.8514
5787	-0.8063
5788	-0.8169
5789	-0.7531
5790	-0.8144
5791	-0.797
5792	-0.7968
5793	-0.8132
5794	-0.8101
5795	-0.8319
5796	-0.8078
5797	-0.8273
5798	-0.8237
5799	-0.7723
5800	-0.8648
5801	-0.7917
5802	-0.8532
5803	-0.8549
5804	-0.8242
5805	-0.8541
5806	-0.8361
5807	-0.8273
5808	-0.8397
5809	-0.7866
5810	-0.7995
5811	-0.8219
5812	-0.8358
5813	-0.8398
5814	-0.8345
5815	-0.8009
5816	-0.87
5817	-0.8669
5818	-0.8041
5819	-0.8222
5820	-0.8331
5821	-0.8736
5822	-0.8607
5823	-0.7777
5824	-0.8075
5825	-0.8298
5826	-0.8551
5827	-0.8436
5828	-0.8169
5829	-0.8446
5830	-0.8398
5831	-0.847
5832	-0.8195
5833	-0.8665
5834	-0.8481
5835	-0.8184
5836	-0.8157
5837	-0.7843
5838	-0.8298
5839	-0.7828
5840	-0.7992
5841	-0.8535
5842	-0.804
5843	-0.7608
5844	-0.8387
5845	-0.815
5846	-0.818
5847	-0.8115
5848	-0.8072
5849	-0.8128
5850	-0.8596
5851	-0.823
5852	-0.838
5853	-0.8079
5854	-0.8303
5855	-0.8596
5856	-0.8126
5857	-0.8516
5858	-0.8377
5859	-0.8256
5860	-0.8254
5861	-0.8478
5862	-0.8529
5863	-0.7652
5864	-0.8345
5865	-0.7755
5866	-0.8043
5867	-0.8204
5868	-0.7946
5869	-0.8413
5870	-0.8355
5871	-0.8518
5872	-0.7693
5873	-0.8652
5874	-0.8078
5875	-0.8509
5876	-0.8178
5877	-0.8659
5878	-0.8422
5879	-0.8423
5880	-0.8529
5881	-0.836
5882	-0.8371
5883	-0.8546
5884	-0.8175
5885	-0.8608
5886	-0.8215
5887	-0.8331
5888	-0.8668
5889	-0.8113
5890	-0.8202
5891	-0.8647
5892	-0.8087
5893	-0.8497
5894	-0.7996
5895	-0.8327
5896	-0.8621
5897	-0.84
5898	-0.8195
5899	-0.802
5900	-0.855
5901	-0.8091
5902	-0.8413
5903	-0.7646
5904	-0.8236
5905	-0.8246
5906	-0.8827
5907	-0.8109
5908	-0.8466
5909	-0.7614
5910	-0.8266
5911	-0.8254
5912	-0.8362
5913	-0.8323
5914	-0.8612
5915	-0.8459
5916	-0.8782
5917	-0.7915
5918	-0.8461
5919	-0.859
5920	-0.8387
5921	-0.828
5922	-0.7705
5923	-0.8322
5924	-0.8352
5925	-0.8643
5926	-0.7932
5927	-0.8298
5928	-0.8628
5929	-0.862
5930	-0.8639
5931	-0.8335
5932	-0.8098
5933	-0.8221
5934	-0.8483
5935	-0.8414
5936	-0.8542
5937	-0.8238
5938	-0.8291
5939	-0.8312
5940	-0.8375
5941	-0.8073
5942	-0.8517
5943	-0.8482
5944	-0.8323
5945	-0.8259
5946	-0.7577
5947	-0.8678
5948	-0.8724
5949	-0.7704
5950	-0.8248
5951	-0.8229
5952	-0.8485
5953	-0.8377
5954	-0.8671
5955	-0.8396
5956	-0.8772
5957	-0.8322
5958	-0.8461
5959	-0.856
5960	-0.8237
5961	-0.8315
5962	-0.7797
5963	-0.8025
5964	-0.8493
5965	-0.8032
5966	-0.8375
5967	-0.8556
5968	-0.8477
5969	-0.8256
5970	-0.8612
5971	-0.8448
5972	-0.7843
5973	-0.8217
5974	-0.8415
5975	-0.8191
5976	-0.8257
5977	-0.8342
5978	-0.8169
5979	-0.8204
5980	-0.7968
5981	-0.779
5982	-0.8289
5983	-0.8075
5984	-0.7852
5985	-0.8623
5986	-0.8255
5987	-0.7924
5988	-0.8277
5989	-0.8263
5990	-0.8
5991	-0.8458
5992	-0.8071
5993	-0.8496
5994	-0.7966
5995	-0.8087
5996	-0.7619
5997	-0.831
5998	-0.8544
5999	-0.8631
6000	-0.8393
6001	-0.8548
6002	-0.8323
6003	-0.8
6004	-0.775
6005	-0.8455
6006	-0.7855
6007	-0.8525
6008	-0.8781
6009	-0.8514
6010	-0.8185
6011	-0.835
6012	-0.8664
6013	-0.7835
6014	-0.8249
6015	-0.8231
6016	-0.8098
6017	-0.8106
6018	-0.8303
6019	-0.7831
6020	-0.8046
6021	-0.8007
6022	-0.822
6023	-0.8551
6024	-0.7759
6025	-0.788
6026	-0.865
6027	-0.8333
6028	-0.8363
6029	-0.8172
6030	-0.8906
6031	-0.8308
6032	-0.81
6033	-0.817
6034	-0.8372
6035	-0.8523
6036	-0.7986
6037	-0.8412
6038	-0.7967
6039	-0.8547
6040	-0.8945
6041	-0.8247
6042	-0.8331
6043	-0.8221
6044	-0.8402
6045	-0.8167
6046	-0.864
6047	-0.8252
6048	-0.836
6049	-0.8368
6050	-0.8589
6051	-0.827
6052	-0.8407
6053	-0.8908
6054	-0.868
6055	-0.8255
6056	-0.8059
6057	-0.8153
6058	-0.8382
6059	-0.8203
6060	-0.8075
6061	-0.8654
6062	-0.8014
6063	-0.8162
6064	-0.8322
6065	-0.8117
6066	-0.8786
6067	-0.7877
6068	-0.8412
6069	-0.8187
6070	-0.7838
6071	-0.8207
6072	-0.8441
6073	-0.8688
6074	-0.8501
6075	-0.8102
6076	-0.8057
6077	-0.801
6078	-0.8233
6079	-0.8275
6080	-0.8484
6081	-0.8205
6082	-0.8487
6083	-0.8013
6084	-0.8071
6085	-0.8221
6086	-0.8539
6087	-0.8126
6088	-0.8782
6089	-0.8548
6090	-0.8664
6091	-0.8157
6092	-0.8412
6093	-0.8456
6094	-0.8648
6095	-0.857
6096	-0.7962
6097	-0.8809
6098	-0.8665
6099	-0.8174
6100	-0.796
6101	-0.8532
6102	-0.8533
6103	-0.7989
6104	-0.8033
6105	-0.845
6106	-0.831
6107	-0.8208
6108	-0.8607
6109	-0.8226
6110	-0.8479
6111	-0.8692
6112	-0.8315
6113	-0.8547
6114	-0.8183
6115	-0.8183
6116	-0.7914
6117	-0.7763
6118	-0.8572
6119	-0.7986
6120	-0.8453
6121	-0.8545
6122	-0.8289
6123	-0.8284
6124	-0.8061
6125	-0.8398
6126	-0.8746
6127	-0.8369
6128	-0.8054
6129	-0.8045
6130	-0.8221
6131	-0.8217
6132	-0.7958
6133	-0.8376
6134	-0.8591
6135	-0.8286
6136	-0.8455
6137	-0.8577
6138	-0.8595
6139	-0.8222
6140	-0.7806
6141	-0.8665
6142	-0.8231
6143	-0.8662
6144	-0.8841
6145	-0.8553
6146	-0.8155
6147	-0.8382
6148	-0.8112
6149	-0.777
6150	-0.8533
6151	-0.8088
6152	-0.8332
6153	-0.8313
6154	-0.8054
6155	-0.8669
6156	-0.787
6157	-0.8285
6158	-0.7843
6159	-0.8759
6160	-0.848
6161	-0.842
6162	-0.8061
6163	-0.8541
6164	-0.8709
6165	-0.8575
6166	-0.8606
6167	-0.8995
6168	-0.8203
6169	-0.8029
6170	-0.8507
6171	-0.8606
6172	-0.8529
6173	-0.8116
6174	-0.7993
6175	-0.8386
6176	-0.8519
6177	-0.8246
6178	-0.8076
6179	-0.823
6180	-0.776
6181	-0.8468
6182	-0.8895
6183	-0.8245
6184	-0.8457
6185	-0.81
6186	-0.8054
6187	-0.7824
6188	-0.791
6189	-0.7844
6190	-0.7997
6191	-0.7682
6192	-0.7968
6193	-0.7977
6194	-0.866
6195	-0.834
6196	-0.8558
6197	-0.8209
6198	-0.7884
6199	-0.8573
6200	-0.8525
6201	-0.8615
6202	-0.8383
6203	-0.8503
6204	-0.8114
6205	-0.8354
6206	-0.7677
6207	-0.8548
6208	-0.8385
6209	-0.8335
6210	-0.8123
6211	-0.8826
6212	-0.8073
6213	-0.8506
6214	-0.8718
6215	-0.8491
6216	-0.8264
6217	-0.8558
6218	-0.8488
6219	-0.8117
6220	-0.7952
6221	-0.8213
6222	-0.8643
6223	-0.7963
6224	-0.7545
6225	-0.8428
6226	-0.812
6227	-0.7789
6228	-0.8744
6229	-0.8567
6230	-0.8309
6231	-0.8229
6232	-0.8413
6233	-0.8221
6234	-0.8247
6235	-0.851
6236	-0.7818
6237	-0.8712
6238	-0.7953
6239	-0.8072
6240	-0.8553
6241	-0.8223
6242	-0.8043
6243	-0.8492
6244	-0.8329
6245	-0.8473
6246	-0.79
6247	-0.8111
6248	-0.8158
6249	-0.7789
6250	-0.8267
6251	-0.8033
6252	-0.8375
6253	-0.8329
6254	-0.817
6255	-0.8197
6256	-0.8175
6257	-0.8346
6258	-0.7859
6259	-0.7822
6260	-0.8685
6261	-0.8408
6262	-0.8119
6263	-0.7883
6264	-0.8192
6265	-0.8045
6266	-0.8225
6267	-0.8335
6268	-0.8242
6269	-0.8256
6270	-0.8631
6271	-0.8445
6272	-0.821
6273	-0.8251
6274	-0.7952
6275	-0.8064
6276	-0.8385
6277	-0.7845
6278	-0.8525
6279	-0.8361
6280	-0.7995
6281	-0.8465
6282	-0.8394
6283	-0.8338
6284	-0.8455
6285	-0.7637
6286	-0.8558
6287	-0.8376
6288	-0.8164
6289	-0.7864
6290	-0.8519
6291	-0.8326
6292	-0.8419
6293	-0.7757
6294	-0.851
6295	-0.8303
6296	-0.8032
6297	-0.8165
6298	-0.8203
6299	-0.8646
6300	-0.8097
6301	-0.8335
6302	-0.8056
6303	-0.8108
6304	-0.807
6305	-0.8503
6306	-0.8527
6307	-0.8504
6308	-0.8333
6309	-0.8631
6310	-0.8538
6311	-0.825
6312	-0.8491
6313	-0.8401
6314	-0.8454
6315	-0.7899
6316	-0.8605
6317	-0.817
6318	-0.8659
6319	-0.8497
6320	-0.819
6321	-0.8565
6322	-0.8618
6323	-0.8644
6324	-0.8714
6325	-0.8395
6326	-0.8765
6327	-0.8103
6328	-0.8424
6329	-0.8054
6330	-0.8269
6331	-0.795
6332	-0.8544
6333	-0.8193
6334	-0.8255
6335	-0.8726
6336	-0.8496
6337	-0.8472
6338	-0.842
6339	-0.8143
6340	-0.849
6341	-0.7866
6342	-0.8575
6343	-0.8702
6344	-0.8456
6345	-0.8489
6346	-0.8545
6347	-0.8634
6348	-0.7908
6349	-0.8301
6350	-0.8642
6351	-0.8436
6352	-0.8083
6353	-0.8493
6354	-0.8127
6355	-0.7954
6356	-0.8094
6357	-0.8421
6358	-0.8066
6359	-0.8591
6360	-0.8187
6361	-0.8284
6362	-0.8564
6363	-0.8246
6364	-0.8112
6365	-0.8071
6366	-0.7918
6367	-0.8097
6368	-0.8464
6369	-0.869
6370	-0.8585
6371	-0.8276
6372	-0.831
6373	-0.8611
6374	-0.8462
6375	-0.8145
6376	-0.8551
6377	-0.816
6378	-0.8365
6379	-0.8558
6380	-0.8851
6381	-0.8178
6382	-0.7664
6383	-0.8373
6384	-0.8419
6385	-0.8048
6386	-0.8206
6387	-0.836
6388	-0.8075
6389	-0.8407
6390	-0.8207
6391	-0.8318
6392	-0.8141
6393	-0.8039
6394	-0.8439
6395	-0.8543
6396	-0.7891
6397	-0.8294
6398	-0.8359
6399	-0.8031
6400	-0.8144
6401	-0.826
6402	-0.7984
6403	-0.8443
6404	-0.8302
6405	-0.8394
6406	-0.8427
6407	-0.8241
6408	-0.877
6409	-0.8396
6410	-0.8395
6411	-0.8497
6412	-0.8446
6413	-0.8253
6414	-0.8628
6415	-0.7699
6416	-0.8096
6417	-0.8144
6418	-0.814
6419	-0.8109
6420	-0.8467
6421	-0.8366
6422	-0.8089
6423	-0.8569
6424	-0.8685
6425	-0.8197
6426	-0.8237
6427	-0.8219
6428	-0.8129
6429	-0.7994
6430	-0.863
6431	-0.8674
6432	-0.8386
6433	-0.8175
6434	-0.8756
6435	-0.8277
6436	-0.8501
6437	-0.8298
6438	-0.7799
6439	-0.8834
6440	-0.8534
6441	-0.7887
6442	-0.8368
6443	-0.8064
6444	-0.8516
6445	-0.8064
6446	-0.7846
6447	-0.8566
6448	-0.8658
6449	-0.853
6450	-0.8316
6451	-0.8365
6452	-0.8278
6453	-0.852
6454	-0.8143
6455	-0.7962
6456	-0.8031
6457	-0.8442
6458	-0.866
6459	-0.8444
6460	-0.8056
6461	-0.8776
6462	-0.8661
6463	-0.8151
6464	-0.8176
6465	-0.8221
6466	-0.7969
6467	-0.829
6468	-0.8788
6469	-0.8344
6470	-0.8139
6471	-0.8193
6472	-0.8191
6473	-0.8301
6474	-0.8405
6475	-0.8408
6476	-0.7784
6477	-0.8594
6478	-0.8257
6479	-0.839
6480	-0.846
6481	-0.8178
6482	-0.7497
6483	-0.8563
6484	-0.8765
6485	-0.874
6486	-0.7934
6487	-0.8376
6488	-0.836
6489	-0.9062
6490	-0.8474
6491	-0.8372
6492	-0.8124
6493	-0.8553
6494	-0.8154
6495	-0.8482
6496	-0.7668
6497	-0.888
6498	-0.837
6499	-0.8623
6500	-0.7869
6501	-0.8644
6502	-0.7704
6503	-0.8594
6504	-0.7857
6505	-0.8082
6506	-0.8768
6507	-0.8453
6508	-0.8329
6509	-0.8517
6510	-0.8414
6511	-0.77
6512	-0.8149
6513	-0.8534
6514	-0.8125
6515	-0.841
6516	-0.8735
6517	-0.8317
6518	-0.835
6519	-0.8391
6520	-0.8456
6521	-0.8366
6522	-0.8341
6523	-0.8639
6524	-0.8366
6525	-0.8821
6526	-0.8121
6527	-0.804
6528	-0.841
6529	-0.8588
6530	-0.8156
6531	-0.8456
6532	-0.7861
6533	-0.8753
6534	-0.7995
6535	-0.8494
6536	-0.849
6537	-0.8684
6538	-0.8573
6539	-0.8696
6540	-0.8262
6541	-0.8626
6542	-0.7891
6543	-0.8094
6544	-0.8638
6545	-0.8124
6546	-0.8716
6547	-0.7897
6548	-0.8348
6549	-0.8612
6550	-0.8211
6551	-0.8569
6552	-0.8215
6553	-0.8683
6554	-0.8413
6555	-0.8492
6556	-0.8484
6557	-0.8596
6558	-0.842
6559	-0.8225
6560	-0.8483
6561	-0.8275
6562	-0.8752
6563	-0.8483
6564	-0.789
6565	-0.8493
6566	-0.8443
6567	-0.8171
6568	-0.826
6569	-0.7774
6570	-0.8172
6571	-0.8334
6572	-0.865
6573	-0.8648
6574	-0.8471
6575	-0.8138
6576	-0.8006
6577	-0.7937
6578	-0.8248
6579	-0.8146
6580	-0.8625
6581	-0.8399
6582	-0.801
6583	-0.8393
6584	-0.8281
6585	-0.8023
6586	-0.8238
6587	-0.8008
6588	-0.8511
6589	-0.8872
6590	-0.83
6591	-0.8086
6592	-0.8408
6593	-0.8705
6594	-0.796
6595	-0.7935
6596	-0.7901
6597	-0.8115
6598	-0.8072
6599	-0.8457
6600	-0.8345
6601	-0.8324
6602	-0.8326
6603	-0.8315
6604	-0.81
6605	-0.8766
6606	-0.8452
6607	-0.8533
6608	-0.8255
6609	-0.8301
6610	-0.8207
6611	-0.7927
6612	-0.8141
6613	-0.8871
6614	-0.8522
6615	-0.8468
6616	-0.869
6617	-0.8645
6618	-0.7866
6619	-0.8161
6620	-0.821
6621	-0.8332
6622	-0.8135
6623	-0.8451
6624	-0.8126
6625	-0.8416
6626	-0.7662
6627	-0.7864
6628	-0.8366
6629	-0.8415
6630	-0.8586
6631	-0.8828
6632	-0.8347
6633	-0.8047
6634	-0.7701
6635	-0.8426
6636	-0.8721
6637	-0.7765
6638	-0.815
6639	-0.7871
6640	-0.862
6641	-0.8068
6642	-0.8384
6643	-0.813
6644	-0.8293
6645	-0.8445
6646	-0.8578
6647	-0.8392
6648	-0.8674
6649	-0.8611
6650	-0.7736
6651	-0.7991
6652	-0.8248
6653	-0.8233
6654	-0.8335
6655	-0.8426
6656	-0.7645
6657	-0.8123
6658	-0.8525
6659	-0.817
6660	-0.812
6661	-0.7941
6662	-0.8209
6663	-0.8041
6664	-0.8929
6665	-0.8378
6666	-0.8176
6667	-0.824
6668	-0.8678
6669	-0.8503
6670	-0.8313
6671	-0.8678
6672	-0.8383
6673	-0.8684
6674	-0.7846
6675	-0.8286
6676	-0.794
6677	-0.7639
6678	-0.7853
6679	-0.8468
6680	-0.8368
6681	-0.84
6682	-0.7874
6683	-0.8415
6684	-0.848
6685	-0.819
6686	-0.8457
6687	-0.8145
6688	-0.8329
6689	-0.7884
6690	-0.824
6691	-0.8297
6692	-0.8109
6693	-0.8423
6694	-0.7803
6695	-0.8217
6696	-0.8465
6697	-0.7988
6698	-0.8108
6699	-0.8342
6700	-0.8424
6701	-0.8573
6702	-0.843
6703	-0.874
6704	-0.86
6705	-0.8564
6706	-0.841
6707	-0.8152
6708	-0.8251
6709	-0.8053
6710	-0.8304
6711	-0.7972
6712	-0.8367
6713	-0.8143
6714	-0.8794
6715	-0.812
6716	-0.8337
6717	-0.8276
6718	-0.8247
6719	-0.8231
6720	-0.8375
6721	-0.8457
6722	-0.8734
6723	-0.8229
6724	-0.8617
6725	-0.8486
6726	-0.8163
6727	-0.824
6728	-0.8144
6729	-0.8507
6730	-0.8305
6731	-0.8537
6732	-0.8664
6733	-0.868
6734	-0.8428
6735	-0.8621
6736	-0.8532
6737	-0.8089
6738	-0.8379
6739	-0.8226
6740	-0.8178
6741	-0.8551
6742	-0.8732
6743	-0.8814
6744	-0.8403
6745	-0.7964
6746	-0.783
6747	-0.7952
6748	-0.8203
6749	-0.81
6750	-0.8315
6751	-0.8056
6752	-0.8273
6753	-0.8347
6754	-0.7942
6755	-0.8274
6756	-0.8135
6757	-0.7866
6758	-0.8297
6759	-0.8553
6760	-0.8449
6761	-0.8357
6762	-0.8565
6763	-0.8629
6764	-0.8396
6765	-0.812
6766	-0.8499
6767	-0.8205
6768	-0.8458
6769	-0.8476
6770	-0.8934
6771	-0.8781
6772	-0.8181
6773	-0.8476
6774	-0.8088
6775	-0.7896
6776	-0.8655
6777	-0.806
6778	-0.8026
6779	-0.853
6780	-0.8469
6781	-0.8749
6782	-0.8341
6783	-0.8457
6784	-0.8332
6785	-0.8349
6786	-0.8328
6787	-0.8455
6788	-0.8378
6789	-0.816
6790	-0.8358
6791	-0.7739
6792	-0.816
6793	-0.775
6794	-0.782
6795	-0.8011
6796	-0.8695
6797	-0.8473
6798	-0.8021
6799	-0.8012
6800	-0.8184
6801	-0.8379
6802	-0.8519
6803	-0.8293
6804	-0.8522
6805	-0.8413
6806	-0.8552
6807	-0.8309
6808	-0.8632
6809	-0.8525
6810	-0.8361
6811	-0.8281
6812	-0.8594
6813	-0.796
6814	-0.8087
6815	-0.8191
6816	-0.7751
6817	-0.7937
6818	-0.7555
6819	-0.8551
6820	-0.8414
6821	-0.8211
6822	-0.814
6823	-0.8246
6824	-0.8008
6825	-0.8318
6826	-0.8122
6827	-0.8049
6828	-0.8397
6829	-0.8384
6830	-0.8185
6831	-0.8349
6832	-0.8226
6833	-0.8377
6834	-0.8856
6835	-0.8703
6836	-0.8157
6837	-0.8148
6838	-0.8398
6839	-0.8118
6840	-0.86
6841	-0.8519
6842	-0.7936
6843	-0.7273
6844	-0.8202
6845	-0.8392
6846	-0.8215
6847	-0.8548
6848	-0.7998
6849	-0.8204
6850	-0.8361
6851	-0.837
6852	-0.8359
6853	-0.8507
6854	-0.8406
6855	-0.8347
6856	-0.8582
6857	-0.8398
6858	-0.8516
6859	-0.8486
6860	-0.8676
6861	-0.8424
6862	-0.8474
6863	-0.8634
6864	-0.8096
6865	-0.8497
6866	-0.8421
6867	-0.8046
6868	-0.8304
6869	-0.8161
6870	-0.8201
6871	-0.8538
6872	-0.8508
6873	-0.872
6874	-0.8606
6875	-0.8804
6876	-0.8083
6877	-0.8329
6878	-0.7978
6879	-0.8509
6880	-0.8081
6881	-0.8327
6882	-0.8456
6883	-0.8382
6884	-0.8401
6885	-0.839
6886	-0.8474
6887	-0.8309
6888	-0.8443
6889	-0.8185
6890	-0.8952
6891	-0.8095
6892	-0.8103
6893	-0.8071
6894	-0.8352
6895	-0.7892
6896	-0.774
6897	-0.8376
6898	-0.8665
6899	-0.8194
6900	-0.823
6901	-0.8196
6902	-0.818
6903	-0.8049
6904	-0.831
6905	-0.7362
6906	-0.8066
6907	-0.8549
6908	-0.8329
6909	-0.8034
6910	-0.8103
6911	-0.7904
6912	-0.8104
6913	-0.8548
6914	-0.8438
6915	-0.8447
6916	-0.8824
6917	-0.8264
6918	-0.815
6919	-0.8122
6920	-0.8213
6921	-0.8753
6922	-0.8644
6923	-0.8779
6924	-0.8232
6925	-0.8566
6926	-0.8272
6927	-0.8658
6928	-0.8403
6929	-0.8294
6930	-0.8256
6931	-0.8166
6932	-0.8281
6933	-0.829
6934	-0.808
6935	-0.8169
6936	-0.8008
6937	-0.791
6938	-0.8456
6939	-0.8298
6940	-0.8502
6941	-0.8471
6942	-0.7957
6943	-0.8829
6944	-0.8157
6945	-0.8036
6946	-0.813
6947	-0.8405
6948	-0.8662
6949	-0.8102
6950	-0.7914
6951	-0.8523
6952	-0.8573
6953	-0.891
6954	-0.8446
6955	-0.8321
6956	-0.7992
6957	-0.8311
6958	-0.8381
6959	-0.8365
6960	-0.8192
6961	-0.8393
6962	-0.8159
6963	-0.855
6964	-0.8344
6965	-0.8412
6966	-0.8449
6967	-0.8299
6968	-0.8127
6969	-0.8284
6970	-0.7767
6971	-0.803
6972	-0.8283
6973	-0.7718
6974	-0.8542
6975	-0.8305
6976	-0.8048
6977	-0.8089
6978	-0.8347
6979	-0.8273
6980	-0.8213
6981	-0.8632
6982	-0.8518
6983	-0.8034
6984	-0.8337
6985	-0.8444
6986	-0.8322
6987	-0.8599
6988	-0.849
6989	-0.8163
6990	-0.85
6991	-0.8575
6992	-0.8564
6993	-0.83
6994	-0.8679
6995	-0.8434
6996	-0.8452
6997	-0.8188
6998	-0.7766
6999	-0.7746
7000	-0.7667
7001	-0.8609
7002	-0.8468
7003	-0.8897
7004	-0.8176
7005	-0.7999
7006	-0.812
7007	-0.8394
7008	-0.7899
7009	-0.8288
7010	-0.8159
7011	-0.7983
7012	-0.8508
7013	-0.8334
7014	-0.8593
7015	-0.7992
7016	-0.8252
7017	-0.8378
7018	-0.8454
7019	-0.8456
7020	-0.857
7021	-0.8389
7022	-0.8147
7023	-0.7989
7024	-0.8417
7025	-0.838
7026	-0.8219
7027	-0.8529
7028	-0.8491
7029	-0.8248
7030	-0.8371
7031	-0.804
7032	-0.8285
7033	-0.76
7034	-0.8373
7035	-0.8635
7036	-0.8454
7037	-0.8523
7038	-0.8594
7039	-0.8279
7040	-0.8519
7041	-0.8407
7042	-0.8685
7043	-0.866
7044	-0.8652
7045	-0.8167
7046	-0.8389
7047	-0.8117
7048	-0.8488
7049	-0.8454
7050	-0.8146
7051	-0.8549
7052	-0.8431
7053	-0.783
7054	-0.8336
7055	-0.8592
7056	-0.8683
7057	-0.7216
7058	-0.8155
7059	-0.8282
7060	-0.8451
7061	-0.8354
7062	-0.8541
7063	-0.8351
7064	-0.8432
7065	-0.8281
7066	-0.8575
7067	-0.8198
7068	-0.8424
7069	-0.8011
7070	-0.8216
7071	-0.8179
7072	-0.7787
7073	-0.8164
7074	-0.8764
7075	-0.8022
7076	-0.8241
7077	-0.7672
7078	-0.7934
7079	-0.8226
7080	-0.8387
7081	-0.7802
7082	-0.8332
7083	-0.8106
7084	-0.8299
7085	-0.8435
7086	-0.8085
7087	-0.8029
7088	-0.8527
7089	-0.8582
7090	-0.7733
7091	-0.85
7092	-0.8215
7093	-0.8096
7094	-0.8243
7095	-0.8723
7096	-0.8311
7097	-0.8427
7098	-0.8353
7099	-0.8143
7100	-0.8386
7101	-0.8255
7102	-0.8344
7103	-0.8439
7104	-0.7553
7105	-0.8122
7106	-0.7993
7107	-0.803
7108	-0.7956
7109	-0.7735
7110	-0.869
7111	-0.8209
7112	-0.8397
7113	-0.8003
7114	-0.86
7115	-0.8714
7116	-0.8662
7117	-0.8539
7118	-0.8194
7119	-0.8676
7120	-0.8448
7121	-0.8594
7122	-0.8837
7123	-0.8131
7124	-0.8191
7125	-0.8482
7126	-0.8531
7127	-0.8136
7128	-0.8673
7129	-0.8078
7130	-0.849
7131	-0.855
7132	-0.8386
7133	-0.8544
7134	-0.812
7135	-0.8055
7136	-0.8233
7137	-0.8245
7138	-0.8516
7139	-0.825
7140	-0.8411
7141	-0.8037
7142	-0.7555
7143	-0.8433
7144	-0.834
7145	-0.7668
7146	-0.806
7147	-0.8546
7148	-0.8379
7149	-0.8873
7150	-0.8282
7151	-0.7701
7152	-0.8592
7153	-0.8283
7154	-0.8189
7155	-0.8575
7156	-0.8718
7157	-0.8615
7158	-0.8
7159	-0.8361
7160	-0.8575
7161	-0.8637
7162	-0.8422
7163	-0.8345
7164	-0.8434
7165	-0.8637
7166	-0.8732
7167	-0.7979
7168	-0.8332
7169	-0.8151
7170	-0.8271
7171	-0.8718
7172	-0.8268
7173	-0.8132
7174	-0.823
7175	-0.7902
7176	-0.8254
7177	-0.8409
7178	-0.7955
7179	-0.8385
7180	-0.798
7181	-0.7848
7182	-0.7556
7183	-0.8829
7184	-0.8371
7185	-0.8561
7186	-0.8456
7187	-0.8019
7188	-0.839
7189	-0.8383
7190	-0.8483
7191	-0.8703
7192	-0.8294
7193	-0.8171
7194	-0.8594
7195	-0.8566
7196	-0.8326
7197	-0.826
7198	-0.8334
7199	-0.8218
7200	-0.8345
7201	-0.8566
7202	-0.8304
7203	-0.8477
7204	-0.842
7205	-0.8279
7206	-0.837
7207	-0.8674
7208	-0.8606
7209	-0.8372
7210	-0.8374
7211	-0.8427
7212	-0.8451
7213	-0.8703
7214	-0.864
7215	-0.8366
7216	-0.8038
7217	-0.8562
7218	-0.8039
7219	-0.8506
7220	-0.8467
7221	-0.8201
7222	-0.8521
7223	-0.8239
7224	-0.8258
7225	-0.8487
7226	-0.7946
7227	-0.8
7228	-0.7794
7229	-0.8165
7230	-0.7942
7231	-0.8217
7232	-0.8355
7233	-0.8299
7234	-0.8294
7235	-0.8237
7236	-0.8425
7237	-0.8179
7238	-0.8051
7239	-0.8224
7240	-0.8367
7241	-0.826
7242	-0.825
7243	-0.8273
7244	-0.8281
7245	-0.7662
7246	-0.8257
7247	-0.8247
7248	-0.7926
7249	-0.8077
7250	-0.8128
7251	-0.851
7252	-0.8845
7253	-0.7899
7254	-0.7957
7255	-0.8205
7256	-0.8195
7257	-0.8784
7258	-0.8298
7259	-0.8235
7260	-0.8487
7261	-0.8301
7262	-0.815
7263	-0.8734
7264	-0.8476
7265	-0.8299
7266	-0.8385
7267	-0.8299
7268	-0.7949
7269	-0.8579
7270	-0.8348
7271	-0.8561
7272	-0.8024
7273	-0.825
7274	-0.8285
7275	-0.8479
7276	-0.8529
7277	-0.7829
7278	-0.8403
7279	-0.8292
7280	-0.8839
7281	-0.8139
7282	-0.8559
7283	-0.8408
7284	-0.806
7285	-0.8514
7286	-0.8919
7287	-0.8292
7288	-0.8254
7289	-0.8513
7290	-0.8304
7291	-0.8207
7292	-0.8073
7293	-0.8877
7294	-0.8607
7295	-0.7864
7296	-0.858
7297	-0.8048
7298	-0.8011
7299	-0.7715
7300	-0.8834
7301	-0.8413
7302	-0.8379
7303	-0.8647
7304	-0.8222
7305	-0.7576
7306	-0.8036
7307	-0.8193
7308	-0.8204
7309	-0.7725
7310	-0.7927
7311	-0.8405
7312	-0.8351
7313	-0.813
7314	-0.8371
7315	-0.8362
7316	-0.8286
7317	-0.8586
7318	-0.8314
7319	-0.8407
7320	-0.8593
7321	-0.8478
7322	-0.8553
7323	-0.8377
7324	-0.8031
7325	-0.8303
7326	-0.8052
7327	-0.8518
7328	-0.8284
7329	-0.8452
7330	-0.8213
7331	-0.8044
7332	-0.8438
7333	-0.8444
7334	-0.8504
7335	-0.8838
7336	-0.8353
7337	-0.8799
7338	-0.8239
7339	-0.7972
7340	-0.8464
7341	-0.8732
7342	-0.8134
7343	-0.8335
7344	-0.8222
7345	-0.868
7346	-0.8514
7347	-0.8671
7348	-0.814
7349	-0.8266
7350	-0.8437
7351	-0.7969
7352	-0.7604
7353	-0.828
7354	-0.8319
7355	-0.7979
7356	-0.854
7357	-0.7939
7358	-0.8438
7359	-0.8408
7360	-0.8149
7361	-0.8137
7362	-0.8343
7363	-0.8064
7364	-0.7972
7365	-0.8404
7366	-0.8238
7367	-0.838
7368	-0.8307
7369	-0.8425
7370	-0.7927
7371	-0.8463
7372	-0.8318
7373	-0.8206
7374	-0.8175
7375	-0.8487
7376	-0.8475
7377	-0.8463
7378	-0.8697
7379	-0.8602
7380	-0.821
7381	-0.8705
7382	-0.8238
7383	-0.8249
7384	-0.796
7385	-0.8293
7386	-0.8467
7387	-0.8419
7388	-0.7398
7389	-0.8223
7390	-0.8433
7391	-0.8872
7392	-0.8529
7393	-0.8461
7394	-0.8668
7395	-0.861
7396	-0.8337
7397	-0.8366
7398	-0.8111
7399	-0.8425
7400	-0.8465
7401	-0.8555
7402	-0.8439
7403	-0.8083
7404	-0.8558
7405	-0.8457
7406	-0.7694
7407	-0.8439
7408	-0.8473
7409	-0.8599
7410	-0.8158
7411	-0.7864
7412	-0.8396
7413	-0.8112
7414	-0.8386
7415	-0.8139
7416	-0.821
7417	-0.8601
7418	-0.8622
7419	-0.8789
7420	-0.8121
7421	-0.8144
7422	-0.8681
7423	-0.8664
7424	-0.8771
7425	-0.8338
7426	-0.8071
7427	-0.8477
7428	-0.8179
7429	-0.811
7430	-0.8397
7431	-0.8348
7432	-0.8573
7433	-0.8087
7434	-0.8062
7435	-0.8378
7436	-0.796
7437	-0.8096
7438	-0.858
7439	-0.8019
7440	-0.7869
7441	-0.8442
7442	-0.7895
7443	-0.8428
7444	-0.8525
7445	-0.802
7446	-0.8057
7447	-0.84
7448	-0.8554
7449	-0.8229
7450	-0.8108
7451	-0.8511
7452	-0.8435
7453	-0.8045
7454	-0.8285
7455	-0.8203
7456	-0.844
7457	-0.8514
7458	-0.8361
7459	-0.8464
7460	-0.7942
7461	-0.841
7462	-0.8619
7463	-0.8495
7464	-0.805
7465	-0.8433
7466	-0.8459
7467	-0.8079
7468	-0.8002
7469	-0.8411
7470	-0.8621
7471	-0.8489
7472	-0.7856
7473	-0.8263
7474	-0.7671
7475	-0.7752
7476	-0.8277
7477	-0.852
7478	-0.886
7479	-0.8537
7480	-0.785
7481	-0.8089
7482	-0.8211
7483	-0.8335
7484	-0.779
7485	-0.845
7486	-0.8339
7487	-0.8126
7488	-0.867
7489	-0.8398
7490	-0.8326
7491	-0.8263
7492	-0.8054
7493	-0.8189
7494	-0.8635
7495	-0.8551
7496	-0.8462
7497	-0.8426
7498	-0.7946
7499	-0.8051
7500	-0.7605
7501	-0.8201
7502	-0.8222
7503	-0.8211
7504	-0.8388
7505	-0.8408
7506	-0.7951
7507	-0.8447
7508	-0.8647
7509	-0.8237
7510	-0.8496
7511	-0.8652
7512	-0.8323
7513	-0.8599
7514	-0.7584
7515	-0.8554
7516	-0.8533
7517	-0.8053
7518	-0.786
7519	-0.7956
7520	-0.8326
7521	-0.794
7522	-0.8497
7523	-0.85
7524	-0.903
7525	-0.7911
7526	-0.8341
7527	-0.8347
7528	-0.8413
7529	-0.8871
7530	-0.845
7531	-0.8231
7532	-0.8239
7533	-0.8759
7534	-0.831
7535	-0.8064
7536	-0.8359
7537	-0.801
7538	-0.8195
7539	-0.8363
7540	-0.7921
7541	-0.8207
7542	-0.8223
7543	-0.7794
7544	-0.7891
7545	-0.8697
7546	-0.8271
7547	-0.7715
7548	-0.8421
7549	-0.8355
7550	-0.8667
7551	-0.8687
7552	-0.8541
7553	-0.8458
7554	-0.8322
7555	-0.817
7556	-0.7474
7557	-0.8594
7558	-0.8629
7559	-0.756
7560	-0.8426
7561	-0.8702
7562	-0.8223
7563	-0.8264
7564	-0.8372
7565	-0.7657
7566	-0.8449
7567	-0.851
7568	-0.8738
7569	-0.8302
7570	-0.8137
7571	-0.8646
7572	-0.8169
7573	-0.8017
7574	-0.8166
7575	-0.8174
7576	-0.8578
7577	-0.8991
7578	-0.8142
7579	-0.7622
7580	-0.8173
7581	-0.8264
7582	-0.826
7583	-0.8479
7584	-0.8566
7585	-0.8359
7586	-0.8488
7587	-0.7716
7588	-0.8281
7589	-0.8265
7590	-0.8506
7591	-0.8429
7592	-0.8419
7593	-0.8235
7594	-0.7799
7595	-0.7718
7596	-0.8825
7597	-0.8551
7598	-0.8528
7599	-0.8066
7600	-0.8343
7601	-0.8297
7602	-0.794
7603	-0.7851
7604	-0.8367
7605	-0.8515
7606	-0.8329
7607	-0.8661
7608	-0.8631
7609	-0.831
7610	-0.8739
7611	-0.8917
7612	-0.8648
7613	-0.8244
7614	-0.8357
7615	-0.8453
7616	-0.814
7617	-0.8505
7618	-0.866
7619	-0.8
7620	-0.7616
7621	-0.7802
7622	-0.8244
7623	-0.8333
7624	-0.8167
7625	-0.8531
7626	-0.7885
7627	-0.8478
7628	-0.8504
7629	-0.7955
7630	-0.8562
7631	-0.7956
7632	-0.7432
7633	-0.8438
7634	-0.8665
7635	-0.8469
7636	-0.8321
7637	-0.8176
7638	-0.8467
7639	-0.8369
7640	-0.8377
7641	-0.8458
7642	-0.8141
7643	-0.842
7644	-0.8262
7645	-0.8017
7646	-0.7545
7647	-0.8246
7648	-0.8525
7649	-0.8507
7650	-0.8204
7651	-0.8611
7652	-0.8332
7653	-0.8285
7654	-0.8607
7655	-0.8439
7656	-0.8086
7657	-0.8478
7658	-0.8346
7659	-0.8537
7660	-0.8587
7661	-0.7877
7662	-0.8375
7663	-0.8252
7664	-0.8161
7665	-0.8368
7666	-0.8196
7667	-0.7854
7668	-0.8014
7669	-0.8192
7670	-0.8574
7671	-0.7925
7672	-0.8068
7673	-0.8699
7674	-0.7955
7675	-0.8149
7676	-0.8613
7677	-0.8257
7678	-0.846
7679	-0.8392
7680	-0.7777
7681	-0.804
7682	-0.8361
7683	-0.8592
7684	-0.8408
7685	-0.7917
7686	-0.8351
7687	-0.7907
7688	-0.7998
7689	-0.7696
7690	-0.8477
7691	-0.8254
7692	-0.813
7693	-0.817
7694	-0.7785
7695	-0.8591
7696	-0.809
7697	-0.8689
7698	-0.7982
7699	-0.8209
7700	-0.8916
7701	-0.8282
7702	-0.8494
7703	-0.8238
7704	-0.8013
7705	-0.8059
7706	-0.8307
7707	-0.8596
7708	-0.8105
7709	-0.8687
7710	-0.8749
7711	-0.8637
7712	-0.8626
7713	-0.8514
7714	-0.8084
7715	-0.7986
7716	-0.8539
7717	-0.8564
7718	-0.817
7719	-0.8254
7720	-0.8183
7721	-0.8733
7722	-0.868
7723	-0.7946
7724	-0.8359
7725	-0.8676
7726	-0.8117
7727	-0.8669
7728	-0.8204
7729	-0.819
7730	-0.8446
7731	-0.8319
7732	-0.8698
7733	-0.8263
7734	-0.8133
7735	-0.7258
7736	-0.8081
7737	-0.7823
7738	-0.8545
7739	-0.8512
7740	-0.8331
7741	-0.8383
7742	-0.7858
7743	-0.8008
7744	-0.8248
7745	-0.8322
7746	-0.8341
7747	-0.8325
7748	-0.814
7749	-0.8032
7750	-0.8402
7751	-0.805
7752	-0.837
7753	-0.8608
7754	-0.8306
7755	-0.8353
7756	-0.8524
7757	-0.8623
7758	-0.8616
7759	-0.8629
7760	-0.8858
7761	-0.841
7762	-0.8505
7763	-0.7988
7764	-0.825
7765	-0.7966
7766	-0.8444
7767	-0.85
7768	-0.7941
7769	-0.7841
7770	-0.8348
7771	-0.8541
7772	-0.8546
7773	-0.8087
7774	-0.8421
7775	-0.8426
7776	-0.8655
7777	-0.852
7778	-0.7594
7779	-0.8547
7780	-0.8427
7781	-0.8393
7782	-0.8562
7783	-0.8558
7784	-0.8403
7785	-0.8517
7786	-0.7832
7787	-0.8211
7788	-0.8263
7789	-0.8475
7790	-0.8458
7791	-0.8498
7792	-0.7917
7793	-0.8251
7794	-0.7942
7795	-0.8531
7796	-0.8192
7797	-0.7675
7798	-0.8402
7799	-0.8727
7800	-0.8128
7801	-0.8063
7802	-0.8374
7803	-0.8383
7804	-0.7988
7805	-0.8552
7806	-0.8611
7807	-0.8364
7808	-0.8294
7809	-0.8256
7810	-0.8178
7811	-0.8333
7812	-0.8158
7813	-0.7988
7814	-0.8303
7815	-0.85
7816	-0.8037
7817	-0.8351
7818	-0.8095
7819	-0.8257
7820	-0.8174
7821	-0.8204
7822	-0.8244
7823	-0.8409
7824	-0.8592
7825	-0.8564
7826	-0.8315
7827	-0.8795
7828	-0.8011
7829	-0.8567
7830	-0.8317
7831	-0.8443
7832	-0.8334
7833	-0.8201
7834	-0.8136
7835	-0.8719
7836	-0.8343
7837	-0.8191
7838	-0.8292
7839	-0.8272
7840	-0.8198
7841	-0.8311
7842	-0.8375
7843	-0.8112
7844	-0.8252
7845	-0.8416
7846	-0.8098
7847	-0.7987
7848	-0.8133
7849	-0.8899
7850	-0.8387
7851	-0.8201
7852	-0.8441
7853	-0.8392
7854	-0.8142
7855	-0.8194
7856	-0.8108
7857	-0.8509
7858	-0.8333
7859	-0.8376
7860	-0.8106
7861	-0.8568
7862	-0.8275
7863	-0.8179
7864	-0.8838
7865	-0.8243
7866	-0.8293
7867	-0.8637
7868	-0.826
7869	-0.8
7870	-0.8088
7871	-0.776
7872	-0.8178
7873	-0.8523
7874	-0.8216
7875	-0.8022
7876	-0.8163
7877	-0.8543
7878	-0.836
7879	-0.8173
7880	-0.8206
7881	-0.7973
7882	-0.7796
7883	-0.7836
7884	-0.8429
7885	-0.833
7886	-0.8301
7887	-0.7537
7888	-0.816
7889	-0.844
7890	-0.8508
7891	-0.8629
7892	-0.8398
7893	-0.7826
7894	-0.815
7895	-0.8203
7896	-0.8513
7897	-0.8429
7898	-0.8207
7899	-0.8357
7900	-0.8094
7901	-0.8405
7902	-0.7979
7903	-0.7735
7904	-0.7883
7905	-0.8295
7906	-0.8407
7907	-0.8467
7908	-0.8066
7909	-0.8327
7910	-0.8438
7911	-0.8026
7912	-0.8006
7913	-0.8201
7914	-0.8397
7915	-0.8116
7916	-0.823
7917	-0.8434
7918	-0.7754
7919	-0.7914
7920	-0.8532
7921	-0.8254
7922	-0.7985
7923	-0.8019
7924	-0.8268
7925	-0.8729
7926	-0.7832
7927	-0.785
7928	-0.8486
7929	-0.8467
7930	-0.856
7931	-0.8314
7932	-0.7821
7933	-0.8615
7934	-0.8129
7935	-0.8468
7936	-0.7607
7937	-0.8367
7938	-0.8394
7939	-0.7911
7940	-0.8382
7941	-0.8675
7942	-0.8458
7943	-0.8149
7944	-0.8403
7945	-0.826
7946	-0.835
7947	-0.8413
7948	-0.8302
7949	-0.8712
7950	-0.8479
7951	-0.8468
7952	-0.8541
7953	-0.845
7954	-0.8574
7955	-0.7914
7956	-0.7968
7957	-0.8651
7958	-0.8258
7959	-0.7798
7960	-0.8291
7961	-0.8362
7962	-0.8654
7963	-0.825
7964	-0.801
7965	-0.8574
7966	-0.8526
7967	-0.8546
7968	-0.879
7969	-0.8433
7970	-0.8343
7971	-0.8304
7972	-0.83
7973	-0.7822
7974	-0.8131
7975	-0.8739
7976	-0.8416
7977	-0.825
7978	-0.8618
7979	-0.887
7980	-0.8356
7981	-0.7723
7982	-0.8038
7983	-0.818
7984	-0.8291
7985	-0.8497
7986	-0.8557
7987	-0.8208
7988	-0.7488
7989	-0.8279
7990	-0.8641
7991	-0.8267
7992	-0.7829
7993	-0.7996
7994	-0.8361
7995	-0.857
7996	-0.8426
7997	-0.8242
7998	-0.8415
7999	-0.8679
8000	-0.8268
8001	-0.8323
8002	-0.8371
8003	-0.8258
8004	-0.8561
8005	-0.8173
8006	-0.8084
8007	-0.8511
8008	-0.8408
8009	-0.8392
8010	-0.8449
8011	-0.8275
8012	-0.8273
8013	-0.8653
8014	-0.8365
8015	-0.8184
8016	-0.7733
8017	-0.8283
8018	-0.8377
8019	-0.8045
8020	-0.79
8021	-0.8418
8022	-0.8669
8023	-0.888
8024	-0.8183
8025	-0.8452
8026	-0.8311
8027	-0.8319
8028	-0.8107
8029	-0.7843
8030	-0.8354
8031	-0.8439
8032	-0.8181
8033	-0.8197
8034	-0.7886
8035	-0.8131
8036	-0.8099
8037	-0.8477
8038	-0.8645
8039	-0.8701
8040	-0.8257
8041	-0.8503
8042	-0.8663
8043	-0.8554
8044	-0.8412
8045	-0.8448
8046	-0.8061
8047	-0.7988
8048	-0.8288
8049	-0.7703
8050	-0.7758
8051	-0.8247
8052	-0.8043
8053	-0.8076
8054	-0.7933
8055	-0.81
8056	-0.7911
8057	-0.8259
8058	-0.8253
8059	-0.8358
8060	-0.815
8061	-0.8922
8062	-0.8346
8063	-0.8832
8064	-0.8733
8065	-0.8029
8066	-0.8659
8067	-0.831
8068	-0.8689
8069	-0.7999
8070	-0.8107
8071	-0.846
8072	-0.8403
8073	-0.7947
8074	-0.8422
8075	-0.775
8076	-0.8573
8077	-0.7877
8078	-0.8191
8079	-0.8225
8080	-0.8304
8081	-0.8633
8082	-0.877
8083	-0.821
8084	-0.8263
8085	-0.848
8086	-0.7473
8087	-0.8437
8088	-0.814
8089	-0.8068
8090	-0.7923
8091	-0.8361
8092	-0.8527
8093	-0.8371
8094	-0.8288
8095	-0.848
8096	-0.8313
8097	-0.8192
8098	-0.8388
8099	-0.7983
8100	-0.8362
8101	-0.8361
8102	-0.8424
8103	-0.823
8104	-0.7758
8105	-0.851
8106	-0.8255
8107	-0.8348
8108	-0.7927
8109	-0.8497
8110	-0.8332
8111	-0.8377
8112	-0.8424
8113	-0.7834
8114	-0.795
8115	-0.8241
8116	-0.8282
8117	-0.8262
8118	-0.8657
8119	-0.8166
8120	-0.8654
8121	-0.7805
8122	-0.8657
8123	-0.8663
8124	-0.797
8125	-0.8086
8126	-0.8229
8127	-0.8153
8128	-0.788
8129	-0.7973
8130	-0.8536
8131	-0.8515
8132	-0.8483
8133	-0.8332
8134	-0.8256
8135	-0.8621
8136	-0.8511
8137	-0.8313
8138	-0.8417
8139	-0.8253
8140	-0.839
8141	-0.8198
8142	-0.8112
8143	-0.8229
8144	-0.8437
8145	-0.8005
8146	-0.8131
8147	-0.853
8148	-0.801
8149	-0.8299
8150	-0.8071
8151	-0.8674
8152	-0.8108
8153	-0.8385
8154	-0.8079
8155	-0.796
8156	-0.8295
8157	-0.8392
8158	-0.8422
8159	-0.867
8160	-0.8453
8161	-0.8149
8162	-0.8425
8163	-0.8697
8164	-0.8067
8165	-0.8799
8166	-0.8304
8167	-0.8004
8168	-0.8115
8169	-0.7835
8170	-0.8432
8171	-0.809
8172	-0.8357
8173	-0.8406
8174	-0.818
8175	-0.7979
8176	-0.8823
8177	-0.8547
8178	-0.8197
8179	-0.838
8180	-0.866
8181	-0.789
8182	-0.8089
8183	-0.8606
8184	-0.7814
8185	-0.7793
8186	-0.8736
8187	-0.8232
8188	-0.7722
8189	-0.8014
8190	-0.8104
8191	-0.8616
8192	-0.8565
8193	-0.8294
8194	-0.841
8195	-0.8194
8196	-0.8105
8197	-0.8486
8198	-0.812
8199	-0.8341
8200	-0.8319
8201	-0.8108
8202	-0.828
8203	-0.7996
8204	-0.8342
8205	-0.8378
8206	-0.8561
8207	-0.8186
8208	-0.8634
8209	-0.8738
8210	-0.8096
8211	-0.8304
8212	-0.8132
8213	-0.8358
8214	-0.813
8215	-0.7913
8216	-0.8602
8217	-0.8375
8218	-0.799
8219	-0.8296
8220	-0.8432
8221	-0.8098
8222	-0.8497
8223	-0.8222
8224	-0.8245
8225	-0.8162
8226	-0.7535
8227	-0.8031
8228	-0.8065
8229	-0.8234
8230	-0.7979
8231	-0.8305
8232	-0.7817
8233	-0.8331
8234	-0.8263
8235	-0.859
8236	-0.8047
8237	-0.8111
8238	-0.8264
8239	-0.8578
8240	-0.8633
8241	-0.8274
8242	-0.8092
8243	-0.8645
8244	-0.7802
8245	-0.8231
8246	-0.8147
8247	-0.8452
8248	-0.8351
8249	-0.8056
8250	-0.858
8251	-0.836
8252	-0.8739
8253	-0.8153
8254	-0.844
8255	-0.792
8256	-0.7957
8257	-0.8255
8258	-0.8473
8259	-0.8377
8260	-0.8546
8261	-0.8566
8262	-0.8777
8263	-0.8557
8264	-0.815
8265	-0.8093
8266	-0.8308
8267	-0.855
8268	-0.8056
8269	-0.7928
8270	-0.8291
8271	-0.8012
8272	-0.8443
8273	-0.8372
8274	-0.8193
8275	-0.7974
8276	-0.8269
8277	-0.7899
8278	-0.8065
8279	-0.8147
8280	-0.7935
8281	-0.767
8282	-0.8535
8283	-0.8386
8284	-0.7893
8285	-0.8381
8286	-0.8038
8287	-0.7901
8288	-0.8225
8289	-0.8136
8290	-0.829
8291	-0.8628
8292	-0.8381
8293	-0.8362
8294	-0.8648
8295	-0.8069
8296	-0.819
8297	-0.8487
8298	-0.8661
8299	-0.8674
8300	-0.8
8301	-0.8155
8302	-0.8704
8303	-0.8624
8304	-0.8319
8305	-0.8334
8306	-0.847
8307	-0.7844
8308	-0.7837
8309	-0.8138
8310	-0.8257
8311	-0.8066
8312	-0.8261
8313	-0.8006
8314	-0.8231
8315	-0.8076
8316	-0.8372
8317	-0.7936
8318	-0.8484
8319	-0.8408
8320	-0.8738
8321	-0.8462
8322	-0.8128
8323	-0.8258
8324	-0.8422
8325	-0.8491
8326	-0.8015
8327	-0.8634
8328	-0.8156
8329	-0.8466
8330	-0.8502
8331	-0.8188
8332	-0.7948
8333	-0.8554
8334	-0.7489
8335	-0.8454
8336	-0.7863
8337	-0.7724
8338	-0.8126
8339	-0.8406
8340	-0.8722
8341	-0.8302
8342	-0.8879
8343	-0.8591
8344	-0.8199
8345	-0.8461
8346	-0.7921
8347	-0.7975
8348	-0.845
8349	-0.8126
8350	-0.8321
8351	-0.8179
8352	-0.8057
8353	-0.8493
8354	-0.8653
8355	-0.8395
8356	-0.8375
8357	-0.8464
8358	-0.828
8359	-0.8299
8360	-0.8049
8361	-0.8006
8362	-0.8541
8363	-0.8073
8364	-0.8479
8365	-0.8085
8366	-0.8838
8367	-0.8719
8368	-0.8418
8369	-0.8455
8370	-0.8209
8371	-0.8134
8372	-0.8291
8373	-0.8288
8374	-0.799
8375	-0.8
8376	-0.8046
8377	-0.812
8378	-0.8087
8379	-0.8516
8380	-0.8303
8381	-0.8665
8382	-0.8434
8383	-0.8578
8384	-0.8734
8385	-0.7836
8386	-0.8201
8387	-0.8806
8388	-0.8592
8389	-0.8418
8390	-0.8074
8391	-0.8306
8392	-0.8167
8393	-0.8035
8394	-0.8012
8395	-0.8345
8396	-0.8062
8397	-0.8449
8398	-0.8131
8399	-0.8579
8400	-0.8231
8401	-0.8836
8402	-0.8281
8403	-0.8531
8404	-0.8462
8405	-0.8449
8406	-0.8296
8407	-0.8198
8408	-0.8437
8409	-0.8492
8410	-0.8512
8411	-0.7694
8412	-0.8094
8413	-0.8335
8414	-0.7939
8415	-0.8042
8416	-0.8355
8417	-0.8959
8418	-0.8357
8419	-0.8463
8420	-0.8775
8421	-0.8699
8422	-0.8194
8423	-0.8391
8424	-0.8621
8425	-0.8241
8426	-0.8124
8427	-0.8324
8428	-0.8439
8429	-0.8173
8430	-0.8218
8431	-0.8473
8432	-0.7978
8433	-0.8541
8434	-0.8224
8435	-0.8285
8436	-0.8531
8437	-0.8474
8438	-0.8546
8439	-0.8095
8440	-0.8333
8441	-0.8563
8442	-0.8132
8443	-0.8407
8444	-0.8193
8445	-0.8487
8446	-0.7995
8447	-0.7648
8448	-0.7969
8449	-0.7738
8450	-0.8202
8451	-0.7103
8452	-0.8011
8453	-0.8307
8454	-0.8288
8455	-0.8451
8456	-0.8189
8457	-0.7804
8458	-0.8705
8459	-0.8564
8460	-0.8679
8461	-0.8055
8462	-0.8523
8463	-0.8417
8464	-0.8024
8465	-0.8142
8466	-0.85
8467	-0.8626
8468	-0.8666
8469	-0.8249
8470	-0.8561
8471	-0.8096
8472	-0.8257
8473	-0.8245
8474	-0.8277
8475	-0.8001
8476	-0.841
8477	-0.8924
8478	-0.8081
8479	-0.7815
8480	-0.8513
8481	-0.7986
8482	-0.8259
8483	-0.8412
8484	-0.7666
8485	-0.8242
8486	-0.8292
8487	-0.8741
8488	-0.8299
8489	-0.8486
8490	-0.8067
8491	-0.8679
8492	-0.8436
8493	-0.8048
8494	-0.7942
8495	-0.8742
8496	-0.8331
8497	-0.7985
8498	-0.8374
8499	-0.8246
8500	-0.8083
8501	-0.81
8502	-0.8275
8503	-0.8529
8504	-0.8519
8505	-0.7874
8506	-0.8607
8507	-0.8447
8508	-0.8263
8509	-0.8069
8510	-0.8726
8511	-0.8687
8512	-0.8392
8513	-0.843
8514	-0.8526
8515	-0.8156
8516	-0.8157
8517	-0.8213
8518	-0.804
8519	-0.8345
8520	-0.8062
8521	-0.809
8522	-0.8237
8523	-0.8254
8524	-0.8491
8525	-0.8169
8526	-0.8273
8527	-0.8495
8528	-0.8079
8529	-0.8516
8530	-0.837
8531	-0.7968
8532	-0.8131
8533	-0.87
8534	-0.7721
8535	-0.8023
8536	-0.857
8537	-0.8375
8538	-0.8827
8539	-0.8039
8540	-0.8224
8541	-0.7896
8542	-0.8662
8543	-0.8695
8544	-0.8955
8545	-0.7943
8546	-0.8384
8547	-0.8471
8548	-0.7895
8549	-0.8495
8550	-0.8536
8551	-0.8496
8552	-0.8559
8553	-0.8429
8554	-0.8167
8555	-0.8179
8556	-0.8551
8557	-0.8133
8558	-0.8377
8559	-0.8008
8560	-0.8465
8561	-0.8355
8562	-0.8412
8563	-0.8897
8564	-0.8535
8565	-0.8179
8566	-0.8126
8567	-0.8414
8568	-0.839
8569	-0.7711
8570	-0.8303
8571	-0.7992
8572	-0.8418
8573	-0.8086
8574	-0.8824
8575	-0.8118
8576	-0.8044
8577	-0.793
8578	-0.8322
8579	-0.8007
8580	-0.8472
8581	-0.8057
8582	-0.7694
8583	-0.8479
8584	-0.8424
8585	-0.8486
8586	-0.7482
8587	-0.7947
8588	-0.79
8589	-0.8209
8590	-0.8327
8591	-0.8087
8592	-0.8299
8593	-0.8232
8594	-0.8621
8595	-0.8147
8596	-0.7844
8597	-0.8322
8598	-0.8492
8599	-0.7954
8600	-0.8034
8601	-0.8082
8602	-0.8501
8603	-0.8564
8604	-0.7968
8605	-0.7842
8606	-0.8278
8607	-0.8612
8608	-0.8454
8609	-0.8401
8610	-0.8171
8611	-0.8537
8612	-0.821
8613	-0.8282
8614	-0.8513
8615	-0.8562
8616	-0.8382
8617	-0.8396
8618	-0.8688
8619	-0.7778
8620	-0.77
8621	-0.8126
8622	-0.8314
8623	-0.8596
8624	-0.8024
8625	-0.8235
8626	-0.8487
8627	-0.8178
8628	-0.8634
8629	-0.7975
8630	-0.8405
8631	-0.8593
8632	-0.8562
8633	-0.8451
8634	-0.8504
8635	-0.8646
8636	-0.8832
8637	-0.846
8638	-0.8083
8639	-0.8048
8640	-0.8402
8641	-0.8378
8642	-0.8358
8643	-0.8865
8644	-0.8524
8645	-0.8523
8646	-0.804
8647	-0.83
8648	-0.8264
8649	-0.8191
8650	-0.8171
8651	-0.8211
8652	-0.7951
8653	-0.8467
8654	-0.8196
8655	-0.8448
8656	-0.8625
8657	-0.792
8658	-0.8762
8659	-0.8095
8660	-0.8319
8661	-0.8346
8662	-0.8527
8663	-0.8048
8664	-0.8776
8665	-0.8592
8666	-0.8455
8667	-0.8594
8668	-0.8123
8669	-0.8484
8670	-0.8515
8671	-0.8322
8672	-0.8789
8673	-0.865
8674	-0.8613
8675	-0.8309
8676	-0.8127
8677	-0.8309
8678	-0.8101
8679	-0.8289
8680	-0.8031
8681	-0.8349
8682	-0.8689
8683	-0.7962
8684	-0.8018
8685	-0.7739
8686	-0.8007
8687	-0.8321
8688	-0.8273
8689	-0.8744
8690	-0.8568
8691	-0.8601
8692	-0.7624
8693	-0.8417
8694	-0.8286
8695	-0.809
8696	-0.8052
8697	-0.8037
8698	-0.8609
8699	-0.8156
8700	-0.8609
8701	-0.8327
8702	-0.7996
8703	-0.8719
8704	-0.8628
8705	-0.8535
8706	-0.8376
8707	-0.8091
8708	-0.8038
8709	-0.7947
8710	-0.7755
8711	-0.8458
8712	-0.8028
8713	-0.8233
8714	-0.8554
8715	-0.8452
8716	-0.8357
8717	-0.8046
8718	-0.8591
8719	-0.8399
8720	-0.8313
8721	-0.7868
8722	-0.8504
8723	-0.8393
8724	-0.8267
8725	-0.8336
8726	-0.8087
8727	-0.8191
8728	-0.8427
8729	-0.8577
8730	-0.836
8731	-0.8444
8732	-0.8179
8733	-0.8455
8734	-0.902
8735	-0.8614
8736	-0.8539
8737	-0.822
8738	-0.8404
8739	-0.8575
8740	-0.8755
8741	-0.8564
8742	-0.8503
8743	-0.8601
8744	-0.8452
8745	-0.8053
8746	-0.7831
8747	-0.8289
8748	-0.85
8749	-0.8337
8750	-0.8275
8751	-0.8274
8752	-0.8275
8753	-0.818
8754	-0.7951
8755	-0.8233
8756	-0.8111
8757	-0.8179
8758	-0.8187
8759	-0.7837
8760	-0.8266
8761	-0.8849
8762	-0.8056
8763	-0.8366
8764	-0.8396
8765	-0.8305
8766	-0.8234
8767	-0.8024
8768	-0.7777
8769	-0.7768
8770	-0.8478
8771	-0.8462
8772	-0.774
8773	-0.7923
8774	-0.8314
8775	-0.8463
8776	-0.7668
8777	-0.8269
8778	-0.8158
8779	-0.7852
8780	-0.7788
8781	-0.848
8782	-0.8615
8783	-0.8475
8784	-0.82
8785	-0.8179
8786	-0.806
8787	-0.7708
8788	-0.8202
8789	-0.8513
8790	-0.8672
8791	-0.8159
8792	-0.7949
8793	-0.8306
8794	-0.8342
8795	-0.8295
8796	-0.8259
8797	-0.8562
8798	-0.8315
8799	-0.8034
8800	-0.8523
8801	-0.7819
8802	-0.8313
8803	-0.8481
8804	-0.823
8805	-0.8553
8806	-0.8487
8807	-0.7988
8808	-0.7772
8809	-0.8563
8810	-0.8305
8811	-0.8399
8812	-0.8678
8813	-0.8735
8814	-0.8298
8815	-0.8427
8816	-0.8539
8817	-0.8637
8818	-0.8482
8819	-0.8113
8820	-0.8492
8821	-0.8672
8822	-0.8635
8823	-0.8186
8824	-0.8572
8825	-0.851
8826	-0.872
8827	-0.7721
8828	-0.8179
8829	-0.8726
8830	-0.8111
8831	-0.8254
8832	-0.8774
8833	-0.8121
8834	-0.8561
8835	-0.8597
8836	-0.8312
8837	-0.8391
8838	-0.855
8839	-0.8311
8840	-0.8027
8841	-0.8509
8842	-0.8351
8843	-0.7875
8844	-0.8286
8845	-0.826
8846	-0.8263
8847	-0.8261
8848	-0.8615
8849	-0.8094
8850	-0.7891
8851	-0.7746
8852	-0.7824
8853	-0.8551
8854	-0.8374
8855	-0.7945
8856	-0.8349
8857	-0.8518
8858	-0.8152
8859	-0.8308
8860	-0.8005
8861	-0.8189
8862	-0.7912
8863	-0.8039
8864	-0.863
8865	-0.8644
8866	-0.8105
8867	-0.8217
8868	-0.8227
8869	-0.832
8870	-0.8166
8871	-0.8049
8872	-0.828
8873	-0.8498
8874	-0.7746
8875	-0.847
8876	-0.7995
8877	-0.7958
8878	-0.7759
8879	-0.8512
8880	-0.7853
8881	-0.7564
8882	-0.835
8883	-0.8378
8884	-0.7995
8885	-0.8416
8886	-0.8393
8887	-0.8127
8888	-0.8447
8889	-0.8606
8890	-0.8453
8891	-0.8446
8892	-0.8063
8893	-0.8145
8894	-0.8356
8895	-0.8631
8896	-0.8607
8897	-0.8338
8898	-0.8206
8899	-0.8367
8900	-0.8727
8901	-0.7377
8902	-0.832
8903	-0.7792
8904	-0.8132
8905	-0.8373
8906	-0.8498
8907	-0.8383
8908	-0.8095
8909	-0.8603
8910	-0.8179
8911	-0.8616
8912	-0.8199
8913	-0.8697
8914	-0.8215
8915	-0.8365
8916	-0.825
8917	-0.8086
8918	-0.8527
8919	-0.867
8920	-0.8365
8921	-0.8551
8922	-0.8593
8923	-0.8294
8924	-0.8457
8925	-0.8135
8926	-0.839
8927	-0.7593
8928	-0.8414
8929	-0.8429
8930	-0.8128
8931	-0.8498
8932	-0.8077
8933	-0.8499
8934	-0.7897
8935	-0.8577
8936	-0.8032
8937	-0.8038
8938	-0.8427
8939	-0.8502
8940	-0.8875
8941	-0.8362
8942	-0.8587
8943	-0.8481
8944	-0.8688
8945	-0.8562
8946	-0.8119
8947	-0.8134
8948	-0.832
8949	-0.7964
8950	-0.799
8951	-0.8315
8952	-0.8507
8953	-0.8206
8954	-0.8417
8955	-0.8439
8956	-0.8077
8957	-0.8892
8958	-0.7828
8959	-0.848
8960	-0.8485
8961	-0.8375
8962	-0.8129
8963	-0.791
8964	-0.8272
8965	-0.8492
8966	-0.8566
8967	-0.8555
8968	-0.8547
8969	-0.7981
8970	-0.8378
8971	-0.8279
8972	-0.8074
8973	-0.8377
8974	-0.828
8975	-0.856
8976	-0.8198
8977	-0.8588
8978	-0.886
8979	-0.8464
8980	-0.8421
8981	-0.8096
8982	-0.8568
8983	-0.7506
8984	-0.8319
8985	-0.8056
8986	-0.8526
8987	-0.8432
8988	-0.8369
8989	-0.8389
8990	-0.7935
8991	-0.7887
8992	-0.8811
8993	-0.8462
8994	-0.8468
8995	-0.8017
8996	-0.8306
8997	-0.851
8998	-0.8291
8999	-0.8141
9000	-0.8183
9001	-0.8643
9002	-0.836
9003	-0.843
9004	-0.793
9005	-0.8123
9006	-0.8036
9007	-0.8543
9008	-0.8434
9009	-0.84
9010	-0.7873
9011	-0.8065
9012	-0.8502
9013	-0.8476
9014	-0.8985
9015	-0.7811
9016	-0.8207
9017	-0.8093
9018	-0.795
9019	-0.8538
9020	-0.8316
9021	-0.8641
9022	-0.8073
9023	-0.8689
9024	-0.8142
9025	-0.8558
9026	-0.8727
9027	-0.8782
9028	-0.8272
9029	-0.8351
9030	-0.8672
9031	-0.8477
9032	-0.824
9033	-0.7876
9034	-0.8567
9035	-0.8291
9036	-0.8758
9037	-0.8435
9038	-0.842
9039	-0.8241
9040	-0.814
9041	-0.819
9042	-0.8594
9043	-0.8611
9044	-0.826
9045	-0.8545
9046	-0.8478
9047	-0.8198
9048	-0.8437
9049	-0.8252
9050	-0.7919
9051	-0.8373
9052	-0.8482
9053	-0.8117
9054	-0.8055
9055	-0.8393
9056	-0.8455
9057	-0.8805
9058	-0.8473
9059	-0.8439
9060	-0.8653
9061	-0.8503
9062	-0.8258
9063	-0.8426
9064	-0.8381
9065	-0.8411
9066	-0.8533
9067	-0.819
9068	-0.8332
9069	-0.8476
9070	-0.8315
9071	-0.8347
9072	-0.8409
9073	-0.8208
9074	-0.8666
9075	-0.8331
9076	-0.8632
9077	-0.85
9078	-0.833
9079	-0.855
9080	-0.8021
9081	-0.8465
9082	-0.8385
9083	-0.8155
9084	-0.8219
9085	-0.859
9086	-0.8492
9087	-0.877
9088	-0.8435
9089	-0.8067
9090	-0.7712
9091	-0.7989
9092	-0.8346
9093	-0.8372
9094	-0.8807
9095	-0.8689
9096	-0.8101
9097	-0.8491
9098	-0.8617
9099	-0.8191
9100	-0.85
9101	-0.8568
9102	-0.8361
9103	-0.8617
9104	-0.8113
9105	-0.8023
9106	-0.8235
9107	-0.8021
9108	-0.8453
9109	-0.8157
9110	-0.8365
9111	-0.8139
9112	-0.8348
9113	-0.8257
9114	-0.815
9115	-0.8434
9116	-0.8056
9117	-0.8392
9118	-0.8446
9119	-0.8634
9120	-0.8703
9121	-0.829
9122	-0.813
9123	-0.8112
9124	-0.809
9125	-0.871
9126	-0.805
9127	-0.7859
9128	-0.8267
9129	-0.8787
9130	-0.856
9131	-0.8005
9132	-0.8004
9133	-0.7861
9134	-0.8571
9135	-0.8311
9136	-0.809
9137	-0.8192
9138	-0.8411
9139	-0.8342
9140	-0.8577
9141	-0.8211
9142	-0.8649
9143	-0.886
9144	-0.8377
9145	-0.8632
9146	-0.8037
9147	-0.8263
9148	-0.8717
9149	-0.8473
9150	-0.8272
9151	-0.8494
9152	-0.8095
9153	-0.8398
9154	-0.8561
9155	-0.7912
9156	-0.845
9157	-0.8739
9158	-0.8369
9159	-0.8193
9160	-0.8928
9161	-0.8751
9162	-0.801
9163	-0.8624
9164	-0.8103
9165	-0.8264
9166	-0.846
9167	-0.8364
9168	-0.8522
9169	-0.8212
9170	-0.8711
9171	-0.8392
9172	-0.7703
9173	-0.8784
9174	-0.8365
9175	-0.813
9176	-0.8721
9177	-0.8241
9178	-0.8633
9179	-0.8157
9180	-0.8551
9181	-0.8068
9182	-0.8173
9183	-0.8574
9184	-0.856
9185	-0.8137
9186	-0.8179
9187	-0.8968
9188	-0.7754
9189	-0.7792
9190	-0.8107
9191	-0.8374
9192	-0.8388
9193	-0.87
9194	-0.7958
9195	-0.8197
9196	-0.8415
9197	-0.8341
9198	-0.8246
9199	-0.845
9200	-0.8757
9201	-0.8312
9202	-0.7934
9203	-0.8686
9204	-0.8718
9205	-0.854
9206	-0.8342
9207	-0.8267
9208	-0.8576
9209	-0.8324
9210	-0.8123
9211	-0.8134
9212	-0.8268
9213	-0.8675
9214	-0.7619
9215	-0.8589
9216	-0.8432
9217	-0.8633
9218	-0.8751
9219	-0.8139
9220	-0.8431
9221	-0.7942
9222	-0.787
9223	-0.8134
9224	-0.8408
9225	-0.8394
9226	-0.8355
9227	-0.8554
9228	-0.7968
9229	-0.8248
9230	-0.861
9231	-0.8465
9232	-0.7911
9233	-0.8394
9234	-0.8362
9235	-0.8268
9236	-0.8515
9237	-0.788
9238	-0.8397
9239	-0.8404
9240	-0.8454
9241	-0.8427
9242	-0.8379
9243	-0.7966
9244	-0.8009
9245	-0.8532
9246	-0.8571
9247	-0.845
9248	-0.8613
9249	-0.8073
9250	-0.8221
9251	-0.8041
9252	-0.8089
9253	-0.8094
9254	-0.8119
9255	-0.8863
9256	-0.8555
9257	-0.8414
9258	-0.8425
9259	-0.8522
9260	-0.8167
9261	-0.8207
9262	-0.7853
9263	-0.8572
9264	-0.8398
9265	-0.8202
9266	-0.8395
9267	-0.8365
9268	-0.825
9269	-0.8294
9270	-0.8728
9271	-0.8212
9272	-0.84
9273	-0.8444
9274	-0.7937
9275	-0.8363
9276	-0.8151
9277	-0.8806
9278	-0.846
9279	-0.8417
9280	-0.8575
9281	-0.8139
9282	-0.756
9283	-0.8196
9284	-0.7946
9285	-0.8177
9286	-0.8399
9287	-0.8516
9288	-0.8125
9289	-0.8541
9290	-0.8174
9291	-0.7989
9292	-0.82
9293	-0.8383
9294	-0.8313
9295	-0.8532
9296	-0.8556
9297	-0.8546
9298	-0.8609
9299	-0.8655
9300	-0.8289
9301	-0.8225
9302	-0.7834
9303	-0.8029
9304	-0.8203
9305	-0.838
9306	-0.8414
9307	-0.8309
9308	-0.8196
9309	-0.8568
9310	-0.8081
9311	-0.8794
9312	-0.8081
9313	-0.7833
9314	-0.8355
9315	-0.8196
9316	-0.8111
9317	-0.8427
9318	-0.8423
9319	-0.8699
9320	-0.7987
9321	-0.8288
9322	-0.8649
9323	-0.8551
9324	-0.8131
9325	-0.8261
9326	-0.8227
9327	-0.8102
9328	-0.8293
9329	-0.8283
9330	-0.8669
9331	-0.8638
9332	-0.8517
9333	-0.7943
9334	-0.8327
9335	-0.8561
9336	-0.8757
9337	-0.8392
9338	-0.8348
9339	-0.8281
9340	-0.8211
9341	-0.8082
9342	-0.7767
9343	-0.7969
9344	-0.7912
9345	-0.8537
9346	-0.8258
9347	-0.8095
9348	-0.7997
9349	-0.8032
9350	-0.8055
9351	-0.8256
9352	-0.8161
9353	-0.8027
9354	-0.7969
9355	-0.8033
9356	-0.8213
9357	-0.851
9358	-0.8174
9359	-0.8429
9360	-0.8647
9361	-0.8251
9362	-0.8128
9363	-0.8046
9364	-0.8143
9365	-0.7794
9366	-0.7822
9367	-0.8318
9368	-0.8222
9369	-0.8559
9370	-0.8238
9371	-0.8257
9372	-0.8189
9373	-0.8238
9374	-0.7881
9375	-0.8214
9376	-0.8505
9377	-0.8725
9378	-0.8058
9379	-0.7998
9380	-0.8488
9381	-0.7937
9382	-0.8251
9383	-0.8344
9384	-0.8126
9385	-0.8415
9386	-0.8289
9387	-0.7947
9388	-0.8472
9389	-0.8251
9390	-0.8164
9391	-0.7842
9392	-0.847
9393	-0.8339
9394	-0.8563
9395	-0.7702
9396	-0.8328
9397	-0.8666
9398	-0.806
9399	-0.8094
9400	-0.8375
9401	-0.8508
9402	-0.8435
9403	-0.8622
9404	-0.8394
9405	-0.8441
9406	-0.842
9407	-0.8088
9408	-0.8342
9409	-0.8311
9410	-0.8701
9411	-0.8672
9412	-0.8433
9413	-0.8189
9414	-0.8553
9415	-0.8386
9416	-0.8459
9417	-0.8439
9418	-0.8363
9419	-0.8473
9420	-0.7946
9421	-0.8328
9422	-0.8272
9423	-0.8401
9424	-0.8159
9425	-0.8045
9426	-0.7779
9427	-0.8055
9428	-0.8233
9429	-0.8269
9430	-0.871
9431	-0.8415
9432	-0.8895
9433	-0.8576
9434	-0.8803
9435	-0.8056
9436	-0.8414
9437	-0.8435
9438	-0.7922
9439	-0.8282
9440	-0.8607
9441	-0.859
9442	-0.8207
9443	-0.8567
9444	-0.8391
9445	-0.8045
9446	-0.8673
9447	-0.828
9448	-0.8644
9449	-0.8589
9450	-0.8532
9451	-0.8286
9452	-0.8182
9453	-0.8604
9454	-0.8037
9455	-0.8605
9456	-0.8556
9457	-0.8272
9458	-0.8237
9459	-0.796
9460	-0.8107
9461	-0.8213
9462	-0.8528
9463	-0.8178
9464	-0.7928
9465	-0.8409
9466	-0.7712
9467	-0.8202
9468	-0.7875
9469	-0.8171
9470	-0.8311
9471	-0.7685
9472	-0.8344
9473	-0.8063
9474	-0.8332
9475	-0.8137
9476	-0.8236
9477	-0.7913
9478	-0.7583
9479	-0.8465
9480	-0.8757
9481	-0.8563
9482	-0.8761
9483	-0.7877
9484	-0.8088
9485	-0.8439
9486	-0.8756
9487	-0.866
9488	-0.8811
9489	-0.8479
9490	-0.8374
9491	-0.8065
9492	-0.841
9493	-0.8318
9494	-0.866
9495	-0.8147
9496	-0.7817
9497	-0.8651
9498	-0.8134
9499	-0.7357
9500	-0.777
9501	-0.8166
9502	-0.8347
9503	-0.8493
9504	-0.8155
9505	-0.7998
9506	-0.9009
9507	-0.8378
9508	-0.8163
9509	-0.8443
9510	-0.8288
9511	-0.8441
9512	-0.8527
9513	-0.8315
9514	-0.8104
9515	-0.8784
9516	-0.8543
9517	-0.8041
9518	-0.8475
9519	-0.7914
9520	-0.7938
9521	-0.8497
9522	-0.8402
9523	-0.8166
9524	-0.8423
9525	-0.8231
9526	-0.7401
9527	-0.8683
9528	-0.8277
9529	-0.7902
9530	-0.8676
9531	-0.8195
9532	-0.8439
9533	-0.8734
9534	-0.8489
9535	-0.7968
9536	-0.7875
9537	-0.8263
9538	-0.8633
9539	-0.829
9540	-0.8315
9541	-0.8065
9542	-0.8559
9543	-0.8044
9544	-0.8454
9545	-0.8464
9546	-0.8058
9547	-0.7756
9548	-0.855
9549	-0.8174
9550	-0.8145
9551	-0.8608
9552	-0.8147
9553	-0.7839
9554	-0.8238
9555	-0.8664
9556	-0.8459
9557	-0.8598
9558	-0.8697
9559	-0.8816
9560	-0.8165
9561	-0.8531
9562	-0.8433
9563	-0.8243
9564	-0.7981
9565	-0.8618
9566	-0.8368
9567	-0.8082
9568	-0.819
9569	-0.8218
9570	-0.8302
9571	-0.8003
9572	-0.8014
9573	-0.8732
9574	-0.8338
9575	-0.8195
9576	-0.8141
9577	-0.8164
9578	-0.8219
9579	-0.8303
9580	-0.8406
9581	-0.8115
9582	-0.826
9583	-0.836
9584	-0.872
9585	-0.807
9586	-0.8421
9587	-0.8281
9588	-0.8466
9589	-0.8444
9590	-0.8691
9591	-0.7682
9592	-0.8239
9593	-0.8275
9594	-0.8617
9595	-0.8661
9596	-0.8012
9597	-0.8185
9598	-0.8354
9599	-0.8245
9600	-0.815
9601	-0.8525
9602	-0.8206
9603	-0.8594
9604	-0.81
9605	-0.8262
9606	-0.8126
9607	-0.8151
9608	-0.8517
9609	-0.8129
9610	-0.8564
9611	-0.802
9612	-0.8188
9613	-0.8411
9614	-0.873
9615	-0.872
9616	-0.8364
9617	-0.7645
9618	-0.8028
9619	-0.8404
9620	-0.8276
9621	-0.8638
9622	-0.8284
9623	-0.7851
9624	-0.8426
9625	-0.8648
9626	-0.799
9627	-0.8413
9628	-0.7886
9629	-0.8339
9630	-0.8153
9631	-0.7987
9632	-0.8088
9633	-0.8353
9634	-0.8614
9635	-0.8865
9636	-0.8611
9637	-0.8545
9638	-0.8346
9639	-0.8038
9640	-0.8027
9641	-0.8276
9642	-0.8662
9643	-0.8462
9644	-0.8114
9645	-0.8711
9646	-0.8845
9647	-0.8279
9648	-0.8167
9649	-0.8577
9650	-0.8211
9651	-0.8061
9652	-0.8133
9653	-0.8274
9654	-0.8358
9655	-0.8619
9656	-0.8185
9657	-0.8437
9658	-0.781
9659	-0.7976
9660	-0.8097
9661	-0.8447
9662	-0.8402
9663	-0.8129
9664	-0.7816
9665	-0.828
9666	-0.8323
9667	-0.7767
9668	-0.8201
9669	-0.8307
9670	-0.7976
9671	-0.8476
9672	-0.8175
9673	-0.7986
9674	-0.8136
9675	-0.8228
9676	-0.8673
9677	-0.8164
9678	-0.8344
9679	-0.7983
9680	-0.8302
9681	-0.8103
9682	-0.8749
9683	-0.8111
9684	-0.8562
9685	-0.8238
9686	-0.804
9687	-0.8243
9688	-0.8422
9689	-0.7809
9690	-0.7859
9691	-0.8851
9692	-0.8491
9693	-0.8681
9694	-0.8262
9695	-0.8547
9696	-0.8419
9697	-0.8471
9698	-0.867
9699	-0.845
9700	-0.843
9701	-0.8486
9702	-0.8293
9703	-0.8371
9704	-0.8116
9705	-0.8424
9706	-0.823
9707	-0.781
9708	-0.8051
9709	-0.7895
9710	-0.8506
9711	-0.865
9712	-0.8194
9713	-0.8311
9714	-0.7943
9715	-0.8098
9716	-0.7993
9717	-0.8276
9718	-0.8391
9719	-0.844
9720	-0.8111
9721	-0.8307
9722	-0.8175
9723	-0.799
9724	-0.8258
9725	-0.805
9726	-0.8429
9727	-0.842
9728	-0.8322
9729	-0.8217
9730	-0.786
9731	-0.8125
9732	-0.8284
9733	-0.8572
9734	-0.8208
9735	-0.8068
9736	-0.8642
9737	-0.8157
9738	-0.8391
9739	-0.7955
9740	-0.8635
9741	-0.8661
9742	-0.8591
9743	-0.8976
9744	-0.8556
9745	-0.7804
9746	-0.8389
9747	-0.8513
9748	-0.8574
9749	-0.8098
9750	-0.8286
9751	-0.8111
9752	-0.8344
9753	-0.8382
9754	-0.8478
9755	-0.8059
9756	-0.8535
9757	-0.8592
9758	-0.8218
9759	-0.8577
9760	-0.8431
9761	-0.833
9762	-0.8129
9763	-0.8383
9764	-0.8772
9765	-0.8496
9766	-0.8647
9767	-0.7983
9768	-0.8133
9769	-0.8098
9770	-0.8385
9771	-0.7583
9772	-0.8049
9773	-0.8257
9774	-0.8365
9775	-0.8339
9776	-0.857
9777	-0.8363
9778	-0.8118
9779	-0.8323
9780	-0.8144
9781	-0.8465
9782	-0.7783
9783	-0.8255
9784	-0.7963
9785	-0.8338
9786	-0.8391
9787	-0.7828
9788	-0.8604
9789	-0.8433
9790	-0.7936
9791	-0.8222
9792	-0.7998
9793	-0.8153
9794	-0.8776
9795	-0.847
9796	-0.8411
9797	-0.813
9798	-0.8231
9799	-0.8814
9800	-0.8401
9801	-0.8369
9802	-0.8536
9803	-0.7891
9804	-0.8693
9805	-0.7977
9806	-0.7658
9807	-0.8188
9808	-0.8332
9809	-0.8392
9810	-0.8668
9811	-0.8476
9812	-0.8082
9813	-0.842
9814	-0.8683
9815	-0.8244
9816	-0.8117
9817	-0.8115
9818	-0.8284
9819	-0.7731
9820	-0.7883
9821	-0.8416
9822	-0.745
9823	-0.7515
9824	-0.8404
9825	-0.7883
9826	-0.7944
9827	-0.8336
9828	-0.7991
9829	-0.8066
9830	-0.8204
9831	-0.872
9832	-0.8288
9833	-0.8296
9834	-0.821
9835	-0.858
9836	-0.8055
9837	-0.8399
9838	-0.8261
9839	-0.8515
9840	-0.8232
9841	-0.8087
9842	-0.7796
9843	-0.8167
9844	-0.7916
9845	-0.8
9846	-0.8751
9847	-0.8268
9848	-0.8263
9849	-0.8269
9850	-0.8322
9851	-0.795
9852	-0.8361
9853	-0.8538
9854	-0.7823
9855	-0.8163
9856	-0.8088
9857	-0.8402
9858	-0.8474
9859	-0.8133
9860	-0.8466
9861	-0.8568
9862	-0.795
9863	-0.8248
9864	-0.8275
9865	-0.7984
9866	-0.8627
9867	-0.8102
9868	-0.8486
9869	-0.8343
9870	-0.8908
9871	-0.8555
9872	-0.7803
9873	-0.8577
9874	-0.8441
9875	-0.8197
9876	-0.8454
9877	-0.8437
9878	-0.8
9879	-0.8446
9880	-0.8321
9881	-0.8248
9882	-0.875
9883	-0.8232
9884	-0.7836
9885	-0.8474
9886	-0.8086
9887	-0.8359
9888	-0.8557
9889	-0.846
9890	-0.8135
9891	-0.8429
9892	-0.8393
9893	-0.8334
9894	-0.7933
9895	-0.8252
9896	-0.8436
9897	-0.7876
9898	-0.8206
9899	-0.8074
9900	-0.8659
9901	-0.8374
9902	-0.7999
9903	-0.7877
9904	-0.8411
9905	-0.825
9906	-0.7542
9907	-0.8124
9908	-0.8647
9909	-0.8306
9910	-0.8151
9911	-0.8434
9912	-0.8354
9913	-0.8666
9914	-0.8095
9915	-0.8279
9916	-0.8348
9917	-0.827
9918	-0.8463
9919	-0.8631
9920	-0.8356
9921	-0.853
9922	-0.8477
9923	-0.8624
9924	-0.8406
9925	-0.7784
9926	-0.8002
9927	-0.8301
9928	-0.8502
9929	-0.8068
9930	-0.8506
9931	-0.8364
9932	-0.8282
9933	-0.8697
9934	-0.837
9935	-0.8266
9936	-0.8766
9937	-0.8462
9938	-0.834
9939	-0.8273
9940	-0.81
9941	-0.8043
9942	-0.8604
9943	-0.8183
9944	-0.8263
9945	-0.8169
9946	-0.8319
9947	-0.8076
9948	-0.8639
9949	-0.8089
9950	-0.824
9951	-0.7867
9952	-0.8024
9953	-0.8341
9954	-0.8507
9955	-0.8602
9956	-0.7897
9957	-0.817
9958	-0.8281
9959	-0.843
9960	-0.7817
9961	-0.8449
9962	-0.8302
9963	-0.8395
9964	-0.8478
9965	-0.8467
9966	-0.8485
9967	-0.8384
9968	-0.8444
9969	-0.8187
9970	-0.7688
9971	-0.8144
9972	-0.8262
9973	-0.8757
9974	-0.8399
9975	-0.8563
9976	-0.8548
9977	-0.8141
9978	-0.7825
9979	-0.8023
9980	-0.8247
9981	-0.7967
9982	-0.8294
9983	-0.8583
9984	-0.8592
9985	-0.825
9986	-0.7505
9987	-0.8227
9988	-0.7875
9989	-0.8121
9990	-0.8585
9991	-0.8237
9992	-0.8406
9993	-0.7887
9994	-0.8799
9995	-0.8475
9996	-0.8674
9997	-0.8571
9998	-0.8403
9999	-0.855
10000	-0.8641
