"STATION","NAME","DATE","AWND","CDSD","DSND","DSNW","EMNT","EMSD","EMSN","EMXP","EMXT","HDSD","PRCP","PSUN","SNOW","TAVG","TMAX","TMIN","TSUN","WDF1","WDF2","WDF5","WDFG","WDFM","WSF1","WSF2","WSF5","WSFG","WSFM"
"USW00014922","MINNEAPOLIS ST. PAUL INTERNATIONAL AIRPORT, MN US","1970-01",,"0","31","4","-34","21","2.0","0.11","37","4899","0.48","45.8","9.8","5.5","14.6","-3.5","7878",,,,,"315",,,,,"25.9"
"USW00014922","MINNEAPOLIS ST. PAUL INTERNATIONAL AIRPORT, MN US","1970-02",,"0","28","2","-21","17","1.2","0.07","40","6290","0.16","63.7","4.3","15.3","25.8","4.9","11178",,,,,"315",,,,,"34.0"
"USW00014922","MINNEAPOLIS ST. PAUL INTERNATIONAL AIRPORT, MN US","1970-03",,"0","26","3","8","9","3.7","1.19","44","7499","2.06","57.0","8.6","26.0","33.6","18.4","14154",,,,,"315",,,,,"25.1"
"USW00014922","MINNEAPOLIS ST. PAUL INTERNATIONAL AIRPORT, MN US","1970-04",,"17","0","0","15","0","0.8","1.27","90","8083","3.56","59.4","1.3","46.1","55.8","36.4","14412",,,,,"270",,,,,"45.0"
"USW00014922","MINNEAPOLIS ST. PAUL INTERNATIONAL AIRPORT, MN US","1970-05",,"68","0","0","33","0","0.0","1.05","90","8338","4.78","55.2","0.0","58.4","68.1","48.8","15072",,,,,"315",,,,,"32.0"
"USW00014922","MINNEAPOLIS ST. PAUL INTERNATIONAL AIRPORT, MN US","1970-06",,"276","0","0","49","0","0.0","0.49","97","8359","1.27","73.3","0.0","71.2","81.4","61.0","20484",,,,,"180",,,,,"30.0"
"USW00014922","MINNEAPOLIS ST. PAUL INTERNATIONAL AIRPORT, MN US","1970-07",,"594","0","0","51","0","0.0","1.08","95","3","3.67","82.1","0.0","75.2","86.3","64.1","23274",,,,,"225",,,,,"40.0"
"USW00014922","MINNEAPOLIS ST. PAUL INTERNATIONAL AIRPORT, MN US","1970-08",,"814","0","0","50","0","0.0","1.10","94","9","2.19","72.4","0.0","71.9","82.6","61.2","18948",,,,,"225",,,,,"31.1"
"USW00014922","MINNEAPOLIS ST. PAUL INTERNATIONAL AIRPORT, MN US","1970-09",,"894","0","0","36","0","0.0","0.55","89","204","3.20","59.8","0.0","61.2","71.1","51.2","13452",,,,,"225",,,,,"36.0"
"USW00014922","MINNEAPOLIS ST. PAUL INTERNATIONAL AIRPORT, MN US","1970-10",,"898","0","0","30","0","0.0","1.43","85","686","4.97","48.7","0.0","49.6","58.1","41.1","10092",,,,,"315",,,,,"38.0"
"USW00014922","MINNEAPOLIS ST. PAUL INTERNATIONAL AIRPORT, MN US","1970-11",,"898","5","1","3","5","5.0","1.28","53","1655","3.82","27.7","6.3","32.7","39.5","25.9","4764",,,,,"315",,,,,"42.1"
"USW00014922","MINNEAPOLIS ST. PAUL INTERNATIONAL AIRPORT, MN US","1970-12",,"898","21","2","-13","4","1.4","0.11","52","3105","0.44","35.4","5.6","18.2","26.5","9.9","5826",,,,,"315",,,,,"34.9"
"USW00014922","MINNEAPOLIS ST. PAUL INTERNATIONAL AIRPORT, MN US","1971-01",,"0","31","8","-18","13","3.9","0.24","35","4919","1.22","52.4","20.0","6.5","14.7","-1.7","8988",,,,,"315",,,,,"36.9"
"USW00014922","MINNEAPOLIS ST. PAUL INTERNATIONAL AIRPORT, MN US","1971-02",,"0","28","6","-23","20","4.4","0.53","42","6262","1.74","49.3","13.9","17.0","25.0","9.0","8598",,,,,"315",,,,,"42.1"
"USW00014922","MINNEAPOLIS ST. PAUL INTERNATIONAL AIRPORT, MN US","1971-03",,"0","27","3","3","6","3.5","0.50","67","7408","1.22","51.8","7.0","28.0","35.2","20.8","11520",,,,,"315",,,,,"32.0"
"USW00014922","MINNEAPOLIS ST. PAUL INTERNATIONAL AIRPORT, MN US","1971-04",,"1","2","1","17","1","1.3","0.46","79","7951","1.11","70.5","1.9","47.0","58.9","35.0","17100",,,,,"315",,,,,"36.0"
"USW00014922","MINNEAPOLIS ST. PAUL INTERNATIONAL AIRPORT, MN US","1971-05",,"6","0","0","32","0","0.2","1.16","84","8253","3.14","69.3","0.2","55.4","67.0","43.8","19068",,,,,"90",,,,,"25.1"
"USW00014922","MINNEAPOLIS ST. PAUL INTERNATIONAL AIRPORT, MN US","1971-06",,"220","0","0","50","0","0.0","0.73","96","8273","3.52","67.2","0.0","71.5","81.3","61.7","18804",,,,,"135",,,,,"32.0"
"USW00014922","MINNEAPOLIS ST. PAUL INTERNATIONAL AIRPORT, MN US","1971-07",,"355","0","0","47","0","0.0","2.39","90","17","3.94","80.2","0.0","68.8","79.8","57.8","22668",,,,,"45",,,,,"33.1"
"USW00014922","MINNEAPOLIS ST. PAUL INTERNATIONAL AIRPORT, MN US","1971-08",,"519","0","0","44","0","0.0","1.19","97","42","1.78","77.9","0.0","69.5","81.6","57.5","20406",,,,,"135",,,,,"29.1"
"USW00014922","MINNEAPOLIS ST. PAUL INTERNATIONAL AIRPORT, MN US","1971-09",,"620","0","0","34","0","0.0","0.92","94","209","2.74","63.5","0.0","62.8","73.3","52.3","14466",,,,,"225",,,,,"34.0"
"USW00014922","MINNEAPOLIS ST. PAUL INTERNATIONAL AIRPORT, MN US","1971-10",,"623","0","0","29","0","0.0","2.22","76","632","5.69","45.9","0.0","51.4","60.3","42.5","9492",,,,,"225",,,,,"42.1"
"USW00014922","MINNEAPOLIS ST. PAUL INTERNATIONAL AIRPORT, MN US","1971-11",,"623","8","4","8","7","4.1","0.72","57","1601","2.67","33.1","13.4","32.7","39.2","26.2","5754",,,,,"315",,,,,"34.0"
"USW00014922","MINNEAPOLIS ST. PAUL INTERNATIONAL AIRPORT, MN US","1971-12",,"623","31","3","-10","11","6.0","0.33","35","3046","0.70","24.5","12.8","18.4","25.6","11.1","4020",,,,,"315",,,,,"32.0"
"USW00014922","MINNEAPOLIS ST. PAUL INTERNATIONAL AIRPORT, MN US","1972-01",,"0","31","3","-29","16","6.0","0.39","37","4891","0.85","61.3","12.2","5.5","15.0","-4.0","10518",,,,,"270",,,,,"38.9"
"USW00014922","MINNEAPOLIS ST. PAUL INTERNATIONAL AIRPORT, MN US","1972-02",,"0","29","2","-24","16","3.8","0.29","37","6472","0.49","59.9","7.7","10.5","19.8","1.1","10926",,,,,"270",,,,,"29.1"
"USW00014922","MINNEAPOLIS ST. PAUL INTERNATIONAL AIRPORT, MN US","1972-03",,"0","20","4","-11","19","3.7","0.41","53","7668","1.25","70.7","10.4","26.4","34.5","18.3","15612",,,,,"270",,,,,"34.0"
"USW00014922","MINNEAPOLIS ST. PAUL INTERNATIONAL AIRPORT, MN US","1972-04",,"0","1","2","18","2","4.8","0.71","77","8360","1.69","49.9","8.0","41.9","50.9","32.9","12090",,,,,"225",,,,,"34.0"
"USW00014922","MINNEAPOLIS ST. PAUL INTERNATIONAL AIRPORT, MN US","1972-05",,"93","0","0","34","0","0.0","0.59","90","8570","2.18","58.4","0.0","61.2","72.2","50.3","16182",,,,,"225",,,,,"28.0"
"USW00014922","MINNEAPOLIS ST. PAUL INTERNATIONAL AIRPORT, MN US","1972-06",,"200","0","0","41","0","0.0","1.03","92","8645","3.31","75.3","0.0","66.0","78.3","53.7","21066",,,,,"225",,,,,"36.0"
"USW00014922","MINNEAPOLIS ST. PAUL INTERNATIONAL AIRPORT, MN US","1972-07",,"343","0","0","43","0","0.0","1.57","91","35","5.11","65.7","0.0","68.5","78.0","59.0","18594",,,,,"315",,,,,"30.0"
"USW00014922","MINNEAPOLIS ST. PAUL INTERNATIONAL AIRPORT, MN US","1972-08",,"545","0","0","45","0","0.0","0.84","97","88","2.48","61.6","0.0","69.8","79.2","60.4","16176",,,,,"225",,,,,"32.0"
"USW00014922","MINNEAPOLIS ST. PAUL INTERNATIONAL AIRPORT, MN US","1972-09",,"557","0","0","28","0","0.0","0.60","83","313","1.96","50.7","0.0","57.9","68.1","47.7","11484",,,,,"225",,,,,"38.0"
"USW00014922","MINNEAPOLIS ST. PAUL INTERNATIONAL AIRPORT, MN US","1972-10",,"557","0","0","15","0","0.0","0.62","73","973","1.76","45.0","0.0","43.7","52.6","34.9","9228",,,,"315","315",,,,"43.6","33.1"
"USW00014922","MINNEAPOLIS ST. PAUL INTERNATIONAL AIRPORT, MN US","1972-11",,"557","0","0","13","0","0.9","0.70","58","1956","1.11","13.7","1.1","32.2","37.3","27.1","2280",,,,"180","180",,,,"36.7","25.1"
"USW00014922","MINNEAPOLIS ST. PAUL INTERNATIONAL AIRPORT, MN US","1972-12",,"557","31","5","-20","5","4.5","0.80","40","3623","1.57","29.4","15.3","11.2","18.5","4.0","4848",,,,"45","45",,,,"41.4","36.0"
"USW00014922","MINNEAPOLIS ST. PAUL INTERNATIONAL AIRPORT, MN US","1973-01",,"0","31","2","-20","8","6.9","0.61","46","5101","0.92","53.0","11.6","17.3","26.0","8.7","9084",,,,"360","225",,,,"35.6","30.0"
"USW00014922","MINNEAPOLIS ST. PAUL INTERNATIONAL AIRPORT, MN US","1973-02",,"0","28","3","-12","9","3.9","0.35","43","6317","0.84","48.5","11.3","21.6","28.9","14.2","8400",,,,"180","180",,,,"39.1","30.0"
"USW00014922","MINNEAPOLIS ST. PAUL INTERNATIONAL AIRPORT, MN US","1973-03",,"0","5","0","20","5","0.4","0.36","64","7087","1.12","42.6","0.4","40.2","47.1","33.3","9564",,,,"90","90",,,,"34.4","25.9"
"USW00014922","MINNEAPOLIS ST. PAUL INTERNATIONAL AIRPORT, MN US","1973-04",,"0","2","1","23","2","1.7","0.68","75","7708","2.33","52.6","2.0","44.3","53.6","35.1","12834",,,,"225","45",,,,"57.5","44.1"
"USW00014922","MINNEAPOLIS ST. PAUL INTERNATIONAL AIRPORT, MN US","1973-05",,"4","0","0","32","0","0.0","0.74","83","8015","2.48","49.2","0.0","55.2","65.4","45.0","13662",,,,"45","45",,,,"46.1","36.0"
"USW00014922","MINNEAPOLIS ST. PAUL INTERNATIONAL AIRPORT, MN US","1973-06",,"155","0","0","47","0","0.0","0.46","98","8030","1.06","70.1","0.0","69.5","81.0","58.0","19626",,,,"135","135",,,,"54.1","38.0"
"USW00014922","MINNEAPOLIS ST. PAUL INTERNATIONAL AIRPORT, MN US","1973-07",,"429","0","0","53","0","0.0","1.03","95","1","2.91","77.3","0.0","73.8","83.9","63.6","21924",,,,"225","225",,,,"42.5","36.0"
"USW00014922","MINNEAPOLIS ST. PAUL INTERNATIONAL AIRPORT, MN US","1973-08",,"692","0","0","55","0","0.0","1.10","93","4","3.05","71.0","0.0","73.4","82.4","64.4","18690",,,,"225","225",,,,"35.6","30.0"
"USW00014922","MINNEAPOLIS ST. PAUL INTERNATIONAL AIRPORT, MN US","1973-09",,"737","0","0","35","0","0.0","1.02","85","197","2.08","57.7","0.0","60.1","68.8","51.3","13092",,,,"180","135",,,,"36.7","25.9"
"USW00014922","MINNEAPOLIS ST. PAUL INTERNATIONAL AIRPORT, MN US","1973-10",,"744","0","0","30","0","0.0","0.82","76","551","1.29","54.5","0.0","53.8","63.3","44.3","11100",,,,"225","225",,,,"50.6","34.9"
"USW00014922","MINNEAPOLIS ST. PAUL INTERNATIONAL AIRPORT, MN US","1973-11",,"744","0","0","14","0","0.1","1.64","63","1473","1.97","44.9","0.1","34.2","42.0","26.5","7806",,,,"315","225",,,,"34.4","25.1"
"USW00014922","MINNEAPOLIS ST. PAUL INTERNATIONAL AIRPORT, MN US","1973-12",,"744","27","8","-24","9","3.2","0.20","40","2972","1.10","47.0","17.9","16.7","23.1","10.2","7710",,,,"360","225",,,,"39.1","29.1"
"USW00014922","MINNEAPOLIS ST. PAUL INTERNATIONAL AIRPORT, MN US","1974-01",,"0","31","1","-30","9","1.1","0.11","41","4617","0.17","60.4","2.5","11.9","20.7","3.1","10344",,,,"315","315",,,,"39.1","30.0"
"USW00014922","MINNEAPOLIS ST. PAUL INTERNATIONAL AIRPORT, MN US","1974-02",,"0","28","5","-20","18","4.0","0.18","40","5966","1.07","62.8","15.8","16.8","26.3","7.4","11034",,,,"315","315",,,,"44.7","31.1"
"USW00014922","MINNEAPOLIS ST. PAUL INTERNATIONAL AIRPORT, MN US","1974-03",,"0","9","4","-7","5","2.8","0.32","54","7065","1.00","51.2","7.7","29.5","37.7","21.3","11268",,,,"315","315",,,,"39.1","28.0"
"USW00014922","MINNEAPOLIS ST. PAUL INTERNATIONAL AIRPORT, MN US","1974-04",,"4","4","2","22","7","5.9","0.84","83","7607","2.42","56.2","7.3","47.1","57.4","36.8","13710",,,,"180","225",,,,"46.1","38.0"
"USW00014922","MINNEAPOLIS ST. PAUL INTERNATIONAL AIRPORT, MN US","1974-05",,"21","0","0","27","0","0.0","0.79","84","7953","2.08","47.6","0.0","54.4","64.2","44.5","13152",,,,"270","270",,,,"44.7","30.0"
"USW00014922","MINNEAPOLIS ST. PAUL INTERNATIONAL AIRPORT, MN US","1974-06",,"111","0","0","41","0","0.0","1.59","88","8026","5.21","69.1","0.0","65.5","76.3","54.7","19368",,,,"45","360",,,,"65.5","49.0"
"USW00014922","MINNEAPOLIS ST. PAUL INTERNATIONAL AIRPORT, MN US","1974-07",,"471","0","0","53","0","0.0","0.34","101","0","1.14","75.9","0.0","76.6","87.7","65.5","21360",,,,"315","315",,,,"51.7","40.0"
"USW00014922","MINNEAPOLIS ST. PAUL INTERNATIONAL AIRPORT, MN US","1974-08",,"593","0","0","40","0","0.0","1.07","90","50","2.75","72.7","0.0","67.3","77.6","57.0","18990",,,,"45","270",,,,"36.7","30.0"
"USW00014922","MINNEAPOLIS ST. PAUL INTERNATIONAL AIRPORT, MN US","1974-09",,"599","0","0","26","0","0.0","0.22","85","346","0.58","62.4","0.0","55.3","67.2","43.4","14004",,,,,"315",,,,,"29.1"
"USW00014922","MINNEAPOLIS ST. PAUL INTERNATIONAL AIRPORT, MN US","1974-10",,"599","0","0","22","0","0.0","0.48","83","819","1.69","58.1","0.0","49.7","60.6","38.9","11904",,,,"225","225",,,,"40.3","34.0"
"USW00014922","MINNEAPOLIS ST. PAUL INTERNATIONAL AIRPORT, MN US","1974-11",,"599","1","1","14","1","1.0","0.23","62","1759","0.65","37.0","1.2","33.7","40.3","27.0","6420",,,,"315","315",,,,"34.4","28.0"
"USW00014922","MINNEAPOLIS ST. PAUL INTERNATIONAL AIRPORT, MN US","1974-12",,"599","14","2","1","3","2.1","0.13","44","3019","0.35","53.8","6.1","24.4","30.9","17.8","8844",,,,"360","360",,,,"38.0","29.1"
"USW00014922","MINNEAPOLIS ST. PAUL INTERNATIONAL AIRPORT, MN US","1975-01",,"0","29","10","-14","16","5.0","1.13","35","4586","2.82","47.5","27.3","14.4","23.3","5.6","8250",,,,"270","360",,,,"46.1","25.9"
"USW00014922","MINNEAPOLIS ST. PAUL INTERNATIONAL AIRPORT, MN US","1975-02",,"0","28","3","-22","19","3.6","0.29","36","5971","0.79","49.7","9.1","15.5","23.1","7.9","8766",,,,"315","315",,,,"44.7","36.9"
"USW00014922","MINNEAPOLIS ST. PAUL INTERNATIONAL AIRPORT, MN US","1975-03",,"0","31","6","-8","17","4.1","0.60","42","7302","1.67","57.5","18.3","22.1","29.6","14.5","12636",,,,"90","90",,,,"44.7","38.0"
"USW00014922","MINNEAPOLIS ST. PAUL INTERNATIONAL AIRPORT, MN US","1975-04",,"0","13","1","9","10","1.7","2.22","60","8084","5.40","50.1","2.2","38.9","45.6","32.2","12120",,,,"135","135",,,,"42.5","34.0"
"USW00014922","MINNEAPOLIS ST. PAUL INTERNATIONAL AIRPORT, MN US","1975-05",,"64","0","0","33","0","0.0","1.56","91","8277","3.81","67.6","0.0","60.9","71.7","50.1","18696",,,,"225","225",,,,"56.4","40.0"
"USW00014922","MINNEAPOLIS ST. PAUL INTERNATIONAL AIRPORT, MN US","1975-06",,"218","0","0","43","0","0.0","2.58","90","8318","7.99","64.1","0.0","68.8","77.6","59.9","17934",,,,"315","315",,,,"57.5","45.0"
"USW00014922","MINNEAPOLIS ST. PAUL INTERNATIONAL AIRPORT, MN US","1975-07",,"583","0","0","49","0","0.0","0.30","98","15","0.58","84.5","0.0","76.2","86.9","65.6","23910",,,,"315","315",,,,"62.2","50.1"
"USW00014922","MINNEAPOLIS ST. PAUL INTERNATIONAL AIRPORT, MN US","1975-08",,"798","0","0","50","0","0.0","2.03","91","23","4.93","61.2","0.0","71.7","81.1","62.3","16098",,,,"270","225",,,,"41.4","28.0"
"USW00014922","MINNEAPOLIS ST. PAUL INTERNATIONAL AIRPORT, MN US","1975-09",,"815","0","0","35","0","0.0","0.28","85","260","1.31","56.3","0.0","57.7","67.8","47.6","12738",,,,"225","225",,,,"36.7","30.0"
"USW00014922","MINNEAPOLIS ST. PAUL INTERNATIONAL AIRPORT, MN US","1975-10",,"830","0","0","25","0","0.0","0.15","87","654","0.27","66.9","0.0","52.8","64.8","40.8","13752",,,,"180","180",,,,"40.3","34.0"
"USW00014922","MINNEAPOLIS ST. PAUL INTERNATIONAL AIRPORT, MN US","1975-11",,"830","10","4","7","7","8.0","2.01","74","1480","4.80","50.9","16.2","37.5","46.9","28.0","8880",,,,"45","360",,,,"46.1","34.9"
"USW00014922","MINNEAPOLIS ST. PAUL INTERNATIONAL AIRPORT, MN US","1975-12",,"830","31","3","-13","6","2.6","0.48","45","2835","0.79","27.0","5.6","21.3","28.1","14.5","4464",,,,"360","360",,,,"36.7","27.1"
"USW00014922","MINNEAPOLIS ST. PAUL INTERNATIONAL AIRPORT, MN US","1976-01",,"0","31","5","-18","11","4.0","0.23","41","4491","0.87","40.9","12.8","11.6","21.7","1.5","7020",,,,"315","315",,,,"43.6","36.9"
"USW00014922","MINNEAPOLIS ST. PAUL INTERNATIONAL AIRPORT, MN US","1976-02",,"0","20","2","-11","10","3.4","0.18","58","5572","0.59","59.8","5.1","27.7","36.6","18.9","10920",,,,"360","360",,,,"41.4","36.0"
"USW00014922","MINNEAPOLIS ST. PAUL INTERNATIONAL AIRPORT, MN US","1976-03",,"0","18","4","-3","10","5.2","0.54","65","6613","2.83","49.4","13.7","31.4","41.1","21.7","11016",,,,"360","360",,,,"48.3","36.9"
"USW00014922","MINNEAPOLIS ST. PAUL INTERNATIONAL AIRPORT, MN US","1976-04",,"14","0","0","26","0","0.0","0.47","83","7023","0.80","65.1","0.0","51.8","63.9","39.7","15786",,,,"135","180",,,,"48.3","34.9"
"USW00014922","MINNEAPOLIS ST. PAUL INTERNATIONAL AIRPORT, MN US","1976-05",,"26","0","1","32","0","1.2","0.65","85","7226","1.13","74.6","1.2","58.9","70.9","46.8","20562",,,,"225","315",,,,"43.6","32.0"
"USW00014922","MINNEAPOLIS ST. PAUL INTERNATIONAL AIRPORT, MN US","1976-06",,"241","0","0","47","0","0.0","1.45","95","7239","3.86","83.0","0.0","71.7","83.7","59.7","23250",,,,"315","180",,,,"43.6","34.0"
"USW00014922","MINNEAPOLIS ST. PAUL INTERNATIONAL AIRPORT, MN US","1976-07",,"584","0","0","52","0","0.0","0.76","100","0","2.45","87.2","0.0","76.1","88.2","64.0","24726",,,,"315","315",,,,"34.4","29.1"
"USW00014922","MINNEAPOLIS ST. PAUL INTERNATIONAL AIRPORT, MN US","1976-08",,"846","0","0","48","0","0.0","0.65","98","6","1.39","84.5","0.0","73.3","85.4","61.2","22080",,,,"270","225",,,,"41.4","32.0"
"USW00014922","MINNEAPOLIS ST. PAUL INTERNATIONAL AIRPORT, MN US","1976-09",,"915","0","0","34","0","0.0","0.52","98","172","1.43","79.7","0.0","61.8","74.3","49.2","17964",,,,"180","360",,,,"34.4","33.1"
"USW00014922","MINNEAPOLIS ST. PAUL INTERNATIONAL AIRPORT, MN US","1976-10",,"922","0","1","16","0","1.3","0.22","86","812","0.50","61.6","2.3","44.6","55.1","34.0","12654",,,,"270","225",,,,"46.1","31.1"
"USW00014922","MINNEAPOLIS ST. PAUL INTERNATIONAL AIRPORT, MN US","1976-11",,"922","0","0","-6","0","0.7","0.09","61","1914","0.17","61.6","1.5","28.3","37.5","19.1","10644",,,,"315","315",,,,"43.6","29.1"
"USW00014922","MINNEAPOLIS ST. PAUL INTERNATIONAL AIRPORT, MN US","1976-12",,"922","18","3","-23","4","2.2","0.16","44","3509","0.51","54.6","8.3","13.5","23.6","3.5","8958",,,,"315","315",,,,"42.5","25.9"
"USW00014922","MINNEAPOLIS ST. PAUL INTERNATIONAL AIRPORT, MN US","1977-01",,"0","31","4","-32","11","4.0","0.22","33","5516","0.66","59.4","13.5","0.3","10.3","-9.8","9666",,,,"315","315",,,,"42.5","36.9"
"USW00014922","MINNEAPOLIS ST. PAUL INTERNATIONAL AIRPORT, MN US","1977-02",,"0","17","1","-11","9","1.1","0.63","51","6700","0.93","67.3","1.9","22.7","31.5","13.9","11790",,,,"315","315",,,,"42.5","33.1"
"USW00014922","MINNEAPOLIS ST. PAUL INTERNATIONAL AIRPORT, MN US","1977-03",,"0","10","4","8","9","6.9","0.48","68","7551","2.66","55.2","14.6","37.5","45.7","29.3","12252",,,,"225","225",,,,"40.3","32.0"
"USW00014922","MINNEAPOLIS ST. PAUL INTERNATIONAL AIRPORT, MN US","1977-04",,"11","0","1","20","0","1.7","0.32","88","7923","1.85","71.5","1.8","53.0","64.1","41.8","17496",,,,"45","45",,,,"36.7","30.0"
"USW00014922","MINNEAPOLIS ST. PAUL INTERNATIONAL AIRPORT, MN US","1977-05",,"149","0","0","40","0","0.0","1.09","89","8002","2.87","75.2","0.0","66.9","78.7","55.2","20724",,,,"225","315",,,,"46.1","38.0"
"USW00014922","MINNEAPOLIS ST. PAUL INTERNATIONAL AIRPORT, MN US","1977-06",,"270","0","0","49","0","0.0","0.92","92","8021","3.57","67.2","0.0","68.4","78.3","58.5","18798",,,,"158","180",,,,"52.8","38.9"
"USW00014922","MINNEAPOLIS ST. PAUL INTERNATIONAL AIRPORT, MN US","1977-07",,"574","0","0","54","0","0.0","1.34","100","0","3.72","69.9","0.0","74.8","84.9","64.7","19842",,,,"135","315",,,,"38.0","28.0"
"USW00014922","MINNEAPOLIS ST. PAUL INTERNATIONAL AIRPORT, MN US","1977-08",,"648","0","0","41","0","0.0","7.28","89","38","9.31","57.7","0.0","66.1","76.6","55.6","15162",,,,"315","180",,,,"35.6","25.9"
"USW00014922","MINNEAPOLIS ST. PAUL INTERNATIONAL AIRPORT, MN US","1977-09",,"666","0","0","41","0","0.0","1.20","85","191","4.44","44.5","0.0","60.5","69.0","52.0","10182",,,,"225","225",,,,"50.6","33.1"
"USW00014922","MINNEAPOLIS ST. PAUL INTERNATIONAL AIRPORT, MN US","1977-10",,"666","0","1","28","0","2.5","0.88","72","747","2.35","48.9","3.0","47.1","57.2","37.0","10032",,,,"315","270",,,,"43.6","31.1"
"USW00014922","MINNEAPOLIS ST. PAUL INTERNATIONAL AIRPORT, MN US","1977-11",,"666","9","4","-16","9","4.1","0.26","61","1772","1.43","30.5","11.7","30.8","38.9","22.7","5316",,,,"225","270",,,,"55.3","40.9"
"USW00014922","MINNEAPOLIS ST. PAUL INTERNATIONAL AIRPORT, MN US","1977-12",,"666","19","3","-18","9","7.2","0.45","41","3340","1.15","29.8","14.2","14.4","20.9","7.9","4920",,,,"315","315",,,,"35.6","25.9"
"USW00014922","MINNEAPOLIS ST. PAUL INTERNATIONAL AIRPORT, MN US","1978-01",,"0","31","3","-18","8","1.9","0.10","31","5185","0.39","68.7","6.9","5.5","14.4","-3.4","11814",,,,"315","315",,,,"42.5","32.0"
"USW00014922","MINNEAPOLIS ST. PAUL INTERNATIONAL AIRPORT, MN US","1978-02",,"0","28","1","-15","9","1.5","0.10","37","6680","0.24","61.1","4.6","11.6","20.7","2.5","10782",,,,"315","315",,,,"38.0","31.1"
"USW00014922","MINNEAPOLIS ST. PAUL INTERNATIONAL AIRPORT, MN US","1978-03",,"0","20","2","-11","13","3.7","0.45","71","7767","0.79","73.0","8.5","29.9","39.1","20.7","16308",,,,"315","315",,,,"44.7","34.0"
"USW00014922","MINNEAPOLIS ST. PAUL INTERNATIONAL AIRPORT, MN US","1978-04",,"0","0","1","28","0","1.0","0.67","72","8361","3.64","48.8","1.9","45.2","54.1","36.3","11952",,,,"270","270",,,,"50.6","38.9"
"USW00014922","MINNEAPOLIS ST. PAUL INTERNATIONAL AIRPORT, MN US","1978-05",,"70","0","0","29","0","0.0","2.17","96","8530","3.79","71.4","0.0","61.8","72.9","50.7","19698",,,,"225","225",,,,"48.3","33.1"
"USW00014922","MINNEAPOLIS ST. PAUL INTERNATIONAL AIRPORT, MN US","1978-06",,"204","0","0","39","0","0.0","2.88","93","8580","7.09","66.9","0.0","67.8","78.2","57.4","18726",,,,"315","225",,,,"51.7","34.9"
"USW00014922","MINNEAPOLIS ST. PAUL INTERNATIONAL AIRPORT, MN US","1978-07",,"399","0","0","50","0","0.0","0.75","92","6","3.19","69.9","0.0","71.1","80.4","61.8","19110",,,,"225","225",,,,"41.4","27.1"
"USW00014922","MINNEAPOLIS ST. PAUL INTERNATIONAL AIRPORT, MN US","1978-08",,"628","0","0","48","0","0.0","2.80","96","13","5.76","76.6","0.0","72.2","83.2","61.2","20106",,,,"225","225",,,,"46.1","36.0"
"USW00014922","MINNEAPOLIS ST. PAUL INTERNATIONAL AIRPORT, MN US","1978-09",,"790","0","0","39","0","0.0","1.59","96","106","2.48","73.3","0.0","67.3","78.2","56.4","16566",,,,"225","225",,,,"39.1","29.1"
"USW00014922","MINNEAPOLIS ST. PAUL INTERNATIONAL AIRPORT, MN US","1978-10",,"790","0","0","26","0","0.0","0.11","78","577","0.19","60.4","0.0","49.8","60.1","39.5","12240",,,,"180","180",,,,"34.4","27.1"
"USW00014922","MINNEAPOLIS ST. PAUL INTERNATIONAL AIRPORT, MN US","1978-11",,"790","15","4","1","8","8.3","0.73","74","1553","1.84","35.0","16.5","32.5","40.9","24.0","6186",,,,"270","225",,,,"41.4","30.0"
"USW00014922","MINNEAPOLIS ST. PAUL INTERNATIONAL AIRPORT, MN US","1978-12",,"790","31","4","-15","12","4.9","0.33","38","3099","0.88","41.9","15.1","15.1","23.5","6.8","6912",,,,"135","270",,,,"38.0","29.1"
"USW00014922","MINNEAPOLIS ST. PAUL INTERNATIONAL AIRPORT, MN US","1979-01",,"0","31","5","-28","21","3.9","0.30","26","5015","1.09","70.5","14.3","3.2","11.4","-5.0","12078",,,,"315","315",,,,"34.4","21.9"
"USW00014922","MINNEAPOLIS ST. PAUL INTERNATIONAL AIRPORT, MN US","1979-02",,"0","28","3","-27","24","4.2","0.53","38","6556","1.39","64.7","13.5","10.0","19.3","0.7","11358",,,,"315","225",,,,"33.3","23.9"
"USW00014922","MINNEAPOLIS ST. PAUL INTERNATIONAL AIRPORT, MN US","1979-03",,"0","22","4","-3","22","2.9","0.58","45","7677","2.55","37.2","8.5","28.8","35.6","22.1","8238",,,,"45","45",,,,"47.2","36.9"
"USW00014922","MINNEAPOLIS ST. PAUL INTERNATIONAL AIRPORT, MN US","1979-04",,"0","1","0","10","1","0.5","0.17","78","8308","0.66","51.8","0.7","44.0","53.2","34.7","12594",,,,"315","315",,,,"55.3","38.0"
"USW00014922","MINNEAPOLIS ST. PAUL INTERNATIONAL AIRPORT, MN US","1979-05",,"16","0","0","31","0","0.0","0.93","91","8620","4.56","56.8","0.0","55.5","66.8","44.2","15762",,,,"225","225",,,,"52.8","34.9"
"USW00014922","MINNEAPOLIS ST. PAUL INTERNATIONAL AIRPORT, MN US","1979-06",,"125","0","0","41","0","0.0","1.12","95","8661","4.78","57.8","0.0","67.3","78.0","56.6","16188",,,,"225","225",,,,"56.4","36.9"
"USW00014922","MINNEAPOLIS ST. PAUL INTERNATIONAL AIRPORT, MN US","1979-07",,"391","0","0","53","0","0.0","0.76","92","0","2.34","59.4","0.0","73.6","83.5","63.7","16854",,,,"180","225",,,,"41.4","29.1"
"USW00014922","MINNEAPOLIS ST. PAUL INTERNATIONAL AIRPORT, MN US","1979-08",,"567","0","0","48","0","0.0","2.29","96","26","7.05","47.2","0.0","69.8","78.5","61.2","12378",,,,"360","135",,,,"41.4","32.0"
"USW00014922","MINNEAPOLIS ST. PAUL INTERNATIONAL AIRPORT, MN US","1979-09",,"628","0","0","41","0","0.0","1.56","92","136","2.20","68.7","0.0","63.4","74.3","52.5","15492",,,,"225","225",,,,"35.6","25.9"
"USW00014922","MINNEAPOLIS ST. PAUL INTERNATIONAL AIRPORT, MN US","1979-10",,"628","0","0","28","0","0.0","1.05","73","707","3.16","49.4","0.0","46.6","56.2","37.0","10044",,,,"315","135",,,,"38.0","27.1"
"USW00014922","MINNEAPOLIS ST. PAUL INTERNATIONAL AIRPORT, MN US","1979-11",,"628","9","3","9","2","2.6","0.49","65","1706","0.98","38.2","7.7","31.7","39.0","24.4","6582",,,,"270","315",,,,"34.4","25.1"
"USW00014922","MINNEAPOLIS ST. PAUL INTERNATIONAL AIRPORT, MN US","1979-12",,"628","0","0","-7","0","0.9","0.15","54","2916","0.33","42.0","1.7","26.0","34.2","17.7","6930",,,,"315","360",,,,"39.1","30.0"
"USW00014922","MINNEAPOLIS ST. PAUL INTERNATIONAL AIRPORT, MN US","1980-01",,"0","20","6","-15","5","4.1","0.31","48","4458","0.94","53.0","13.0","15.3","23.5","7.0","9210","290",,,"270",,"31.1",,,"50.6",
"USW00014922","MINNEAPOLIS ST. PAUL INTERNATIONAL AIRPORT, MN US","1980-02",,"0","29","3","-9","7","2.0","0.18","38","5901","0.67","71.6","8.9","15.2","23.4","7.1","12966","220",,,"315",,"23.0",,,"35.6",
"USW00014922","MINNEAPOLIS ST. PAUL INTERNATIONAL AIRPORT, MN US","1980-03",,"0","20","6","-3","6","2.8","0.24","56","7072","1.12","60.0","13.8","27.2","36.4","18.1","13272","310",,,"315",,"30.0",,,"48.3",
"USW00014922","MINNEAPOLIS ST. PAUL INTERNATIONAL AIRPORT, MN US","1980-04",,"15","4","2","24","6","5.0","0.48","95","7561","0.83","64.8","8.5","49.2","61.1","37.4","15852","360",,,"360",,"28.0",,,"43.6",
"USW00014922","MINNEAPOLIS ST. PAUL INTERNATIONAL AIRPORT, MN US","1980-05",,"96","0","0","31","0","0.0","1.20","93","7750","2.30","71.8","0.0","61.5","73.8","49.2","19806","270",,,"270",,"32.0",,,"46.1",
"USW00014922","MINNEAPOLIS ST. PAUL INTERNATIONAL AIRPORT, MN US","1980-06",,"211","0","0","45","0","0.0","2.53","92","7787","5.52","67.0","0.0","67.6","78.7","56.5","18780","10",,,"360",,"46.1",,,"63.3",
"USW00014922","MINNEAPOLIS ST. PAUL INTERNATIONAL AIRPORT, MN US","1980-07",,"526","0","0","51","0","0.0","1.15","100","0","2.30","80.6","0.0","75.2","87.1","63.2","22836","350",,,"45",,"42.9",,,"60.8",
"USW00014922","MINNEAPOLIS ST. PAUL INTERNATIONAL AIRPORT, MN US","1980-08",,"713","0","0","54","0","0.0","0.60","92","12","3.26","62.6","0.0","70.6","80.3","60.9","16434","210",,,"203",,"40.9",,,"55.3",
"USW00014922","MINNEAPOLIS ST. PAUL INTERNATIONAL AIRPORT, MN US","1980-09",,"750","0","0","31","0","0.0","1.65","93","215","3.68","54.4","0.0","59.5","69.2","49.8","12360","220",,,"225",,"36.0",,,"54.1",
"USW00014922","MINNEAPOLIS ST. PAUL INTERNATIONAL AIRPORT, MN US","1980-10",,"751","0","0","19","0","0.0","0.33","84","833","0.67","47.0","0.0","45.1","54.2","36.0","9594","320",,,"315",,"25.9",,,"43.6",
"USW00014922","MINNEAPOLIS ST. PAUL INTERNATIONAL AIRPORT, MN US","1980-11",,"751","0","0","14","0","0.8","0.13","63","1685","0.26","50.4","0.9","36.6","45.5","27.6","8646","200",,,"225",,"25.1",,,"36.7",
"USW00014922","MINNEAPOLIS ST. PAUL INTERNATIONAL AIRPORT, MN US","1980-12",,"751","8","0","-12","1","0.9","0.07","49","3087","0.25","37.2","2.8","19.8","27.3","12.2","6108","300",,,"315",,"32.0",,,"44.7",
"USW00014922","MINNEAPOLIS ST. PAUL INTERNATIONAL AIRPORT, MN US","1981-01",,"0","11","2","-13","1","2.0","0.09","57","4545","0.30","79.0","4.6","18.0","28.5","7.5","13596","310",,,"315",,"25.9",,,"36.7",
"USW00014922","MINNEAPOLIS ST. PAUL INTERNATIONAL AIRPORT, MN US","1981-02",,"0","16","6","-20","8","2.1","1.01","60","5712","2.14","66.5","11.0","23.3","32.1","14.6","11580","350",,,"360",,"29.1",,,"42.5",
"USW00014922","MINNEAPOLIS ST. PAUL INTERNATIONAL AIRPORT, MN US","1981-03",,"0","0","0","13","0","0.1","0.35","75","6557","0.72","78.2","0.1","37.7","48.6","26.8","17286","220",,,"180",,"31.1",,,"49.4",
"USW00014922","MINNEAPOLIS ST. PAUL INTERNATIONAL AIRPORT, MN US","1981-04",,"0","2","1","27","1","1.7","0.42","78","7036","2.18","57.6","1.7","49.0","59.5","38.6","13902","300",,,"315",,"29.1",,,"44.7",
"USW00014922","MINNEAPOLIS ST. PAUL INTERNATIONAL AIRPORT, MN US","1981-05",,"9","0","0","30","0","0.0","0.93","83","7292","2.19","63.6","0.0","57.0","67.9","46.2","17526","170",,,"180",,"30.0",,,"40.3",
"USW00014922","MINNEAPOLIS ST. PAUL INTERNATIONAL AIRPORT, MN US","1981-06",,"101","0","0","49","0","0.0","1.64","89","7323","4.43","69.2","0.0","67.0","77.2","56.8","19404","120",,,,,"31.1",,,,
"USW00014922","MINNEAPOLIS ST. PAUL INTERNATIONAL AIRPORT, MN US","1981-07",,"294","0","0","50","0","0.0","2.38","91","13","4.09","73.3","0.0","70.8","80.4","61.3","20784","360",,,"360",,"25.1",,,"41.4",
"USW00014922","MINNEAPOLIS ST. PAUL INTERNATIONAL AIRPORT, MN US","1981-08",,"439","0","0","49","0","0.0","1.23","87","24","4.73","66.7","0.0","69.3","77.8","60.8","17544","170",,,"360",,"23.0",,,"36.7",
"USW00014922","MINNEAPOLIS ST. PAUL INTERNATIONAL AIRPORT, MN US","1981-09",,"466","0","0","33","0","0.0","0.47","89","201","1.46","69.7","0.0","60.0","71.0","49.1","15858","310",,,"315",,"29.1",,,"43.6",
"USW00014922","MINNEAPOLIS ST. PAUL INTERNATIONAL AIRPORT, MN US","1981-10",,"466","0","0","20","0","0.9","0.73","66","771","2.69","40.9","0.9","46.6","55.8","37.4","8382","330",,,"315",,"33.1",,,"46.1",
"USW00014922","MINNEAPOLIS ST. PAUL INTERNATIONAL AIRPORT, MN US","1981-11",,"466","12","3","6","10","6.2","0.87","66","1581","2.17","53.7","14.0","38.0","46.9","29.0","9426","330",,,"270",,"25.1",,,"34.4",
"USW00014922","MINNEAPOLIS ST. PAUL INTERNATIONAL AIRPORT, MN US","1981-12",,"466","31","6","-11","8","2.1","0.20","39","3053","0.93","35.6","10.7","17.5","25.1","9.9","5856","170",,,"315",,"25.9",,,"34.4",
"USW00014922","MINNEAPOLIS ST. PAUL INTERNATIONAL AIRPORT, MN US","1982-01",,"0","31","6","-26","38","17.2","0.89","39","4997","2.45","51.3","46.4","2.3","11.5","-6.9","8880","320",,,"315",,"30.0",,,"43.6",
"USW00014922","MINNEAPOLIS ST. PAUL INTERNATIONAL AIRPORT, MN US","1982-02",,"0","28","3","-22","21","3.1","0.19","49","6376","0.43","70.6","7.4","15.8","24.2","7.3","12366","60",,,"270",,"21.0",,,"31.1",
"USW00014922","MINNEAPOLIS ST. PAUL INTERNATIONAL AIRPORT, MN US","1982-03",,"0","28","3","-3","13","4.7","0.66","59","7492","2.10","58.4","10.9","29.0","35.7","22.2","12900","270",,,"270",,"32.0",,,"54.1",
"USW00014922","MINNEAPOLIS ST. PAUL INTERNATIONAL AIRPORT, MN US","1982-04",,"0","1","3","13","2","1.8","0.70","76","8127","1.62","60.5","4.8","43.8","54.3","33.3","14856","310",,,"315",,"38.9",,,"57.5",
"USW00014922","MINNEAPOLIS ST. PAUL INTERNATIONAL AIRPORT, MN US","1982-05",,"43","0","0","40","0","0.0","1.13","88","8249","4.99","58.8","0.0","62.4","72.0","52.9","16278","180",,,"225",,"29.1",,,"44.7",
"USW00014922","MINNEAPOLIS ST. PAUL INTERNATIONAL AIRPORT, MN US","1982-06",,"80","0","0","41","0","0.0","0.63","91","8326","1.44","74.8","0.0","63.7","75.0","52.3","20934","350",,,"315",,"38.9",,,"49.4",
"USW00014922","MINNEAPOLIS ST. PAUL INTERNATIONAL AIRPORT, MN US","1982-07",,"409","0","0","54","0","0.0","0.36","100","0","0.92","71.2","0.0","75.6","86.6","64.7","20232","210",,,"315",,"30.0",,,"40.3",
"USW00014922","MINNEAPOLIS ST. PAUL INTERNATIONAL AIRPORT, MN US","1982-08",,"634","0","0","48","0","0.0","0.96","98","16","3.80","71.4","0.0","71.8","82.4","61.1","18690","340",,,"360",,"34.9",,,"57.5",
"USW00014922","MINNEAPOLIS ST. PAUL INTERNATIONAL AIRPORT, MN US","1982-09",,"685","0","0","36","0","0.0","0.32","86","190","1.50","50.0","0.0","60.9","69.6","52.2","11268","190",,,"180",,"30.0",,,"41.4",
"USW00014922","MINNEAPOLIS ST. PAUL INTERNATIONAL AIRPORT, MN US","1982-10",,"685","0","0","27","0","0.9","1.72","76","646","3.46","36.0","1.4","50.3","58.9","41.7","7350","10",,,"360",,"31.1",,,"43.6",
"USW00014922","MINNEAPOLIS ST. PAUL INTERNATIONAL AIRPORT, MN US","1982-11",,"685","3","1","5","1","1.2","0.89","60","1651","3.27","35.3","3.6","31.5","38.9","24.0","6066","320",,,"315",,"36.0",,,"50.6",
"USW00014922","MINNEAPOLIS ST. PAUL INTERNATIONAL AIRPORT, MN US","1982-12",,"685","7","3","-2","17","12.0","1.35","63","2871","4.27","33.5","19.3","25.6","33.2","18.1","5544","10",,,"360",,"32.0",,,"43.6",
"USW00014922","MINNEAPOLIS ST. PAUL INTERNATIONAL AIRPORT, MN US","1983-01",,"0","31","0","-7","14","0.9","0.32","38","4280","0.67","42.8","3.2","19.6","27.0","12.1","7386","330",,,"315",,"29.1",,,"41.4",
"USW00014922","MINNEAPOLIS ST. PAUL INTERNATIONAL AIRPORT, MN US","1983-02",,"0","28","3","-8","14","6.2","0.80","46","5347","1.20","35.4","10.8","26.9","32.1","21.6","6216","360",,,"360",,"30.0",,,"42.5",
"USW00014922","MINNEAPOLIS ST. PAUL INTERNATIONAL AIRPORT, MN US","1983-03",,"0","12","5","15","6","4.0","0.97","61","6303","3.22","48.0","14.3","34.2","40.5","27.9","10716","120",,,"135",,"29.1",,,"43.6",
"USW00014922","MINNEAPOLIS ST. PAUL INTERNATIONAL AIRPORT, MN US","1983-04",,"0","10","3","21","10","13.6","1.56","72","6985","3.97","64.1","21.8","42.3","50.9","33.6","15750","350",,,"360",,"34.9",,,"52.8",
"USW00014922","MINNEAPOLIS ST. PAUL INTERNATIONAL AIRPORT, MN US","1983-05",,"0","0","0","34","0","0.0","1.27","78","7307","6.20","69.5","0.0","54.6","64.8","44.4","19524","20",,,"45",,"33.1",,,"44.7",
"USW00014922","MINNEAPOLIS ST. PAUL INTERNATIONAL AIRPORT, MN US","1983-06",,"141","0","0","42","0","0.0","0.83","91","7359","5.22","66.2","0.0","68.0","78.0","58.0","18576","300",,,"315",,"34.9",,,"40.3",
"USW00014922","MINNEAPOLIS ST. PAUL INTERNATIONAL AIRPORT, MN US","1983-07",,"521","0","0","54","0","0.0","1.65","96","2","3.08","82.1","0.0","77.2","87.0","67.4","23262","350",,,"360",,"40.9",,,"63.3",
"USW00014922","MINNEAPOLIS ST. PAUL INTERNATIONAL AIRPORT, MN US","1983-08",,"884","0","0","57","0","0.0","1.10","97","2","3.11","80.2","0.0","76.7","87.0","66.5","21000","200",,,"225",,"44.1",,,"59.7",
"USW00014922","MINNEAPOLIS ST. PAUL INTERNATIONAL AIRPORT, MN US","1983-09",,"980","0","0","30","0","0.0","1.39","93","168","3.34","65.2","0.0","62.6","71.6","53.6","14730","170",,,"270",,"30.0",,,"44.7",
"USW00014922","MINNEAPOLIS ST. PAUL INTERNATIONAL AIRPORT, MN US","1983-10",,"987","0","0","27","0","0.0","1.45","78","691","2.61","47.9","0.0","48.4","56.4","40.3","9762","290",,,"315",,"25.9",,,"39.1",
"USW00014922","MINNEAPOLIS ST. PAUL INTERNATIONAL AIRPORT, MN US","1983-11",,"987","7","5","12","15","11.4","1.00","61","1621","4.93","21.1","30.4","34.0","39.0","29.0","3684","70",,,"315",,"30.0",,,"43.6",
"USW00014922","MINNEAPOLIS ST. PAUL INTERNATIONAL AIRPORT, MN US","1983-12",,"987","31","7","-29","21","6.3","0.41","30","3522","1.54","45.2","21.1","3.6","11.1","-3.8","7446","310",,,"315",,"25.9",,,"39.1",
"USW00014922","MINNEAPOLIS ST. PAUL INTERNATIONAL AIRPORT, MN US","1984-01","10.1","0","31","3","-25","19","3.0","0.25","43","5167","0.88",,"10.8","11.9","20.1","3.8","7379","310",,,"315",,"29.1",,,"43.6",
"USW00014922","MINNEAPOLIS ST. PAUL INTERNATIONAL AIRPORT, MN US","1984-02","10.7","0","29","5","-11","18","3.2","0.52","46","6257","1.64",,"9.3","27.4","33.8","21.1","8262","340",,,"360",,"34.9",,,"48.3",
"USW00014922","MINNEAPOLIS ST. PAUL INTERNATIONAL AIRPORT, MN US","1984-03","11.6","0","22","5","-8","10","9.6","0.80","50","7503","1.48",,"17.3","24.8","32.8","16.8","13206","320",,,"135",,"31.1",,,"42.5",
"USW00014922","MINNEAPOLIS ST. PAUL INTERNATIONAL AIRPORT, MN US","1984-04","14.8","0","1","2","27","4","6.6","1.21","79","8040","3.86",,"9.8","47.1","56.9","37.3","15353","190",,,"225",,"40.9",,,"60.8",
"USW00014922","MINNEAPOLIS ST. PAUL INTERNATIONAL AIRPORT, MN US","1984-05","11.9","12","1","0","33","2","0.0","0.75","87","8331","2.30",,"0.0","56.0","66.3","45.8","20375","310",,,"315",,"33.1",,,"49.4",
"USW00014922","MINNEAPOLIS ST. PAUL INTERNATIONAL AIRPORT, MN US","1984-06","12.1","161","0","0","51","0","0.0","2.91","90","8338","7.96",,"0.0","69.7","78.8","60.6","19619","320",,,"315",,"34.9",,,"49.4",
"USW00014922","MINNEAPOLIS ST. PAUL INTERNATIONAL AIRPORT, MN US","1984-07","10.7","390","0","0","48","0","0.0","1.15","94","6","3.03",,"0.0","72.2","82.6","61.8","22779","350",,,"315",,"30.0",,,"50.6",
"USW00014922","MINNEAPOLIS ST. PAUL INTERNATIONAL AIRPORT, MN US","1984-08","9.6","665","0","0","50","0","0.0","2.29","92","18","5.15",,"0.0","73.4","82.7","64.2","20976","330",,,"360",,"34.9",,,"57.5",
"USW00014922","MINNEAPOLIS ST. PAUL INTERNATIONAL AIRPORT, MN US","1984-09","11.0","688","0","0","28","0","0.0","1.20","91","276","2.66",,"0.0","57.2","67.2","47.2","15136","70",,,"360",,"29.1",,,"41.4",
"USW00014922","MINNEAPOLIS ST. PAUL INTERNATIONAL AIRPORT, MN US","1984-10","13.4","688","0","0","24","0","0.3","2.10","73","719","5.49",,"0.3","50.7","58.7","42.8","6571","240",,,"270",,"31.1",,,"47.2",
"USW00014922","MINNEAPOLIS ST. PAUL INTERNATIONAL AIRPORT, MN US","1984-11","11.9","688","3","1","12","1","2.0","0.20","59","1669","0.31",,"2.0","33.3","41.6","25.0","7268","320",,,"45",,"30.0",,,"42.5",
"USW00014922","MINNEAPOLIS ST. PAUL INTERNATIONAL AIRPORT, MN US","1984-12","11.4","688","23","7","-9","5","3.1","0.83","47","3128","2.24",,"16.3","17.9","26.2","9.6","7786","300",,,"270",,"34.9",,,"47.2",
"USW00014922","MINNEAPOLIS ST. PAUL INTERNATIONAL AIRPORT, MN US","1985-01","12.3","0","31","6","-25","7","2.9","0.22","39","4830","0.88",,"13.1","10.1","20.3","-0.1","12997","340",,,"315",,"42.9",,,"57.5",
"USW00014922","MINNEAPOLIS ST. PAUL INTERNATIONAL AIRPORT, MN US","1985-02","11.0","0","25","1","-19","9","2.5","0.21","54","6190","0.50",,"4.3","16.4","24.9","8.0","11990","300",,,"315",,"28.0",,,"39.1",
"USW00014922","MINNEAPOLIS ST. PAUL INTERNATIONAL AIRPORT, MN US","1985-03","13.2","0","15","5","7","14","14.7","1.25","67","7101","4.48",,"36.8","35.6","43.8","27.4","16243","80",,,"90",,"33.1",,,"50.6",
"USW00014922","MINNEAPOLIS ST. PAUL INTERNATIONAL AIRPORT, MN US","1985-04","13.4","21","3","0","21","10","0.0","0.65","89","7511","1.81",,"0.0","52.1","63.1","41.0","18789","250",,,"225",,"33.1",,,"56.4",
"USW00014922","MINNEAPOLIS ST. PAUL INTERNATIONAL AIRPORT, MN US","1985-05","11.6","63","0","0","40","0","0.0","1.15","87","7640","3.65",,"0.0","62.2","72.8","51.6","22947","350",,,"360",,"34.9",,,"66.7",
"USW00014922","MINNEAPOLIS ST. PAUL INTERNATIONAL AIRPORT, MN US","1985-06","11.2","137","0","0","39","0","0.0","0.92","102","7747","2.19",,"0.0","63.9","74.2","53.6","24099","180",,,"270",,"31.1",,,"48.3",
"USW00014922","MINNEAPOLIS ST. PAUL INTERNATIONAL AIRPORT, MN US","1985-07","10.7","413","0","0","54","0","0.0","1.44","97","0","2.20",,"0.0","73.9","85.2","62.6","25447","220",,,"360",,"28.0",,,"42.5",
"USW00014922","MINNEAPOLIS ST. PAUL INTERNATIONAL AIRPORT, MN US","1985-08","11.2","524","0","0","51","0","0.0","2.42","90","29","5.03",,"0.0","67.6","76.4","58.9","18038","160",,,"180",,"38.9",,,"46.1",
"USW00014922","MINNEAPOLIS ST. PAUL INTERNATIONAL AIRPORT, MN US","1985-09","12.1","616","0","0","33","0","0.4","1.00","93","273","4.37",,"0.4","59.9","68.5","51.3","13071","190",,,"180",,"32.0",,,"48.3",
"USW00014922","MINNEAPOLIS ST. PAUL INTERNATIONAL AIRPORT, MN US","1985-10","11.2","616","0","0","29","0","0.0","1.83","70","815","3.66",,"0.0","47.5","57.3","37.7","8979","320",,,"315",,"32.0",,,"51.7",
"USW00014922","MINNEAPOLIS ST. PAUL INTERNATIONAL AIRPORT, MN US","1985-11","10.7","616","13","8","-12","7","7.5","0.48","57","2022","1.71",,"23.9","24.8","32.3","17.3","4424","280",,,"270",,"30.0",,,"38.0",
"USW00014922","MINNEAPOLIS ST. PAUL INTERNATIONAL AIRPORT, MN US","1985-12","11.2","616","31","3","-17","17","8.4","0.83","39","3799","1.21",,"13.5","7.6","17.2","-1.9","8914","360",,,"315",,"30.0",,,"43.6",
"USW00014922","MINNEAPOLIS ST. PAUL INTERNATIONAL AIRPORT, MN US","1986-01","11.9","0","31","4","-18","13","3.4","0.30","44","5272","0.90",,"10.3","17.5","24.8","10.2","10121","320",,,"315",,"51.0",,,"66.7",
"USW00014922","MINNEAPOLIS ST. PAUL INTERNATIONAL AIRPORT, MN US","1986-02","9.4","0","28","4","-13","18","4.2","0.28","36","6654","0.85",,"12.4","15.6","22.6","8.7","7805","360",,,"360",,"23.0",,,"39.1",
"USW00014922","MINNEAPOLIS ST. PAUL INTERNATIONAL AIRPORT, MN US","1986-03","12.3","0","24","2","-5","16","7.0","0.83","83","7618","2.04",,"8.7","33.9","42.8","24.9","14151","190",,,"225",,"31.1",,,"54.1",
"USW00014922","MINNEAPOLIS ST. PAUL INTERNATIONAL AIRPORT, MN US","1986-04","13.9","0","0","0","27","0","0.4","1.77","75","8081","5.89",,"0.4","49.6","59.1","40.1","15242","300",,,"180",,"31.1",,,"44.7",
"USW00014922","MINNEAPOLIS ST. PAUL INTERNATIONAL AIRPORT, MN US","1986-05","10.7","43","0","0","36","0","0.0","1.40","90","8297","3.48",,"0.0","59.4","69.6","49.2","21816","230",,,"270",,"34.9",,,"51.7",
"USW00014922","MINNEAPOLIS ST. PAUL INTERNATIONAL AIRPORT, MN US","1986-06","11.9","184","0","0","45","0","0.0","2.29","93","8329","5.34",,"0.0","68.6","79.0","58.2","22519","350",,,"360",,"28.0",,,"40.3",
"USW00014922","MINNEAPOLIS ST. PAUL INTERNATIONAL AIRPORT, MN US","1986-07","9.8","459","0","0","58","0","0.0","0.80","92","0","4.10",,"0.0","73.9","82.6","65.2","22860","260",,,"315",,"34.9",,,"46.1",
"USW00014922","MINNEAPOLIS ST. PAUL INTERNATIONAL AIRPORT, MN US","1986-08","10.1","569","0","0","44","0","0.0","1.60","90","47","4.44",,"0.0","67.0","76.9","57.2","21505","200",,,"180",,"32.0",,,"51.7",
"USW00014922","MINNEAPOLIS ST. PAUL INTERNATIONAL AIRPORT, MN US","1986-09","10.3","598","0","0","41","0","0.0","2.07","85","231","6.91",,"0.0","59.8","67.8","51.8","12631","310",,,"315",,"33.1",,,"42.5",
"USW00014922","MINNEAPOLIS ST. PAUL INTERNATIONAL AIRPORT, MN US","1986-10","9.6","598","0","0","32","0","0.0","1.09","73","720","1.77",,"0.0","49.2","58.4","40.0","9188","180",,,"135",,"32.0",,,"46.1",
"USW00014922","MINNEAPOLIS ST. PAUL INTERNATIONAL AIRPORT, MN US","1986-11","11.9","598","14","2","-1","3","1.6","0.20","58","1825","0.62",,"4.4","28.2","37.1","19.3","6826","250",,,"270",,"40.9",,,"65.5",
"USW00014922","MINNEAPOLIS ST. PAUL INTERNATIONAL AIRPORT, MN US","1986-12","9.8","598","12","1","-6","2","2.1","0.16","40","3075","0.31",,"4.2","24.7","31.3","18.0","8667","310",,,"315",,"25.1",,,"42.5",
"USW00014922","MINNEAPOLIS ST. PAUL INTERNATIONAL AIRPORT, MN US","1987-01","9.8","0","12","1","-14","4","4.1","0.41","48","4432","0.63",,"5.6","21.2","29.0","13.4","9983","350",,,"315",,"25.1",,,"38.0",
"USW00014922","MINNEAPOLIS ST. PAUL INTERNATIONAL AIRPORT, MN US","1987-02","10.1","0","5","1","13","3","1.0","0.10","53","5366","0.13",,"1.2","31.6","41.1","22.2","13861","340",,,"315",,"36.9",,,"55.3",
"USW00014922","MINNEAPOLIS ST. PAUL INTERNATIONAL AIRPORT, MN US","1987-03","13.0","0","3","1","14","2","1.7","0.17","73","6184","0.64",,"2.1","38.6","47.7","29.6","17279","100",,,"45",,"32.0",,,"43.6",
"USW00014922","MINNEAPOLIS ST. PAUL INTERNATIONAL AIRPORT, MN US","1987-04","11.0","11","0","0","18","0","0.0","0.11","87","6540","0.16",,"0.0","53.5","66.9","40.1","21266","40",,,"360",,"32.0",,,"44.7",
"USW00014922","MINNEAPOLIS ST. PAUL INTERNATIONAL AIRPORT, MN US","1987-05","11.6","102","0","0","39","0","0.0","0.52","93","6679","1.88",,"0.0","63.4","74.6","52.2","17895","260",,,"270",,"25.1",,,"44.7",
"USW00014922","MINNEAPOLIS ST. PAUL INTERNATIONAL AIRPORT, MN US","1987-06","11.0","349","0","0","43","0","0.0","0.69","99","6693","1.96",,"0.0","72.8","84.5","61.0","21804","10",,,"315",,"34.9",,,"47.2",
"USW00014922","MINNEAPOLIS ST. PAUL INTERNATIONAL AIRPORT, MN US","1987-07","10.7","692","0","0","51","0","0.0","9.15","94","2","17.89",,"0.0","76.0","85.8","66.2","22008","320",,,"315",,"36.9",,,"48.3",
"USW00014922","MINNEAPOLIS ST. PAUL INTERNATIONAL AIRPORT, MN US","1987-08","8.9","846","0","0","47","0","0.0","2.22","96","34","3.67",,"0.0","69.0","77.2","60.7","18797","300",,,"315",,"25.9",,,"44.7",
"USW00014922","MINNEAPOLIS ST. PAUL INTERNATIONAL AIRPORT, MN US","1987-09","8.9","881","0","0","43","0","0.0","0.34","88","145","1.28",,"0.0","62.4","72.8","52.1","16596","190",,,"180",,"23.9",,,"32.2",
"USW00014922","MINNEAPOLIS ST. PAUL INTERNATIONAL AIRPORT, MN US","1987-10","10.5","881","0","0","23","0","0.3","0.31","79","779","0.61",,"0.3","44.5","54.1","35.0","9545","320",,,"315",,"32.0",,,"52.8",
"USW00014922","MINNEAPOLIS ST. PAUL INTERNATIONAL AIRPORT, MN US","1987-11","10.1","881","2","2","16","1","2.8","1.08","63","1593","2.07",,"4.5","37.9","45.8","30.0","8853","300",,,"315",,"25.9",,,"39.1",
"USW00014922","MINNEAPOLIS ST. PAUL INTERNATIONAL AIRPORT, MN US","1987-12","11.0","881","24","3","-6","5","2.7","0.44","45","2836","1.26",,"7.5","24.9","31.1","18.8","7000","290",,,"270",,"30.0",,,"39.1",
"USW00014922","MINNEAPOLIS ST. PAUL INTERNATIONAL AIRPORT, MN US","1988-01","10.7","0","31","6","-18","14","7.5","0.57","39","4529","1.37",,"19.5","10.4","19.7","1.1","11462","350",,,"360",,"32.0",,,"43.6",
"USW00014922","MINNEAPOLIS ST. PAUL INTERNATIONAL AIRPORT, MN US","1988-02","10.7","0","28","1","-16","10","3.2","0.20","47","6012","0.30",,"4.5","13.8","22.6","5.1","14383","310",,,"315",,"31.1",,,"42.5",
"USW00014922","MINNEAPOLIS ST. PAUL INTERNATIONAL AIRPORT, MN US","1988-03","12.3","0","5","1","12","2","1.5","0.64","59","6982","1.33",,"3.7","33.7","42.3","25.1","14823","250",,,"270",,"30.0",,,"59.7",
"USW00014922","MINNEAPOLIS ST. PAUL INTERNATIONAL AIRPORT, MN US","1988-04","10.3","1","0","1","25","0","1.6","0.54","77","7512","1.58",,"2.4","47.4","59.2","35.5","17180","150",,,"135",,"30.0",,,"40.3",
"USW00014922","MINNEAPOLIS ST. PAUL INTERNATIONAL AIRPORT, MN US","1988-05","11.4","95","0","0","37","0","0.0","0.47","92","7595","1.70",,"0.0","65.4","78.3","52.5","22329","170",,,"360",,"31.1",,,"50.6",
"USW00014922","MINNEAPOLIS ST. PAUL INTERNATIONAL AIRPORT, MN US","1988-06","11.0","382","0","0","47","0","0.0","0.11","101","7599","0.22",,"0.0","74.4","86.9","61.9","24521","200",,,"180",,"25.1",,,"39.1",
"USW00014922","MINNEAPOLIS ST. PAUL INTERNATIONAL AIRPORT, MN US","1988-07","9.8","788","0","0","55","0","0.0","0.73","105","1","1.17",,"0.0","78.0","90.2","65.9","23885","200",,,"315",,"25.1",,,"38.0",
"USW00014922","MINNEAPOLIS ST. PAUL INTERNATIONAL AIRPORT, MN US","1988-08","10.7","1082","0","0","46","0","0.0","1.03","101","19","4.29",,"0.0","73.9","84.7","63.1","20582","280",,,"270",,"38.9",,,"71.4",
"USW00014922","MINNEAPOLIS ST. PAUL INTERNATIONAL AIRPORT, MN US","1988-09","10.7","1126","0","0","42","0","0.0","1.47","89","141","2.79",,"0.0","62.4","73.0","51.7","14306","180",,,"180",,"36.0",,,"43.6",
"USW00014922","MINNEAPOLIS ST. PAUL INTERNATIONAL AIRPORT, MN US","1988-10","10.5","1126","0","0","16","0","0.2","0.38","76","794","0.80",,"0.2","44.0","54.5","33.4","15141","300",,,"315",,"30.0",,,"48.3",
"USW00014922","MINNEAPOLIS ST. PAUL INTERNATIONAL AIRPORT, MN US","1988-11","11.4","1126","13","5","5","3","4.7","0.61","55","1763","2.86",,"15.9","32.7","39.7","25.7","9060","320",,,"315",,"30.0",,,"42.5",
"USW00014922","MINNEAPOLIS ST. PAUL INTERNATIONAL AIRPORT, MN US","1988-12","10.7","1126","14","2","-8","5","5.1","0.46","45","3142","0.67",,"7.3","20.5","29.6","11.4","9966","280",,,"135",,"31.1",,,"40.3",
"USW00014922","MINNEAPOLIS ST. PAUL INTERNATIONAL AIRPORT, MN US","1989-01","10.5","0","29","2","-14","8","3.6","0.30","48","4501","0.52",,"6.0","21.2","30.7","11.6","9908","260",,,"315",,"32.0",,,"38.0",
"USW00014922","MINNEAPOLIS ST. PAUL INTERNATIONAL AIRPORT, MN US","1989-02","11.2","0","27","8","-24","9","4.0","0.21","38","6082","1.04",,"17.3","8.5","18.0","-1.0","13233","320",,,"315",,"28.0",,,"36.7",
"USW00014922","MINNEAPOLIS ST. PAUL INTERNATIONAL AIRPORT, MN US","1989-03","10.5","0","25","5","-3","13","8.5","0.81","71","7273","2.19",,"22.7","26.6","34.0","19.2","15735","10",,,"360",,"30.0",,,"50.6",
"USW00014922","MINNEAPOLIS ST. PAUL INTERNATIONAL AIRPORT, MN US","1989-04","12.3","0","1","0","18","1","0.5","0.54","73","7865","2.67",,"0.8","45.3","55.7","34.8","16825","320",,,"315",,"28.0",,,"38.0",
"USW00014922","MINNEAPOLIS ST. PAUL INTERNATIONAL AIRPORT, MN US","1989-05","9.8","24","0","0","25","0","0.1","0.90","83","8122","3.38",,"0.1","57.5","68.9","46.1","17964","310",,,"360",,"28.0",,,"54.1",
"USW00014922","MINNEAPOLIS ST. PAUL INTERNATIONAL AIRPORT, MN US","1989-06","9.4","171","0","0","41","0","0.0","0.97","92","8169","3.50",,"0.0","68.3","79.4","57.3","16120","260",,,"225",,"32.0",,,"49.4",
"USW00014922","MINNEAPOLIS ST. PAUL INTERNATIONAL AIRPORT, MN US","1989-07","8.7","524","0","0","57","0","0.0","1.72","97","0","3.50",,"0.0","76.4","86.5","66.2","18521","150",,,,,"21.9",,,,
"USW00014922","MINNEAPOLIS ST. PAUL INTERNATIONAL AIRPORT, MN US","1989-08","9.2","709","0","0","49","0","0.0","1.28","94","6","2.93",,"0.0","70.8","80.5","61.0","19016","20",,,"360",,"30.0",,,"49.4",
"USW00014922","MINNEAPOLIS ST. PAUL INTERNATIONAL AIRPORT, MN US","1989-09","9.4","749","0","0","34","0","0.0","0.60","85","169","1.28",,"0.0","60.9","72.2","49.5","17448","350",,,"360",,"32.0",,,"51.7",
"USW00014922","MINNEAPOLIS ST. PAUL INTERNATIONAL AIRPORT, MN US","1989-10","9.8","756","0","0","23","0","0.0","0.18","85","646","0.53",,"0.0","49.9","62.0","37.7","12710","180",,,"180",,"29.1",,,"39.1",
"USW00014922","MINNEAPOLIS ST. PAUL INTERNATIONAL AIRPORT, MN US","1989-11","11.2","756","13","5","0","5","4.8","0.33","56","1757","1.39",,"11.2","27.9","36.8","19.1","5629","300",,,"315",,"32.0",,,"40.3",
"USW00014922","MINNEAPOLIS ST. PAUL INTERNATIONAL AIRPORT, MN US","1989-12","11.2","756","19","3","-22","3","1.6","0.10","45","3444","0.43",,"7.0","10.6","18.5","2.6","8752","340",,,"315",,"34.9",,,"48.3",
"USW00014922","MINNEAPOLIS ST. PAUL INTERNATIONAL AIRPORT, MN US","1990-01","11.4","0","9","0","3","3","0.9","0.09","49","4646","0.10",,"1.1","26.2","35.3","17.1","8560","290",,,"270",,"38.0",,,"52.8",
"USW00014922","MINNEAPOLIS ST. PAUL INTERNATIONAL AIRPORT, MN US","1990-02","11.2","0","13","4","-7","6","3.4","0.29","59","5803","0.77",,"10.7","23.7","33.6","13.7","13586","330",,,"360",,"31.1",,,"39.1",
"USW00014922","MINNEAPOLIS ST. PAUL INTERNATIONAL AIRPORT, MN US","1990-03","11.4","0","1","1","11","1","1.7","1.30","69","6712","3.66",,"3.2","35.7","44.7","26.6","13326","230",,,"225",,"31.1",,,"48.3",
"USW00014922","MINNEAPOLIS ST. PAUL INTERNATIONAL AIRPORT, MN US","1990-04","12.8","27","0","1","17","0","1.4","1.24","86","7287","3.80",,"2.2","46.8","57.9","35.6","16560","170",,,"225",,"32.0",,,"54.1",
"USW00014922","MINNEAPOLIS ST. PAUL INTERNATIONAL AIRPORT, MN US","1990-05","9.8","37","0","0","28","0","0.0","0.68","90","7566","3.36",,"0.0","56.3","66.6","45.9","18075","100",,,"90",,"30.0",,,"44.7",
"USW00014922","MINNEAPOLIS ST. PAUL INTERNATIONAL AIRPORT, MN US","1990-06","11.0","211","0","0","38","0","0.0","1.54","91","7605","9.81",,"0.0","69.5","79.6","59.4","20467","180",,,"180",,"34.9",,,"50.6",
"USW00014922","MINNEAPOLIS ST. PAUL INTERNATIONAL AIRPORT, MN US","1990-07","9.2","408","0","0","50","0","0.0","2.44","100","3","5.07",,"0.0","71.3","80.8","61.7","21882","110",,,"315",,"25.9",,,"39.1",
"USW00014922","MINNEAPOLIS ST. PAUL INTERNATIONAL AIRPORT, MN US","1990-08","9.4","589","0","0","52","0","0.0","1.19","89","10","1.71",,"0.0","70.6","80.0","61.2","19882","340",,,"360",,"30.0",,,"41.4",
"USW00014922","MINNEAPOLIS ST. PAUL INTERNATIONAL AIRPORT, MN US","1990-09","10.1","709","0","0","36","0","0.0","0.58","90","150","1.88",,"0.0","64.4","74.8","53.9","17456","20",,,"360",,"28.0",,,"40.3",
"USW00014922","MINNEAPOLIS ST. PAUL INTERNATIONAL AIRPORT, MN US","1990-10","10.1","710","0","0","26","0","0.0","0.46","82","674","1.24",,"0.0","48.1","59.7","36.5","14543","270",,,"315",,"30.0",,,"43.6",
"USW00014922","MINNEAPOLIS ST. PAUL INTERNATIONAL AIRPORT, MN US","1990-11","10.7","710","4","2","8","2","2.9","0.30","71","1501","0.65",,"5.0","37.4","46.9","27.9","8769","210",,,"225",,"30.0",,,"42.5",
"USW00014922","MINNEAPOLIS ST. PAUL INTERNATIONAL AIRPORT, MN US","1990-12","10.7","710","21","4","-24","7","3.8","0.29","51","2992","1.02",,"11.8","16.9","25.9","7.9","9018","280",,,"270",,"25.9",,,"40.3",
"USW00014922","MINNEAPOLIS ST. PAUL INTERNATIONAL AIRPORT, MN US","1991-01","11.0","0","31","2","-14","8","1.9","0.13","39","4621","0.50",,"6.6","12.5","21.0","3.9","8192","300",,,"315",,"29.1",,,"38.0",
"USW00014922","MINNEAPOLIS ST. PAUL INTERNATIONAL AIRPORT, MN US","1991-02","9.4","0","16","4","-10","8","5.2","0.42","50","5758","1.03",,"14.2","24.4","34.5","14.3","12180","320",,,"315",,"29.1",,,"40.3",
"USW00014922","MINNEAPOLIS ST. PAUL INTERNATIONAL AIRPORT, MN US","1991-03","11.9","0","9","2","4","4","1.7","0.84","74","6710","2.29",,"4.4","34.3","43.3","25.3","12002","120",,,"315",,"28.0",,,"42.5",
"USW00014922","MINNEAPOLIS ST. PAUL INTERNATIONAL AIRPORT, MN US","1991-04","11.2","7","0","1","22","0","1.1","1.30","86","7195","3.59",,"1.5","49.1","59.8","38.4","13609","190",,,"270",,"32.0",,,"41.4",
"USW00014922","MINNEAPOLIS ST. PAUL INTERNATIONAL AIRPORT, MN US","1991-05","10.3","111","0","0","35","0","0.3","1.84","90","7395","6.35",,"0.3","61.9","70.1","53.7","12092","320",,,"315",,"32.0",,,"56.4",
"USW00014922","MINNEAPOLIS ST. PAUL INTERNATIONAL AIRPORT, MN US","1991-06","9.6","349","0","0","52","0","0.0","1.48","95","7399","2.57",,"0.0","72.8","82.9","62.8","19963","340",,,"360",,"25.1",,,"40.3",
"USW00014922","MINNEAPOLIS ST. PAUL INTERNATIONAL AIRPORT, MN US","1991-07","8.5","582","0","0","53","0","0.0","0.64","94","7","2.94",,"0.0","72.2","81.1","63.4","20565","140",,,"360",,"25.1",,,"34.4",
"USW00014922","MINNEAPOLIS ST. PAUL INTERNATIONAL AIRPORT, MN US","1991-08","10.3","779","0","0","50","0","0.0","0.85","92","16","3.14",,"0.0","71.1","80.9","61.3","17668","90",,,"315",,"28.0",,,"38.0",
"USW00014922","MINNEAPOLIS ST. PAUL INTERNATIONAL AIRPORT, MN US","1991-09","11.6","829","0","0","29","0","0.0","1.58","85","248","5.43",,"0.0","58.9","68.3","49.6","12708","300",,,"315",,"34.9",,,"46.1",
"USW00014922","MINNEAPOLIS ST. PAUL INTERNATIONAL AIRPORT, MN US","1991-10","12.5","829","0","1","22","0","8.2","0.85","79","802","2.52",,"8.2","47.1","57.4","36.9","11424","330",,,"315",,"32.0",,,"42.5",
"USW00014922","MINNEAPOLIS ST. PAUL INTERNATIONAL AIRPORT, MN US","1991-11","11.4","829","27","8","-6","23","18.5","1.85","49","2016","5.30",,"46.9","24.5","31.3","17.7","8657","320",,,"315",,"32.0",,,"41.4",
"USW00014922","MINNEAPOLIS ST. PAUL INTERNATIONAL AIRPORT, MN US","1991-12","8.7","829","31","3","-11","21","2.8","0.49","44","3375","1.05",,"6.8","21.1","29.4","12.9","9226","300",,,"270",,"23.0",,,"38.0",
"USW00014922","MINNEAPOLIS ST. PAUL INTERNATIONAL AIRPORT, MN US","1992-01","9.8","0","31","2","-14","10","2.3","0.23","40","4713","0.66",,"5.0","21.9","29.4","14.4","8280","310",,,"315",,"31.1",,,"41.4",
"USW00014922","MINNEAPOLIS ST. PAUL INTERNATIONAL AIRPORT, MN US","1992-02","9.8","0","29","2","2","8","3.3","0.33","45","5787","0.57",,"5.9","28.0","33.9","22.1","9162","320",,,"315",,"29.1",,,"38.0",
"USW00014922","MINNEAPOLIS ST. PAUL INTERNATIONAL AIRPORT, MN US","1992-03","9.6","0","11","4","10","5","3.9","0.39","59","6776","1.56",,"10.8","33.1","40.9","25.2","14650","330",,,"360",,"23.0",,,"32.2",
"USW00014922","MINNEAPOLIS ST. PAUL INTERNATIONAL AIRPORT, MN US","1992-04","11.4","2","1","0","17","1","0.6","0.53","82","7420","2.00",,"0.6","43.6","52.2","35.1","12493","150",,,"135",,"28.0",,,"38.0",
"USW00014922","MINNEAPOLIS ST. PAUL INTERNATIONAL AIRPORT, MN US","1992-05","11.2","54","0","0","34","0","0.0","0.40","87","7611","1.15",,"0.0","60.5","72.3","48.6","21494","170",,,"270",,"30.0",,,"49.4",
"USW00014922","MINNEAPOLIS ST. PAUL INTERNATIONAL AIRPORT, MN US","1992-06","9.8","146","0","0","39","0","0.0","1.49","92","7686","3.68",,"0.0","65.6","76.3","54.8","19123","220",,,"180",,"34.9",,,"50.6",
"USW00014922","MINNEAPOLIS ST. PAUL INTERNATIONAL AIRPORT, MN US","1992-07","9.4","207","0","0","50","0","0.0","2.18","88","37","5.22",,"0.0","65.8","74.7","56.8","19211","260",,,"270",,"23.9",,,"33.3",
"USW00014922","MINNEAPOLIS ST. PAUL INTERNATIONAL AIRPORT, MN US","1992-08","9.2","290","0","0","45","0","0.0","1.54","91","92","4.54",,"0.0","65.9","75.8","56.1","19528","260",,,"225",,"29.1",,,"39.1",
"USW00014922","MINNEAPOLIS ST. PAUL INTERNATIONAL AIRPORT, MN US","1992-09","11.6","317","0","0","33","0","0.0","2.59","83","281","5.20",,"0.0","59.6","69.8","49.3","14574","320",,,"315",,"29.1",,,"40.3",
"USW00014922","MINNEAPOLIS ST. PAUL INTERNATIONAL AIRPORT, MN US","1992-10","9.8","319","0","0","22","0","0.5","0.69","84","829","2.11",,"1.3","47.4","57.0","37.7","11685","290",,,"180",,"23.0",,,"32.2",
"USW00014922","MINNEAPOLIS ST. PAUL INTERNATIONAL AIRPORT, MN US","1992-11","9.4","319","9","4","16","6","5.3","0.63","48","1838","1.95",,"12.3","31.3","35.9","26.8","2514","310",,,"315",,"28.0",,,"41.4",
"USW00014922","MINNEAPOLIS ST. PAUL INTERNATIONAL AIRPORT, MN US","1992-12","10.5","319","22","5","-12","5","2.2","0.27","42","3196","1.05",,"9.2","21.2","28.6","13.8","5164","290",,,,,"32.0",,,,
"USW00014922","MINNEAPOLIS ST. PAUL INTERNATIONAL AIRPORT, MN US","1993-01","9.6","0","31","3","-16","11","6.2","0.63","45","4760","1.25",,"12.0","14.6","23.6","5.5","11188","310",,,"270",,"25.9",,,"39.1",
"USW00014922","MINNEAPOLIS ST. PAUL INTERNATIONAL AIRPORT, MN US","1993-02","7.6","0","28","1","-12","9","2.4","0.14","42","6100","0.40",,"5.4","17.2","24.4","9.9","10566","250",,,"360",,"17.0",,,"25.3",
"USW00014922","MINNEAPOLIS ST. PAUL INTERNATIONAL AIRPORT, MN US","1993-03","8.3","0","23","3","-3","8","3.2","0.49","62","7202","1.25",,"6.9","29.5","38.6","20.3","15998","320",,,"315",,"29.1",,,"41.4",
"USW00014922","MINNEAPOLIS ST. PAUL INTERNATIONAL AIRPORT, MN US","1993-04","11.0","0","1","0","18","1","0.4","0.64","72","7825","2.00",,"0.5","44.2","54.5","33.9","17115","50",,,"360",,"30.0",,,"48.3",
"USW00014922","MINNEAPOLIS ST. PAUL INTERNATIONAL AIRPORT, MN US","1993-05","10.3","11","0","0","37","0","0.0","0.73","80","8076","4.02",,"0.0","57.2","66.3","48.1","14368","160",,,"180",,"25.9",,,"36.7",
"USW00014922","MINNEAPOLIS ST. PAUL INTERNATIONAL AIRPORT, MN US","1993-06","10.5","69","0","0","39","0","0.0","1.49","87","8150","6.27",,"0.0","64.5","73.6","55.4","16106","320",,,"315",,"29.1",,,"42.5",
"USW00014922","MINNEAPOLIS ST. PAUL INTERNATIONAL AIRPORT, MN US","1993-07","9.8","238","0","0","53","0","0.0","1.44","85","4","5.59",,"0.0","70.3","78.1","62.5","17101","220",,,"315",,"30.0",,,"43.6",
"USW00014922","MINNEAPOLIS ST. PAUL INTERNATIONAL AIRPORT, MN US","1993-08","8.9","426","0","0","49","0","0.0","1.38","89","24","6.50",,"0.0","70.4","79.6","61.2","18457","330",,,"315",,"38.0",,,"51.7",
"USW00014922","MINNEAPOLIS ST. PAUL INTERNATIONAL AIRPORT, MN US","1993-09","10.7","433","0","0","36","0","0.0","0.64","84","332","2.05",,"0.0","55.0","64.3","45.6","13461","180",,,"225",,"30.0",,,"43.6",
"USW00014922","MINNEAPOLIS ST. PAUL INTERNATIONAL AIRPORT, MN US","1993-10","11.2","433","0","0","26","0","0.0","0.26","81","907","0.79",,"0.0","46.5","56.6","36.3","11568","330",,,"315",,"30.0",,,"41.4",
"USW00014922","MINNEAPOLIS ST. PAUL INTERNATIONAL AIRPORT, MN US","1993-11","11.9","433","9","2","3","4","4.3","0.45","52","1939","1.57",,"7.7","30.6","37.6","23.6","4126","320",,,"315",,"31.1",,,"43.6",
"USW00014922","MINNEAPOLIS ST. PAUL INTERNATIONAL AIRPORT, MN US","1993-12","10.7","433","23","1","-15","4","1.3","0.14","44","3268","0.55",,"4.6","22.1","28.8","15.5","5364","310",,,"315",,"28.0",,,"39.1",
"USW00014922","MINNEAPOLIS ST. PAUL INTERNATIONAL AIRPORT, MN US","1994-01","10.5","0","31","4","-27","12","8.4","0.27","37","5149","1.18",,"24.3","4.3","13.0","-4.3","8497","100",,,"315",,"21.9",,,"33.3",
"USW00014922","MINNEAPOLIS ST. PAUL INTERNATIONAL AIRPORT, MN US","1994-02","9.4","0","24","5","-16","13","4.1","0.36","49","6600","0.78",,"12.0","13.2","22.6","3.8","11229","220",,,"225",,"21.9",,,"32.2",
"USW00014922","MINNEAPOLIS ST. PAUL INTERNATIONAL AIRPORT, MN US","1994-03","10.1","0","3","1","11","4","1.0","0.13","65","7540","0.32",,"1.7","34.7","44.0","25.4","16477","290",,,"270",,"32.0",,,"47.2",
"USW00014922","MINNEAPOLIS ST. PAUL INTERNATIONAL AIRPORT, MN US","1994-04","12.1","2","1","1","18","2","4.5","0.85","84","8116","3.77",,"5.5","45.9","56.5","35.2","15597","260",,,"315",,"34.9",,,"50.6",
"USW00014922","MINNEAPOLIS ST. PAUL INTERNATIONAL AIRPORT, MN US","1994-05","10.7","53","0","0","30","0","0.0","0.38","91","8300","2.21",,"0.0","60.7","73.0","48.4","23625","220",,,"315",,"30.0",,,"41.4",
"USW00014922","MINNEAPOLIS ST. PAUL INTERNATIONAL AIRPORT, MN US","1994-06","10.1","226","0","0","45","0","0.0","0.92","95","8328","3.10",,"0.0","69.8","80.6","59.1","19210","230",,,"225",,"34.9",,,"52.8",
"USW00014922","MINNEAPOLIS ST. PAUL INTERNATIONAL AIRPORT, MN US","1994-07","9.6","387","0","0","53","0","0.0","1.62","88","3","4.12",,"0.0","70.1","80.0","60.1","20700","270",,,"315",,"30.0",,,"62.2",
"USW00014922","MINNEAPOLIS ST. PAUL INTERNATIONAL AIRPORT, MN US","1994-08","9.4","508","0","0","47","0","0.0","0.92","93","51","2.91",,"0.0","67.3","77.4","57.3","18150","330",,,"360",,"29.1",,,"44.7",
"USW00014922","MINNEAPOLIS ST. PAUL INTERNATIONAL AIRPORT, MN US","1994-09","9.6","589","0","0","43","0","0.0","1.60","86","155","4.74",,"0.0","64.3","73.4","55.1","12386","360",,,"360",,"30.0",,,"36.7",
"USW00014922","MINNEAPOLIS ST. PAUL INTERNATIONAL AIRPORT, MN US","1994-10","12.1","589","0","0","28","0","0.0","1.24","73","552","4.65",,"0.0","52.2","59.9","44.5","10060","230",,,"225",,"36.9",,,"46.1",
"USW00014922","MINNEAPOLIS ST. PAUL INTERNATIONAL AIRPORT, MN US","1994-11","12.3","589","3","2","9","6","4.8","0.54","61","1362","1.39",,"6.2","38.0","46.1","29.9","6702","240",,,"270",,"40.0",,,"54.1",
"USW00014922","MINNEAPOLIS ST. PAUL INTERNATIONAL AIRPORT, MN US","1994-12","9.2","589","26","3","-3","6","2.3","0.18","45","2618","0.54",,"6.5","24.5","31.8","17.1","5416","320",,,"315",,"23.9",,,"33.3",
"USW00014922","MINNEAPOLIS ST. PAUL INTERNATIONAL AIRPORT, MN US","1995-01","11.0","0","5","2","-11","2","1.6","0.12","46","4062","0.36",,"4.3","18.4","25.4","11.5","6999","190",,,"180",,"32.0",,,"41.4",
"USW00014922","MINNEAPOLIS ST. PAUL INTERNATIONAL AIRPORT, MN US","1995-02","11.6","0","3","1","-11","1","1.2","0.12","45","5341","0.26",,"2.1","19.3","28.3","10.3","7528","320",,,"315",,"36.0",,,"44.7",
"USW00014922","MINNEAPOLIS ST. PAUL INTERNATIONAL AIRPORT, MN US","1995-03","10.5","0","7","2","-4","7","5.1","0.51","66","6272","2.11",,"10.4","35.0","43.7","26.2","11604","110",,,"90",,"28.0",,,"40.3",
"USW00014922","MINNEAPOLIS ST. PAUL INTERNATIONAL AIRPORT, MN US","1995-04","12.1","0","0","0","5","0","0.1","0.74","65","6956","1.91",,"0.2","42.2","51.6","32.8","13816","330",,,"315",,"32.0",,,"49.4",
"USW00014922","MINNEAPOLIS ST. PAUL INTERNATIONAL AIRPORT, MN US","1995-05","10.5","3","0","0","36","0","0.0","0.99","82","7211","2.43",,"0.0","56.9","67.5","46.2","18549","230",,,"225",,"32.0",,,"49.4",
"USW00014922","MINNEAPOLIS ST. PAUL INTERNATIONAL AIRPORT, MN US","1995-06","8.1","238","0","0","42","0","0.0","0.89","95","7260","3.39",,"0.0","71.2","81.4","61.0","20716","70",,,"90",,"29.1",,,"40.3",
"USW00014922","MINNEAPOLIS ST. PAUL INTERNATIONAL AIRPORT, MN US","1995-07","9.2","495","0","0","46","0","0.0","0.64","101","6","2.73",,"0.0","73.1","83.6","62.6","21827","210",,,"225",,"40.0",,,"46.1",
"USW00014922","MINNEAPOLIS ST. PAUL INTERNATIONAL AIRPORT, MN US","1995-08","8.3","795","0","0","55","0","0.0","1.67","92","6","4.59",,"0.0","74.7","83.7","65.6","19436","270",,,"315",,"38.0",,,"58.6",
"USW00014922","MINNEAPOLIS ST. PAUL INTERNATIONAL AIRPORT, MN US","1995-09","9.8","856","0","0","32","0","0.0","0.81","87","212","2.22",,"0.0","60.2","71.0","49.4","16358","20",,,"45",,"30.0",,,"39.1",
"USW00014922","MINNEAPOLIS ST. PAUL INTERNATIONAL AIRPORT, MN US","1995-10","11.9","864","0","0","24","0","0.5","1.01","85","729","3.69",,"0.7","48.6","56.6","40.6","8623","320",,,"315",,"28.0",,,"41.4",
"USW00014922","MINNEAPOLIS ST. PAUL INTERNATIONAL AIRPORT, MN US","1995-11","11.2","864","6","3","2","4","2.5","0.48","46","1858","0.89",,"6.7","27.4","34.3","20.4","4917","330",,,"360",,"28.0",,,"38.0",
"USW00014922","MINNEAPOLIS ST. PAUL INTERNATIONAL AIRPORT, MN US","1995-12","10.7","864","31","4","-10","8","7.1","0.44","43","3281","1.15",,"16.1","19.1","26.2","12.0","6178","290",,,"315",,"28.0",,,"41.4",
"USW00014922","MINNEAPOLIS ST. PAUL INTERNATIONAL AIRPORT, MN US","1996-01","10.5","0","31","8","-23","15","3.7","0.90","44","4981","1.87",,"14.5","10.1","19.6","0.7","9302","340",,,"360",,"29.1",,,"43.6",
"USW00014922","MINNEAPOLIS ST. PAUL INTERNATIONAL AIRPORT, MN US","1996-02","11.6","0","29","0","-32","13","0.4","0.06","50","6347","0.25",,"1.3","17.9","26.1","9.8","10961","310",,,"315",,"29.1",,,"41.4",
"USW00014922","MINNEAPOLIS ST. PAUL INTERNATIONAL AIRPORT, MN US","1996-03","12.3","0","19","3","-10","9","6.8","0.95","58","7578","1.39",,"14.1","25.3","34.5","16.0","14692","350",,,"360",,"32.0",,,"44.7",
"USW00014922","MINNEAPOLIS ST. PAUL INTERNATIONAL AIRPORT, MN US","1996-04","11.9","0","1","1","21","2","1.7","0.22","71","8287","0.76",,"2.3","41.4","52.5","30.2","13988","260",,,"270",,"31.1",,,"43.6",
"USW00014922","MINNEAPOLIS ST. PAUL INTERNATIONAL AIRPORT, MN US","1996-05","11.6","20","0","0","32","0","0.0","0.72","87","8597","2.37",,"0.0","55.6","64.5","46.7","11668","330",,,"315",,"36.9",,,"62.2",
"USW00014922","MINNEAPOLIS ST. PAUL INTERNATIONAL AIRPORT, MN US","1996-06","8.5","157","0","0","39","0","0.0","1.33","96","8662","4.76",,"0.0","67.4","78.0","56.8",,,"200","200",,,,"25.9","37",,
"USW00014922","MINNEAPOLIS ST. PAUL INTERNATIONAL AIRPORT, MN US","1996-07","8.5","318","0","0","49","0","0.0","0.60","90","5","2.09",,"0.0","70.0","80.7","59.3",,,"270","270",,,,"28.0","36",,
"USW00014922","MINNEAPOLIS ST. PAUL INTERNATIONAL AIRPORT, MN US","1996-08","7.8","489","0","0","51","0","0.0","0.52","94","7","1.43",,"0.0","70.4","81.8","59.1",,,"250","270",,,,"40.0","49",,
"USW00014922","MINNEAPOLIS ST. PAUL INTERNATIONAL AIRPORT, MN US","1996-09","8.7","574","0","0","33","0","0.0","0.32","88","177","1.30",,"0.0","62.1","72.0","52.3",,,"230","220",,,,"28.0","32",,
"USW00014922","MINNEAPOLIS ST. PAUL INTERNATIONAL AIRPORT, MN US","1996-10","11.2","578","0","0","16","0","0.0","0.81","80","684","3.01",,"0.0","48.8","59.3","38.2",,,"310","300",,,,"42.9","57",,
"USW00014922","MINNEAPOLIS ST. PAUL INTERNATIONAL AIRPORT, MN US","1996-11","9.4","578","13","6","-11","10","6.3","1.58","57","1874","5.08",,"16.8","25.3","32.9","17.8",,,"160","160",,,,"30.0","39",,
"USW00014922","MINNEAPOLIS ST. PAUL INTERNATIONAL AIRPORT, MN US","1996-12","8.7","578","31","7","-27","18","6.2","0.53","35","3464","1.75",,"23.7","13.7","21.3","6.1",,,"330","350",,,,"28.0","32",,
"USW00014922","MINNEAPOLIS ST. PAUL INTERNATIONAL AIRPORT, MN US","1997-01","9.8","0","31","5","-18","16","3.1","0.57","40","5162","1.72",,"14.3","10.2","18.8","1.7",,,"330","320",,,,"31.1","38",,
"USW00014922","MINNEAPOLIS ST. PAUL INTERNATIONAL AIRPORT, MN US","1997-02","9.2","0","28","2","-6","12","1.5","0.08","42","6425","0.30",,"4.1","19.9","27.7","12.1",,,"240","240",,,,"25.9","34",,
"USW00014922","MINNEAPOLIS ST. PAUL INTERNATIONAL AIRPORT, MN US","1997-03","10.3","0",,"5","-4",,"4.1","0.30","66","7531","1.18",,"14.3","29.3","37.9","20.7",,,"180","190",,,,"32.0","36",,
"USW00014922","MINNEAPOLIS ST. PAUL INTERNATIONAL AIRPORT, MN US","1997-04","10.1","0",,"0","9",,"0.4","0.54","72","8192","1.01",,"0.6","43.0","54.7","31.3",,,"300","300",,,,"34.0","46",,
"USW00014922","MINNEAPOLIS ST. PAUL INTERNATIONAL AIRPORT, MN US","1997-05","10.7","1","0","0","28","0","0.0","0.33","83","8554","1.70",,"0.0","53.4","64.6","42.1",,,"320","310",,,,"36.9","46",,
"USW00014922","MINNEAPOLIS ST. PAUL INTERNATIONAL AIRPORT, MN US","1997-06","8.3","157","0","0","46","0","0.0","1.01","94","8561","3.70",,"0.0","69.9","81.7","58.2",,,"60","50",,,,"32.0","47",,
"USW00014922","MINNEAPOLIS ST. PAUL INTERNATIONAL AIRPORT, MN US","1997-07","8.3","373","0","0","49","0","0.0","3.71","93","29","12.59",,"0.0","71.0","79.4","62.6",,,"210","220",,,,"34.0","48",,
"USW00014922","MINNEAPOLIS ST. PAUL INTERNATIONAL AIRPORT, MN US","1997-08","7.6","517","0","0","48","0","0.0","3.19","91","58","6.01",,"0.0","68.8","77.7","59.8",,,"330","330",,,,"33.1","41",,
"USW00014922","MINNEAPOLIS ST. PAUL INTERNATIONAL AIRPORT, MN US","1997-09","8.7","556","0","0","38","0","0.0","1.97","86","175","3.19",,"0.0","62.4","72.2","52.6",,,"300","300",,,,"31.1","44",,
"USW00014922","MINNEAPOLIS ST. PAUL INTERNATIONAL AIRPORT, MN US","1997-10","10.3","587","0","0","13","0","0.0","1.43","90","665","2.04",,"0.0","50.2","60.7","39.6",,,"200","190",,,,"34.0","44",,
"USW00014922","MINNEAPOLIS ST. PAUL INTERNATIONAL AIRPORT, MN US","1997-11","8.5","587","15","4","-4","5","4.0","0.30","47","1774","0.69",,"8.6","28.0","34.4","21.7",,,"160","160",,,,"25.9","31",,
"USW00014922","MINNEAPOLIS ST. PAUL INTERNATIONAL AIRPORT, MN US","1997-12","8.3","587","1","1","-5","1","1.0","0.08","47","2955","0.32",,"3.3","26.9","33.6","20.2",,,"0","320",,,,"99.1","28",,
"USW00014922","MINNEAPOLIS ST. PAUL INTERNATIONAL AIRPORT, MN US","1998-01","8.1","0","22","8","-23","10","4.0","0.30","45","4379","1.65",,"20.5","19.0","26.0","12.1",,,"270","280",,,,"28.0","34",,
"USW00014922","MINNEAPOLIS ST. PAUL INTERNATIONAL AIRPORT, MN US","1998-02","7.8","0","18","1","6","7","1.0","0.46","54","5305","0.80",,"1.1","31.9","38.0","25.8",,,"120","110",,,,"31.1","37",,
"USW00014922","MINNEAPOLIS ST. PAUL INTERNATIONAL AIRPORT, MN US","1998-03","10.5","0","8","6","1","2","3.4","1.52","72","6331","4.56",,"11.6","31.9","39.7","24.1",,,"310","320",,,,"31.1","40",,
"USW00014922","MINNEAPOLIS ST. PAUL INTERNATIONAL AIRPORT, MN US","1998-04","9.8","0","0","0","28","0","0.0","0.54","77","6762","1.56",,"0.0","50.6","61.6","39.7",,,"180","180",,,,"45.0","55",,
"USW00014922","MINNEAPOLIS ST. PAUL INTERNATIONAL AIRPORT, MN US","1998-05","9.4","59","0","0","40","0","0.0","1.18","92","6871","4.41",,"0.0","63.4","75.6","51.2",,,"220","260",,,,"49.0","64",,
"USW00014922","MINNEAPOLIS ST. PAUL INTERNATIONAL AIRPORT, MN US","1998-06","8.5","165","0","0","35","0","0.0","2.54","86","6981","6.52",,"0.0","64.9","74.5","55.2",,,"330","240",,,,"48.1","56",,
"USW00014922","MINNEAPOLIS ST. PAUL INTERNATIONAL AIRPORT, MN US","1998-07","7.2","399","0","0","53","0","0.0","1.24","94","1","2.64",,"0.0","72.5","82.7","62.3",,,"340","350",,,,"34.0","44",,
"USW00014922","MINNEAPOLIS ST. PAUL INTERNATIONAL AIRPORT, MN US","1998-08","7.6","602","0","0","52","0","0.0","1.88","89","2","6.00",,"0.0","71.5","80.9","62.2",,,"250","280",,,,"29.1","39",,
"USW00014922","MINNEAPOLIS ST. PAUL INTERNATIONAL AIRPORT, MN US","1998-09","7.8","728","0","0","38","0","0.0","0.57","93","80","1.32",,"0.0","66.6","78.3","54.9",,,"330","330",,,,"25.9","32",,
"USW00014922","MINNEAPOLIS ST. PAUL INTERNATIONAL AIRPORT, MN US","1998-10","9.6","728","0","0","28","0","0.0","0.92","72","510","2.19",,"0.0","51.1","60.2","42.1",,,"110","110",,,,"31.1","39",,
"USW00014922","MINNEAPOLIS ST. PAUL INTERNATIONAL AIRPORT, MN US","1998-11","9.4","728","0","0","19","0","0.1","0.72","64","1346","1.32",,"0.1","37.1","45.1","29.2",,,"300","290",,,,"32.0","47",,
"USW00014922","MINNEAPOLIS ST. PAUL INTERNATIONAL AIRPORT, MN US","1998-12","8.7","728","10","1","-9","1","2.0","0.21","68","2600","0.46",,"3.1","24.5","34.5","14.6",,,"210","210",,,,"33.1","40",,
"USW00014922","MINNEAPOLIS ST. PAUL INTERNATIONAL AIRPORT, MN US","1999-01","9.4","0","30","12","-22","10","6.1","0.46","38","4233","2.67",,"33.1","12.3","20.1","4.6",,,"320","320",,,,"29.1","37",,
"USW00014922","MINNEAPOLIS ST. PAUL INTERNATIONAL AIRPORT, MN US","1999-02","10.1","0","15","2","4","8","2.5","0.26","47","5271","0.40",,"4.2","27.9","35.0","20.8",,,"320","310",,,,"36.0","44",,
"USW00014922","MINNEAPOLIS ST. PAUL INTERNATIONAL AIRPORT, MN US","1999-03","10.1","0","8","2","5","13","12.5","0.94","73","6237","1.86",,"16.0","33.8","44.0","23.6",,,"190","290",,,,"33.1","46",,
"USW00014922","MINNEAPOLIS ST. PAUL INTERNATIONAL AIRPORT, MN US","1999-04","10.7","0","0","0","30","0","0.0","0.91","76","6717","3.43",,"0.0","49.0","58.4","39.6",,,"90","80",,,,"40.9","48",,
"USW00014922","MINNEAPOLIS ST. PAUL INTERNATIONAL AIRPORT, MN US","1999-05","10.3","26","0","0","36","0","0.0","1.36","85","6895","6.56",,"0.0","60.1","69.5","50.7",,,"170","160",,,,"32.0","39",,
"USW00014922","MINNEAPOLIS ST. PAUL INTERNATIONAL AIRPORT, MN US","1999-06","9.4","173","0","0","43","0","0.0","1.01","91","6975","3.69",,"0.0","67.2","76.7","57.8",,,"210","200",,,,"40.0","53",,
"USW00014922","MINNEAPOLIS ST. PAUL INTERNATIONAL AIRPORT, MN US","1999-07","8.9","521","0","0","50","0","0.0","2.16","99","0","4.56",,"0.0","76.2","86.6","65.9",,,"220","210",,,,"40.0","52",,
"USW00014922","MINNEAPOLIS ST. PAUL INTERNATIONAL AIRPORT, MN US","1999-08","8.5","679","0","0","53","0","0.0","0.78","91","2","2.64",,"0.0","70.1","79.1","61.0",,,"160","230",,,,"29.1","36",,
"USW00014922","MINNEAPOLIS ST. PAUL INTERNATIONAL AIRPORT, MN US","1999-09","9.4","742","0","0","37","0","0.0","1.53","91","182","2.73",,"0.0","61.1","71.7","50.5",,,"340","200",,,,"36.9","48",,
"USW00014922","MINNEAPOLIS ST. PAUL INTERNATIONAL AIRPORT, MN US","1999-10","9.8","742","0","0","26","0","0.0","0.58","78","661","0.92",,"0.0","49.5","60.3","38.8",,,"310","320",,,,"33.1","44",,
"USW00014922","MINNEAPOLIS ST. PAUL INTERNATIONAL AIRPORT, MN US","1999-11","9.2","742","0","0","21","0","0.7","0.54","77","1357","0.77",,"0.7","41.8","50.9","32.7",,,"290","290",,,,"38.0","45",,
"USW00014922","MINNEAPOLIS ST. PAUL INTERNATIONAL AIRPORT, MN US","1999-12","8.9","742","11","3","-8","4","2.9","0.16","53","2579","0.33",,"7.3","25.6","33.5","17.7",,,"320","330",,,,"38.0","51",,
"USW00014922","MINNEAPOLIS ST. PAUL INTERNATIONAL AIRPORT, MN US","2000-01","8.9","0","26","3","-13","9","8.7","0.30","38","4102","0.91",,"18.3","15.9","24.4","7.4",,,"280","280",,,,"28.0","32",,
"USW00014922","MINNEAPOLIS ST. PAUL INTERNATIONAL AIRPORT, MN US","2000-02","9.4","0","24","4","2","9","2.6","0.33","61","5179","1.08",,"7.6","27.8","36.1","19.5",,,"330","330",,,,"33.1","39",,
"USW00014922","MINNEAPOLIS ST. PAUL INTERNATIONAL AIRPORT, MN US","2000-03","8.9","0","1","0","15","1","0.5","0.34","73","5921","1.11",,"1.0","41.1","50.6","31.6",,,"320","320",,,,"36.9","49",,
"USW00014922","MINNEAPOLIS ST. PAUL INTERNATIONAL AIRPORT, MN US","2000-04","10.7","0","0","0","24","0","0.8","0.36","78","6470","1.12",,"1.3","46.7","56.5","36.9",,,"280","280",,,,"45.0","59",,
"USW00014922","MINNEAPOLIS ST. PAUL INTERNATIONAL AIRPORT, MN US","2000-05","10.7","53","0","0","36","0","0.0","1.19","89","6651","4.57",,"0.0","60.9","70.3","51.4",,,"290","290",,,,"36.9","47",,
"USW00014922","MINNEAPOLIS ST. PAUL INTERNATIONAL AIRPORT, MN US","2000-06","10.5","160","0","0","40","0","0.0","1.50","94","6726","4.57",,"0.0","66.1","75.6","56.5",,,"260","250",,,,"33.1","44",,
"USW00014922","MINNEAPOLIS ST. PAUL INTERNATIONAL AIRPORT, MN US","2000-07","8.9","402","0","0","52","0","0.0","2.55","93","12","6.09",,"0.0","72.4","80.9","63.9",,,"40","40",,,,"38.9","51",,
"USW00014922","MINNEAPOLIS ST. PAUL INTERNATIONAL AIRPORT, MN US","2000-08","8.5","623","0","0","52","0","0.0","1.49","91","13","3.20",,"0.0","72.1","81.0","63.3",,,"260","260",,,,"34.9","46",,
"USW00014922","MINNEAPOLIS ST. PAUL INTERNATIONAL AIRPORT, MN US","2000-09","9.8","673","0","0","31","0","0.0","1.97","89","165","2.15",,"0.0","61.6","72.2","51.0",,,"210","210",,,,"34.9","44",,
"USW00014922","MINNEAPOLIS ST. PAUL INTERNATIONAL AIRPORT, MN US","2000-10","9.2","681","0","0","29","0","0.0","0.29","84","537","1.09",,"0.0","53.2","62.2","44.3",,,"220","210",,,,"30.0","36",,
"USW00014922","MINNEAPOLIS ST. PAUL INTERNATIONAL AIRPORT, MN US","2000-11","10.1","681",,,"1",,,"1.54","66","1552","3.39",,,"31.2","36.7","25.6",,,"240","240",,,,"36.0","46",,
"USW00014922","MINNEAPOLIS ST. PAUL INTERNATIONAL AIRPORT, MN US","2000-12","9.2","681",,,"-17",,,"0.28","35","3332","1.24",,,"7.6","14.4","0.8",,,"320","190",,,,"31.1","39",,
"USW00014922","MINNEAPOLIS ST. PAUL INTERNATIONAL AIRPORT, MN US","2001-01","9.2","0","31",,"-7","15",,"0.52","39","4726","1.21",,,"20.0","28.0","12.0",,,"320","320",,,,"29.1","36",,
"USW00014922","MINNEAPOLIS ST. PAUL INTERNATIONAL AIRPORT, MN US","2001-02","9.6","0","26",,"-13","16",,"0.56","35","6214","1.33",,,"11.8","20.9","2.7",,,"300","290",,,,"29.1","37",,
"USW00014922","MINNEAPOLIS ST. PAUL INTERNATIONAL AIRPORT, MN US","2001-03","8.7","0","29",,"9","17",,"0.54","48","7379","1.09",,,"27.4","35.3","19.6",,,"320","330",,,,"28.0","38",,
"USW00014922","MINNEAPOLIS ST. PAUL INTERNATIONAL AIRPORT, MN US","2001-04","11.9","8",,,"24",,,"2.21","84","7886","7.01",,,"48.4","57.7","39.0",,,"200","200",,,,"44.1","52",,
"USW00014922","MINNEAPOLIS ST. PAUL INTERNATIONAL AIRPORT, MN US","2001-05","9.6","45",,,"36",,,"0.97","94","8088","4.52",,,"59.6","68.3","51.0","0",,"290","290",,,,"36.0","44",,
"USW00014922","MINNEAPOLIS ST. PAUL INTERNATIONAL AIRPORT, MN US","2001-06","9.2","224",,,"47",,,"2.37","97","8145","6.35",,,"69.1","78.3","59.9",,,"220","220",,,,"45.0","56",,
"USW00014922","MINNEAPOLIS ST. PAUL INTERNATIONAL AIRPORT, MN US","2001-07","8.7","569",,,"53",,,"0.99","98","8","2.11",,,"75.9","85.6","66.2",,,"320","290",,,,"32.0","40",,
"USW00014922","MINNEAPOLIS ST. PAUL INTERNATIONAL AIRPORT, MN US","2001-08","8.3","854",,,"55",,,"0.72","99","10","2.31",,,"74.1","83.6","64.7",,,"10","20",,,,"28.0","36",,
"USW00014922","MINNEAPOLIS ST. PAUL INTERNATIONAL AIRPORT, MN US","2001-09","7.6","899",,,"36",,,"1.63","86","178","3.50",,,"60.9","69.7","52.1",,,"300","300",,,,"25.1","35",,
"USW00014922","MINNEAPOLIS ST. PAUL INTERNATIONAL AIRPORT, MN US","2001-10","10.1","901",,,"29",,,"0.47","86","689","1.28",,,"48.6","57.3","39.9","0",,"310","290",,,,"38.0","47",,
"USW00014922","MINNEAPOLIS ST. PAUL INTERNATIONAL AIRPORT, MN US","2001-11","8.3","901",,,"25",,,"1.06","71","1249","2.78",,,"46.3","54.9","37.8",,,"320","320",,,,"32.0","41",,
"USW00014922","MINNEAPOLIS ST. PAUL INTERNATIONAL AIRPORT, MN US","2001-12","9.6","901",,,"1",,,"0.41","63","2408","0.74",,,"27.6","34.6","20.7",,,"260","250",,,,"31.1","40",,
"USW00014922","MINNEAPOLIS ST. PAUL INTERNATIONAL AIRPORT, MN US","2002-01","8.7","0",,,"-2",,,"0.19","49","3659","0.46",,,"24.6","31.5","17.7",,,"260","260",,,,"23.9","31",,
"USW00014922","MINNEAPOLIS ST. PAUL INTERNATIONAL AIRPORT, MN US","2002-02","11.2","0",,,"1",,,"0.14","51","4686","0.41",,,"28.3","36.2","20.6","0",,"310","330",,,,"36.9","47",,
"USW00014922","MINNEAPOLIS ST. PAUL INTERNATIONAL AIRPORT, MN US","2002-03","10.5","0",,,"-3",,,"0.44","53","5929","1.38",,,"24.9","32.3","17.5",,,"290","290",,,,"29.1","37",,
"USW00014922","MINNEAPOLIS ST. PAUL INTERNATIONAL AIRPORT, MN US","2002-04","11.2","18",,,"17",,,"0.67","91","6526","3.15",,,"45.7","54.9","36.5",,,"300","310",,,,"36.0","47",,
"USW00014922","MINNEAPOLIS ST. PAUL INTERNATIONAL AIRPORT, MN US","2002-05","10.3","50",,,"31",,,"1.28","91","6881","2.83",,,"54.6","64.2","45.0","0",,"280","280",,,,"36.0","47",,
"USW00014922","MINNEAPOLIS ST. PAUL INTERNATIONAL AIRPORT, MN US","2002-06","9.6","264",,,"46",,,"2.95","97","6913","8.30",,,"71.1","80.2","61.9","0",,"170","170",,,,"45.0","55",,
"USW00014922","MINNEAPOLIS ST. PAUL INTERNATIONAL AIRPORT, MN US","2002-07","8.5","636",,,"58",,,"1.93","95","0","5.19",,,"77.0","85.4","68.6",,,"120","110",,,,"31.1","35",,
"USW00014922","MINNEAPOLIS ST. PAUL INTERNATIONAL AIRPORT, MN US","2002-08","8.7","824",,,"50",,,"2.36","89","5","8.30",,,"70.9","79.3","62.5","0",,"130","280",,,,"32.0","39",,
"USW00014922","MINNEAPOLIS ST. PAUL INTERNATIONAL AIRPORT, MN US","2002-09","8.3","961",,,"39",,,"1.27","92","127","3.91",,,"65.5","74.6","56.3","0",,"290","290",,,,"38.9","46",,
"USW00014922","MINNEAPOLIS ST. PAUL INTERNATIONAL AIRPORT, MN US","2002-10","8.9","961",,,"24",,,"1.93","75","846","4.18",,,"41.8","48.6","35.0",,,"220","200",,,,"32.0","46",,
"USW00014922","MINNEAPOLIS ST. PAUL INTERNATIONAL AIRPORT, MN US","2002-11","8.5","961",,,"15",,,"0.04","66","1806","0.09",,,"33.0","40.4","25.6","0",,"330","310",,,,"32.0","40",,
"USW00014922","MINNEAPOLIS ST. PAUL INTERNATIONAL AIRPORT, MN US","2002-12","9.6","961",,,"3",,,"0.07","48","3009","0.22",,,"26.2","33.6","18.8","0",,"290","300",,,,"29.1","33",,
"USW00014922","MINNEAPOLIS ST. PAUL INTERNATIONAL AIRPORT, MN US","2003-01","9.8","0",,,"-12",,,"0.11","54","4549","0.22",,,"15.3","23.0","7.6",,,"330","330",,,,"32.0","39",,
"USW00014922","MINNEAPOLIS ST. PAUL INTERNATIONAL AIRPORT, MN US","2003-02","9.8","0","24",,"-14","6",,"0.33","46","5929","0.54",,,"15.7","24.8","6.5",,,"310","310",,,,"36.0","46",,
"USW00014922","MINNEAPOLIS ST. PAUL INTERNATIONAL AIRPORT, MN US","2003-03","9.8","0",,,"-10",,,"0.57","72","6974","1.44",,,"31.3","40.5","22.1",,,"350","340",,,,"25.9","32",,
"USW00014922","MINNEAPOLIS ST. PAUL INTERNATIONAL AIRPORT, MN US","2003-04","11.0","12",,,"21",,,"1.04","89","7487","2.40",,,"48.3","57.8","38.8","0",,"90","90",,,,"31.1","40",,
"USW00014922","MINNEAPOLIS ST. PAUL INTERNATIONAL AIRPORT, MN US","2003-05","9.4","20",,,"41",,,"1.37","82","7722","6.14",,,"57.7","67.2","48.1",,,"30","30",,,,"34.9","45",,
"USW00014922","MINNEAPOLIS ST. PAUL INTERNATIONAL AIRPORT, MN US","2003-06","7.8","146",,,"49",,,"2.09","89","7755","4.66",,,"68.1","77.8","58.5",,,"20","20",,,,"47.0","59",,
"USW00014922","MINNEAPOLIS ST. PAUL INTERNATIONAL AIRPORT, MN US","2003-07","8.1","417",,,"56",,,"0.80","92","0","2.05",,,"73.7","82.5","64.9","0",,"330","350",,,,"30.0","40",,
"USW00014922","MINNEAPOLIS ST. PAUL INTERNATIONAL AIRPORT, MN US","2003-08","7.4","737",,,"53",,,"0.85","97","1","1.12",,,"75.3","85.3","65.3",,,"220","220",,,,"30.0","37",,
"USW00014922","MINNEAPOLIS ST. PAUL INTERNATIONAL AIRPORT, MN US","2003-09","9.4","841",,,"35",,,"0.86","92","180","2.20",,,"62.5","72.5","52.5","0",,"290","290",,,,"32.0","39",,
"USW00014922","MINNEAPOLIS ST. PAUL INTERNATIONAL AIRPORT, MN US","2003-10","8.7","855",,,"28",,,"0.48","85","626","0.62",,,"51.1","60.3","41.8",,,"290","280",,,,"32.0","39",,
"USW00014922","MINNEAPOLIS ST. PAUL INTERNATIONAL AIRPORT, MN US","2003-11","10.3","855",,,"9",,,"0.25","59","1614","0.71",,,"32.1","38.6","25.6",,,"290","300",,,,"32.0","41",,
"USW00014922","MINNEAPOLIS ST. PAUL INTERNATIONAL AIRPORT, MN US","2003-12","9.8","855",,,"-4",,,"0.37","43","2855","0.62",,,"24.9","31.0","18.9",,,"280","290",,,,"30.0","36",,
"USW00014922","MINNEAPOLIS ST. PAUL INTERNATIONAL AIRPORT, MN US","2004-01","10.3","0","8",,"-24","4",,"0.16","36","4523","0.23",,,"11.2","18.5","3.9",,,"290","320",,,,"34.9","47",,
"USW00014922","MINNEAPOLIS ST. PAUL INTERNATIONAL AIRPORT, MN US","2004-02","8.5","0","28",,"-11","12",,"0.35","48","5782","1.09",,,"21.6","28.6","14.6",,,"150","30",,,,"23.0","30",,
"USW00014922","MINNEAPOLIS ST. PAUL INTERNATIONAL AIRPORT, MN US","2004-03","10.7","0","6",,"5","3",,"0.59","66","6681","2.11",,,"36.0","44.2","27.8",,,"290","330",,,,"36.9","47",,
"USW00014922","MINNEAPOLIS ST. PAUL INTERNATIONAL AIRPORT, MN US","2004-04","10.1","9","0",,"25","0",,"1.04","91","7142","2.06",,,"49.9","61.7","38.2",,,"280","280",,,,"40.9","51",,
"USW00014922","MINNEAPOLIS ST. PAUL INTERNATIONAL AIRPORT, MN US","2004-05","10.3","16","0",,"37","0",,"1.28","88","7409","6.39",,,"56.6","66.0","47.2","0",,"300","300",,,,"40.0","54",,
"USW00014922","MINNEAPOLIS ST. PAUL INTERNATIONAL AIRPORT, MN US","2004-06","9.2","93","0",,"46","0",,"0.90","95","7473","3.07",,,"65.4","74.5","56.4",,,"350","190",,,,"31.1","39",,
"USW00014922","MINNEAPOLIS ST. PAUL INTERNATIONAL AIRPORT, MN US","2004-07","7.6","324","0","0","53","0","0.0","0.95","95","8","3.36",,"0.0","72.2","81.1","63.2",,,"300","20",,,,"25.1","33",,
"USW00014922","MINNEAPOLIS ST. PAUL INTERNATIONAL AIRPORT, MN US","2004-08","8.3","419","0","0","44","0","0.0","0.32","86","62","1.19",,"0.0","66.3","75.7","56.9","0",,"320","320",,,,"25.9","35",,
"USW00014922","MINNEAPOLIS ST. PAUL INTERNATIONAL AIRPORT, MN US","2004-09","9.8","554","0","0","41","0","0.0","1.58","88","124","4.21",,"0.0","67.4","77.0","57.8",,,"230","230",,,,"38.9","48",,
"USW00014922","MINNEAPOLIS ST. PAUL INTERNATIONAL AIRPORT, MN US","2004-10","9.6","555","0","0","29","0","0.0","0.88","78","588","2.32",,"0.0","50.1","58.0","42.1",,,"290","290",,,,"29.1","35",,
"USW00014922","MINNEAPOLIS ST. PAUL INTERNATIONAL AIRPORT, MN US","2004-11","8.1","555","1","0","20","1","0.5","0.62","67","1406","0.93",,"0.5","37.7","45.1","30.3",,,"320","320",,,,"29.1","36",,
"USW00014922","MINNEAPOLIS ST. PAUL INTERNATIONAL AIRPORT, MN US","2004-12","11.0","555","7","0","-10","1","0.8","0.16","51","2722","0.44",,"1.8","22.5","30.1","14.9",,,"310","310",,,,"38.9","52",,
"USW00014922","MINNEAPOLIS ST. PAUL INTERNATIONAL AIRPORT, MN US","2005-01","9.2","0","24","1","-14","7","5.5","0.68","44","4254","1.22",,"8.7","15.6","22.9","8.3","0",,"310","310",,,,"33.1","40",,
"USW00014922","MINNEAPOLIS ST. PAUL INTERNATIONAL AIRPORT, MN US","2005-02","8.7","0","16","3","3","4","2.3","0.46","53","5334","0.96",,"8.1","26.4","34.0","18.9",,,"280","280",,,,"25.1","32",,
"USW00014922","MINNEAPOLIS ST. PAUL INTERNATIONAL AIRPORT, MN US","2005-03","9.4","0","9","1","6","5","5.3","0.91","71","6363","1.37",,"6.7","31.8","40.9","22.7",,,"320","160",,,,"31.1","37",,
"USW00014922","MINNEAPOLIS ST. PAUL INTERNATIONAL AIRPORT, MN US","2005-04","10.1","7","0","0","29","0","0.0","0.94","81","6762","2.30",,"0.0","51.9","61.7","42.2",,,"20","20",,,,"30.0","38",,
"USW00014922","MINNEAPOLIS ST. PAUL INTERNATIONAL AIRPORT, MN US","2005-05","10.3","13","0","0","29","0","0.0","0.62","79","7035","2.78",,"0.0","56.4","64.7","48.0",,,"280","270",,,,"33.1","39",,
"USW00014922","MINNEAPOLIS ST. PAUL INTERNATIONAL AIRPORT, MN US","2005-06","9.4","265","0","0","56","0","0.0","1.03","96","7035","4.24",,"0.0","73.4","82.5","64.3",,,"300","290",,,,"47.0","60",,
"USW00014922","MINNEAPOLIS ST. PAUL INTERNATIONAL AIRPORT, MN US","2005-07","9.2","630","0","0","54","0","0.0","1.56","97","0","2.94",,"0.0","76.8","86.6","66.9",,,"330","270",,,,"30.0","43",,
"USW00014922","MINNEAPOLIS ST. PAUL INTERNATIONAL AIRPORT, MN US","2005-08","7.6","841","0","0","53","0","0.0","2.04","96","4","5.22",,"0.0","71.7","80.9","62.5",,,"360","320",,,,"28.0","33",,
"USW00014922","MINNEAPOLIS ST. PAUL INTERNATIONAL AIRPORT, MN US","2005-09","8.7","944","0","0","39","0","0.0","0.94","90","68","4.44",,"0.0","66.3","75.8","56.8",,,"270","270",,,,"31.1","39",,
"USW00014922","MINNEAPOLIS ST. PAUL INTERNATIONAL AIRPORT, MN US","2005-10","8.1","973","0","0","31","0","0.0","4.61","85","490","5.45",,"0.0","52.3","61.5","43.2",,,"310","250",,,,"29.1","40",,
"USW00014922","MINNEAPOLIS ST. PAUL INTERNATIONAL AIRPORT, MN US","2005-11","10.3","973","4","3","8","3","2.1","0.43","71","1342","1.52",,"5.1","36.6","44.5","28.7",,,"280","280",,,,"38.9","49",,
"USW00014922","MINNEAPOLIS ST. PAUL INTERNATIONAL AIRPORT, MN US","2005-12","7.4","973","31","5","-8","7","5.0","0.30","43","2755","0.98",,"14.5","19.4","24.8","14.1",,,"290","280",,,,"25.9","35",,
"USW00014922","MINNEAPOLIS ST. PAUL INTERNATIONAL AIRPORT, MN US","2006-01","9.6","0","25","0","5","5","0.9","0.16","48","3884","0.72",,"2.4","28.6","34.4","22.7",,,"310","310",,,,"30.0","38",,
"USW00014922","MINNEAPOLIS ST. PAUL INTERNATIONAL AIRPORT, MN US","2006-02","9.6","0","5","1","-13","2","1.5","0.12","43","5145","0.32",,"2.1","20.0","28.6","11.4",,,"270","340",,,,"25.9","31",,
"USW00014922","MINNEAPOLIS ST. PAUL INTERNATIONAL AIRPORT, MN US","2006-03","9.4","0","15","4","10","12","9.9","0.78","56","6118","2.01",,"20.4","33.6","40.9","26.2",,,"30","30",,,,"31.1","37",,
"USW00014922","MINNEAPOLIS ST. PAUL INTERNATIONAL AIRPORT, MN US","2006-04","10.7","1","0","0","29","0","0.0","2.58","84","6463","5.97",,"0.0","53.5","63.4","43.7",,,"80","80",,,,"36.0","39",,
"USW00014922","MINNEAPOLIS ST. PAUL INTERNATIONAL AIRPORT, MN US","2006-05","10.1","98","0","0","39","0","0.0","0.46","97","6657","1.67",,"0.0","61.9","71.1","52.6",,,"320","20",,,,"30.0","37",,
"USW00014922","MINNEAPOLIS ST. PAUL INTERNATIONAL AIRPORT, MN US","2006-06","8.5","297","0","0","49","0","0.0","1.15","91","6676","2.81",,"0.0","71.0","80.9","61.0",,,"110","350",,,,"30.0","36",,
"USW00014922","MINNEAPOLIS ST. PAUL INTERNATIONAL AIRPORT, MN US","2006-07","8.5","750","0","0","59","0","0.0","0.71","101","0","1.29",,"0.0","79.6","89.8","69.5",,,"310","310",,,,"30.0","37",,
"USW00014922","MINNEAPOLIS ST. PAUL INTERNATIONAL AIRPORT, MN US","2006-08","7.8","970","0","0","58","0","0.0","2.69","88","0","6.90",,"0.0","72.1","80.6","63.6",,,"330","350",,,,"30.0","36",,
"USW00014922","MINNEAPOLIS ST. PAUL INTERNATIONAL AIRPORT, MN US","2006-09","8.5","1012","0","0","38","0","0.0","0.63","83","202","2.45",,"0.0","59.6","67.9","51.4",,,"160","170",,,,"28.0","37",,
"USW00014922","MINNEAPOLIS ST. PAUL INTERNATIONAL AIRPORT, MN US","2006-10","10.1","1023","0","0","24","0","0.0","0.18","84","804","0.41",,"0.0","45.9","55.0","36.9",,,"280","280",,,,"32.0","46",,
"USW00014922","MINNEAPOLIS ST. PAUL INTERNATIONAL AIRPORT, MN US","2006-11","7.8","1023","0","0","7","0","0.1","0.66","72","1650","0.92",,"0.2","36.8","45.2","28.4",,,"280","310",,,,"25.1","31",,
"USW00014922","MINNEAPOLIS ST. PAUL INTERNATIONAL AIRPORT, MN US","2006-12","8.7","1023","1","2","-1","1","3.2","0.98","50","2763","2.13",,"4.3","29.1","35.8","22.4",,,"280","290",,,,"28.0","37",,
"USW00014922","MINNEAPOLIS ST. PAUL INTERNATIONAL AIRPORT, MN US","2007-01","8.7","0","21","2","-6","4","3.0","0.16","41","4169","0.31",,"5.5","19.7","26.6","12.7",,,"310","320",,,,"29.1","36",,
"USW00014922","MINNEAPOLIS ST. PAUL INTERNATIONAL AIRPORT, MN US","2007-02","9.4","0","24","4","-17","7","4.8","0.64","47","5611","1.37",,"12.6","13.5","20.5","6.5",,,"290","290",,,,"33.1","46",,
"USW00014922","MINNEAPOLIS ST. PAUL INTERNATIONAL AIRPORT, MN US","2007-03","9.6","0","12","2","4","15","9.0","1.02","81","6437","3.64",,"11.0","38.4","47.0","29.8",,,"160","220",,,,"25.9","36",,
"USW00014922","MINNEAPOLIS ST. PAUL INTERNATIONAL AIRPORT, MN US","2007-04","10.5","14","2","1","15","1","1.3","0.30","85","6983","1.12",,"1.9","47.2","57.5","36.9",,,"320","320",,,,"31.1","40",,
"USW00014922","MINNEAPOLIS ST. PAUL INTERNATIONAL AIRPORT, MN US","2007-05","11.0","93","0","0","41","0","0.0","0.58","92","7089","2.00",,"0.0","64.1","75.1","53.2",,,"120","140",,,,"42.9","58",,
"USW00014922","MINNEAPOLIS ST. PAUL INTERNATIONAL AIRPORT, MN US","2007-06","9.4","333","0","0","51","0","0.0","1.09","93","7099","2.05",,"0.0","72.7","82.7","62.7",,,"210","210",,,,"34.9","46",,
"USW00014922","MINNEAPOLIS ST. PAUL INTERNATIONAL AIRPORT, MN US","2007-07","7.6","673","0","0","56","0","0.0","1.48","98","0","3.30",,"0.0","76.0","85.7","66.2",,,"270","280",,,,"40.0","54",,
"USW00014922","MINNEAPOLIS ST. PAUL INTERNATIONAL AIRPORT, MN US","2007-08","7.4","903","0","0","54","0","0.0","2.05","94","11","9.32",,"0.0","72.0","80.1","63.9",,,"260","260",,,,"47.0","71",,
"USW00014922","MINNEAPOLIS ST. PAUL INTERNATIONAL AIRPORT, MN US","2007-09","9.4","1008","0","0","36","0","0.0","1.77","92","123","6.04",,"0.0","64.8","74.7","54.9",,,"260","240",,,,"33.1","52",,
"USW00014922","MINNEAPOLIS ST. PAUL INTERNATIONAL AIRPORT, MN US","2007-10","9.4","1038","0","0","31","0","0.0","0.92","87","484","3.64",,"0.0","54.3","62.1","46.5",,,"320","310",,,,"34.9","46",,
"USW00014922","MINNEAPOLIS ST. PAUL INTERNATIONAL AIRPORT, MN US","2007-11","10.1","1038","0","0","4","0","0.2","0.06","63","1399","0.09",,"0.4","34.5","42.0","27.0",,,"280","320",,,,"33.1","45",,
"USW00014922","MINNEAPOLIS ST. PAUL INTERNATIONAL AIRPORT, MN US","2007-12","7.4","1038","30","5","-4","10","4.5","0.48","36","2901","1.48",,"18.1","16.6","23.4","9.7",,,"270","270",,,,"34.9","41",,
"USW00014922","MINNEAPOLIS ST. PAUL INTERNATIONAL AIRPORT, MN US","2008-01","8.1","0","31","0","-15","8","0.9","0.09","43","4506","0.15",,"2.0","13.2","21.2","5.2",,,"280","290",,,,"28.0","38",,
"USW00014922","MINNEAPOLIS ST. PAUL INTERNATIONAL AIRPORT, MN US","2008-02","8.1","0","29","3","-14","5","1.3","0.14","38","5950","0.41",,"4.8","15.2","23.1","7.3",,,"280","270",,,,"31.1","43",,
"USW00014922","MINNEAPOLIS ST. PAUL INTERNATIONAL AIRPORT, MN US","2008-03","8.7","0","19","6","-6","6","5.5","0.72","52","7088","1.98",,"18.0","28.3","36.2","20.4",,,"310","310",,,,"30.0","38",,
"USW00014922","MINNEAPOLIS ST. PAUL INTERNATIONAL AIRPORT, MN US","2008-04","10.3","0","3","0","24","6","0.8","0.83","77","7717","3.13",,"1.6","44.0","53.0","35.1",,,"250","240",,,,"36.0","48",,
"USW00014922","MINNEAPOLIS ST. PAUL INTERNATIONAL AIRPORT, MN US","2008-05","9.6","11","0","0","37","0","0.0","1.23","84","7996","2.54",,"0.0","56.3","66.6","46.0",,,"340","330",,,,"38.9","53",,
"USW00014922","MINNEAPOLIS ST. PAUL INTERNATIONAL AIRPORT, MN US","2008-06","8.9","135","0","0","52","0","0.0","1.20","90","8008","2.70",,"0.0","68.7","77.9","59.5",,,"310","320",,,,"49.0","62",,
"USW00014922","MINNEAPOLIS ST. PAUL INTERNATIONAL AIRPORT, MN US","2008-07","8.1","461","0","0","55","0","0.0","0.77","94","0","2.13",,"0.0","75.5","85.4","65.7",,,"290","270",,,,"36.9","52",,
"USW00014922","MINNEAPOLIS ST. PAUL INTERNATIONAL AIRPORT, MN US","2008-08","7.6","691","0","0","54","0","0.0","2.12","89","0","3.36",,"0.0","72.4","82.8","62.1",,,"270","270",,,,"42.9","54",,
"USW00014922","MINNEAPOLIS ST. PAUL INTERNATIONAL AIRPORT, MN US","2008-09","8.5","753","0","0","42","0","0.0","0.61","88","104","1.78",,"0.0","63.6","72.8","54.3",,,"270","260",,,,"33.1","41",,
"USW00014922","MINNEAPOLIS ST. PAUL INTERNATIONAL AIRPORT, MN US","2008-10","8.9","758","0","0","27","0","0.0","0.93","78","562","1.97",,"0.0","50.4","59.6","41.2",,,"280","280",,,,"36.9","53",,
"USW00014922","MINNEAPOLIS ST. PAUL INTERNATIONAL AIRPORT, MN US","2008-11","8.9","758","3","2","9","1","1.5","0.41","74","1472","1.14",,"4.3","34.6","41.5","27.8",,,"220","230",,,,"28.0","35",,
"USW00014922","MINNEAPOLIS ST. PAUL INTERNATIONAL AIRPORT, MN US","2008-12","9.6","758","31","6","-13","8","3.6","0.27","41","3068","1.16",,"17.5","13.5","23.0","4.0",,,"280","280",,,,"32.0","39",,
"USW00014922","MINNEAPOLIS ST. PAUL INTERNATIONAL AIRPORT, MN US","2009-01","7.8","0","31","2","-22","8","4.7","0.23","46","4825","0.57",,"8.4","8.3","16.8","-0.2",,,"280","280",,,,"31.1","43",,
"USW00014922","MINNEAPOLIS ST. PAUL INTERNATIONAL AIRPORT, MN US","2009-02","9.8","0","18","3","-5","6","6.0","0.46","47","6063","0.93",,"10.9","20.8","29.1","12.4",,,"280","190",,,,"32.0","41",,
"USW00014922","MINNEAPOLIS ST. PAUL INTERNATIONAL AIRPORT, MN US","2009-03","9.8","0","8","1","-4","5","1.0","0.44","67","7080","1.50",,"1.5","32.2","41.1","23.3",,,"120","130",,,,"30.0","39",,
"USW00014922","MINNEAPOLIS ST. PAUL INTERNATIONAL AIRPORT, MN US","2009-04","10.3","1","2","1","26","2","1.0","0.81","85","7603","1.57",,"2.5","47.6","57.4","37.8",,,"340","330",,,,"31.1","41",,
"USW00014922","MINNEAPOLIS ST. PAUL INTERNATIONAL AIRPORT, MN US","2009-05","10.5","40","0","0","38","0","0.0","0.20","97","7771","0.53",,"0.0","60.8","71.6","50.0",,,"280","200",,,,"36.0","49",,
"USW00014922","MINNEAPOLIS ST. PAUL INTERNATIONAL AIRPORT, MN US","2009-06","8.1","193","0","0","46","0","0.0","0.69","95","7845","2.87",,"0.0","67.7","76.6","58.7",,,"280","290",,,,"30.0","40",,
"USW00014922","MINNEAPOLIS ST. PAUL INTERNATIONAL AIRPORT, MN US","2009-07","8.1","357","0","0","53","0","0.0","0.92","89","9","2.18",,"0.0","70.0","79.4","60.5",,,"320","280",,,,"28.0","39",,
"USW00014922","MINNEAPOLIS ST. PAUL INTERNATIONAL AIRPORT, MN US","2009-08","7.8","515","0","0","49","0","0.0","2.08","90","30","6.43",,"0.0","69.4","78.0","60.9",,,"250","240",,,,"30.0","43",,
"USW00014922","MINNEAPOLIS ST. PAUL INTERNATIONAL AIRPORT, MN US","2009-09","6.3","619","0","0","39","0","0.0","0.37","84","88","0.46",,"0.0","66.5","76.0","57.0",,,"290","280",,,,"40.9","54",,
"USW00014922","MINNEAPOLIS ST. PAUL INTERNATIONAL AIRPORT, MN US","2009-10","8.9","619","1","1","26","1","2.5","1.38","64","764","5.59",,"2.8","43.2","49.1","37.3",,,"220","220",,,,"32.0","43",,
"USW00014922","MINNEAPOLIS ST. PAUL INTERNATIONAL AIRPORT, MN US","2009-11","6.9","619","0","0","24","0","0.0","0.10","64","1433","0.38",,"0.0","42.7","51.0","34.4",,,"290","290",,,,"31.1","43",,
"USW00014922","MINNEAPOLIS ST. PAUL INTERNATIONAL AIRPORT, MN US","2009-12","8.7","619","23","6","-5","11","5.2","0.56","47","2913","1.83",,"20.9","17.3","23.2","11.4",,,"330","340",,,,"29.1","43",,
"USW00014922","MINNEAPOLIS ST. PAUL INTERNATIONAL AIRPORT, MN US","2010-01","7.6","0","31","1","-15","11","2.2","0.23","36","4523","0.45",,"3.1","13.0","20.0","6.1",,,"130","10",,,,"28.0","45",,
"USW00014922","MINNEAPOLIS ST. PAUL INTERNATIONAL AIRPORT, MN US","2010-02","6.5","0","28","5","0","17","4.7","0.23","38","5792","0.75",,"13.9","19.7","28.1","11.3",,,"110","290",,,,"23.0","33",,
"USW00014922","MINNEAPOLIS ST. PAUL INTERNATIONAL AIRPORT, MN US","2010-03","8.1","0","10","0","19","12","0.0","0.27","76","6536","0.69",,"0.0","41.0","50.0","32.0",,,"170","170",,,,"25.9","33",,
"USW00014922","MINNEAPOLIS ST. PAUL INTERNATIONAL AIRPORT, MN US","2010-04","9.2","0","0","0","32","0","0.0","0.73","81","6838","2.32",,"0.0","54.9","65.5","44.3",,,"170","260",,,,"29.1","38",,
"USW00014922","MINNEAPOLIS ST. PAUL INTERNATIONAL AIRPORT, MN US","2010-05","8.5","88","0","0","32","0","0.0","0.61","95","7059","2.50",,"0.0","60.7","70.5","50.9",,,"270","270",,,,"36.9","49",,
"USW00014922","MINNEAPOLIS ST. PAUL INTERNATIONAL AIRPORT, MN US","2010-06","8.1","229","0","0","52","0","0.0","2.15","91","7072","6.26",,"0.0","69.3","77.5","61.0",,,"330","20",,,,"38.0","48",,
"USW00014922","MINNEAPOLIS ST. PAUL INTERNATIONAL AIRPORT, MN US","2010-07","7.4","578","0","0","61","0","0.0","0.80","94","0","3.03",,"0.0","76.3","85.4","67.1",,,"80","330",,,,"36.9","45",,
"USW00014922","MINNEAPOLIS ST. PAUL INTERNATIONAL AIRPORT, MN US","2010-08","8.5","950","0","0","56","0","0.0","2.47","96","0","4.91",,"0.0","77.0","86.2","67.8",,,"260","360",,,,"31.1","40",,
"USW00014922","MINNEAPOLIS ST. PAUL INTERNATIONAL AIRPORT, MN US","2010-09","9.2","958","0","0","41","0","0.0","1.98","80","151","5.53",,"0.0","60.2","68.9","51.6",,,"140","260",,,,"34.9","47",,
"USW00014922","MINNEAPOLIS ST. PAUL INTERNATIONAL AIRPORT, MN US","2010-10","7.6","974","0","0","28","0","0.0","0.67","87","508","1.61",,"0.0","54.0","64.1","44.0",,,"240","240",,,,"42.9","62",,
"USW00014922","MINNEAPOLIS ST. PAUL INTERNATIONAL AIRPORT, MN US","2010-11","9.6","974","11","2","6","4","7.7","0.98","69","1400","2.07",,"9.9","35.3","42.5","28.1",,,"320","330",,,,"25.9","41",,
"USW00014922","MINNEAPOLIS ST. PAUL INTERNATIONAL AIRPORT, MN US","2010-12","8.3","974","31","6","-8","19","16.3","1.16","42","2907","2.80",,"33.6","16.4","22.4","10.4",,,"360","20",,,,"30.0","44",,
"USW00014922","MINNEAPOLIS ST. PAUL INTERNATIONAL AIRPORT, MN US","2011-01","7.2","0","31","8","-16","14","4.2","0.25","32","4549","1.02",,"17.1","12.0","18.3","5.8",,,"320","350",,,,"29.1","46",,
"USW00014922","MINNEAPOLIS ST. PAUL INTERNATIONAL AIRPORT, MN US","2011-02","9.2","0","28","3","-11","15","11.8","0.85","52","5844","1.13",,"16.1","18.7","27.0","10.5",,,"280","270",,,,"31.1","43",,
"USW00014922","MINNEAPOLIS ST. PAUL INTERNATIONAL AIRPORT, MN US","2011-03","8.3","0","25","3","-3","11","4.1","1.14","53","6946","2.06",,"8.2","29.4","37.4","21.5",,,"280","280",,,,"34.9","43",,
"USW00014922","MINNEAPOLIS ST. PAUL INTERNATIONAL AIRPORT, MN US","2011-04","10.7","0","2","1","30","1","1.3","1.46","76","7510","2.80",,"1.9","46.2","55.1","37.3",,,"70","50",,,,"33.1","45",,
"USW00014922","MINNEAPOLIS ST. PAUL INTERNATIONAL AIRPORT, MN US","2011-05","10.3","29","0","0","32","0","0.0","1.74","88","7744","4.04",,"0.0","58.4","67.2","49.6",,,"270","260",,,,"32.0","45",,
"USW00014922","MINNEAPOLIS ST. PAUL INTERNATIONAL AIRPORT, MN US","2011-06","9.6","198","0","0","52","0","0.0","1.29","103","7776","5.28",,"0.0","69.5","78.7","60.3",,,"250","240",,,,"34.9","47",,
"USW00014922","MINNEAPOLIS ST. PAUL INTERNATIONAL AIRPORT, MN US","2011-07","7.4","626","0","0","61","0","0.0","1.84","99","0","5.23",,"0.0","78.8","87.9","69.7",,,"340","350",,,,"36.0","46",,
"USW00014922","MINNEAPOLIS ST. PAUL INTERNATIONAL AIRPORT, MN US","2011-08","6.7","892","0","0","58","0","0.0","1.42","88","0","3.04",,"0.0","73.6","82.4","64.8",,,"300","300",,,,"36.0","49",,
"USW00014922","MINNEAPOLIS ST. PAUL INTERNATIONAL AIRPORT, MN US","2011-09","7.8","983","0","0","36","0","0.0","0.20","94","154","0.36",,"0.0","62.9","72.5","53.3",,,"320","310",,,,"36.9","53",,
"USW00014922","MINNEAPOLIS ST. PAUL INTERNATIONAL AIRPORT, MN US","2011-10","8.7","1035","0","0","31","0","0.0","0.54","88","505","0.70",,"0.0","55.3","64.9","45.8",,,"170","170",,,,"34.9","43",,
"USW00014922","MINNEAPOLIS ST. PAUL INTERNATIONAL AIRPORT, MN US","2011-11","8.9","1035","3","1","16","3","3.0","0.21","64","1278","0.30",,"3.0","39.2","47.0","31.5",,,"280","200",,,,"31.1","39",,
"USW00014922","MINNEAPOLIS ST. PAUL INTERNATIONAL AIRPORT, MN US","2011-12","7.8","1035","8","2","5","4","4.2","0.37","52","2432","1.00",,"7.3","27.8","34.4","21.2",,,"320","310",,,,"32.0","43",,
"USW00014922","MINNEAPOLIS ST. PAUL INTERNATIONAL AIRPORT, MN US","2012-01","9.4","0","17","2","-11","2","1.9","0.15","52","3725","0.37",,"4.6","23.3","30.8","15.8",,,"310","310",,,,"33.1","48",,
"USW00014922","MINNEAPOLIS ST. PAUL INTERNATIONAL AIRPORT, MN US","2012-02","8.7","0","7","2","1","3","2.2","0.70","46","4806","1.71",,"6.1","27.7","34.8","20.6",,,"110","100",,,,"38.0","45",,
"USW00014922","MINNEAPOLIS ST. PAUL INTERNATIONAL AIRPORT, MN US","2012-03","9.8","15","6","0","8","2","0.8","0.58","80","5338","1.40",,"1.3","48.3","57.5","39.1",,,"320","210",,,,"34.9","49",,
"USW00014922","MINNEAPOLIS ST. PAUL INTERNATIONAL AIRPORT, MN US","2012-04","10.3","15","0","0","27","0","0.0","1.19","75","5787","3.05",,"0.0","50.0","59.6","40.5",,,"310","330",,,,"30.0","44",,
"USW00014922","MINNEAPOLIS ST. PAUL INTERNATIONAL AIRPORT, MN US","2012-05","9.2","93","0","0","46","0","0.0","2.58","93","5905","9.34",,"0.0","63.7","73.5","53.8",,,"280","170",,,,"44.1","58",,
"USW00014922","MINNEAPOLIS ST. PAUL INTERNATIONAL AIRPORT, MN US","2012-06","8.5","323","0","0","46","0","0.0","1.15","93","5917","3.59",,"0.0","72.3","82.3","62.3",,,"260","260",,,,"36.9","54",,
"USW00014922","MINNEAPOLIS ST. PAUL INTERNATIONAL AIRPORT, MN US","2012-07","7.4","794","0","0","64","0","0.0","1.69","102","0","4.91",,"0.0","80.2","89.9","70.4",,,"10","10",,,,"36.9","46",,
"USW00014922","MINNEAPOLIS ST. PAUL INTERNATIONAL AIRPORT, MN US","2012-08","6.9","1015","0","0","50","0","0.0","0.73","93","5","1.38",,"0.0","72.0","82.1","61.8",,,"280","280",,,,"45.0","55",,
"USW00014922","MINNEAPOLIS ST. PAUL INTERNATIONAL AIRPORT, MN US","2012-09","7.4","1107","0","0","36","0","0.0","0.19","95","132","0.30",,"0.0","63.9","76.2","51.5",,,"320","320",,,,"36.9","48",,
"USW00014922","MINNEAPOLIS ST. PAUL INTERNATIONAL AIRPORT, MN US","2012-10","8.5","1107","0","0","25","0","0.0","0.75","78","674","1.30",,"0.0","47.5","56.4","38.6",,,"280","320",,,,"30.0","39",,
"USW00014922","MINNEAPOLIS ST. PAUL INTERNATIONAL AIRPORT, MN US","2012-11","8.3","1107","1","0","10","1","0.5","0.31","69","1511","0.63",,"0.8","37.1","45.6","28.6",,,"280","280",,,,"36.0","45",,
"USW00014922","MINNEAPOLIS ST. PAUL INTERNATIONAL AIRPORT, MN US","2012-12","7.4","1107","24","3","0","9","10.5","0.95","55","2801","1.64",,"15.0","23.4","30.6","16.2",,,"320","340",,,,"25.9","35",,
"USW00014922","MINNEAPOLIS ST. PAUL INTERNATIONAL AIRPORT, MN US","2013-01","9.4","0","15","1","-12","3","3.0","0.49","41","4292","0.86",,"4.6","16.9","25.0","8.9",,,"280","280",,,,"45.0","55",,
"USW00014922","MINNEAPOLIS ST. PAUL INTERNATIONAL AIRPORT, MN US","2013-02","8.3","0","28","6","-13","9","4.2","0.62","39","5580","1.33",,"15.2","19.0","26.1","11.8",,,"320","320",,,,"25.9","36",,
"USW00014922","MINNEAPOLIS ST. PAUL INTERNATIONAL AIRPORT, MN US","2013-03","8.7","0","29","3","5","13","5.4","0.61","56","6751","2.04",,"13.8","27.2","34.6","19.8",,,"320","320",,,,"29.1","37",,
"USW00014922","MINNEAPOLIS ST. PAUL INTERNATIONAL AIRPORT, MN US","2013-04","10.7","2","11","3","19","7","6.4","1.02","81","7473","5.22",,"18.0","41.0","48.6","33.4",,,"320","320",,,,"29.1","37",,
"USW00014922","MINNEAPOLIS ST. PAUL INTERNATIONAL AIRPORT, MN US","2013-05","9.8","50","0","0","32","0","0.5","1.47","98","7728","6.24",,"0.5","58.3","67.6","49.0",,,"340","290",,,,"33.1","44",,
"USW00014922","MINNEAPOLIS ST. PAUL INTERNATIONAL AIRPORT, MN US","2013-06","8.1","211","0","0","50","0","0.0","2.50","91","7772","5.17",,"0.0","68.9","77.1","60.7",,,"320","290",,,,"45.0","61",,
"USW00014922","MINNEAPOLIS ST. PAUL INTERNATIONAL AIRPORT, MN US","2013-07","8.5","527","0","0","53","0","0.0","2.79","94","8","3.52",,"0.0","74.9","84.0","65.9",,,"340","330",,,,"28.0","37",,
"USW00014922","MINNEAPOLIS ST. PAUL INTERNATIONAL AIRPORT, MN US","2013-08","6.7","828","0","0","56","0","0.0","1.33","97","8","2.07",,"0.0","74.7","84.2","65.3",,,"310","310",,,,"35.1","47",,
"USW00014922","MINNEAPOLIS ST. PAUL INTERNATIONAL AIRPORT, MN US","2013-09","8.9","957","0","0","44","0","0.0","0.47","94","72","1.35",,"0.0","67.2","77.1","57.2",,,"270","260",,,,"30.0","39",,
"USW00014922","MINNEAPOLIS ST. PAUL INTERNATIONAL AIRPORT, MN US","2013-10","8.7","959","0","0","26","0","0.0","0.90","78","565","3.00",,"0.0","49.2","57.1","41.2",,,"320","250",,,,"31.1","40",,
"USW00014922","MINNEAPOLIS ST. PAUL INTERNATIONAL AIRPORT, MN US","2013-11","10.1","959","0","0","7","0","0.7","0.18","56","1517","0.52",,"1.1","33.3","41.2","25.4",,,"280","140",,,,"30.0","41",,
"USW00014922","MINNEAPOLIS ST. PAUL INTERNATIONAL AIRPORT, MN US","2013-12","8.1","959","28","5","-13","9","4.1","0.52","47","3142","1.46",,"16.0","12.6","20.1","5.1",,,"350","360",,,,"29.1","40",,
"USW00014922","MINNEAPOLIS ST. PAUL INTERNATIONAL AIRPORT, MN US","2014-01","10.3","0","31","6","-23","16","6.4","0.44","40","4906","1.43",,"22.7","8.1","18.6","-2.3",,,"310","290",,,,"36.9","47",,
"USW00014922","MINNEAPOLIS ST. PAUL INTERNATIONAL AIRPORT, MN US","2014-02","9.4","0","28","4","-14","24","8.4","0.83","44","6479","1.41",,"18.4","8.8","17.7","0.0",,,"310","300",,,,"33.1","43",,
"USW00014922","MINNEAPOLIS ST. PAUL INTERNATIONAL AIRPORT, MN US","2014-03","9.8","0","26","2","-15","21","2.3","0.44","60","7699","0.82",,"4.7","25.7","34.0","17.3",,,"280","270",,,,"32.0","41",,
"USW00014922","MINNEAPOLIS ST. PAUL INTERNATIONAL AIRPORT, MN US","2014-04","12.3","0","2","2","18","6","5.0","1.76","74","8367","6.27",,"7.0","42.7","51.4","34.1",,,"80","80",,,,"38.0","45",,
"USW00014922","MINNEAPOLIS ST. PAUL INTERNATIONAL AIRPORT, MN US","2014-05","9.2","50","0","0","36","0","0.0","2.25","87","8615","4.56",,"0.0","58.6","67.9","49.3",,,"320","290",,,,"32.0","38",,
"USW00014922","MINNEAPOLIS ST. PAUL INTERNATIONAL AIRPORT, MN US","2014-06","9.2","206","0","0","49","0","0.0","4.13","85","8638","11.37",,"0.0","69.5","77.9","61.0",,,"160","160",,,,"55.0","68",,
"USW00014922","MINNEAPOLIS ST. PAUL INTERNATIONAL AIRPORT, MN US","2014-07","9.2","416","0","0","54","0","0.0","1.03","92","7","2.28",,"0.0","71.5","80.6","62.5",,,"160","160",,,,"36.9","47",,
"USW00014922","MINNEAPOLIS ST. PAUL INTERNATIONAL AIRPORT, MN US","2014-08","7.4","674","0","0","56","0","0.0","0.68","89","7","2.90",,"0.0","73.3","81.8","64.8",,,"10","20",,,,"38.0","48",,
"USW00014922","MINNEAPOLIS ST. PAUL INTERNATIONAL AIRPORT, MN US","2014-09","8.7","735","0","0","39","0","0.0","0.24","86","138","0.92",,"0.0","62.7","72.2","53.2",,,"300","300",,,,"31.1","40",,
"USW00014922","MINNEAPOLIS ST. PAUL INTERNATIONAL AIRPORT, MN US","2014-10","9.4","735","0","0","26","0","0.0","0.78","72","629","1.75",,"0.0","49.2","58.4","40.0",,,"350","270",,,,"30.0","39",,
"USW00014922","MINNEAPOLIS ST. PAUL INTERNATIONAL AIRPORT, MN US","2014-11","11.0","735","17","3","-4","4","2.6","0.28","56","1812","0.87",,"9.4","25.6","32.5","18.7",,,"300","310",,,,"33.1","42",,
"USW00014922","MINNEAPOLIS ST. PAUL INTERNATIONAL AIRPORT, MN US","2014-12","8.7","735","23","1","-7","4","3.4","0.22","51","3071","0.86",,"5.6","24.4","29.7","19.0",,,"320","260",,,,"25.9","32",,
"USW00014922","MINNEAPOLIS ST. PAUL INTERNATIONAL AIRPORT, MN US","2015-01","9.4","0","26","1","-11","5","3.0","0.15","45","4492","0.35",,"5.5","19.1","25.9","12.4",,,"300","310",,,,"31.1","43",,
"USW00014922","MINNEAPOLIS ST. PAUL INTERNATIONAL AIRPORT, MN US","2015-02","10.3","0","20","1","-11","2","1.5","0.13","36","5995","0.36",,"4.9","11.3","19.6","3.0",,,"310","310",,,,"36.0","46",,
"USW00014922","MINNEAPOLIS ST. PAUL INTERNATIONAL AIRPORT, MN US","2015-03","9.8","0","6","3","-7","4","3.1","0.20","70","6908","0.67",,"6.8","35.5","45.4","25.8",,,"300","310",,,,"36.9","48",,
"USW00014922","MINNEAPOLIS ST. PAUL INTERNATIONAL AIRPORT, MN US","2015-04","11.4","0","0","0","27","0","0.2","0.65","84","7366","2.43",,"0.3","49.7","59.9","39.6",,,"250","290",,,,"35.1","46",,
"USW00014922","MINNEAPOLIS ST. PAUL INTERNATIONAL AIRPORT, MN US","2015-05","10.1","25","0","0","37","0","0.0","0.72","84","7571","3.55",,"0.0","59.2","68.5","49.9",,,"220","220",,,,"38.0","50",,
"USW00014922","MINNEAPOLIS ST. PAUL INTERNATIONAL AIRPORT, MN US","2015-06","8.1","176","0","0","52","0","0.0","0.95","92","7580","4.40",,"0.0","69.7","78.7","60.7",,,"90","100",,,,"32.0","38",,
"USW00014922","MINNEAPOLIS ST. PAUL INTERNATIONAL AIRPORT, MN US","2015-07","8.9","436","0","0","54","0","0.0","2.83","90","2","7.32",,"0.0","73.3","82.4","64.3",,,"310","310",,,,"45.0","60",,
"USW00014922","MINNEAPOLIS ST. PAUL INTERNATIONAL AIRPORT, MN US","2015-08","9.2","629","0","0","51","0","0.0","0.92","94","18","2.99",,"0.0","70.7","79.2","62.2",,,"160","160",,,,"35.1","47",,
"USW00014922","MINNEAPOLIS ST. PAUL INTERNATIONAL AIRPORT, MN US","2015-09","8.5","777","0","0","43","0","0.0","2.37","89","79","4.65",,"0.0","67.9","76.4","59.3",,,"160","160",,,,"30.0","38",,
"USW00014922","MINNEAPOLIS ST. PAUL INTERNATIONAL AIRPORT, MN US","2015-10","9.2","783","0","0","31","0","0.0","0.94","85","486","2.62",,"0.0","52.1","61.0","43.1",,,"270","270",,,,"35.1","45",,
"USW00014922","MINNEAPOLIS ST. PAUL INTERNATIONAL AIRPORT, MN US","2015-11","10.3","783","4","2","14","3","3.8","1.73","71","1194","4.52",,"5.1","41.4","49.1","33.7",,,"260","300",,,,"33.1","48",,
"USW00014922","MINNEAPOLIS ST. PAUL INTERNATIONAL AIRPORT, MN US","2015-12","9.4","783","13","3","7","5","3.4","0.63","47","2271","2.32",,"9.5","30.3","35.2","25.4",,,"360","360",,,,"30.0","39",,
"USW00014922","MINNEAPOLIS ST. PAUL INTERNATIONAL AIRPORT, MN US","2016-01","8.9","0","31","1","-14","6","1.2","0.08","43","3737","0.32",,"4.1","17.7","24.2","11.2",,,"320","320",,,,"25.9","33",,
"USW00014922","MINNEAPOLIS ST. PAUL INTERNATIONAL AIRPORT, MN US","2016-02","10.1","0","19","1","-6","8","8.8","0.51","58","4895","1.09",,"12.2","25.1","31.9","18.2",,,"300","300",,,,"33.1","44",,
"USW00014922","MINNEAPOLIS ST. PAUL INTERNATIONAL AIRPORT, MN US","2016-03","9.6","0","2","2","13","3","3.7","0.85","70","5630","2.27",,"5.4","41.3","49.4","33.2",,,"270","290",,,,"33.1","44",,
"USW00014922","MINNEAPOLIS ST. PAUL INTERNATIONAL AIRPORT, MN US","2016-04","11.9","7","0","0","20","0","0.5","0.65","80","6144","2.84",,"0.5","48.1","56.9","39.3",,,"320","310",,,,"40.0","49",,
"USW00014922","MINNEAPOLIS ST. PAUL INTERNATIONAL AIRPORT, MN US","2016-05","8.7","73","0","0","34","0","0.0","0.59","92","6325","2.43",,"0.0","61.3","71.1","51.5",,,"120","310",,,,"31.1","38",,
"USW00014922","MINNEAPOLIS ST. PAUL INTERNATIONAL AIRPORT, MN US","2016-06","9.8","270","0","0","50","0","0.0","1.49","96","6332","4.48",,"0.0","71.3","80.5","62.1",,,"320","320",,,,"40.9","52",,
"USW00014922","MINNEAPOLIS ST. PAUL INTERNATIONAL AIRPORT, MN US","2016-07","8.7","586","0","0","52","0","0.0","2.17","97","1","5.09",,"0.0","75.2","84.0","66.3",,,"50","320",,,,"38.9","49",,
"USW00014922","MINNEAPOLIS ST. PAUL INTERNATIONAL AIRPORT, MN US","2016-08","7.4","848","0","0","56","0","0.0","1.53","91","4","7.83",,"0.0","73.3","81.9","64.8",,,"270","260",,,,"32.0","40",,
"USW00014922","MINNEAPOLIS ST. PAUL INTERNATIONAL AIRPORT, MN US","2016-09","9.4","933","0","0","46","0","0.0","1.88","84","56","5.47",,"0.0","66.1","74.0","58.2",,,"20","30",,,,"36.0","46",,
"USW00014922","MINNEAPOLIS ST. PAUL INTERNATIONAL AIRPORT, MN US","2016-10","8.9","935","0","0","36","0","0.0","1.01","76","433","3.41",,"0.0","52.9","61.1","44.7",,,"310","330",,,,"29.1","39",,
"USW00014922","MINNEAPOLIS ST. PAUL INTERNATIONAL AIRPORT, MN US","2016-11","8.3","935","2","1","22","2","1.7","0.97","73","1059","2.98",,"2.3","44.1","52.0","36.3",,,"340","320",,,,"38.9","59",,
"USW00014922","MINNEAPOLIS ST. PAUL INTERNATIONAL AIRPORT, MN US","2016-12","11.0","935","22","5","-20","9","5.1","0.97","43","2423","2.14",,"15.8","21.0","27.0","15.0",,,"220","210",,,,"35.1","47",,
"USW00014922","MINNEAPOLIS ST. PAUL INTERNATIONAL AIRPORT, MN US","2017-01","8.7","0","26","3","-9","4","2.2","0.23","42","3785","0.98",,"8.4","21.1","27.2","14.9",,,"310","300",,,,"25.9","35",,
"USW00014922","MINNEAPOLIS ST. PAUL INTERNATIONAL AIRPORT, MN US","2017-02","10.5","0","0","0","1","0","0.3","0.61","63","4729","0.64",,"0.3","31.3","40.2","22.4",,,"320","320",,,,"30.0","41",,
"USW00014922","MINNEAPOLIS ST. PAUL INTERNATIONAL AIRPORT, MN US","2017-03","11.2","0","5","1","5","3","3.4","0.24","65","5688","0.69",,"4.7","34.1","42.1","26.0",,,"280","280",,,,"40.9","60",,
"USW00014922","MINNEAPOLIS ST. PAUL INTERNATIONAL AIRPORT, MN US","2017-04","9.8","0","1","0","32","1","0.5","1.00","73","6124","4.45",,"0.5","50.5","59.3","41.6",,,"180","190",,,,"33.1","44",,
"USW00014922","MINNEAPOLIS ST. PAUL INTERNATIONAL AIRPORT, MN US","2017-05","9.6","20","0","0","35","0","0.0","1.81","84","6345","4.81",,"0.0","58.5","67.7","49.3",,,"300","330",,,,"31.1","43",,
"USW00014922","MINNEAPOLIS ST. PAUL INTERNATIONAL AIRPORT, MN US","2017-06","9.4","223","0","0","49","0","0.0","1.82","96","6358","4.23",,"0.0","71.3","81.3","61.4",,,"300","300",,,,"55.0","69",,
"USW00014922","MINNEAPOLIS ST. PAUL INTERNATIONAL AIRPORT, MN US","2017-07","7.6","543","0","0","58","0","0.0","1.17","96","0","3.12",,"0.0","75.3","84.8","65.8",,,"360","10",,,,"33.1","44",,
"USW00014922","MINNEAPOLIS ST. PAUL INTERNATIONAL AIRPORT, MN US","2017-08","7.8","667","0","0","54","0","0.0","1.94","89","9","6.76",,"0.0","68.7","77.0","60.4",,,"150","150",,,,"36.0","43",,
"USW00014922","MINNEAPOLIS ST. PAUL INTERNATIONAL AIRPORT, MN US","2017-09","9.2","804","0","0","46","0","0.0","0.41","94","78","1.04",,"0.0","67.2","77.0","57.5",,,"350","350",,,,"36.0","50",,
"USW00014922","MINNEAPOLIS ST. PAUL INTERNATIONAL AIRPORT, MN US","2017-10","9.8","804","0","0","27","0","0.1","2.18","78","502","4.50",,"0.1","51.3","59.6","43.1",,,"330","320",,,,"30.0","41",,
"USW00014922","MINNEAPOLIS ST. PAUL INTERNATIONAL AIRPORT, MN US","2017-11","9.6","804","0","0","11","0","0.5","0.09","60","1426","0.39",,"0.6","34.2","42.2","26.2",,,"300","310",,,,"33.1","46",,
"USW00014922","MINNEAPOLIS ST. PAUL INTERNATIONAL AIRPORT, MN US","2017-12","9.4","804","27","2","-16","3","2.1","0.37","57","2851","0.80",,"6.5","19.0","25.4","12.7",,,"290","280",,,,"32.0","44",,
"USW00014922","MINNEAPOLIS ST. PAUL INTERNATIONAL AIRPORT, MN US","2018-01","9.2","0","30","4","-14","11","12.4","1.03","47","4347","1.55",,"20.4","16.8","25.0","8.5",,,"340","340",,,,"32.0","39",,
"USW00014922","MINNEAPOLIS ST. PAUL INTERNATIONAL AIRPORT, MN US","2018-02","8.5","0","28","4","-7","10","6.0","0.51","47","5717","1.33",,"15.9","16.1","25.2","6.9",,,"160","140",,,,"28.0","36",,
"USW00014922","MINNEAPOLIS ST. PAUL INTERNATIONAL AIRPORT, MN US","2018-03","9.6","0","21","4","12","6","3.6","0.38","52","6724","1.19",,"8.8","32.5","40.3","24.7",,,"110","110",,,,"36.0","46",,
"USW00014922","MINNEAPOLIS ST. PAUL INTERNATIONAL AIRPORT, MN US","2018-04","9.6","4","18","6","8","11","11.1","0.79","84","7549","2.22",,"26.1","37.6","47.4","27.8",,,"50","30",,,,"33.1","45",,
"USW00014922","MINNEAPOLIS ST. PAUL INTERNATIONAL AIRPORT, MN US","2018-05","8.3","157","0","0","44","0","0.0","0.89","100","7615","3.00",,"0.0","67.8","78.3","57.3",,,"260","260",,,,"38.0","62",,
"USW00014922","MINNEAPOLIS ST. PAUL INTERNATIONAL AIRPORT, MN US","2018-06","9.4","389","0","0","56","0","0.0","1.10","99","7616","3.78",,"0.0","72.7","80.9","64.5",,,"320","320",,,,"30.0","42",,
"USW00014922","MINNEAPOLIS ST. PAUL INTERNATIONAL AIRPORT, MN US","2018-07","7.8","698","0","0","58","0","0.0","2.13","95","0","4.44",,"0.0","75.0","84.2","65.8",,,"330","310",,,,"35.1","50",,
"USW00014922","MINNEAPOLIS ST. PAUL INTERNATIONAL AIRPORT, MN US","2018-08","7.4","983","0","0","52","0","0.0","1.05","92","7","2.83",,"0.0","73.9","82.9","65.0",,,"330","330",,,,"36.0","49",,
"USW00014922","MINNEAPOLIS ST. PAUL INTERNATIONAL AIRPORT, MN US","2018-09","8.7","1105","0","0","36","0","0.0","3.28","92","125","6.88",,"0.0","65.1","73.3","57.0",,,"320","330",,,,"42.9","55",,
"USW00014922","MINNEAPOLIS ST. PAUL INTERNATIONAL AIRPORT, MN US","2018-10","9.4","1105","0","0","28","0","0.3","1.04","79","721","3.41",,"0.3","45.8","53.3","38.3",,,"290","300",,,,"38.9","61",,
"USW00014922","MINNEAPOLIS ST. PAUL INTERNATIONAL AIRPORT, MN US","2018-11","9.6","1105","7","1","6","2","1.4","0.30","51","1821","1.45",,"4.1","28.3","34.2","22.5",,,"320","320",,,,"28.0","37",,
"USW00014922","MINNEAPOLIS ST. PAUL INTERNATIONAL AIRPORT, MN US","2018-12","8.3","1105","20","2","6","4","2.3","0.95","46","3032","1.54",,"6.7","26.0","31.7","20.2",,,"20","30",,,,"29.1","45",,
"USW00014922","MINNEAPOLIS ST. PAUL INTERNATIONAL AIRPORT, MN US","2019-01","9.4","0","10","2","-28","5","2.6","0.23","47","4599","0.45",,"6.8","14.4","21.9","7.0",,,"310","270",,,,"36.0","49",,
"USW00014922","MINNEAPOLIS ST. PAUL INTERNATIONAL AIRPORT, MN US","2019-02","8.9","0","27","9","-12","19","9.1","0.60","39","6055","2.57",,"39.0","13.0","21.3","4.7",,,"310","300",,,,"38.0","48",,
"USW00014922","MINNEAPOLIS ST. PAUL INTERNATIONAL AIRPORT, MN US","2019-03","9.2","0","19","3","-13","21","5.6","0.57","64","7183","2.00",,"10.6","28.6","37.2","20.0",,,"310","310",,,,"29.1","40",,
"USW00014922","MINNEAPOLIS ST. PAUL INTERNATIONAL AIRPORT, MN US","2019-04","10.1","0","4","2","24","6","4.6","1.10","78","7747","3.91",,"9.8","46.2","55.2","37.2",,,"80","90",,,,"38.0","51",,
"USW00014922","MINNEAPOLIS ST. PAUL INTERNATIONAL AIRPORT, MN US","2019-05","9.2","19","0","0","35","0","0.0","1.83","88","8057","6.68",,"0.0","55.6","65.4","45.9",,,"80","20",,,,"31.1","44",,
"USW00014922","MINNEAPOLIS ST. PAUL INTERNATIONAL AIRPORT, MN US","2019-06","8.5","174","0","0","48","0","0.0","1.03","90","8068","2.72",,"0.0","69.8","79.2","60.3",,,"40","40",,,,"36.9","51",,
"USW00014922","MINNEAPOLIS ST. PAUL INTERNATIONAL AIRPORT, MN US","2019-07","7.6","495","0","0","59","0","0.0","2.02","95","0","6.48",,"0.0","75.4","83.8","67.0",,,"40","250",,,,"31.1","52",,
"USW00014922","MINNEAPOLIS ST. PAUL INTERNATIONAL AIRPORT, MN US","2019-08","7.8","682","0","0","53","0","0.0","1.74","88","1","6.29",,"0.0","71.0","79.4","62.6",,,"120","120",,,,"36.0","52",,
"USW00014922","MINNEAPOLIS ST. PAUL INTERNATIONAL AIRPORT, MN US","2019-09","9.6","793","0","0","45","0","0.0","1.24","88","62","3.92",,"0.0","66.7","74.7","58.7",,,"110","110",,,,"36.0","45",,
"USW00014922","MINNEAPOLIS ST. PAUL INTERNATIONAL AIRPORT, MN US","2019-10","10.5","793","0","0","23","0","0.0","1.06","73","647","4.06",,"0.0","46.1","53.1","39.1",,,"280","240",,,,"29.1","48",,
"USW00014922","MINNEAPOLIS ST. PAUL INTERNATIONAL AIRPORT, MN US","2019-11","9.6","793","4","3","5","7","7.2","0.66","46","1670","2.28",,"14.4","30.9","36.3","25.5",,,"350","360",,,,"33.1","46",,
"USW00014922","MINNEAPOLIS ST. PAUL INTERNATIONAL AIRPORT, MN US","2019-12","8.3","793","31","4","-5","8","4.9","0.62","44","2963","1.83",,"11.3","23.3","30.5","16.1",,,"340","200",,,,"25.9","37",,
"USW00014922","MINNEAPOLIS ST. PAUL INTERNATIONAL AIRPORT, MN US","2020-01","8.7","0","31","3","-9","9","4.7","0.35","38","4336","0.98",,"9.7","20.7","27.4","14.0",,,"320","330",,,,"33.1","44",,
"USW00014922","MINNEAPOLIS ST. PAUL INTERNATIONAL AIRPORT, MN US","2020-02","8.9","0","29","2","-12","10","4.8","0.38","46","5605","0.59",,"7.5","21.3","29.9","12.6",,,"360","240",,,,"25.9","38",,
"USW00014922","MINNEAPOLIS ST. PAUL INTERNATIONAL AIRPORT, MN US","2020-03","9.6","0","4","0","20","4","0.8","1.07","61","6450","2.41",,"1.3","37.7","45.2","30.2",,,"340","320",,,,"30.0","47",,
"USW00014922","MINNEAPOLIS ST. PAUL INTERNATIONAL AIRPORT, MN US","2020-04","10.3","0","2","1","19","5","6.6","0.83","74","7045","1.80",,"7.3","45.2","55.4","34.9",,,"320","300",,,,"35.1","48",,
"USW00014922","MINNEAPOLIS ST. PAUL INTERNATIONAL AIRPORT, MN US","2020-05","9.4","32","0","0","34","0","0.0","2.47","81","7273","4.85",,"0.0","58.7","67.1","50.3",,,"170","330",,,,"29.1","46",,
"USW00014922","MINNEAPOLIS ST. PAUL INTERNATIONAL AIRPORT, MN US","2020-06","9.6","269","0","0","53","0","0.0","2.37","96","7276","6.72",,"0.0","72.8","82.9","62.8",,,"330","320",,,,"38.9","55",,
"USW00014922","MINNEAPOLIS ST. PAUL INTERNATIONAL AIRPORT, MN US","2020-07","7.4","613","0","0","57","0","0.0","0.51","93","2","3.19",,"0.0","76.0","85.2","66.8",,,"330","330",,,,"36.9","55",,
"USW00014922","MINNEAPOLIS ST. PAUL INTERNATIONAL AIRPORT, MN US","2020-08","8.1","864","0","0","54","0","0.0","1.27","92","2","3.98",,"0.0","73.1","82.2","64.0",,,"280","300",,,,"42.9","64",,
"USW00014922","MINNEAPOLIS ST. PAUL INTERNATIONAL AIRPORT, MN US","2020-09","8.5","913","0","0","38","0","0.0","0.25","85","163","0.89",,"0.0","61.3","70.3","52.2",,,"290","320",,,,"35.1","54",,
"USW00014922","MINNEAPOLIS ST. PAUL INTERNATIONAL AIRPORT, MN US","2020-10","9.6","916","3","1","16","7","7.9","0.79","80","829","2.41",,"9.3","43.6","51.0","36.2",,,"310","310",,,,"36.0","52",,
"USW00014922","MINNEAPOLIS ST. PAUL INTERNATIONAL AIRPORT, MN US","2020-11","9.2","918","7","2","13","6","5.5","0.62","75","1621","1.29",,"8.8","38.7","47.0","30.3",,,"320","320",,,,"35.1","49",,
"USW00014922","MINNEAPOLIS ST. PAUL INTERNATIONAL AIRPORT, MN US","2020-12","8.1","918","8","2","-5","9","8.7","0.48","52","2849","0.76",,"12.4","25.4","33.0","17.8",,,"330","320",,,,"36.0","58",,
