lambda[1]	1	500
lambda[2]	501	1000
lambda[3]	1001	1500
lambda[4]	1501	2000
lambda[5]	2001	2500
lambda[6]	2501	3000
lambda[7]	3001	3500
lambda[8]	3501	4000
lambda[9]	4001	4500
lambda[10]	4501	5000
lambda[11]	5001	5500
lambda[12]	5501	6000
lambda[13]	6001	6500
lambda[14]	6501	7000
lambda[15]	7001	7500
lambda[16]	7501	8000
lambda[17]	8001	8500
lambda[18]	8501	9000
lambda[19]	9001	9500
lambda[20]	9501	10000
lambda[21]	10001	10500
lambda[22]	10501	11000
lambda[23]	11001	11500
lambda[24]	11501	12000
lambda[25]	12001	12500
lambda[26]	12501	13000
lambda[27]	13001	13500
lambda[28]	13501	14000
lambda[29]	14001	14500
lambda[30]	14501	15000
lambda[31]	15001	15500
lambda[32]	15501	16000
lambda[33]	16001	16500
lambda[34]	16501	17000
lambda[35]	17001	17500
lambda[36]	17501	18000
lambda[37]	18001	18500
lambda[38]	18501	19000
lambda[39]	19001	19500
lambda[40]	19501	20000
lambda[41]	20001	20500
lambda[42]	20501	21000
lambda[43]	21001	21500
lambda[44]	21501	22000
lambda[45]	22001	22500
lambda[46]	22501	23000
lambda[47]	23001	23500
lambda[48]	23501	24000
lambda[49]	24001	24500
lambda[50]	24501	25000
lambda[51]	25001	25500
lambda[52]	25501	26000
lambda[53]	26001	26500
lambda[54]	26501	27000
lambda[55]	27001	27500
lambda[56]	27501	28000
lambda[57]	28001	28500
lambda[58]	28501	29000
lambda[59]	29001	29500
lambda[60]	29501	30000
lambda[61]	30001	30500
lambda[62]	30501	31000
lambda[63]	31001	31500
lambda[64]	31501	32000
lambda[65]	32001	32500
lambda[66]	32501	33000
lambda[67]	33001	33500
lambda[68]	33501	34000
lambda[69]	34001	34500
lambda[70]	34501	35000
lambda[71]	35001	35500
lambda[72]	35501	36000
lambda[73]	36001	36500
lambda[74]	36501	37000
lambda[75]	37001	37500
lambda[76]	37501	38000
lambda[77]	38001	38500
lambda[78]	38501	39000
lambda[79]	39001	39500
lambda[80]	39501	40000
lambda[81]	40001	40500
lambda[82]	40501	41000
lambda[83]	41001	41500
lambda[84]	41501	42000
lambda[85]	42001	42500
lambda[86]	42501	43000
lambda[87]	43001	43500
lambda[88]	43501	44000
lambda[89]	44001	44500
lambda[90]	44501	45000
lambda[91]	45001	45500
lambda[92]	45501	46000
lambda[93]	46001	46500
lambda[94]	46501	47000
lambda[95]	47001	47500
lambda[96]	47501	48000
lambda[97]	48001	48500
lambda[98]	48501	49000
lambda[99]	49001	49500
lambda[100]	49501	50000
lambda[101]	50001	50500
lambda[102]	50501	51000
lambda[103]	51001	51500
lambda[104]	51501	52000
lambda[105]	52001	52500
lambda[106]	52501	53000
lambda[107]	53001	53500
lambda[108]	53501	54000
lambda[109]	54001	54500
lambda[110]	54501	55000
lambda[111]	55001	55500
lambda[112]	55501	56000
lambda[113]	56001	56500
lambda[114]	56501	57000
lambda[115]	57001	57500
lambda[116]	57501	58000
lambda[117]	58001	58500
lambda[118]	58501	59000
lambda[119]	59001	59500
lambda[120]	59501	60000
lambda[121]	60001	60500
lambda[122]	60501	61000
lambda[123]	61001	61500
lambda[124]	61501	62000
lambda[125]	62001	62500
lambda[126]	62501	63000
lambda[127]	63001	63500
lambda[128]	63501	64000
lambda[129]	64001	64500
lambda[130]	64501	65000
lambda[131]	65001	65500
lambda[132]	65501	66000
lambda[133]	66001	66500
lambda[134]	66501	67000
lambda[135]	67001	67500
lambda[136]	67501	68000
lambda[137]	68001	68500
lambda[138]	68501	69000
lambda[139]	69001	69500
lambda[140]	69501	70000
lambda[141]	70001	70500
lambda[142]	70501	71000
lambda[143]	71001	71500
lambda[144]	71501	72000
lambda[145]	72001	72500
lambda[146]	72501	73000
lambda[147]	73001	73500
lambda[148]	73501	74000
lambda[149]	74001	74500
lambda[150]	74501	75000
lambda[151]	75001	75500
lambda[152]	75501	76000
lambda[153]	76001	76500
lambda[154]	76501	77000
lambda[155]	77001	77500
lambda[156]	77501	78000
lambda[157]	78001	78500
lambda[158]	78501	79000
lambda[159]	79001	79500
lambda[160]	79501	80000
lambda[161]	80001	80500
lambda[162]	80501	81000
lambda[163]	81001	81500
lambda[164]	81501	82000
lambda[165]	82001	82500
lambda[166]	82501	83000
lambda[167]	83001	83500
lambda[168]	83501	84000
lambda[169]	84001	84500
lambda[170]	84501	85000
lambda[171]	85001	85500
lambda[172]	85501	86000
lambda[173]	86001	86500
lambda[174]	86501	87000
lambda[175]	87001	87500
lambda[176]	87501	88000
lambda[177]	88001	88500
lambda[178]	88501	89000
lambda[179]	89001	89500
lambda[180]	89501	90000
lambda[181]	90001	90500
lambda[182]	90501	91000
lambda[183]	91001	91500
lambda[184]	91501	92000
lambda[185]	92001	92500
lambda[186]	92501	93000
lambda[187]	93001	93500
lambda[188]	93501	94000
lambda[189]	94001	94500
lambda[190]	94501	95000
lambda[191]	95001	95500
lambda[192]	95501	96000
lambda[193]	96001	96500
lambda[194]	96501	97000
lambda[195]	97001	97500
lambda[196]	97501	98000
lambda[197]	98001	98500
lambda[198]	98501	99000
lambda[199]	99001	99500
lambda[200]	99501	100000
lambda[201]	100001	100500
lambda[202]	100501	101000
lambda[203]	101001	101500
lambda[204]	101501	102000
lambda[205]	102001	102500
lambda[206]	102501	103000
lambda[207]	103001	103500
lambda[208]	103501	104000
lambda[209]	104001	104500
lambda[210]	104501	105000
lambda[211]	105001	105500
lambda[212]	105501	106000
lambda[213]	106001	106500
lambda[214]	106501	107000
lambda[215]	107001	107500
lambda[216]	107501	108000
lambda[217]	108001	108500
lambda[218]	108501	109000
lambda[219]	109001	109500
lambda[220]	109501	110000
lambda[221]	110001	110500
lambda[222]	110501	111000
lambda[223]	111001	111500
lambda[224]	111501	112000
lambda[225]	112001	112500
lambda[226]	112501	113000
lambda[227]	113001	113500
lambda[228]	113501	114000
lambda[229]	114001	114500
lambda[230]	114501	115000
lambda[231]	115001	115500
lambda[232]	115501	116000
lambda[233]	116001	116500
lambda[234]	116501	117000
lambda[235]	117001	117500
lambda[236]	117501	118000
lambda[237]	118001	118500
lambda[238]	118501	119000
lambda[239]	119001	119500
lambda[240]	119501	120000
lambda[241]	120001	120500
lambda[242]	120501	121000
lambda[243]	121001	121500
lambda[244]	121501	122000
lambda[245]	122001	122500
lambda[246]	122501	123000
lambda[247]	123001	123500
lambda[248]	123501	124000
lambda[249]	124001	124500
lambda[250]	124501	125000
lambda[251]	125001	125500
lambda[252]	125501	126000
lambda[253]	126001	126500
lambda[254]	126501	127000
lambda[255]	127001	127500
lambda[256]	127501	128000
lambda[257]	128001	128500
lambda[258]	128501	129000
lambda[259]	129001	129500
lambda[260]	129501	130000
lambda[261]	130001	130500
lambda[262]	130501	131000
lambda[263]	131001	131500
lambda[264]	131501	132000
lambda[265]	132001	132500
lambda[266]	132501	133000
lambda[267]	133001	133500
lambda[268]	133501	134000
lambda[269]	134001	134500
lambda[270]	134501	135000
lambda[271]	135001	135500
lambda[272]	135501	136000
lambda[273]	136001	136500
lambda[274]	136501	137000
lambda[275]	137001	137500
lambda[276]	137501	138000
lambda[277]	138001	138500
lambda[278]	138501	139000
lambda[279]	139001	139500
lambda[280]	139501	140000
lambda[281]	140001	140500
lambda[282]	140501	141000
lambda[283]	141001	141500
lambda[284]	141501	142000
lambda[285]	142001	142500
lambda[286]	142501	143000
lambda[287]	143001	143500
lambda[288]	143501	144000
lambda[289]	144001	144500
lambda[290]	144501	145000
lambda[291]	145001	145500
lambda[292]	145501	146000
lambda[293]	146001	146500
lambda[294]	146501	147000
lambda[295]	147001	147500
lambda[296]	147501	148000
lambda[297]	148001	148500
lambda[298]	148501	149000
lambda[299]	149001	149500
lambda[300]	149501	150000
lambda[301]	150001	150500
lambda[302]	150501	151000
lambda[303]	151001	151500
lambda[304]	151501	152000
lambda[305]	152001	152500
lambda[306]	152501	153000
lambda[307]	153001	153500
lambda[308]	153501	154000
lambda[309]	154001	154500
lambda[310]	154501	155000
lambda[311]	155001	155500
lambda[312]	155501	156000
lambda[313]	156001	156500
lambda[314]	156501	157000
lambda[315]	157001	157500
lambda[316]	157501	158000
lambda[317]	158001	158500
lambda[318]	158501	159000
lambda[319]	159001	159500
lambda[320]	159501	160000
lambda[321]	160001	160500
lambda[322]	160501	161000
lambda[323]	161001	161500
lambda[324]	161501	162000
lambda[325]	162001	162500
lambda[326]	162501	163000
lambda[327]	163001	163500
lambda[328]	163501	164000
lambda[329]	164001	164500
lambda[330]	164501	165000
lambda[331]	165001	165500
lambda[332]	165501	166000
lambda[333]	166001	166500
lambda[334]	166501	167000
lambda[335]	167001	167500
lambda[336]	167501	168000
lambda[337]	168001	168500
lambda[338]	168501	169000
lambda[339]	169001	169500
lambda[340]	169501	170000
lambda[341]	170001	170500
lambda[342]	170501	171000
lambda[343]	171001	171500
lambda[344]	171501	172000
lambda[345]	172001	172500
lambda[346]	172501	173000
lambda[347]	173001	173500
lambda[348]	173501	174000
lambda[349]	174001	174500
lambda[350]	174501	175000
lambda[351]	175001	175500
lambda[352]	175501	176000
lambda[353]	176001	176500
lambda[354]	176501	177000
lambda[355]	177001	177500
lambda[356]	177501	178000
lambda[357]	178001	178500
lambda[358]	178501	179000
lambda[359]	179001	179500
lambda[360]	179501	180000
lambda[361]	180001	180500
lambda[362]	180501	181000
lambda[363]	181001	181500
lambda[364]	181501	182000
lambda[365]	182001	182500
lambda[366]	182501	183000
lambda[367]	183001	183500
lambda[368]	183501	184000
lambda[369]	184001	184500
lambda[370]	184501	185000
lambda[371]	185001	185500
lambda[372]	185501	186000
lambda[373]	186001	186500
lambda[374]	186501	187000
lambda[375]	187001	187500
lambda[376]	187501	188000
lambda[377]	188001	188500
lambda[378]	188501	189000
lambda[379]	189001	189500
lambda[380]	189501	190000
lambda[381]	190001	190500
lambda[382]	190501	191000
lambda[383]	191001	191500
lambda[384]	191501	192000
lambda[385]	192001	192500
lambda[386]	192501	193000
lambda[387]	193001	193500
lambda[388]	193501	194000
lambda[389]	194001	194500
lambda[390]	194501	195000
lambda[391]	195001	195500
lambda[392]	195501	196000
lambda[393]	196001	196500
lambda[394]	196501	197000
lambda[395]	197001	197500
lambda[396]	197501	198000
lambda[397]	198001	198500
lambda[398]	198501	199000
lambda[399]	199001	199500
lambda[400]	199501	200000
lambda[401]	200001	200500
lambda[402]	200501	201000
lambda[403]	201001	201500
lambda[404]	201501	202000
lambda[405]	202001	202500
lambda[406]	202501	203000
lambda[407]	203001	203500
lambda[408]	203501	204000
lambda[409]	204001	204500
lambda[410]	204501	205000
lambda[411]	205001	205500
lambda[412]	205501	206000
lambda[413]	206001	206500
lambda[414]	206501	207000
lambda[415]	207001	207500
lambda[416]	207501	208000
lambda[417]	208001	208500
lambda[418]	208501	209000
lambda[419]	209001	209500
lambda[420]	209501	210000
lambda[421]	210001	210500
lambda[422]	210501	211000
lambda[423]	211001	211500
lambda[424]	211501	212000
lambda[425]	212001	212500
lambda[426]	212501	213000
lambda[427]	213001	213500
lambda[428]	213501	214000
lambda[429]	214001	214500
lambda[430]	214501	215000
lambda[431]	215001	215500
lambda[432]	215501	216000
lambda[433]	216001	216500
lambda[434]	216501	217000
lambda[435]	217001	217500
lambda[436]	217501	218000
lambda[437]	218001	218500
lambda[438]	218501	219000
lambda[439]	219001	219500
lambda[440]	219501	220000
lambda[441]	220001	220500
lambda[442]	220501	221000
lambda[443]	221001	221500
lambda[444]	221501	222000
lambda[445]	222001	222500
lambda[446]	222501	223000
lambda[447]	223001	223500
lambda[448]	223501	224000
lambda[449]	224001	224500
lambda[450]	224501	225000
lambda[451]	225001	225500
lambda[452]	225501	226000
lambda[453]	226001	226500
lambda[454]	226501	227000
lambda[455]	227001	227500
lambda[456]	227501	228000
lambda[457]	228001	228500
lambda[458]	228501	229000
lambda[459]	229001	229500
lambda[460]	229501	230000
lambda[461]	230001	230500
lambda[462]	230501	231000
lambda[463]	231001	231500
lambda[464]	231501	232000
lambda[465]	232001	232500
lambda[466]	232501	233000
lambda[467]	233001	233500
lambda[468]	233501	234000
lambda[469]	234001	234500
lambda[470]	234501	235000
lambda[471]	235001	235500
lambda[472]	235501	236000
lambda[473]	236001	236500
lambda[474]	236501	237000
lambda[475]	237001	237500
lambda[476]	237501	238000
lambda[477]	238001	238500
lambda[478]	238501	239000
lambda[479]	239001	239500
lambda[480]	239501	240000
lambda[481]	240001	240500
lambda[482]	240501	241000
lambda[483]	241001	241500
lambda[484]	241501	242000
lambda[485]	242001	242500
lambda[486]	242501	243000
lambda[487]	243001	243500
lambda[488]	243501	244000
lambda[489]	244001	244500
lambda[490]	244501	245000
lambda[491]	245001	245500
lambda[492]	245501	246000
lambda[493]	246001	246500
lambda[494]	246501	247000
lambda[495]	247001	247500
lambda[496]	247501	248000
lambda[497]	248001	248500
lambda[498]	248501	249000
lambda[499]	249001	249500
lambda[500]	249501	250000
lambda[501]	250001	250500
lambda[502]	250501	251000
lambda[503]	251001	251500
lambda[504]	251501	252000
lambda[505]	252001	252500
lambda[506]	252501	253000
lambda[507]	253001	253500
lambda[508]	253501	254000
lambda[509]	254001	254500
lambda[510]	254501	255000
lambda[511]	255001	255500
lambda[512]	255501	256000
lambda[513]	256001	256500
lambda[514]	256501	257000
lambda[515]	257001	257500
lambda[516]	257501	258000
lambda[517]	258001	258500
lambda[518]	258501	259000
lambda[519]	259001	259500
lambda[520]	259501	260000
lambda[521]	260001	260500
lambda[522]	260501	261000
lambda[523]	261001	261500
lambda[524]	261501	262000
lambda[525]	262001	262500
lambda[526]	262501	263000
lambda[527]	263001	263500
lambda[528]	263501	264000
lambda[529]	264001	264500
lambda[530]	264501	265000
lambda[531]	265001	265500
lambda[532]	265501	266000
lambda[533]	266001	266500
lambda[534]	266501	267000
lambda[535]	267001	267500
lambda[536]	267501	268000
lambda[537]	268001	268500
lambda[538]	268501	269000
lambda[539]	269001	269500
lambda[540]	269501	270000
lambda[541]	270001	270500
lambda[542]	270501	271000
lambda[543]	271001	271500
lambda[544]	271501	272000
lambda[545]	272001	272500
lambda[546]	272501	273000
lambda[547]	273001	273500
lambda[548]	273501	274000
lambda[549]	274001	274500
lambda[550]	274501	275000
lambda[551]	275001	275500
lambda[552]	275501	276000
lambda[553]	276001	276500
lambda[554]	276501	277000
lambda[555]	277001	277500
lambda[556]	277501	278000
lambda[557]	278001	278500
lambda[558]	278501	279000
lambda[559]	279001	279500
lambda[560]	279501	280000
lambda[561]	280001	280500
lambda[562]	280501	281000
lambda[563]	281001	281500
lambda[564]	281501	282000
lambda[565]	282001	282500
lambda[566]	282501	283000
lambda[567]	283001	283500
lambda[568]	283501	284000
lambda[569]	284001	284500
lambda[570]	284501	285000
lambda[571]	285001	285500
lambda[572]	285501	286000
lambda[573]	286001	286500
lambda[574]	286501	287000
lambda[575]	287001	287500
lambda[576]	287501	288000
lambda[577]	288001	288500
lambda[578]	288501	289000
lambda[579]	289001	289500
lambda[580]	289501	290000
lambda[581]	290001	290500
lambda[582]	290501	291000
lambda[583]	291001	291500
lambda[584]	291501	292000
lambda[585]	292001	292500
lambda[586]	292501	293000
lambda[587]	293001	293500
lambda[588]	293501	294000
lambda[589]	294001	294500
lambda[590]	294501	295000
lambda[591]	295001	295500
lambda[592]	295501	296000
lambda[593]	296001	296500
lambda[594]	296501	297000
lambda[595]	297001	297500
lambda[596]	297501	298000
lambda[597]	298001	298500
lambda[598]	298501	299000
lambda[599]	299001	299500
lambda[600]	299501	300000
lambda[601]	300001	300500
lambda[602]	300501	301000
lambda[603]	301001	301500
lambda[604]	301501	302000
lambda[605]	302001	302500
lambda[606]	302501	303000
lambda[607]	303001	303500
lambda[608]	303501	304000
lambda[609]	304001	304500
lambda[610]	304501	305000
lambda[611]	305001	305500
lambda[612]	305501	306000
lambda[613]	306001	306500
lambda[614]	306501	307000
lambda[615]	307001	307500
lambda[616]	307501	308000
lambda[617]	308001	308500
lambda[618]	308501	309000
lambda[619]	309001	309500
lambda[620]	309501	310000
lambda[621]	310001	310500
lambda[622]	310501	311000
lambda[623]	311001	311500
lambda[624]	311501	312000
lambda[625]	312001	312500
lambda[626]	312501	313000
lambda[627]	313001	313500
lambda[628]	313501	314000
lambda[629]	314001	314500
lambda[630]	314501	315000
lambda[631]	315001	315500
lambda[632]	315501	316000
lambda[633]	316001	316500
lambda[634]	316501	317000
lambda[635]	317001	317500
lambda[636]	317501	318000
lambda[637]	318001	318500
lambda[638]	318501	319000
lambda[639]	319001	319500
lambda[640]	319501	320000
lambda[641]	320001	320500
lambda[642]	320501	321000
lambda[643]	321001	321500
lambda[644]	321501	322000
lambda[645]	322001	322500
lambda[646]	322501	323000
lambda[647]	323001	323500
lambda[648]	323501	324000
lambda[649]	324001	324500
lambda[650]	324501	325000
lambda[651]	325001	325500
lambda[652]	325501	326000
lambda[653]	326001	326500
lambda[654]	326501	327000
lambda[655]	327001	327500
lambda[656]	327501	328000
lambda[657]	328001	328500
lambda[658]	328501	329000
lambda[659]	329001	329500
lambda[660]	329501	330000
lambda[661]	330001	330500
lambda[662]	330501	331000
lambda[663]	331001	331500
lambda[664]	331501	332000
lambda[665]	332001	332500
lambda[666]	332501	333000
lambda[667]	333001	333500
lambda[668]	333501	334000
lambda[669]	334001	334500
lambda[670]	334501	335000
lambda[671]	335001	335500
lambda[672]	335501	336000
lambda[673]	336001	336500
lambda[674]	336501	337000
lambda[675]	337001	337500
lambda[676]	337501	338000
lambda[677]	338001	338500
lambda[678]	338501	339000
lambda[679]	339001	339500
lambda[680]	339501	340000
lambda[681]	340001	340500
lambda[682]	340501	341000
lambda[683]	341001	341500
lambda[684]	341501	342000
lambda[685]	342001	342500
lambda[686]	342501	343000
lambda[687]	343001	343500
lambda[688]	343501	344000
lambda[689]	344001	344500
lambda[690]	344501	345000
lambda[691]	345001	345500
lambda[692]	345501	346000
lambda[693]	346001	346500
lambda[694]	346501	347000
lambda[695]	347001	347500
lambda[696]	347501	348000
lambda[697]	348001	348500
lambda[698]	348501	349000
lambda[699]	349001	349500
lambda[700]	349501	350000
lambda[701]	350001	350500
lambda[702]	350501	351000
lambda[703]	351001	351500
lambda[704]	351501	352000
lambda[705]	352001	352500
lambda[706]	352501	353000
lambda[707]	353001	353500
lambda[708]	353501	354000
lambda[709]	354001	354500
lambda[710]	354501	355000
lambda[711]	355001	355500
lambda[712]	355501	356000
lambda[713]	356001	356500
lambda[714]	356501	357000
lambda[715]	357001	357500
lambda[716]	357501	358000
lambda[717]	358001	358500
lambda[718]	358501	359000
lambda[719]	359001	359500
lambda[720]	359501	360000
lambda[721]	360001	360500
lambda[722]	360501	361000
lambda[723]	361001	361500
lambda[724]	361501	362000
lambda[725]	362001	362500
lambda[726]	362501	363000
lambda[727]	363001	363500
lambda[728]	363501	364000
lambda[729]	364001	364500
lambda[730]	364501	365000
lambda[731]	365001	365500
lambda[732]	365501	366000
lambda[733]	366001	366500
lambda[734]	366501	367000
lambda[735]	367001	367500
lambda[736]	367501	368000
lambda[737]	368001	368500
lambda[738]	368501	369000
lambda[739]	369001	369500
lambda[740]	369501	370000
lambda[741]	370001	370500
lambda[742]	370501	371000
lambda[743]	371001	371500
lambda[744]	371501	372000
lambda[745]	372001	372500
lambda[746]	372501	373000
lambda[747]	373001	373500
lambda[748]	373501	374000
lambda[749]	374001	374500
lambda[750]	374501	375000
lambda[751]	375001	375500
lambda[752]	375501	376000
lambda[753]	376001	376500
lambda[754]	376501	377000
lambda[755]	377001	377500
lambda[756]	377501	378000
lambda[757]	378001	378500
lambda[758]	378501	379000
lambda[759]	379001	379500
lambda[760]	379501	380000
lambda[761]	380001	380500
lambda[762]	380501	381000
lambda[763]	381001	381500
lambda[764]	381501	382000
lambda[765]	382001	382500
lambda[766]	382501	383000
lambda[767]	383001	383500
lambda[768]	383501	384000
lambda[769]	384001	384500
lambda[770]	384501	385000
lambda[771]	385001	385500
lambda[772]	385501	386000
lambda[773]	386001	386500
lambda[774]	386501	387000
lambda[775]	387001	387500
lambda[776]	387501	388000
lambda[777]	388001	388500
lambda[778]	388501	389000
lambda[779]	389001	389500
lambda[780]	389501	390000
lambda[781]	390001	390500
lambda[782]	390501	391000
lambda[783]	391001	391500
lambda[784]	391501	392000
lambda[785]	392001	392500
lambda[786]	392501	393000
lambda[787]	393001	393500
lambda[788]	393501	394000
lambda[789]	394001	394500
lambda[790]	394501	395000
lambda[791]	395001	395500
lambda[792]	395501	396000
lambda[793]	396001	396500
lambda[794]	396501	397000
lambda[795]	397001	397500
lambda[796]	397501	398000
lambda[797]	398001	398500
lambda[798]	398501	399000
lambda[799]	399001	399500
lambda[800]	399501	400000
lambda[801]	400001	400500
lambda[802]	400501	401000
lambda[803]	401001	401500
lambda[804]	401501	402000
lambda[805]	402001	402500
lambda[806]	402501	403000
lambda[807]	403001	403500
lambda[808]	403501	404000
lambda[809]	404001	404500
lambda[810]	404501	405000
lambda[811]	405001	405500
lambda[812]	405501	406000
lambda[813]	406001	406500
lambda[814]	406501	407000
lambda[815]	407001	407500
lambda[816]	407501	408000
lambda[817]	408001	408500
lambda[818]	408501	409000
lambda[819]	409001	409500
lambda[820]	409501	410000
lambda[821]	410001	410500
lambda[822]	410501	411000
lambda[823]	411001	411500
lambda[824]	411501	412000
lambda[825]	412001	412500
lambda[826]	412501	413000
lambda[827]	413001	413500
lambda[828]	413501	414000
lambda[829]	414001	414500
lambda[830]	414501	415000
lambda[831]	415001	415500
lambda[832]	415501	416000
lambda[833]	416001	416500
lambda[834]	416501	417000
lambda[835]	417001	417500
lambda[836]	417501	418000
lambda[837]	418001	418500
lambda[838]	418501	419000
lambda[839]	419001	419500
lambda[840]	419501	420000
lambda[841]	420001	420500
lambda[842]	420501	421000
lambda[843]	421001	421500
lambda[844]	421501	422000
lambda[845]	422001	422500
lambda[846]	422501	423000
lambda[847]	423001	423500
lambda[848]	423501	424000
lambda[849]	424001	424500
lambda[850]	424501	425000
lambda[851]	425001	425500
lambda[852]	425501	426000
lambda[853]	426001	426500
lambda[854]	426501	427000
lambda[855]	427001	427500
lambda[856]	427501	428000
lambda[857]	428001	428500
lambda[858]	428501	429000
lambda[859]	429001	429500
lambda[860]	429501	430000
lambda[861]	430001	430500
lambda[862]	430501	431000
lambda[863]	431001	431500
lambda[864]	431501	432000
lambda[865]	432001	432500
lambda[866]	432501	433000
lambda[867]	433001	433500
lambda[868]	433501	434000
lambda[869]	434001	434500
lambda[870]	434501	435000
lambda[871]	435001	435500
lambda[872]	435501	436000
lambda[873]	436001	436500
lambda[874]	436501	437000
lambda[875]	437001	437500
lambda[876]	437501	438000
lambda[877]	438001	438500
lambda[878]	438501	439000
lambda[879]	439001	439500
lambda[880]	439501	440000
lambda[881]	440001	440500
lambda[882]	440501	441000
lambda[883]	441001	441500
lambda[884]	441501	442000
lambda[885]	442001	442500
lambda[886]	442501	443000
lambda[887]	443001	443500
lambda[888]	443501	444000
lambda[889]	444001	444500
lambda[890]	444501	445000
lambda[891]	445001	445500
lambda[892]	445501	446000
lambda[893]	446001	446500
lambda[894]	446501	447000
lambda[895]	447001	447500
lambda[896]	447501	448000
lambda[897]	448001	448500
lambda[898]	448501	449000
lambda[899]	449001	449500
lambda[900]	449501	450000
lambda[901]	450001	450500
lambda[902]	450501	451000
lambda[903]	451001	451500
lambda[904]	451501	452000
lambda[905]	452001	452500
lambda[906]	452501	453000
lambda[907]	453001	453500
lambda[908]	453501	454000
lambda[909]	454001	454500
lambda[910]	454501	455000
lambda[911]	455001	455500
lambda[912]	455501	456000
lambda[913]	456001	456500
lambda[914]	456501	457000
lambda[915]	457001	457500
lambda[916]	457501	458000
lambda[917]	458001	458500
lambda[918]	458501	459000
lambda[919]	459001	459500
lambda[920]	459501	460000
lambda[921]	460001	460500
lambda[922]	460501	461000
lambda[923]	461001	461500
lambda[924]	461501	462000
lambda[925]	462001	462500
lambda[926]	462501	463000
lambda[927]	463001	463500
lambda[928]	463501	464000
lambda[929]	464001	464500
lambda[930]	464501	465000
lambda[931]	465001	465500
lambda[932]	465501	466000
lambda[933]	466001	466500
lambda[934]	466501	467000
lambda[935]	467001	467500
lambda[936]	467501	468000
lambda[937]	468001	468500
lambda[938]	468501	469000
lambda[939]	469001	469500
lambda[940]	469501	470000
lambda[941]	470001	470500
lambda[942]	470501	471000
lambda[943]	471001	471500
lambda[944]	471501	472000
lambda[945]	472001	472500
lambda[946]	472501	473000
lambda[947]	473001	473500
lambda[948]	473501	474000
lambda[949]	474001	474500
lambda[950]	474501	475000
lambda[951]	475001	475500
lambda[952]	475501	476000
lambda[953]	476001	476500
lambda[954]	476501	477000
lambda[955]	477001	477500
lambda[956]	477501	478000
lambda[957]	478001	478500
lambda[958]	478501	479000
lambda[959]	479001	479500
lambda[960]	479501	480000
lambda[961]	480001	480500
lambda[962]	480501	481000
lambda[963]	481001	481500
lambda[964]	481501	482000
lambda[965]	482001	482500
lambda[966]	482501	483000
lambda[967]	483001	483500
lambda[968]	483501	484000
lambda[969]	484001	484500
lambda[970]	484501	485000
lambda[971]	485001	485500
lambda[972]	485501	486000
lambda[973]	486001	486500
lambda[974]	486501	487000
lambda[975]	487001	487500
lambda[976]	487501	488000
lambda[977]	488001	488500
lambda[978]	488501	489000
lambda[979]	489001	489500
lambda[980]	489501	490000
lambda[981]	490001	490500
lambda[982]	490501	491000
lambda[983]	491001	491500
lambda[984]	491501	492000
lambda[985]	492001	492500
lambda[986]	492501	493000
lambda[987]	493001	493500
lambda[988]	493501	494000
lambda[989]	494001	494500
lambda[990]	494501	495000
lambda[991]	495001	495500
lambda[992]	495501	496000
lambda[993]	496001	496500
lambda[994]	496501	497000
lambda[995]	497001	497500
lambda[996]	497501	498000
lambda[997]	498001	498500
lambda[998]	498501	499000
lambda[999]	499001	499500
lambda[1000]	499501	500000
lambda[1001]	500001	500500
lambda[1002]	500501	501000
lambda[1003]	501001	501500
lambda[1004]	501501	502000
lambda[1005]	502001	502500
lambda[1006]	502501	503000
lambda[1007]	503001	503500
lambda[1008]	503501	504000
lambda[1009]	504001	504500
lambda[1010]	504501	505000
lambda[1011]	505001	505500
lambda[1012]	505501	506000
lambda[1013]	506001	506500
lambda[1014]	506501	507000
lambda[1015]	507001	507500
lambda[1016]	507501	508000
lambda[1017]	508001	508500
lambda[1018]	508501	509000
lambda[1019]	509001	509500
lambda[1020]	509501	510000
lambda[1021]	510001	510500
lambda[1022]	510501	511000
lambda[1023]	511001	511500
lambda[1024]	511501	512000
lambda[1025]	512001	512500
lambda[1026]	512501	513000
lambda[1027]	513001	513500
lambda[1028]	513501	514000
lambda[1029]	514001	514500
lambda[1030]	514501	515000
lambda[1031]	515001	515500
lambda[1032]	515501	516000
lambda[1033]	516001	516500
lambda[1034]	516501	517000
lambda[1035]	517001	517500
lambda[1036]	517501	518000
lambda[1037]	518001	518500
lambda[1038]	518501	519000
lambda[1039]	519001	519500
lambda[1040]	519501	520000
lambda[1041]	520001	520500
lambda[1042]	520501	521000
lambda[1043]	521001	521500
lambda[1044]	521501	522000
lambda[1045]	522001	522500
lambda[1046]	522501	523000
lambda[1047]	523001	523500
lambda[1048]	523501	524000
lambda[1049]	524001	524500
lambda[1050]	524501	525000
lambda[1051]	525001	525500
lambda[1052]	525501	526000
lambda[1053]	526001	526500
lambda[1054]	526501	527000
lambda[1055]	527001	527500
lambda[1056]	527501	528000
lambda[1057]	528001	528500
lambda[1058]	528501	529000
lambda[1059]	529001	529500
lambda[1060]	529501	530000
lambda[1061]	530001	530500
lambda[1062]	530501	531000
lambda[1063]	531001	531500
lambda[1064]	531501	532000
lambda[1065]	532001	532500
lambda[1066]	532501	533000
lambda[1067]	533001	533500
lambda[1068]	533501	534000
lambda[1069]	534001	534500
lambda[1070]	534501	535000
lambda[1071]	535001	535500
lambda[1072]	535501	536000
lambda[1073]	536001	536500
lambda[1074]	536501	537000
lambda[1075]	537001	537500
lambda[1076]	537501	538000
lambda[1077]	538001	538500
lambda[1078]	538501	539000
lambda[1079]	539001	539500
lambda[1080]	539501	540000
lambda[1081]	540001	540500
lambda[1082]	540501	541000
lambda[1083]	541001	541500
lambda[1084]	541501	542000
lambda[1085]	542001	542500
lambda[1086]	542501	543000
lambda[1087]	543001	543500
lambda[1088]	543501	544000
lambda[1089]	544001	544500
lambda[1090]	544501	545000
lambda[1091]	545001	545500
lambda[1092]	545501	546000
lambda[1093]	546001	546500
lambda[1094]	546501	547000
lambda[1095]	547001	547500
lambda[1096]	547501	548000
lambda[1097]	548001	548500
lambda[1098]	548501	549000
lambda[1099]	549001	549500
lambda[1100]	549501	550000
lambda[1101]	550001	550500
lambda[1102]	550501	551000
lambda[1103]	551001	551500
lambda[1104]	551501	552000
lambda[1105]	552001	552500
lambda[1106]	552501	553000
lambda[1107]	553001	553500
lambda[1108]	553501	554000
lambda[1109]	554001	554500
lambda[1110]	554501	555000
lambda[1111]	555001	555500
lambda[1112]	555501	556000
lambda[1113]	556001	556500
lambda[1114]	556501	557000
lambda[1115]	557001	557500
lambda[1116]	557501	558000
lambda[1117]	558001	558500
lambda[1118]	558501	559000
lambda[1119]	559001	559500
lambda[1120]	559501	560000
lambda[1121]	560001	560500
lambda[1122]	560501	561000
lambda[1123]	561001	561500
lambda[1124]	561501	562000
lambda[1125]	562001	562500
lambda[1126]	562501	563000
lambda[1127]	563001	563500
lambda[1128]	563501	564000
lambda[1129]	564001	564500
lambda[1130]	564501	565000
lambda[1131]	565001	565500
lambda[1132]	565501	566000
lambda[1133]	566001	566500
lambda[1134]	566501	567000
lambda[1135]	567001	567500
lambda[1136]	567501	568000
lambda[1137]	568001	568500
lambda[1138]	568501	569000
lambda[1139]	569001	569500
lambda[1140]	569501	570000
lambda[1141]	570001	570500
lambda[1142]	570501	571000
lambda[1143]	571001	571500
lambda[1144]	571501	572000
lambda[1145]	572001	572500
lambda[1146]	572501	573000
lambda[1147]	573001	573500
lambda[1148]	573501	574000
lambda[1149]	574001	574500
lambda[1150]	574501	575000
lambda[1151]	575001	575500
lambda[1152]	575501	576000
lambda[1153]	576001	576500
lambda[1154]	576501	577000
lambda[1155]	577001	577500
lambda[1156]	577501	578000
lambda[1157]	578001	578500
lambda[1158]	578501	579000
lambda[1159]	579001	579500
lambda[1160]	579501	580000
lambda[1161]	580001	580500
lambda[1162]	580501	581000
lambda[1163]	581001	581500
lambda[1164]	581501	582000
lambda[1165]	582001	582500
lambda[1166]	582501	583000
lambda[1167]	583001	583500
lambda[1168]	583501	584000
lambda[1169]	584001	584500
lambda[1170]	584501	585000
lambda[1171]	585001	585500
lambda[1172]	585501	586000
lambda[1173]	586001	586500
lambda[1174]	586501	587000
lambda[1175]	587001	587500
lambda[1176]	587501	588000
lambda[1177]	588001	588500
lambda[1178]	588501	589000
lambda[1179]	589001	589500
lambda[1180]	589501	590000
lambda[1181]	590001	590500
lambda[1182]	590501	591000
lambda[1183]	591001	591500
lambda[1184]	591501	592000
lambda[1185]	592001	592500
lambda[1186]	592501	593000
lambda[1187]	593001	593500
lambda[1188]	593501	594000
lambda[1189]	594001	594500
lambda[1190]	594501	595000
lambda[1191]	595001	595500
lambda[1192]	595501	596000
lambda[1193]	596001	596500
lambda[1194]	596501	597000
lambda[1195]	597001	597500
lambda[1196]	597501	598000
lambda[1197]	598001	598500
lambda[1198]	598501	599000
lambda[1199]	599001	599500
lambda[1200]	599501	600000
lambda[1201]	600001	600500
lambda[1202]	600501	601000
lambda[1203]	601001	601500
lambda[1204]	601501	602000
lambda[1205]	602001	602500
lambda[1206]	602501	603000
lambda[1207]	603001	603500
lambda[1208]	603501	604000
lambda[1209]	604001	604500
lambda[1210]	604501	605000
lambda[1211]	605001	605500
lambda[1212]	605501	606000
lambda[1213]	606001	606500
lambda[1214]	606501	607000
lambda[1215]	607001	607500
lambda[1216]	607501	608000
lambda[1217]	608001	608500
lambda[1218]	608501	609000
lambda[1219]	609001	609500
lambda[1220]	609501	610000
lambda[1221]	610001	610500
lambda[1222]	610501	611000
lambda[1223]	611001	611500
lambda[1224]	611501	612000
lambda[1225]	612001	612500
lambda[1226]	612501	613000
lambda[1227]	613001	613500
lambda[1228]	613501	614000
lambda[1229]	614001	614500
lambda[1230]	614501	615000
lambda[1231]	615001	615500
lambda[1232]	615501	616000
lambda[1233]	616001	616500
lambda[1234]	616501	617000
lambda[1235]	617001	617500
lambda[1236]	617501	618000
lambda[1237]	618001	618500
lambda[1238]	618501	619000
lambda[1239]	619001	619500
lambda[1240]	619501	620000
lambda[1241]	620001	620500
lambda[1242]	620501	621000
lambda[1243]	621001	621500
lambda[1244]	621501	622000
lambda[1245]	622001	622500
lambda[1246]	622501	623000
lambda[1247]	623001	623500
lambda[1248]	623501	624000
lambda[1249]	624001	624500
lambda[1250]	624501	625000
lambda[1251]	625001	625500
lambda[1252]	625501	626000
lambda[1253]	626001	626500
lambda[1254]	626501	627000
lambda[1255]	627001	627500
lambda[1256]	627501	628000
lambda[1257]	628001	628500
lambda[1258]	628501	629000
lambda[1259]	629001	629500
lambda[1260]	629501	630000
lambda[1261]	630001	630500
lambda[1262]	630501	631000
lambda[1263]	631001	631500
lambda[1264]	631501	632000
lambda[1265]	632001	632500
lambda[1266]	632501	633000
lambda[1267]	633001	633500
lambda[1268]	633501	634000
lambda[1269]	634001	634500
lambda[1270]	634501	635000
lambda[1271]	635001	635500
lambda[1272]	635501	636000
lambda[1273]	636001	636500
lambda[1274]	636501	637000
lambda[1275]	637001	637500
lambda[1276]	637501	638000
lambda[1277]	638001	638500
lambda[1278]	638501	639000
lambda[1279]	639001	639500
lambda[1280]	639501	640000
lambda[1281]	640001	640500
lambda[1282]	640501	641000
lambda[1283]	641001	641500
lambda[1284]	641501	642000
lambda[1285]	642001	642500
lambda[1286]	642501	643000
lambda[1287]	643001	643500
lambda[1288]	643501	644000
lambda[1289]	644001	644500
lambda[1290]	644501	645000
lambda[1291]	645001	645500
lambda[1292]	645501	646000
lambda[1293]	646001	646500
lambda[1294]	646501	647000
lambda[1295]	647001	647500
lambda[1296]	647501	648000
lambda[1297]	648001	648500
lambda[1298]	648501	649000
lambda[1299]	649001	649500
lambda[1300]	649501	650000
lambda[1301]	650001	650500
lambda[1302]	650501	651000
lambda[1303]	651001	651500
lambda[1304]	651501	652000
lambda[1305]	652001	652500
lambda[1306]	652501	653000
lambda[1307]	653001	653500
lambda[1308]	653501	654000
lambda[1309]	654001	654500
lambda[1310]	654501	655000
lambda[1311]	655001	655500
lambda[1312]	655501	656000
lambda[1313]	656001	656500
lambda[1314]	656501	657000
lambda[1315]	657001	657500
lambda[1316]	657501	658000
lambda[1317]	658001	658500
lambda[1318]	658501	659000
lambda[1319]	659001	659500
lambda[1320]	659501	660000
lambda[1321]	660001	660500
lambda[1322]	660501	661000
lambda[1323]	661001	661500
lambda[1324]	661501	662000
lambda[1325]	662001	662500
lambda[1326]	662501	663000
lambda[1327]	663001	663500
lambda[1328]	663501	664000
lambda[1329]	664001	664500
lambda[1330]	664501	665000
lambda[1331]	665001	665500
lambda[1332]	665501	666000
lambda[1333]	666001	666500
lambda[1334]	666501	667000
lambda[1335]	667001	667500
lambda[1336]	667501	668000
lambda[1337]	668001	668500
lambda[1338]	668501	669000
lambda[1339]	669001	669500
lambda[1340]	669501	670000
lambda[1341]	670001	670500
lambda[1342]	670501	671000
lambda[1343]	671001	671500
lambda[1344]	671501	672000
lambda[1345]	672001	672500
lambda[1346]	672501	673000
lambda[1347]	673001	673500
lambda[1348]	673501	674000
lambda[1349]	674001	674500
lambda[1350]	674501	675000
lambda[1351]	675001	675500
lambda[1352]	675501	676000
lambda[1353]	676001	676500
lambda[1354]	676501	677000
lambda[1355]	677001	677500
lambda[1356]	677501	678000
lambda[1357]	678001	678500
lambda[1358]	678501	679000
lambda[1359]	679001	679500
lambda[1360]	679501	680000
lambda[1361]	680001	680500
lambda[1362]	680501	681000
lambda[1363]	681001	681500
lambda[1364]	681501	682000
lambda[1365]	682001	682500
lambda[1366]	682501	683000
lambda[1367]	683001	683500
lambda[1368]	683501	684000
lambda[1369]	684001	684500
lambda[1370]	684501	685000
lambda[1371]	685001	685500
lambda[1372]	685501	686000
lambda[1373]	686001	686500
lambda[1374]	686501	687000
lambda[1375]	687001	687500
lambda[1376]	687501	688000
lambda[1377]	688001	688500
lambda[1378]	688501	689000
lambda[1379]	689001	689500
lambda[1380]	689501	690000
lambda[1381]	690001	690500
lambda[1382]	690501	691000
lambda[1383]	691001	691500
lambda[1384]	691501	692000
lambda[1385]	692001	692500
lambda[1386]	692501	693000
lambda[1387]	693001	693500
lambda[1388]	693501	694000
lambda[1389]	694001	694500
lambda[1390]	694501	695000
lambda[1391]	695001	695500
lambda[1392]	695501	696000
lambda[1393]	696001	696500
lambda[1394]	696501	697000
lambda[1395]	697001	697500
lambda[1396]	697501	698000
lambda[1397]	698001	698500
lambda[1398]	698501	699000
lambda[1399]	699001	699500
lambda[1400]	699501	700000
lambda[1401]	700001	700500
lambda[1402]	700501	701000
lambda[1403]	701001	701500
lambda[1404]	701501	702000
lambda[1405]	702001	702500
lambda[1406]	702501	703000
lambda[1407]	703001	703500
lambda[1408]	703501	704000
lambda[1409]	704001	704500
lambda[1410]	704501	705000
lambda[1411]	705001	705500
lambda[1412]	705501	706000
lambda[1413]	706001	706500
lambda[1414]	706501	707000
lambda[1415]	707001	707500
lambda[1416]	707501	708000
lambda[1417]	708001	708500
lambda[1418]	708501	709000
lambda[1419]	709001	709500
lambda[1420]	709501	710000
lambda[1421]	710001	710500
lambda[1422]	710501	711000
lambda[1423]	711001	711500
lambda[1424]	711501	712000
lambda[1425]	712001	712500
lambda[1426]	712501	713000
lambda[1427]	713001	713500
lambda[1428]	713501	714000
lambda[1429]	714001	714500
lambda[1430]	714501	715000
lambda[1431]	715001	715500
lambda[1432]	715501	716000
lambda[1433]	716001	716500
lambda[1434]	716501	717000
lambda[1435]	717001	717500
lambda[1436]	717501	718000
lambda[1437]	718001	718500
lambda[1438]	718501	719000
lambda[1439]	719001	719500
lambda[1440]	719501	720000
lambda[1441]	720001	720500
lambda[1442]	720501	721000
lambda[1443]	721001	721500
lambda[1444]	721501	722000
lambda[1445]	722001	722500
lambda[1446]	722501	723000
lambda[1447]	723001	723500
lambda[1448]	723501	724000
lambda[1449]	724001	724500
lambda[1450]	724501	725000
lambda[1451]	725001	725500
lambda[1452]	725501	726000
lambda[1453]	726001	726500
lambda[1454]	726501	727000
lambda[1455]	727001	727500
lambda[1456]	727501	728000
lambda[1457]	728001	728500
lambda[1458]	728501	729000
lambda[1459]	729001	729500
lambda[1460]	729501	730000
lambda[1461]	730001	730500
lambda[1462]	730501	731000
lambda[1463]	731001	731500
lambda[1464]	731501	732000
lambda[1465]	732001	732500
lambda[1466]	732501	733000
lambda[1467]	733001	733500
lambda[1468]	733501	734000
lambda[1469]	734001	734500
lambda[1470]	734501	735000
lambda[1471]	735001	735500
lambda[1472]	735501	736000
lambda[1473]	736001	736500
lambda[1474]	736501	737000
lambda[1475]	737001	737500
lambda[1476]	737501	738000
lambda[1477]	738001	738500
lambda[1478]	738501	739000
lambda[1479]	739001	739500
lambda[1480]	739501	740000
lambda[1481]	740001	740500
lambda[1482]	740501	741000
lambda[1483]	741001	741500
lambda[1484]	741501	742000
lambda[1485]	742001	742500
lambda[1486]	742501	743000
lambda[1487]	743001	743500
lambda[1488]	743501	744000
lambda[1489]	744001	744500
lambda[1490]	744501	745000
lambda[1491]	745001	745500
lambda[1492]	745501	746000
lambda[1493]	746001	746500
lambda[1494]	746501	747000
lambda[1495]	747001	747500
lambda[1496]	747501	748000
lambda[1497]	748001	748500
lambda[1498]	748501	749000
lambda[1499]	749001	749500
lambda[1500]	749501	750000
lambda[1501]	750001	750500
lambda[1502]	750501	751000
lambda[1503]	751001	751500
lambda[1504]	751501	752000
lambda[1505]	752001	752500
lambda[1506]	752501	753000
lambda[1507]	753001	753500
lambda[1508]	753501	754000
lambda[1509]	754001	754500
lambda[1510]	754501	755000
lambda[1511]	755001	755500
lambda[1512]	755501	756000
lambda[1513]	756001	756500
lambda[1514]	756501	757000
lambda[1515]	757001	757500
lambda[1516]	757501	758000
lambda[1517]	758001	758500
lambda[1518]	758501	759000
lambda[1519]	759001	759500
lambda[1520]	759501	760000
lambda[1521]	760001	760500
lambda[1522]	760501	761000
lambda[1523]	761001	761500
lambda[1524]	761501	762000
lambda[1525]	762001	762500
lambda[1526]	762501	763000
lambda[1527]	763001	763500
lambda[1528]	763501	764000
lambda[1529]	764001	764500
lambda[1530]	764501	765000
lambda[1531]	765001	765500
lambda[1532]	765501	766000
lambda[1533]	766001	766500
lambda[1534]	766501	767000
lambda[1535]	767001	767500
lambda[1536]	767501	768000
lambda[1537]	768001	768500
lambda[1538]	768501	769000
lambda[1539]	769001	769500
lambda[1540]	769501	770000
lambda[1541]	770001	770500
lambda[1542]	770501	771000
lambda[1543]	771001	771500
lambda[1544]	771501	772000
lambda[1545]	772001	772500
lambda[1546]	772501	773000
lambda[1547]	773001	773500
lambda[1548]	773501	774000
lambda[1549]	774001	774500
lambda[1550]	774501	775000
lambda[1551]	775001	775500
lambda[1552]	775501	776000
lambda[1553]	776001	776500
lambda[1554]	776501	777000
lambda[1555]	777001	777500
lambda[1556]	777501	778000
lambda[1557]	778001	778500
lambda[1558]	778501	779000
lambda[1559]	779001	779500
lambda[1560]	779501	780000
lambda[1561]	780001	780500
lambda[1562]	780501	781000
lambda[1563]	781001	781500
lambda[1564]	781501	782000
lambda[1565]	782001	782500
lambda[1566]	782501	783000
lambda[1567]	783001	783500
lambda[1568]	783501	784000
lambda[1569]	784001	784500
lambda[1570]	784501	785000
lambda[1571]	785001	785500
lambda[1572]	785501	786000
lambda[1573]	786001	786500
lambda[1574]	786501	787000
lambda[1575]	787001	787500
lambda[1576]	787501	788000
lambda[1577]	788001	788500
lambda[1578]	788501	789000
lambda[1579]	789001	789500
lambda[1580]	789501	790000
lambda[1581]	790001	790500
lambda[1582]	790501	791000
lambda[1583]	791001	791500
lambda[1584]	791501	792000
lambda[1585]	792001	792500
lambda[1586]	792501	793000
lambda[1587]	793001	793500
lambda[1588]	793501	794000
lambda[1589]	794001	794500
lambda[1590]	794501	795000
lambda[1591]	795001	795500
lambda[1592]	795501	796000
lambda[1593]	796001	796500
lambda[1594]	796501	797000
lambda[1595]	797001	797500
lambda[1596]	797501	798000
lambda[1597]	798001	798500
lambda[1598]	798501	799000
lambda[1599]	799001	799500
lambda[1600]	799501	800000
lambda[1601]	800001	800500
lambda[1602]	800501	801000
lambda[1603]	801001	801500
lambda[1604]	801501	802000
lambda[1605]	802001	802500
lambda[1606]	802501	803000
lambda[1607]	803001	803500
lambda[1608]	803501	804000
lambda[1609]	804001	804500
lambda[1610]	804501	805000
lambda[1611]	805001	805500
lambda[1612]	805501	806000
lambda[1613]	806001	806500
lambda[1614]	806501	807000
lambda[1615]	807001	807500
lambda[1616]	807501	808000
lambda[1617]	808001	808500
lambda[1618]	808501	809000
lambda[1619]	809001	809500
lambda[1620]	809501	810000
lambda[1621]	810001	810500
lambda[1622]	810501	811000
lambda[1623]	811001	811500
lambda[1624]	811501	812000
lambda[1625]	812001	812500
lambda[1626]	812501	813000
lambda[1627]	813001	813500
lambda[1628]	813501	814000
lambda[1629]	814001	814500
lambda[1630]	814501	815000
lambda[1631]	815001	815500
lambda[1632]	815501	816000
lambda[1633]	816001	816500
lambda[1634]	816501	817000
lambda[1635]	817001	817500
lambda[1636]	817501	818000
lambda[1637]	818001	818500
lambda[1638]	818501	819000
lambda[1639]	819001	819500
lambda[1640]	819501	820000
lambda[1641]	820001	820500
lambda[1642]	820501	821000
lambda[1643]	821001	821500
lambda[1644]	821501	822000
lambda[1645]	822001	822500
lambda[1646]	822501	823000
lambda[1647]	823001	823500
lambda[1648]	823501	824000
lambda[1649]	824001	824500
lambda[1650]	824501	825000
lambda[1651]	825001	825500
lambda[1652]	825501	826000
lambda[1653]	826001	826500
lambda[1654]	826501	827000
lambda[1655]	827001	827500
lambda[1656]	827501	828000
lambda[1657]	828001	828500
lambda[1658]	828501	829000
lambda[1659]	829001	829500
lambda[1660]	829501	830000
lambda[1661]	830001	830500
lambda[1662]	830501	831000
lambda[1663]	831001	831500
lambda[1664]	831501	832000
lambda[1665]	832001	832500
lambda[1666]	832501	833000
lambda[1667]	833001	833500
lambda[1668]	833501	834000
lambda[1669]	834001	834500
lambda[1670]	834501	835000
lambda[1671]	835001	835500
lambda[1672]	835501	836000
lambda[1673]	836001	836500
lambda[1674]	836501	837000
lambda[1675]	837001	837500
lambda[1676]	837501	838000
lambda[1677]	838001	838500
lambda[1678]	838501	839000
lambda[1679]	839001	839500
lambda[1680]	839501	840000
lambda[1681]	840001	840500
lambda[1682]	840501	841000
lambda[1683]	841001	841500
lambda[1684]	841501	842000
lambda[1685]	842001	842500
lambda[1686]	842501	843000
lambda[1687]	843001	843500
lambda[1688]	843501	844000
lambda[1689]	844001	844500
lambda[1690]	844501	845000
lambda[1691]	845001	845500
lambda[1692]	845501	846000
lambda[1693]	846001	846500
lambda[1694]	846501	847000
lambda[1695]	847001	847500
lambda[1696]	847501	848000
lambda[1697]	848001	848500
lambda[1698]	848501	849000
lambda[1699]	849001	849500
lambda[1700]	849501	850000
lambda[1701]	850001	850500
lambda[1702]	850501	851000
lambda[1703]	851001	851500
lambda[1704]	851501	852000
lambda[1705]	852001	852500
lambda[1706]	852501	853000
lambda[1707]	853001	853500
lambda[1708]	853501	854000
lambda[1709]	854001	854500
lambda[1710]	854501	855000
lambda[1711]	855001	855500
lambda[1712]	855501	856000
lambda[1713]	856001	856500
lambda[1714]	856501	857000
lambda[1715]	857001	857500
lambda[1716]	857501	858000
lambda[1717]	858001	858500
lambda[1718]	858501	859000
lambda[1719]	859001	859500
lambda[1720]	859501	860000
lambda[1721]	860001	860500
lambda[1722]	860501	861000
lambda[1723]	861001	861500
lambda[1724]	861501	862000
lambda[1725]	862001	862500
lambda[1726]	862501	863000
lambda[1727]	863001	863500
lambda[1728]	863501	864000
lambda[1729]	864001	864500
lambda[1730]	864501	865000
lambda[1731]	865001	865500
lambda[1732]	865501	866000
lambda[1733]	866001	866500
lambda[1734]	866501	867000
lambda[1735]	867001	867500
lambda[1736]	867501	868000
lambda[1737]	868001	868500
lambda[1738]	868501	869000
lambda[1739]	869001	869500
lambda[1740]	869501	870000
lambda[1741]	870001	870500
lambda[1742]	870501	871000
lambda[1743]	871001	871500
lambda[1744]	871501	872000
lambda[1745]	872001	872500
lambda[1746]	872501	873000
lambda[1747]	873001	873500
lambda[1748]	873501	874000
lambda[1749]	874001	874500
lambda[1750]	874501	875000
lambda[1751]	875001	875500
lambda[1752]	875501	876000
lambda[1753]	876001	876500
lambda[1754]	876501	877000
lambda[1755]	877001	877500
lambda[1756]	877501	878000
lambda[1757]	878001	878500
lambda[1758]	878501	879000
lambda[1759]	879001	879500
lambda[1760]	879501	880000
lambda[1761]	880001	880500
lambda[1762]	880501	881000
lambda[1763]	881001	881500
lambda[1764]	881501	882000
lambda[1765]	882001	882500
lambda[1766]	882501	883000
lambda[1767]	883001	883500
lambda[1768]	883501	884000
lambda[1769]	884001	884500
lambda[1770]	884501	885000
lambda[1771]	885001	885500
lambda[1772]	885501	886000
lambda[1773]	886001	886500
lambda[1774]	886501	887000
lambda[1775]	887001	887500
lambda[1776]	887501	888000
lambda[1777]	888001	888500
lambda[1778]	888501	889000
lambda[1779]	889001	889500
lambda[1780]	889501	890000
lambda[1781]	890001	890500
lambda[1782]	890501	891000
lambda[1783]	891001	891500
lambda[1784]	891501	892000
lambda[1785]	892001	892500
lambda[1786]	892501	893000
lambda[1787]	893001	893500
lambda[1788]	893501	894000
lambda[1789]	894001	894500
lambda[1790]	894501	895000
lambda[1791]	895001	895500
lambda[1792]	895501	896000
lambda[1793]	896001	896500
lambda[1794]	896501	897000
lambda[1795]	897001	897500
lambda[1796]	897501	898000
lambda[1797]	898001	898500
lambda[1798]	898501	899000
lambda[1799]	899001	899500
lambda[1800]	899501	900000
lambda[1801]	900001	900500
lambda[1802]	900501	901000
lambda[1803]	901001	901500
lambda[1804]	901501	902000
lambda[1805]	902001	902500
lambda[1806]	902501	903000
lambda[1807]	903001	903500
lambda[1808]	903501	904000
lambda[1809]	904001	904500
lambda[1810]	904501	905000
lambda[1811]	905001	905500
lambda[1812]	905501	906000
lambda[1813]	906001	906500
lambda[1814]	906501	907000
lambda[1815]	907001	907500
lambda[1816]	907501	908000
lambda[1817]	908001	908500
lambda[1818]	908501	909000
lambda[1819]	909001	909500
lambda[1820]	909501	910000
lambda[1821]	910001	910500
lambda[1822]	910501	911000
lambda[1823]	911001	911500
lambda[1824]	911501	912000
lambda[1825]	912001	912500
lambda[1826]	912501	913000
lambda[1827]	913001	913500
lambda[1828]	913501	914000
lambda[1829]	914001	914500
lambda[1830]	914501	915000
lambda[1831]	915001	915500
lambda[1832]	915501	916000
lambda[1833]	916001	916500
lambda[1834]	916501	917000
lambda[1835]	917001	917500
lambda[1836]	917501	918000
lambda[1837]	918001	918500
lambda[1838]	918501	919000
lambda[1839]	919001	919500
lambda[1840]	919501	920000
lambda[1841]	920001	920500
lambda[1842]	920501	921000
lambda[1843]	921001	921500
lambda[1844]	921501	922000
lambda[1845]	922001	922500
lambda[1846]	922501	923000
lambda[1847]	923001	923500
lambda[1848]	923501	924000
lambda[1849]	924001	924500
lambda[1850]	924501	925000
lambda[1851]	925001	925500
lambda[1852]	925501	926000
lambda[1853]	926001	926500
lambda[1854]	926501	927000
lambda[1855]	927001	927500
lambda[1856]	927501	928000
lambda[1857]	928001	928500
lambda[1858]	928501	929000
lambda[1859]	929001	929500
lambda[1860]	929501	930000
lambda[1861]	930001	930500
lambda[1862]	930501	931000
lambda[1863]	931001	931500
lambda[1864]	931501	932000
lambda[1865]	932001	932500
lambda[1866]	932501	933000
lambda[1867]	933001	933500
lambda[1868]	933501	934000
lambda[1869]	934001	934500
lambda[1870]	934501	935000
lambda[1871]	935001	935500
lambda[1872]	935501	936000
lambda[1873]	936001	936500
lambda[1874]	936501	937000
lambda[1875]	937001	937500
lambda[1876]	937501	938000
lambda[1877]	938001	938500
lambda[1878]	938501	939000
lambda[1879]	939001	939500
lambda[1880]	939501	940000
lambda[1881]	940001	940500
lambda[1882]	940501	941000
lambda[1883]	941001	941500
lambda[1884]	941501	942000
lambda[1885]	942001	942500
lambda[1886]	942501	943000
lambda[1887]	943001	943500
lambda[1888]	943501	944000
lambda[1889]	944001	944500
lambda[1890]	944501	945000
lambda[1891]	945001	945500
lambda[1892]	945501	946000
lambda[1893]	946001	946500
lambda[1894]	946501	947000
lambda[1895]	947001	947500
lambda[1896]	947501	948000
lambda[1897]	948001	948500
lambda[1898]	948501	949000
lambda[1899]	949001	949500
lambda[1900]	949501	950000
lambda[1901]	950001	950500
lambda[1902]	950501	951000
lambda[1903]	951001	951500
lambda[1904]	951501	952000
lambda[1905]	952001	952500
lambda[1906]	952501	953000
lambda[1907]	953001	953500
lambda[1908]	953501	954000
lambda[1909]	954001	954500
lambda[1910]	954501	955000
lambda[1911]	955001	955500
lambda[1912]	955501	956000
lambda[1913]	956001	956500
lambda[1914]	956501	957000
lambda[1915]	957001	957500
lambda[1916]	957501	958000
lambda[1917]	958001	958500
lambda[1918]	958501	959000
lambda[1919]	959001	959500
lambda[1920]	959501	960000
lambda[1921]	960001	960500
lambda[1922]	960501	961000
lambda[1923]	961001	961500
lambda[1924]	961501	962000
lambda[1925]	962001	962500
lambda[1926]	962501	963000
lambda[1927]	963001	963500
lambda[1928]	963501	964000
lambda[1929]	964001	964500
lambda[1930]	964501	965000
lambda[1931]	965001	965500
lambda[1932]	965501	966000
lambda[1933]	966001	966500
lambda[1934]	966501	967000
lambda[1935]	967001	967500
lambda[1936]	967501	968000
lambda[1937]	968001	968500
lambda[1938]	968501	969000
lambda[1939]	969001	969500
lambda[1940]	969501	970000
lambda[1941]	970001	970500
lambda[1942]	970501	971000
lambda[1943]	971001	971500
lambda[1944]	971501	972000
lambda[1945]	972001	972500
lambda[1946]	972501	973000
lambda[1947]	973001	973500
lambda[1948]	973501	974000
lambda[1949]	974001	974500
lambda[1950]	974501	975000
lambda[1951]	975001	975500
lambda[1952]	975501	976000
lambda[1953]	976001	976500
lambda[1954]	976501	977000
lambda[1955]	977001	977500
lambda[1956]	977501	978000
lambda[1957]	978001	978500
lambda[1958]	978501	979000
lambda[1959]	979001	979500
lambda[1960]	979501	980000
lambda[1961]	980001	980500
lambda[1962]	980501	981000
lambda[1963]	981001	981500
lambda[1964]	981501	982000
lambda[1965]	982001	982500
lambda[1966]	982501	983000
lambda[1967]	983001	983500
lambda[1968]	983501	984000
lambda[1969]	984001	984500
lambda[1970]	984501	985000
lambda[1971]	985001	985500
lambda[1972]	985501	986000
lambda[1973]	986001	986500
lambda[1974]	986501	987000
lambda[1975]	987001	987500
lambda[1976]	987501	988000
lambda[1977]	988001	988500
lambda[1978]	988501	989000
lambda[1979]	989001	989500
lambda[1980]	989501	990000
lambda[1981]	990001	990500
lambda[1982]	990501	991000
lambda[1983]	991001	991500
lambda[1984]	991501	992000
lambda[1985]	992001	992500
lambda[1986]	992501	993000
lambda[1987]	993001	993500
lambda[1988]	993501	994000
lambda[1989]	994001	994500
lambda[1990]	994501	995000
lambda[1991]	995001	995500
lambda[1992]	995501	996000
lambda[1993]	996001	996500
lambda[1994]	996501	997000
lambda[1995]	997001	997500
lambda[1996]	997501	998000
lambda[1997]	998001	998500
lambda[1998]	998501	999000
lambda[1999]	999001	999500
lambda[2000]	999501	1000000
lambda[2001]	1000001	1000500
lambda[2002]	1000501	1001000
lambda[2003]	1001001	1001500
lambda[2004]	1001501	1002000
lambda[2005]	1002001	1002500
lambda[2006]	1002501	1003000
lambda[2007]	1003001	1003500
lambda[2008]	1003501	1004000
lambda[2009]	1004001	1004500
lambda[2010]	1004501	1005000
lambda[2011]	1005001	1005500
lambda[2012]	1005501	1006000
lambda[2013]	1006001	1006500
lambda[2014]	1006501	1007000
lambda[2015]	1007001	1007500
lambda[2016]	1007501	1008000
lambda[2017]	1008001	1008500
lambda[2018]	1008501	1009000
lambda[2019]	1009001	1009500
lambda[2020]	1009501	1010000
lambda[2021]	1010001	1010500
lambda[2022]	1010501	1011000
lambda[2023]	1011001	1011500
lambda[2024]	1011501	1012000
lambda[2025]	1012001	1012500
lambda[2026]	1012501	1013000
lambda[2027]	1013001	1013500
lambda[2028]	1013501	1014000
lambda[2029]	1014001	1014500
lambda[2030]	1014501	1015000
lambda[2031]	1015001	1015500
lambda[2032]	1015501	1016000
lambda[2033]	1016001	1016500
lambda[2034]	1016501	1017000
lambda[2035]	1017001	1017500
lambda[2036]	1017501	1018000
lambda[2037]	1018001	1018500
lambda[2038]	1018501	1019000
lambda[2039]	1019001	1019500
lambda[2040]	1019501	1020000
lambda[2041]	1020001	1020500
lambda[2042]	1020501	1021000
lambda[2043]	1021001	1021500
lambda[2044]	1021501	1022000
lambda[2045]	1022001	1022500
lambda[2046]	1022501	1023000
lambda[2047]	1023001	1023500
lambda[2048]	1023501	1024000
lambda[2049]	1024001	1024500
lambda[2050]	1024501	1025000
lambda[2051]	1025001	1025500
lambda[2052]	1025501	1026000
lambda[2053]	1026001	1026500
lambda[2054]	1026501	1027000
lambda[2055]	1027001	1027500
lambda[2056]	1027501	1028000
lambda[2057]	1028001	1028500
lambda[2058]	1028501	1029000
lambda[2059]	1029001	1029500
lambda[2060]	1029501	1030000
lambda[2061]	1030001	1030500
lambda[2062]	1030501	1031000
lambda[2063]	1031001	1031500
lambda[2064]	1031501	1032000
lambda[2065]	1032001	1032500
lambda[2066]	1032501	1033000
lambda[2067]	1033001	1033500
lambda[2068]	1033501	1034000
lambda[2069]	1034001	1034500
lambda[2070]	1034501	1035000
lambda[2071]	1035001	1035500
lambda[2072]	1035501	1036000
lambda[2073]	1036001	1036500
lambda[2074]	1036501	1037000
lambda[2075]	1037001	1037500
lambda[2076]	1037501	1038000
lambda[2077]	1038001	1038500
lambda[2078]	1038501	1039000
lambda[2079]	1039001	1039500
lambda[2080]	1039501	1040000
lambda[2081]	1040001	1040500
lambda[2082]	1040501	1041000
lambda[2083]	1041001	1041500
lambda[2084]	1041501	1042000
lambda[2085]	1042001	1042500
lambda[2086]	1042501	1043000
lambda[2087]	1043001	1043500
lambda[2088]	1043501	1044000
lambda[2089]	1044001	1044500
lambda[2090]	1044501	1045000
lambda[2091]	1045001	1045500
lambda[2092]	1045501	1046000
lambda[2093]	1046001	1046500
lambda[2094]	1046501	1047000
lambda[2095]	1047001	1047500
lambda[2096]	1047501	1048000
lambda[2097]	1048001	1048500
lambda[2098]	1048501	1049000
lambda[2099]	1049001	1049500
lambda[2100]	1049501	1050000
lambda[2101]	1050001	1050500
lambda[2102]	1050501	1051000
lambda[2103]	1051001	1051500
lambda[2104]	1051501	1052000
lambda[2105]	1052001	1052500
lambda[2106]	1052501	1053000
lambda[2107]	1053001	1053500
lambda[2108]	1053501	1054000
lambda[2109]	1054001	1054500
lambda[2110]	1054501	1055000
lambda[2111]	1055001	1055500
lambda[2112]	1055501	1056000
lambda[2113]	1056001	1056500
lambda[2114]	1056501	1057000
lambda[2115]	1057001	1057500
lambda[2116]	1057501	1058000
lambda[2117]	1058001	1058500
lambda[2118]	1058501	1059000
lambda[2119]	1059001	1059500
lambda[2120]	1059501	1060000
lambda[2121]	1060001	1060500
lambda[2122]	1060501	1061000
lambda[2123]	1061001	1061500
lambda[2124]	1061501	1062000
lambda[2125]	1062001	1062500
lambda[2126]	1062501	1063000
lambda[2127]	1063001	1063500
lambda[2128]	1063501	1064000
lambda[2129]	1064001	1064500
lambda[2130]	1064501	1065000
lambda[2131]	1065001	1065500
lambda[2132]	1065501	1066000
lambda[2133]	1066001	1066500
lambda[2134]	1066501	1067000
lambda[2135]	1067001	1067500
lambda[2136]	1067501	1068000
lambda[2137]	1068001	1068500
lambda[2138]	1068501	1069000
lambda[2139]	1069001	1069500
lambda[2140]	1069501	1070000
lambda[2141]	1070001	1070500
lambda[2142]	1070501	1071000
lambda[2143]	1071001	1071500
lambda[2144]	1071501	1072000
lambda[2145]	1072001	1072500
lambda[2146]	1072501	1073000
lambda[2147]	1073001	1073500
lambda[2148]	1073501	1074000
lambda[2149]	1074001	1074500
lambda[2150]	1074501	1075000
lambda[2151]	1075001	1075500
lambda[2152]	1075501	1076000
lambda[2153]	1076001	1076500
lambda[2154]	1076501	1077000
lambda[2155]	1077001	1077500
lambda[2156]	1077501	1078000
lambda[2157]	1078001	1078500
lambda[2158]	1078501	1079000
lambda[2159]	1079001	1079500
lambda[2160]	1079501	1080000
lambda[2161]	1080001	1080500
lambda[2162]	1080501	1081000
lambda[2163]	1081001	1081500
lambda[2164]	1081501	1082000
lambda[2165]	1082001	1082500
lambda[2166]	1082501	1083000
lambda[2167]	1083001	1083500
lambda[2168]	1083501	1084000
lambda[2169]	1084001	1084500
lambda[2170]	1084501	1085000
lambda[2171]	1085001	1085500
lambda[2172]	1085501	1086000
lambda[2173]	1086001	1086500
lambda[2174]	1086501	1087000
lambda[2175]	1087001	1087500
lambda[2176]	1087501	1088000
lambda[2177]	1088001	1088500
lambda[2178]	1088501	1089000
lambda[2179]	1089001	1089500
lambda[2180]	1089501	1090000
lambda[2181]	1090001	1090500
lambda[2182]	1090501	1091000
lambda[2183]	1091001	1091500
lambda[2184]	1091501	1092000
lambda[2185]	1092001	1092500
lambda[2186]	1092501	1093000
lambda[2187]	1093001	1093500
lambda[2188]	1093501	1094000
lambda[2189]	1094001	1094500
lambda[2190]	1094501	1095000
lambda[2191]	1095001	1095500
lambda[2192]	1095501	1096000
lambda[2193]	1096001	1096500
lambda[2194]	1096501	1097000
lambda[2195]	1097001	1097500
lambda[2196]	1097501	1098000
lambda[2197]	1098001	1098500
lambda[2198]	1098501	1099000
lambda[2199]	1099001	1099500
lambda[2200]	1099501	1100000
lambda[2201]	1100001	1100500
lambda[2202]	1100501	1101000
lambda[2203]	1101001	1101500
lambda[2204]	1101501	1102000
lambda[2205]	1102001	1102500
lambda[2206]	1102501	1103000
lambda[2207]	1103001	1103500
lambda[2208]	1103501	1104000
lambda[2209]	1104001	1104500
lambda[2210]	1104501	1105000
lambda[2211]	1105001	1105500
lambda[2212]	1105501	1106000
lambda[2213]	1106001	1106500
lambda[2214]	1106501	1107000
lambda[2215]	1107001	1107500
lambda[2216]	1107501	1108000
lambda[2217]	1108001	1108500
lambda[2218]	1108501	1109000
lambda[2219]	1109001	1109500
lambda[2220]	1109501	1110000
lambda[2221]	1110001	1110500
lambda[2222]	1110501	1111000
lambda[2223]	1111001	1111500
lambda[2224]	1111501	1112000
lambda[2225]	1112001	1112500
lambda[2226]	1112501	1113000
lambda[2227]	1113001	1113500
lambda[2228]	1113501	1114000
lambda[2229]	1114001	1114500
lambda[2230]	1114501	1115000
lambda[2231]	1115001	1115500
lambda[2232]	1115501	1116000
lambda[2233]	1116001	1116500
lambda[2234]	1116501	1117000
lambda[2235]	1117001	1117500
lambda[2236]	1117501	1118000
lambda[2237]	1118001	1118500
lambda[2238]	1118501	1119000
lambda[2239]	1119001	1119500
lambda[2240]	1119501	1120000
lambda[2241]	1120001	1120500
lambda[2242]	1120501	1121000
lambda[2243]	1121001	1121500
lambda[2244]	1121501	1122000
lambda[2245]	1122001	1122500
lambda[2246]	1122501	1123000
lambda[2247]	1123001	1123500
lambda[2248]	1123501	1124000
lambda[2249]	1124001	1124500
lambda[2250]	1124501	1125000
lambda[2251]	1125001	1125500
lambda[2252]	1125501	1126000
lambda[2253]	1126001	1126500
lambda[2254]	1126501	1127000
lambda[2255]	1127001	1127500
lambda[2256]	1127501	1128000
lambda[2257]	1128001	1128500
lambda[2258]	1128501	1129000
lambda[2259]	1129001	1129500
lambda[2260]	1129501	1130000
lambda[2261]	1130001	1130500
lambda[2262]	1130501	1131000
lambda[2263]	1131001	1131500
lambda[2264]	1131501	1132000
lambda[2265]	1132001	1132500
lambda[2266]	1132501	1133000
lambda[2267]	1133001	1133500
lambda[2268]	1133501	1134000
lambda[2269]	1134001	1134500
lambda[2270]	1134501	1135000
lambda[2271]	1135001	1135500
lambda[2272]	1135501	1136000
lambda[2273]	1136001	1136500
lambda[2274]	1136501	1137000
lambda[2275]	1137001	1137500
lambda[2276]	1137501	1138000
lambda[2277]	1138001	1138500
lambda[2278]	1138501	1139000
lambda[2279]	1139001	1139500
lambda[2280]	1139501	1140000
lambda[2281]	1140001	1140500
lambda[2282]	1140501	1141000
lambda[2283]	1141001	1141500
lambda[2284]	1141501	1142000
lambda[2285]	1142001	1142500
lambda[2286]	1142501	1143000
lambda[2287]	1143001	1143500
lambda[2288]	1143501	1144000
lambda[2289]	1144001	1144500
lambda[2290]	1144501	1145000
lambda[2291]	1145001	1145500
lambda[2292]	1145501	1146000
lambda[2293]	1146001	1146500
lambda[2294]	1146501	1147000
lambda[2295]	1147001	1147500
lambda[2296]	1147501	1148000
lambda[2297]	1148001	1148500
lambda[2298]	1148501	1149000
lambda[2299]	1149001	1149500
lambda[2300]	1149501	1150000
lambda[2301]	1150001	1150500
lambda[2302]	1150501	1151000
lambda[2303]	1151001	1151500
lambda[2304]	1151501	1152000
lambda[2305]	1152001	1152500
lambda[2306]	1152501	1153000
lambda[2307]	1153001	1153500
lambda[2308]	1153501	1154000
lambda[2309]	1154001	1154500
lambda[2310]	1154501	1155000
lambda[2311]	1155001	1155500
lambda[2312]	1155501	1156000
lambda[2313]	1156001	1156500
lambda[2314]	1156501	1157000
lambda[2315]	1157001	1157500
lambda[2316]	1157501	1158000
lambda[2317]	1158001	1158500
lambda[2318]	1158501	1159000
lambda[2319]	1159001	1159500
lambda[2320]	1159501	1160000
lambda[2321]	1160001	1160500
lambda[2322]	1160501	1161000
lambda[2323]	1161001	1161500
lambda[2324]	1161501	1162000
lambda[2325]	1162001	1162500
lambda[2326]	1162501	1163000
lambda[2327]	1163001	1163500
lambda[2328]	1163501	1164000
lambda[2329]	1164001	1164500
lambda[2330]	1164501	1165000
lambda[2331]	1165001	1165500
lambda[2332]	1165501	1166000
lambda[2333]	1166001	1166500
lambda[2334]	1166501	1167000
lambda[2335]	1167001	1167500
lambda[2336]	1167501	1168000
lambda[2337]	1168001	1168500
lambda[2338]	1168501	1169000
lambda[2339]	1169001	1169500
lambda[2340]	1169501	1170000
lambda[2341]	1170001	1170500
lambda[2342]	1170501	1171000
lambda[2343]	1171001	1171500
lambda[2344]	1171501	1172000
lambda[2345]	1172001	1172500
lambda[2346]	1172501	1173000
lambda[2347]	1173001	1173500
lambda[2348]	1173501	1174000
lambda[2349]	1174001	1174500
lambda[2350]	1174501	1175000
lambda[2351]	1175001	1175500
lambda[2352]	1175501	1176000
lambda[2353]	1176001	1176500
lambda[2354]	1176501	1177000
lambda[2355]	1177001	1177500
lambda[2356]	1177501	1178000
lambda[2357]	1178001	1178500
lambda[2358]	1178501	1179000
lambda[2359]	1179001	1179500
lambda[2360]	1179501	1180000
lambda[2361]	1180001	1180500
lambda[2362]	1180501	1181000
lambda[2363]	1181001	1181500
lambda[2364]	1181501	1182000
lambda[2365]	1182001	1182500
lambda[2366]	1182501	1183000
lambda[2367]	1183001	1183500
lambda[2368]	1183501	1184000
lambda[2369]	1184001	1184500
lambda[2370]	1184501	1185000
lambda[2371]	1185001	1185500
lambda[2372]	1185501	1186000
lambda[2373]	1186001	1186500
lambda[2374]	1186501	1187000
lambda[2375]	1187001	1187500
lambda[2376]	1187501	1188000
lambda[2377]	1188001	1188500
lambda[2378]	1188501	1189000
lambda[2379]	1189001	1189500
lambda[2380]	1189501	1190000
lambda[2381]	1190001	1190500
lambda[2382]	1190501	1191000
lambda[2383]	1191001	1191500
lambda[2384]	1191501	1192000
lambda[2385]	1192001	1192500
lambda[2386]	1192501	1193000
lambda[2387]	1193001	1193500
lambda[2388]	1193501	1194000
lambda[2389]	1194001	1194500
lambda[2390]	1194501	1195000
lambda[2391]	1195001	1195500
lambda[2392]	1195501	1196000
lambda[2393]	1196001	1196500
lambda[2394]	1196501	1197000
lambda[2395]	1197001	1197500
lambda[2396]	1197501	1198000
lambda[2397]	1198001	1198500
lambda[2398]	1198501	1199000
lambda[2399]	1199001	1199500
lambda[2400]	1199501	1200000
lambda[2401]	1200001	1200500
lambda[2402]	1200501	1201000
lambda[2403]	1201001	1201500
lambda[2404]	1201501	1202000
lambda[2405]	1202001	1202500
lambda[2406]	1202501	1203000
lambda[2407]	1203001	1203500
lambda[2408]	1203501	1204000
lambda[2409]	1204001	1204500
lambda[2410]	1204501	1205000
lambda[2411]	1205001	1205500
lambda[2412]	1205501	1206000
lambda[2413]	1206001	1206500
lambda[2414]	1206501	1207000
lambda[2415]	1207001	1207500
lambda[2416]	1207501	1208000
lambda[2417]	1208001	1208500
lambda[2418]	1208501	1209000
lambda[2419]	1209001	1209500
lambda[2420]	1209501	1210000
lambda[2421]	1210001	1210500
lambda[2422]	1210501	1211000
lambda[2423]	1211001	1211500
lambda[2424]	1211501	1212000
lambda[2425]	1212001	1212500
lambda[2426]	1212501	1213000
lambda[2427]	1213001	1213500
lambda[2428]	1213501	1214000
lambda[2429]	1214001	1214500
lambda[2430]	1214501	1215000
lambda[2431]	1215001	1215500
lambda[2432]	1215501	1216000
lambda[2433]	1216001	1216500
lambda[2434]	1216501	1217000
lambda[2435]	1217001	1217500
lambda[2436]	1217501	1218000
lambda[2437]	1218001	1218500
lambda[2438]	1218501	1219000
lambda[2439]	1219001	1219500
lambda[2440]	1219501	1220000
lambda[2441]	1220001	1220500
lambda[2442]	1220501	1221000
lambda[2443]	1221001	1221500
lambda[2444]	1221501	1222000
lambda[2445]	1222001	1222500
lambda[2446]	1222501	1223000
lambda[2447]	1223001	1223500
lambda[2448]	1223501	1224000
lambda[2449]	1224001	1224500
lambda[2450]	1224501	1225000
lambda[2451]	1225001	1225500
lambda[2452]	1225501	1226000
lambda[2453]	1226001	1226500
lambda[2454]	1226501	1227000
lambda[2455]	1227001	1227500
lambda[2456]	1227501	1228000
lambda[2457]	1228001	1228500
lambda[2458]	1228501	1229000
lambda[2459]	1229001	1229500
lambda[2460]	1229501	1230000
lambda[2461]	1230001	1230500
lambda[2462]	1230501	1231000
lambda[2463]	1231001	1231500
lambda[2464]	1231501	1232000
lambda[2465]	1232001	1232500
lambda[2466]	1232501	1233000
lambda[2467]	1233001	1233500
lambda[2468]	1233501	1234000
lambda[2469]	1234001	1234500
lambda[2470]	1234501	1235000
lambda[2471]	1235001	1235500
lambda[2472]	1235501	1236000
lambda[2473]	1236001	1236500
lambda[2474]	1236501	1237000
lambda[2475]	1237001	1237500
lambda[2476]	1237501	1238000
lambda[2477]	1238001	1238500
lambda[2478]	1238501	1239000
lambda[2479]	1239001	1239500
lambda[2480]	1239501	1240000
lambda[2481]	1240001	1240500
lambda[2482]	1240501	1241000
lambda[2483]	1241001	1241500
lambda[2484]	1241501	1242000
lambda[2485]	1242001	1242500
lambda[2486]	1242501	1243000
lambda[2487]	1243001	1243500
lambda[2488]	1243501	1244000
lambda[2489]	1244001	1244500
lambda[2490]	1244501	1245000
lambda[2491]	1245001	1245500
lambda[2492]	1245501	1246000
lambda[2493]	1246001	1246500
lambda[2494]	1246501	1247000
lambda[2495]	1247001	1247500
lambda[2496]	1247501	1248000
lambda[2497]	1248001	1248500
lambda[2498]	1248501	1249000
lambda[2499]	1249001	1249500
lambda[2500]	1249501	1250000
lambda[2501]	1250001	1250500
lambda[2502]	1250501	1251000
lambda[2503]	1251001	1251500
lambda[2504]	1251501	1252000
lambda[2505]	1252001	1252500
lambda[2506]	1252501	1253000
lambda[2507]	1253001	1253500
lambda[2508]	1253501	1254000
lambda[2509]	1254001	1254500
lambda[2510]	1254501	1255000
lambda[2511]	1255001	1255500
lambda[2512]	1255501	1256000
lambda[2513]	1256001	1256500
lambda[2514]	1256501	1257000
lambda[2515]	1257001	1257500
lambda[2516]	1257501	1258000
lambda[2517]	1258001	1258500
lambda[2518]	1258501	1259000
lambda[2519]	1259001	1259500
lambda[2520]	1259501	1260000
lambda[2521]	1260001	1260500
lambda[2522]	1260501	1261000
lambda[2523]	1261001	1261500
lambda[2524]	1261501	1262000
lambda[2525]	1262001	1262500
lambda[2526]	1262501	1263000
lambda[2527]	1263001	1263500
lambda[2528]	1263501	1264000
lambda[2529]	1264001	1264500
lambda[2530]	1264501	1265000
lambda[2531]	1265001	1265500
lambda[2532]	1265501	1266000
lambda[2533]	1266001	1266500
lambda[2534]	1266501	1267000
lambda[2535]	1267001	1267500
lambda[2536]	1267501	1268000
lambda[2537]	1268001	1268500
lambda[2538]	1268501	1269000
lambda[2539]	1269001	1269500
lambda[2540]	1269501	1270000
lambda[2541]	1270001	1270500
lambda[2542]	1270501	1271000
lambda[2543]	1271001	1271500
lambda[2544]	1271501	1272000
lambda[2545]	1272001	1272500
lambda[2546]	1272501	1273000
lambda[2547]	1273001	1273500
lambda[2548]	1273501	1274000
lambda[2549]	1274001	1274500
lambda[2550]	1274501	1275000
lambda[2551]	1275001	1275500
lambda[2552]	1275501	1276000
lambda[2553]	1276001	1276500
lambda[2554]	1276501	1277000
lambda[2555]	1277001	1277500
lambda[2556]	1277501	1278000
lambda[2557]	1278001	1278500
lambda[2558]	1278501	1279000
lambda[2559]	1279001	1279500
lambda[2560]	1279501	1280000
lambda[2561]	1280001	1280500
lambda[2562]	1280501	1281000
lambda[2563]	1281001	1281500
lambda[2564]	1281501	1282000
lambda[2565]	1282001	1282500
lambda[2566]	1282501	1283000
lambda[2567]	1283001	1283500
lambda[2568]	1283501	1284000
lambda[2569]	1284001	1284500
lambda[2570]	1284501	1285000
lambda[2571]	1285001	1285500
lambda[2572]	1285501	1286000
lambda[2573]	1286001	1286500
lambda[2574]	1286501	1287000
lambda[2575]	1287001	1287500
lambda[2576]	1287501	1288000
lambda[2577]	1288001	1288500
lambda[2578]	1288501	1289000
lambda[2579]	1289001	1289500
lambda[2580]	1289501	1290000
lambda[2581]	1290001	1290500
lambda[2582]	1290501	1291000
lambda[2583]	1291001	1291500
lambda[2584]	1291501	1292000
lambda[2585]	1292001	1292500
lambda[2586]	1292501	1293000
lambda[2587]	1293001	1293500
lambda[2588]	1293501	1294000
lambda[2589]	1294001	1294500
lambda[2590]	1294501	1295000
lambda[2591]	1295001	1295500
lambda[2592]	1295501	1296000
lambda[2593]	1296001	1296500
lambda[2594]	1296501	1297000
lambda[2595]	1297001	1297500
lambda[2596]	1297501	1298000
lambda[2597]	1298001	1298500
lambda[2598]	1298501	1299000
lambda[2599]	1299001	1299500
lambda[2600]	1299501	1300000
lambda[2601]	1300001	1300500
lambda[2602]	1300501	1301000
lambda[2603]	1301001	1301500
lambda[2604]	1301501	1302000
lambda[2605]	1302001	1302500
lambda[2606]	1302501	1303000
lambda[2607]	1303001	1303500
lambda[2608]	1303501	1304000
lambda[2609]	1304001	1304500
lambda[2610]	1304501	1305000
lambda[2611]	1305001	1305500
lambda[2612]	1305501	1306000
lambda[2613]	1306001	1306500
lambda[2614]	1306501	1307000
lambda[2615]	1307001	1307500
lambda[2616]	1307501	1308000
lambda[2617]	1308001	1308500
lambda[2618]	1308501	1309000
lambda[2619]	1309001	1309500
lambda[2620]	1309501	1310000
lambda[2621]	1310001	1310500
lambda[2622]	1310501	1311000
lambda[2623]	1311001	1311500
lambda[2624]	1311501	1312000
lambda[2625]	1312001	1312500
lambda[2626]	1312501	1313000
lambda[2627]	1313001	1313500
lambda[2628]	1313501	1314000
lambda[2629]	1314001	1314500
lambda[2630]	1314501	1315000
lambda[2631]	1315001	1315500
lambda[2632]	1315501	1316000
lambda[2633]	1316001	1316500
lambda[2634]	1316501	1317000
lambda[2635]	1317001	1317500
lambda[2636]	1317501	1318000
lambda[2637]	1318001	1318500
lambda[2638]	1318501	1319000
lambda[2639]	1319001	1319500
lambda[2640]	1319501	1320000
lambda[2641]	1320001	1320500
lambda[2642]	1320501	1321000
lambda[2643]	1321001	1321500
lambda[2644]	1321501	1322000
lambda[2645]	1322001	1322500
lambda[2646]	1322501	1323000
lambda[2647]	1323001	1323500
lambda[2648]	1323501	1324000
lambda[2649]	1324001	1324500
lambda[2650]	1324501	1325000
lambda[2651]	1325001	1325500
lambda[2652]	1325501	1326000
lambda[2653]	1326001	1326500
lambda[2654]	1326501	1327000
lambda[2655]	1327001	1327500
lambda[2656]	1327501	1328000
lambda[2657]	1328001	1328500
lambda[2658]	1328501	1329000
lambda[2659]	1329001	1329500
lambda[2660]	1329501	1330000
lambda[2661]	1330001	1330500
lambda[2662]	1330501	1331000
lambda[2663]	1331001	1331500
lambda[2664]	1331501	1332000
lambda[2665]	1332001	1332500
lambda[2666]	1332501	1333000
lambda[2667]	1333001	1333500
lambda[2668]	1333501	1334000
lambda[2669]	1334001	1334500
lambda[2670]	1334501	1335000
lambda[2671]	1335001	1335500
lambda[2672]	1335501	1336000
lambda[2673]	1336001	1336500
lambda[2674]	1336501	1337000
lambda[2675]	1337001	1337500
lambda[2676]	1337501	1338000
lambda[2677]	1338001	1338500
lambda[2678]	1338501	1339000
lambda[2679]	1339001	1339500
lambda[2680]	1339501	1340000
lambda[2681]	1340001	1340500
lambda[2682]	1340501	1341000
lambda[2683]	1341001	1341500
lambda[2684]	1341501	1342000
lambda[2685]	1342001	1342500
lambda[2686]	1342501	1343000
lambda[2687]	1343001	1343500
lambda[2688]	1343501	1344000
lambda[2689]	1344001	1344500
lambda[2690]	1344501	1345000
lambda[2691]	1345001	1345500
lambda[2692]	1345501	1346000
lambda[2693]	1346001	1346500
lambda[2694]	1346501	1347000
lambda[2695]	1347001	1347500
lambda[2696]	1347501	1348000
lambda[2697]	1348001	1348500
lambda[2698]	1348501	1349000
lambda[2699]	1349001	1349500
lambda[2700]	1349501	1350000
lambda[2701]	1350001	1350500
lambda[2702]	1350501	1351000
lambda[2703]	1351001	1351500
lambda[2704]	1351501	1352000
lambda[2705]	1352001	1352500
lambda[2706]	1352501	1353000
lambda[2707]	1353001	1353500
lambda[2708]	1353501	1354000
lambda[2709]	1354001	1354500
lambda[2710]	1354501	1355000
lambda[2711]	1355001	1355500
lambda[2712]	1355501	1356000
lambda[2713]	1356001	1356500
lambda[2714]	1356501	1357000
lambda[2715]	1357001	1357500
lambda[2716]	1357501	1358000
lambda[2717]	1358001	1358500
lambda[2718]	1358501	1359000
lambda[2719]	1359001	1359500
lambda[2720]	1359501	1360000
lambda[2721]	1360001	1360500
lambda[2722]	1360501	1361000
lambda[2723]	1361001	1361500
lambda[2724]	1361501	1362000
lambda[2725]	1362001	1362500
lambda[2726]	1362501	1363000
lambda[2727]	1363001	1363500
lambda[2728]	1363501	1364000
lambda[2729]	1364001	1364500
lambda[2730]	1364501	1365000
lambda[2731]	1365001	1365500
lambda[2732]	1365501	1366000
lambda[2733]	1366001	1366500
lambda[2734]	1366501	1367000
lambda[2735]	1367001	1367500
lambda[2736]	1367501	1368000
lambda[2737]	1368001	1368500
lambda[2738]	1368501	1369000
lambda[2739]	1369001	1369500
lambda[2740]	1369501	1370000
lambda[2741]	1370001	1370500
lambda[2742]	1370501	1371000
lambda[2743]	1371001	1371500
lambda[2744]	1371501	1372000
lambda[2745]	1372001	1372500
lambda[2746]	1372501	1373000
lambda[2747]	1373001	1373500
lambda[2748]	1373501	1374000
lambda[2749]	1374001	1374500
lambda[2750]	1374501	1375000
lambda[2751]	1375001	1375500
lambda[2752]	1375501	1376000
lambda[2753]	1376001	1376500
lambda[2754]	1376501	1377000
lambda[2755]	1377001	1377500
lambda[2756]	1377501	1378000
lambda[2757]	1378001	1378500
lambda[2758]	1378501	1379000
lambda[2759]	1379001	1379500
lambda[2760]	1379501	1380000
lambda[2761]	1380001	1380500
lambda[2762]	1380501	1381000
lambda[2763]	1381001	1381500
lambda[2764]	1381501	1382000
lambda[2765]	1382001	1382500
lambda[2766]	1382501	1383000
lambda[2767]	1383001	1383500
lambda[2768]	1383501	1384000
lambda[2769]	1384001	1384500
lambda[2770]	1384501	1385000
lambda[2771]	1385001	1385500
lambda[2772]	1385501	1386000
lambda[2773]	1386001	1386500
lambda[2774]	1386501	1387000
lambda[2775]	1387001	1387500
lambda[2776]	1387501	1388000
lambda[2777]	1388001	1388500
lambda[2778]	1388501	1389000
lambda[2779]	1389001	1389500
lambda[2780]	1389501	1390000
lambda[2781]	1390001	1390500
lambda[2782]	1390501	1391000
lambda[2783]	1391001	1391500
lambda[2784]	1391501	1392000
lambda[2785]	1392001	1392500
lambda[2786]	1392501	1393000
lambda[2787]	1393001	1393500
lambda[2788]	1393501	1394000
lambda[2789]	1394001	1394500
lambda[2790]	1394501	1395000
lambda[2791]	1395001	1395500
lambda[2792]	1395501	1396000
lambda[2793]	1396001	1396500
lambda[2794]	1396501	1397000
lambda[2795]	1397001	1397500
lambda[2796]	1397501	1398000
lambda[2797]	1398001	1398500
lambda[2798]	1398501	1399000
lambda[2799]	1399001	1399500
lambda[2800]	1399501	1400000
lambda[2801]	1400001	1400500
lambda[2802]	1400501	1401000
lambda[2803]	1401001	1401500
lambda[2804]	1401501	1402000
lambda[2805]	1402001	1402500
lambda[2806]	1402501	1403000
lambda[2807]	1403001	1403500
lambda[2808]	1403501	1404000
lambda[2809]	1404001	1404500
lambda[2810]	1404501	1405000
lambda[2811]	1405001	1405500
lambda[2812]	1405501	1406000
lambda[2813]	1406001	1406500
lambda[2814]	1406501	1407000
lambda[2815]	1407001	1407500
lambda[2816]	1407501	1408000
lambda[2817]	1408001	1408500
lambda[2818]	1408501	1409000
lambda[2819]	1409001	1409500
lambda[2820]	1409501	1410000
lambda[2821]	1410001	1410500
lambda[2822]	1410501	1411000
lambda[2823]	1411001	1411500
lambda[2824]	1411501	1412000
lambda[2825]	1412001	1412500
lambda[2826]	1412501	1413000
lambda[2827]	1413001	1413500
lambda[2828]	1413501	1414000
lambda[2829]	1414001	1414500
lambda[2830]	1414501	1415000
lambda[2831]	1415001	1415500
lambda[2832]	1415501	1416000
lambda[2833]	1416001	1416500
lambda[2834]	1416501	1417000
lambda[2835]	1417001	1417500
lambda[2836]	1417501	1418000
lambda[2837]	1418001	1418500
lambda[2838]	1418501	1419000
lambda[2839]	1419001	1419500
lambda[2840]	1419501	1420000
lambda[2841]	1420001	1420500
lambda[2842]	1420501	1421000
lambda[2843]	1421001	1421500
lambda[2844]	1421501	1422000
lambda[2845]	1422001	1422500
lambda[2846]	1422501	1423000
lambda[2847]	1423001	1423500
lambda[2848]	1423501	1424000
lambda[2849]	1424001	1424500
lambda[2850]	1424501	1425000
lambda[2851]	1425001	1425500
lambda[2852]	1425501	1426000
lambda[2853]	1426001	1426500
lambda[2854]	1426501	1427000
lambda[2855]	1427001	1427500
lambda[2856]	1427501	1428000
lambda[2857]	1428001	1428500
lambda[2858]	1428501	1429000
lambda[2859]	1429001	1429500
lambda[2860]	1429501	1430000
lambda[2861]	1430001	1430500
lambda[2862]	1430501	1431000
lambda[2863]	1431001	1431500
lambda[2864]	1431501	1432000
lambda[2865]	1432001	1432500
lambda[2866]	1432501	1433000
lambda[2867]	1433001	1433500
lambda[2868]	1433501	1434000
lambda[2869]	1434001	1434500
lambda[2870]	1434501	1435000
lambda[2871]	1435001	1435500
lambda[2872]	1435501	1436000
lambda[2873]	1436001	1436500
lambda[2874]	1436501	1437000
lambda[2875]	1437001	1437500
lambda[2876]	1437501	1438000
lambda[2877]	1438001	1438500
lambda[2878]	1438501	1439000
lambda[2879]	1439001	1439500
lambda[2880]	1439501	1440000
lambda[2881]	1440001	1440500
lambda[2882]	1440501	1441000
lambda[2883]	1441001	1441500
lambda[2884]	1441501	1442000
lambda[2885]	1442001	1442500
lambda[2886]	1442501	1443000
lambda[2887]	1443001	1443500
lambda[2888]	1443501	1444000
lambda[2889]	1444001	1444500
lambda[2890]	1444501	1445000
lambda[2891]	1445001	1445500
lambda[2892]	1445501	1446000
lambda[2893]	1446001	1446500
lambda[2894]	1446501	1447000
lambda[2895]	1447001	1447500
lambda[2896]	1447501	1448000
lambda[2897]	1448001	1448500
lambda[2898]	1448501	1449000
lambda[2899]	1449001	1449500
lambda[2900]	1449501	1450000
lambda[2901]	1450001	1450500
lambda[2902]	1450501	1451000
lambda[2903]	1451001	1451500
lambda[2904]	1451501	1452000
lambda[2905]	1452001	1452500
lambda[2906]	1452501	1453000
lambda[2907]	1453001	1453500
lambda[2908]	1453501	1454000
lambda[2909]	1454001	1454500
lambda[2910]	1454501	1455000
lambda[2911]	1455001	1455500
lambda[2912]	1455501	1456000
lambda[2913]	1456001	1456500
lambda[2914]	1456501	1457000
lambda[2915]	1457001	1457500
lambda[2916]	1457501	1458000
lambda[2917]	1458001	1458500
lambda[2918]	1458501	1459000
lambda[2919]	1459001	1459500
lambda[2920]	1459501	1460000
lambda[2921]	1460001	1460500
lambda[2922]	1460501	1461000
lambda[2923]	1461001	1461500
lambda[2924]	1461501	1462000
lambda[2925]	1462001	1462500
lambda[2926]	1462501	1463000
lambda[2927]	1463001	1463500
lambda[2928]	1463501	1464000
lambda[2929]	1464001	1464500
lambda[2930]	1464501	1465000
lambda[2931]	1465001	1465500
lambda[2932]	1465501	1466000
lambda[2933]	1466001	1466500
lambda[2934]	1466501	1467000
lambda[2935]	1467001	1467500
lambda[2936]	1467501	1468000
lambda[2937]	1468001	1468500
lambda[2938]	1468501	1469000
lambda[2939]	1469001	1469500
lambda[2940]	1469501	1470000
lambda[2941]	1470001	1470500
lambda[2942]	1470501	1471000
lambda[2943]	1471001	1471500
lambda[2944]	1471501	1472000
lambda[2945]	1472001	1472500
lambda[2946]	1472501	1473000
lambda[2947]	1473001	1473500
lambda[2948]	1473501	1474000
lambda[2949]	1474001	1474500
lambda[2950]	1474501	1475000
lambda[2951]	1475001	1475500
lambda[2952]	1475501	1476000
lambda[2953]	1476001	1476500
lambda[2954]	1476501	1477000
lambda[2955]	1477001	1477500
lambda[2956]	1477501	1478000
lambda[2957]	1478001	1478500
lambda[2958]	1478501	1479000
lambda[2959]	1479001	1479500
lambda[2960]	1479501	1480000
lambda[2961]	1480001	1480500
lambda[2962]	1480501	1481000
lambda[2963]	1481001	1481500
lambda[2964]	1481501	1482000
lambda[2965]	1482001	1482500
lambda[2966]	1482501	1483000
lambda[2967]	1483001	1483500
lambda[2968]	1483501	1484000
lambda[2969]	1484001	1484500
lambda[2970]	1484501	1485000
lambda[2971]	1485001	1485500
lambda[2972]	1485501	1486000
lambda[2973]	1486001	1486500
lambda[2974]	1486501	1487000
lambda[2975]	1487001	1487500
lambda[2976]	1487501	1488000
lambda[2977]	1488001	1488500
lambda[2978]	1488501	1489000
lambda[2979]	1489001	1489500
lambda[2980]	1489501	1490000
lambda[2981]	1490001	1490500
lambda[2982]	1490501	1491000
lambda[2983]	1491001	1491500
lambda[2984]	1491501	1492000
lambda[2985]	1492001	1492500
lambda[2986]	1492501	1493000
lambda[2987]	1493001	1493500
lambda[2988]	1493501	1494000
lambda[2989]	1494001	1494500
lambda[2990]	1494501	1495000
lambda[2991]	1495001	1495500
lambda[2992]	1495501	1496000
lambda[2993]	1496001	1496500
lambda[2994]	1496501	1497000
lambda[2995]	1497001	1497500
lambda[2996]	1497501	1498000
lambda[2997]	1498001	1498500
lambda[2998]	1498501	1499000
lambda[2999]	1499001	1499500
lambda[3000]	1499501	1500000
lambda[3001]	1500001	1500500
lambda[3002]	1500501	1501000
lambda[3003]	1501001	1501500
lambda[3004]	1501501	1502000
lambda[3005]	1502001	1502500
lambda[3006]	1502501	1503000
lambda[3007]	1503001	1503500
lambda[3008]	1503501	1504000
lambda[3009]	1504001	1504500
lambda[3010]	1504501	1505000
lambda[3011]	1505001	1505500
lambda[3012]	1505501	1506000
lambda[3013]	1506001	1506500
lambda[3014]	1506501	1507000
lambda[3015]	1507001	1507500
lambda[3016]	1507501	1508000
lambda[3017]	1508001	1508500
lambda[3018]	1508501	1509000
lambda[3019]	1509001	1509500
lambda[3020]	1509501	1510000
lambda[3021]	1510001	1510500
lambda[3022]	1510501	1511000
lambda[3023]	1511001	1511500
lambda[3024]	1511501	1512000
lambda[3025]	1512001	1512500
lambda[3026]	1512501	1513000
lambda[3027]	1513001	1513500
lambda[3028]	1513501	1514000
lambda[3029]	1514001	1514500
lambda[3030]	1514501	1515000
lambda[3031]	1515001	1515500
lambda[3032]	1515501	1516000
lambda[3033]	1516001	1516500
lambda[3034]	1516501	1517000
lambda[3035]	1517001	1517500
lambda[3036]	1517501	1518000
lambda[3037]	1518001	1518500
lambda[3038]	1518501	1519000
lambda[3039]	1519001	1519500
lambda[3040]	1519501	1520000
lambda[3041]	1520001	1520500
lambda[3042]	1520501	1521000
lambda[3043]	1521001	1521500
lambda[3044]	1521501	1522000
lambda[3045]	1522001	1522500
lambda[3046]	1522501	1523000
lambda[3047]	1523001	1523500
lambda[3048]	1523501	1524000
lambda[3049]	1524001	1524500
lambda[3050]	1524501	1525000
lambda[3051]	1525001	1525500
lambda[3052]	1525501	1526000
lambda[3053]	1526001	1526500
lambda[3054]	1526501	1527000
lambda[3055]	1527001	1527500
lambda[3056]	1527501	1528000
lambda[3057]	1528001	1528500
lambda[3058]	1528501	1529000
lambda[3059]	1529001	1529500
lambda[3060]	1529501	1530000
lambda[3061]	1530001	1530500
lambda[3062]	1530501	1531000
lambda[3063]	1531001	1531500
lambda[3064]	1531501	1532000
lambda[3065]	1532001	1532500
lambda[3066]	1532501	1533000
lambda[3067]	1533001	1533500
lambda[3068]	1533501	1534000
lambda[3069]	1534001	1534500
lambda[3070]	1534501	1535000
lambda[3071]	1535001	1535500
lambda[3072]	1535501	1536000
lambda[3073]	1536001	1536500
lambda[3074]	1536501	1537000
lambda[3075]	1537001	1537500
lambda[3076]	1537501	1538000
lambda[3077]	1538001	1538500
lambda[3078]	1538501	1539000
lambda[3079]	1539001	1539500
lambda[3080]	1539501	1540000
lambda[3081]	1540001	1540500
lambda[3082]	1540501	1541000
lambda[3083]	1541001	1541500
lambda[3084]	1541501	1542000
lambda[3085]	1542001	1542500
lambda[3086]	1542501	1543000
lambda[3087]	1543001	1543500
lambda[3088]	1543501	1544000
lambda[3089]	1544001	1544500
lambda[3090]	1544501	1545000
lambda[3091]	1545001	1545500
lambda[3092]	1545501	1546000
lambda[3093]	1546001	1546500
lambda[3094]	1546501	1547000
lambda[3095]	1547001	1547500
lambda[3096]	1547501	1548000
lambda[3097]	1548001	1548500
lambda[3098]	1548501	1549000
lambda[3099]	1549001	1549500
lambda[3100]	1549501	1550000
lambda[3101]	1550001	1550500
lambda[3102]	1550501	1551000
lambda[3103]	1551001	1551500
lambda[3104]	1551501	1552000
lambda[3105]	1552001	1552500
lambda[3106]	1552501	1553000
lambda[3107]	1553001	1553500
lambda[3108]	1553501	1554000
lambda[3109]	1554001	1554500
lambda[3110]	1554501	1555000
lambda[3111]	1555001	1555500
lambda[3112]	1555501	1556000
lambda[3113]	1556001	1556500
lambda[3114]	1556501	1557000
lambda[3115]	1557001	1557500
lambda[3116]	1557501	1558000
lambda[3117]	1558001	1558500
lambda[3118]	1558501	1559000
lambda[3119]	1559001	1559500
lambda[3120]	1559501	1560000
lambda[3121]	1560001	1560500
lambda[3122]	1560501	1561000
lambda[3123]	1561001	1561500
lambda[3124]	1561501	1562000
lambda[3125]	1562001	1562500
lambda[3126]	1562501	1563000
lambda[3127]	1563001	1563500
lambda[3128]	1563501	1564000
lambda[3129]	1564001	1564500
lambda[3130]	1564501	1565000
lambda[3131]	1565001	1565500
lambda[3132]	1565501	1566000
lambda[3133]	1566001	1566500
lambda[3134]	1566501	1567000
lambda[3135]	1567001	1567500
lambda[3136]	1567501	1568000
lambda[3137]	1568001	1568500
lambda[3138]	1568501	1569000
lambda[3139]	1569001	1569500
lambda[3140]	1569501	1570000
lambda[3141]	1570001	1570500
lambda[3142]	1570501	1571000
lambda[3143]	1571001	1571500
lambda[3144]	1571501	1572000
lambda[3145]	1572001	1572500
lambda[3146]	1572501	1573000
lambda[3147]	1573001	1573500
lambda[3148]	1573501	1574000
lambda[3149]	1574001	1574500
lambda[3150]	1574501	1575000
lambda[3151]	1575001	1575500
lambda[3152]	1575501	1576000
lambda[3153]	1576001	1576500
lambda[3154]	1576501	1577000
lambda[3155]	1577001	1577500
lambda[3156]	1577501	1578000
lambda[3157]	1578001	1578500
lambda[3158]	1578501	1579000
lambda[3159]	1579001	1579500
lambda[3160]	1579501	1580000
lambda[3161]	1580001	1580500
lambda[3162]	1580501	1581000
lambda[3163]	1581001	1581500
lambda[3164]	1581501	1582000
lambda[3165]	1582001	1582500
lambda[3166]	1582501	1583000
lambda[3167]	1583001	1583500
lambda[3168]	1583501	1584000
lambda[3169]	1584001	1584500
lambda[3170]	1584501	1585000
lambda[3171]	1585001	1585500
lambda[3172]	1585501	1586000
lambda[3173]	1586001	1586500
lambda[3174]	1586501	1587000
lambda[3175]	1587001	1587500
lambda[3176]	1587501	1588000
lambda[3177]	1588001	1588500
lambda[3178]	1588501	1589000
lambda[3179]	1589001	1589500
lambda[3180]	1589501	1590000
lambda[3181]	1590001	1590500
lambda[3182]	1590501	1591000
lambda[3183]	1591001	1591500
lambda[3184]	1591501	1592000
lambda[3185]	1592001	1592500
lambda[3186]	1592501	1593000
lambda[3187]	1593001	1593500
lambda[3188]	1593501	1594000
lambda[3189]	1594001	1594500
lambda[3190]	1594501	1595000
lambda[3191]	1595001	1595500
lambda[3192]	1595501	1596000
lambda[3193]	1596001	1596500
lambda[3194]	1596501	1597000
lambda[3195]	1597001	1597500
lambda[3196]	1597501	1598000
lambda[3197]	1598001	1598500
lambda[3198]	1598501	1599000
lambda[3199]	1599001	1599500
lambda[3200]	1599501	1600000
lambda[3201]	1600001	1600500
lambda[3202]	1600501	1601000
lambda[3203]	1601001	1601500
lambda[3204]	1601501	1602000
lambda[3205]	1602001	1602500
lambda[3206]	1602501	1603000
lambda[3207]	1603001	1603500
lambda[3208]	1603501	1604000
lambda[3209]	1604001	1604500
lambda[3210]	1604501	1605000
lambda[3211]	1605001	1605500
lambda[3212]	1605501	1606000
lambda[3213]	1606001	1606500
lambda[3214]	1606501	1607000
lambda[3215]	1607001	1607500
lambda[3216]	1607501	1608000
lambda[3217]	1608001	1608500
lambda[3218]	1608501	1609000
lambda[3219]	1609001	1609500
lambda[3220]	1609501	1610000
lambda[3221]	1610001	1610500
lambda[3222]	1610501	1611000
lambda[3223]	1611001	1611500
lambda[3224]	1611501	1612000
lambda[3225]	1612001	1612500
lambda[3226]	1612501	1613000
lambda[3227]	1613001	1613500
lambda[3228]	1613501	1614000
lambda[3229]	1614001	1614500
lambda[3230]	1614501	1615000
lambda[3231]	1615001	1615500
lambda[3232]	1615501	1616000
lambda[3233]	1616001	1616500
lambda[3234]	1616501	1617000
lambda[3235]	1617001	1617500
lambda[3236]	1617501	1618000
lambda[3237]	1618001	1618500
lambda[3238]	1618501	1619000
lambda[3239]	1619001	1619500
lambda[3240]	1619501	1620000
lambda[3241]	1620001	1620500
lambda[3242]	1620501	1621000
lambda[3243]	1621001	1621500
lambda[3244]	1621501	1622000
lambda[3245]	1622001	1622500
lambda[3246]	1622501	1623000
lambda[3247]	1623001	1623500
lambda[3248]	1623501	1624000
lambda[3249]	1624001	1624500
lambda[3250]	1624501	1625000
lambda[3251]	1625001	1625500
lambda[3252]	1625501	1626000
lambda[3253]	1626001	1626500
lambda[3254]	1626501	1627000
lambda[3255]	1627001	1627500
lambda[3256]	1627501	1628000
lambda[3257]	1628001	1628500
lambda[3258]	1628501	1629000
lambda[3259]	1629001	1629500
lambda[3260]	1629501	1630000
lambda[3261]	1630001	1630500
lambda[3262]	1630501	1631000
lambda[3263]	1631001	1631500
lambda[3264]	1631501	1632000
lambda[3265]	1632001	1632500
lambda[3266]	1632501	1633000
lambda[3267]	1633001	1633500
lambda[3268]	1633501	1634000
lambda[3269]	1634001	1634500
lambda[3270]	1634501	1635000
lambda[3271]	1635001	1635500
lambda[3272]	1635501	1636000
lambda[3273]	1636001	1636500
lambda[3274]	1636501	1637000
lambda[3275]	1637001	1637500
lambda[3276]	1637501	1638000
lambda[3277]	1638001	1638500
lambda[3278]	1638501	1639000
lambda[3279]	1639001	1639500
lambda[3280]	1639501	1640000
lambda[3281]	1640001	1640500
lambda[3282]	1640501	1641000
lambda[3283]	1641001	1641500
lambda[3284]	1641501	1642000
lambda[3285]	1642001	1642500
lambda[3286]	1642501	1643000
lambda[3287]	1643001	1643500
lambda[3288]	1643501	1644000
lambda[3289]	1644001	1644500
lambda[3290]	1644501	1645000
lambda[3291]	1645001	1645500
lambda[3292]	1645501	1646000
lambda[3293]	1646001	1646500
lambda[3294]	1646501	1647000
lambda[3295]	1647001	1647500
lambda[3296]	1647501	1648000
lambda[3297]	1648001	1648500
lambda[3298]	1648501	1649000
lambda[3299]	1649001	1649500
lambda[3300]	1649501	1650000
lambda[3301]	1650001	1650500
lambda[3302]	1650501	1651000
lambda[3303]	1651001	1651500
lambda[3304]	1651501	1652000
lambda[3305]	1652001	1652500
lambda[3306]	1652501	1653000
lambda[3307]	1653001	1653500
lambda[3308]	1653501	1654000
lambda[3309]	1654001	1654500
lambda[3310]	1654501	1655000
lambda[3311]	1655001	1655500
lambda[3312]	1655501	1656000
lambda[3313]	1656001	1656500
lambda[3314]	1656501	1657000
lambda[3315]	1657001	1657500
lambda[3316]	1657501	1658000
lambda[3317]	1658001	1658500
lambda[3318]	1658501	1659000
lambda[3319]	1659001	1659500
lambda[3320]	1659501	1660000
lambda[3321]	1660001	1660500
lambda[3322]	1660501	1661000
lambda[3323]	1661001	1661500
lambda[3324]	1661501	1662000
lambda[3325]	1662001	1662500
lambda[3326]	1662501	1663000
lambda[3327]	1663001	1663500
lambda[3328]	1663501	1664000
lambda[3329]	1664001	1664500
lambda[3330]	1664501	1665000
lambda[3331]	1665001	1665500
lambda[3332]	1665501	1666000
lambda[3333]	1666001	1666500
lambda[3334]	1666501	1667000
lambda[3335]	1667001	1667500
lambda[3336]	1667501	1668000
lambda[3337]	1668001	1668500
lambda[3338]	1668501	1669000
lambda[3339]	1669001	1669500
lambda[3340]	1669501	1670000
lambda[3341]	1670001	1670500
lambda[3342]	1670501	1671000
lambda[3343]	1671001	1671500
lambda[3344]	1671501	1672000
lambda[3345]	1672001	1672500
lambda[3346]	1672501	1673000
lambda[3347]	1673001	1673500
lambda[3348]	1673501	1674000
lambda[3349]	1674001	1674500
lambda[3350]	1674501	1675000
lambda[3351]	1675001	1675500
lambda[3352]	1675501	1676000
lambda[3353]	1676001	1676500
lambda[3354]	1676501	1677000
lambda[3355]	1677001	1677500
lambda[3356]	1677501	1678000
lambda[3357]	1678001	1678500
lambda[3358]	1678501	1679000
lambda[3359]	1679001	1679500
lambda[3360]	1679501	1680000
lambda[3361]	1680001	1680500
lambda[3362]	1680501	1681000
lambda[3363]	1681001	1681500
lambda[3364]	1681501	1682000
lambda[3365]	1682001	1682500
lambda[3366]	1682501	1683000
lambda[3367]	1683001	1683500
lambda[3368]	1683501	1684000
lambda[3369]	1684001	1684500
lambda[3370]	1684501	1685000
lambda[3371]	1685001	1685500
lambda[3372]	1685501	1686000
lambda[3373]	1686001	1686500
lambda[3374]	1686501	1687000
lambda[3375]	1687001	1687500
lambda[3376]	1687501	1688000
lambda[3377]	1688001	1688500
lambda[3378]	1688501	1689000
lambda[3379]	1689001	1689500
lambda[3380]	1689501	1690000
lambda[3381]	1690001	1690500
lambda[3382]	1690501	1691000
lambda[3383]	1691001	1691500
lambda[3384]	1691501	1692000
lambda[3385]	1692001	1692500
lambda[3386]	1692501	1693000
lambda[3387]	1693001	1693500
lambda[3388]	1693501	1694000
lambda[3389]	1694001	1694500
lambda[3390]	1694501	1695000
lambda[3391]	1695001	1695500
lambda[3392]	1695501	1696000
lambda[3393]	1696001	1696500
lambda[3394]	1696501	1697000
lambda[3395]	1697001	1697500
lambda[3396]	1697501	1698000
lambda[3397]	1698001	1698500
lambda[3398]	1698501	1699000
lambda[3399]	1699001	1699500
lambda[3400]	1699501	1700000
lambda[3401]	1700001	1700500
lambda[3402]	1700501	1701000
lambda[3403]	1701001	1701500
lambda[3404]	1701501	1702000
lambda[3405]	1702001	1702500
lambda[3406]	1702501	1703000
lambda[3407]	1703001	1703500
lambda[3408]	1703501	1704000
lambda[3409]	1704001	1704500
lambda[3410]	1704501	1705000
lambda[3411]	1705001	1705500
lambda[3412]	1705501	1706000
lambda[3413]	1706001	1706500
lambda[3414]	1706501	1707000
lambda[3415]	1707001	1707500
lambda[3416]	1707501	1708000
lambda[3417]	1708001	1708500
lambda[3418]	1708501	1709000
lambda[3419]	1709001	1709500
lambda[3420]	1709501	1710000
lambda[3421]	1710001	1710500
lambda[3422]	1710501	1711000
lambda[3423]	1711001	1711500
lambda[3424]	1711501	1712000
lambda[3425]	1712001	1712500
lambda[3426]	1712501	1713000
lambda[3427]	1713001	1713500
lambda[3428]	1713501	1714000
lambda[3429]	1714001	1714500
lambda[3430]	1714501	1715000
lambda[3431]	1715001	1715500
lambda[3432]	1715501	1716000
lambda[3433]	1716001	1716500
lambda[3434]	1716501	1717000
lambda[3435]	1717001	1717500
lambda[3436]	1717501	1718000
lambda[3437]	1718001	1718500
lambda[3438]	1718501	1719000
lambda[3439]	1719001	1719500
lambda[3440]	1719501	1720000
lambda[3441]	1720001	1720500
lambda[3442]	1720501	1721000
lambda[3443]	1721001	1721500
lambda[3444]	1721501	1722000
lambda[3445]	1722001	1722500
lambda[3446]	1722501	1723000
lambda[3447]	1723001	1723500
lambda[3448]	1723501	1724000
lambda[3449]	1724001	1724500
lambda[3450]	1724501	1725000
lambda[3451]	1725001	1725500
lambda[3452]	1725501	1726000
lambda[3453]	1726001	1726500
lambda[3454]	1726501	1727000
lambda[3455]	1727001	1727500
lambda[3456]	1727501	1728000
lambda[3457]	1728001	1728500
lambda[3458]	1728501	1729000
lambda[3459]	1729001	1729500
lambda[3460]	1729501	1730000
lambda[3461]	1730001	1730500
lambda[3462]	1730501	1731000
lambda[3463]	1731001	1731500
lambda[3464]	1731501	1732000
lambda[3465]	1732001	1732500
lambda[3466]	1732501	1733000
lambda[3467]	1733001	1733500
lambda[3468]	1733501	1734000
lambda[3469]	1734001	1734500
lambda[3470]	1734501	1735000
lambda[3471]	1735001	1735500
lambda[3472]	1735501	1736000
lambda[3473]	1736001	1736500
lambda[3474]	1736501	1737000
lambda[3475]	1737001	1737500
lambda[3476]	1737501	1738000
lambda[3477]	1738001	1738500
lambda[3478]	1738501	1739000
lambda[3479]	1739001	1739500
lambda[3480]	1739501	1740000
lambda[3481]	1740001	1740500
lambda[3482]	1740501	1741000
lambda[3483]	1741001	1741500
lambda[3484]	1741501	1742000
lambda[3485]	1742001	1742500
lambda[3486]	1742501	1743000
lambda[3487]	1743001	1743500
lambda[3488]	1743501	1744000
lambda[3489]	1744001	1744500
lambda[3490]	1744501	1745000
lambda[3491]	1745001	1745500
lambda[3492]	1745501	1746000
lambda[3493]	1746001	1746500
lambda[3494]	1746501	1747000
lambda[3495]	1747001	1747500
lambda[3496]	1747501	1748000
lambda[3497]	1748001	1748500
lambda[3498]	1748501	1749000
lambda[3499]	1749001	1749500
lambda[3500]	1749501	1750000
lambda[3501]	1750001	1750500
lambda[3502]	1750501	1751000
lambda[3503]	1751001	1751500
lambda[3504]	1751501	1752000
lambda[3505]	1752001	1752500
lambda[3506]	1752501	1753000
lambda[3507]	1753001	1753500
lambda[3508]	1753501	1754000
lambda[3509]	1754001	1754500
lambda[3510]	1754501	1755000
lambda[3511]	1755001	1755500
lambda[3512]	1755501	1756000
lambda[3513]	1756001	1756500
lambda[3514]	1756501	1757000
lambda[3515]	1757001	1757500
lambda[3516]	1757501	1758000
lambda[3517]	1758001	1758500
lambda[3518]	1758501	1759000
lambda[3519]	1759001	1759500
lambda[3520]	1759501	1760000
lambda[3521]	1760001	1760500
lambda[3522]	1760501	1761000
lambda[3523]	1761001	1761500
lambda[3524]	1761501	1762000
lambda[3525]	1762001	1762500
lambda[3526]	1762501	1763000
lambda[3527]	1763001	1763500
lambda[3528]	1763501	1764000
lambda[3529]	1764001	1764500
lambda[3530]	1764501	1765000
lambda[3531]	1765001	1765500
lambda[3532]	1765501	1766000
lambda[3533]	1766001	1766500
lambda[3534]	1766501	1767000
lambda[3535]	1767001	1767500
lambda[3536]	1767501	1768000
lambda[3537]	1768001	1768500
lambda[3538]	1768501	1769000
lambda[3539]	1769001	1769500
lambda[3540]	1769501	1770000
lambda[3541]	1770001	1770500
lambda[3542]	1770501	1771000
lambda[3543]	1771001	1771500
lambda[3544]	1771501	1772000
lambda[3545]	1772001	1772500
lambda[3546]	1772501	1773000
lambda[3547]	1773001	1773500
lambda[3548]	1773501	1774000
lambda[3549]	1774001	1774500
lambda[3550]	1774501	1775000
lambda[3551]	1775001	1775500
lambda[3552]	1775501	1776000
lambda[3553]	1776001	1776500
lambda[3554]	1776501	1777000
lambda[3555]	1777001	1777500
lambda[3556]	1777501	1778000
lambda[3557]	1778001	1778500
lambda[3558]	1778501	1779000
lambda[3559]	1779001	1779500
lambda[3560]	1779501	1780000
lambda[3561]	1780001	1780500
lambda[3562]	1780501	1781000
lambda[3563]	1781001	1781500
lambda[3564]	1781501	1782000
lambda[3565]	1782001	1782500
lambda[3566]	1782501	1783000
lambda[3567]	1783001	1783500
lambda[3568]	1783501	1784000
lambda[3569]	1784001	1784500
lambda[3570]	1784501	1785000
lambda[3571]	1785001	1785500
lambda[3572]	1785501	1786000
lambda[3573]	1786001	1786500
lambda[3574]	1786501	1787000
lambda[3575]	1787001	1787500
lambda[3576]	1787501	1788000
lambda[3577]	1788001	1788500
lambda[3578]	1788501	1789000
lambda[3579]	1789001	1789500
lambda[3580]	1789501	1790000
lambda[3581]	1790001	1790500
lambda[3582]	1790501	1791000
lambda[3583]	1791001	1791500
lambda[3584]	1791501	1792000
lambda[3585]	1792001	1792500
lambda[3586]	1792501	1793000
lambda[3587]	1793001	1793500
lambda[3588]	1793501	1794000
lambda[3589]	1794001	1794500
lambda[3590]	1794501	1795000
lambda[3591]	1795001	1795500
lambda[3592]	1795501	1796000
lambda[3593]	1796001	1796500
lambda[3594]	1796501	1797000
lambda[3595]	1797001	1797500
lambda[3596]	1797501	1798000
lambda[3597]	1798001	1798500
lambda[3598]	1798501	1799000
lambda[3599]	1799001	1799500
lambda[3600]	1799501	1800000
lambda[3601]	1800001	1800500
lambda[3602]	1800501	1801000
lambda[3603]	1801001	1801500
lambda[3604]	1801501	1802000
lambda[3605]	1802001	1802500
lambda[3606]	1802501	1803000
lambda[3607]	1803001	1803500
lambda[3608]	1803501	1804000
lambda[3609]	1804001	1804500
lambda[3610]	1804501	1805000
lambda[3611]	1805001	1805500
lambda[3612]	1805501	1806000
lambda[3613]	1806001	1806500
lambda[3614]	1806501	1807000
lambda[3615]	1807001	1807500
lambda[3616]	1807501	1808000
lambda[3617]	1808001	1808500
lambda[3618]	1808501	1809000
lambda[3619]	1809001	1809500
lambda[3620]	1809501	1810000
lambda[3621]	1810001	1810500
lambda[3622]	1810501	1811000
lambda[3623]	1811001	1811500
lambda[3624]	1811501	1812000
lambda[3625]	1812001	1812500
lambda[3626]	1812501	1813000
lambda[3627]	1813001	1813500
lambda[3628]	1813501	1814000
lambda[3629]	1814001	1814500
lambda[3630]	1814501	1815000
lambda[3631]	1815001	1815500
lambda[3632]	1815501	1816000
lambda[3633]	1816001	1816500
lambda[3634]	1816501	1817000
lambda[3635]	1817001	1817500
lambda[3636]	1817501	1818000
lambda[3637]	1818001	1818500
lambda[3638]	1818501	1819000
lambda[3639]	1819001	1819500
lambda[3640]	1819501	1820000
lambda[3641]	1820001	1820500
lambda[3642]	1820501	1821000
lambda[3643]	1821001	1821500
lambda[3644]	1821501	1822000
lambda[3645]	1822001	1822500
lambda[3646]	1822501	1823000
lambda[3647]	1823001	1823500
lambda[3648]	1823501	1824000
lambda[3649]	1824001	1824500
lambda[3650]	1824501	1825000
lambda[3651]	1825001	1825500
lambda[3652]	1825501	1826000
lambda[3653]	1826001	1826500
lambda[3654]	1826501	1827000
lambda[3655]	1827001	1827500
lambda[3656]	1827501	1828000
lambda[3657]	1828001	1828500
lambda[3658]	1828501	1829000
lambda[3659]	1829001	1829500
lambda[3660]	1829501	1830000
lambda[3661]	1830001	1830500
lambda[3662]	1830501	1831000
lambda[3663]	1831001	1831500
lambda[3664]	1831501	1832000
lambda[3665]	1832001	1832500
lambda[3666]	1832501	1833000
lambda[3667]	1833001	1833500
lambda[3668]	1833501	1834000
lambda[3669]	1834001	1834500
lambda[3670]	1834501	1835000
lambda[3671]	1835001	1835500
lambda[3672]	1835501	1836000
lambda[3673]	1836001	1836500
lambda[3674]	1836501	1837000
lambda[3675]	1837001	1837500
lambda[3676]	1837501	1838000
lambda[3677]	1838001	1838500
lambda[3678]	1838501	1839000
lambda[3679]	1839001	1839500
lambda[3680]	1839501	1840000
lambda[3681]	1840001	1840500
lambda[3682]	1840501	1841000
lambda[3683]	1841001	1841500
lambda[3684]	1841501	1842000
lambda[3685]	1842001	1842500
lambda[3686]	1842501	1843000
lambda[3687]	1843001	1843500
lambda[3688]	1843501	1844000
lambda[3689]	1844001	1844500
lambda[3690]	1844501	1845000
lambda[3691]	1845001	1845500
lambda[3692]	1845501	1846000
lambda[3693]	1846001	1846500
lambda[3694]	1846501	1847000
lambda[3695]	1847001	1847500
lambda[3696]	1847501	1848000
lambda[3697]	1848001	1848500
lambda[3698]	1848501	1849000
lambda[3699]	1849001	1849500
lambda[3700]	1849501	1850000
lambda[3701]	1850001	1850500
lambda[3702]	1850501	1851000
lambda[3703]	1851001	1851500
lambda[3704]	1851501	1852000
lambda[3705]	1852001	1852500
lambda[3706]	1852501	1853000
lambda[3707]	1853001	1853500
lambda[3708]	1853501	1854000
lambda[3709]	1854001	1854500
lambda[3710]	1854501	1855000
lambda[3711]	1855001	1855500
lambda[3712]	1855501	1856000
lambda[3713]	1856001	1856500
lambda[3714]	1856501	1857000
lambda[3715]	1857001	1857500
lambda[3716]	1857501	1858000
lambda[3717]	1858001	1858500
lambda[3718]	1858501	1859000
lambda[3719]	1859001	1859500
lambda[3720]	1859501	1860000
lambda[3721]	1860001	1860500
lambda[3722]	1860501	1861000
lambda[3723]	1861001	1861500
lambda[3724]	1861501	1862000
lambda[3725]	1862001	1862500
lambda[3726]	1862501	1863000
lambda[3727]	1863001	1863500
lambda[3728]	1863501	1864000
lambda[3729]	1864001	1864500
lambda[3730]	1864501	1865000
lambda[3731]	1865001	1865500
lambda[3732]	1865501	1866000
lambda[3733]	1866001	1866500
lambda[3734]	1866501	1867000
lambda[3735]	1867001	1867500
lambda[3736]	1867501	1868000
lambda[3737]	1868001	1868500
lambda[3738]	1868501	1869000
lambda[3739]	1869001	1869500
lambda[3740]	1869501	1870000
lambda[3741]	1870001	1870500
lambda[3742]	1870501	1871000
lambda[3743]	1871001	1871500
lambda[3744]	1871501	1872000
lambda[3745]	1872001	1872500
lambda[3746]	1872501	1873000
lambda[3747]	1873001	1873500
lambda[3748]	1873501	1874000
lambda[3749]	1874001	1874500
lambda[3750]	1874501	1875000
lambda[3751]	1875001	1875500
lambda[3752]	1875501	1876000
lambda[3753]	1876001	1876500
lambda[3754]	1876501	1877000
lambda[3755]	1877001	1877500
lambda[3756]	1877501	1878000
lambda[3757]	1878001	1878500
lambda[3758]	1878501	1879000
lambda[3759]	1879001	1879500
lambda[3760]	1879501	1880000
lambda[3761]	1880001	1880500
lambda[3762]	1880501	1881000
lambda[3763]	1881001	1881500
lambda[3764]	1881501	1882000
lambda[3765]	1882001	1882500
lambda[3766]	1882501	1883000
lambda[3767]	1883001	1883500
lambda[3768]	1883501	1884000
lambda[3769]	1884001	1884500
lambda[3770]	1884501	1885000
lambda[3771]	1885001	1885500
lambda[3772]	1885501	1886000
lambda[3773]	1886001	1886500
lambda[3774]	1886501	1887000
lambda[3775]	1887001	1887500
lambda[3776]	1887501	1888000
lambda[3777]	1888001	1888500
lambda[3778]	1888501	1889000
lambda[3779]	1889001	1889500
lambda[3780]	1889501	1890000
lambda[3781]	1890001	1890500
lambda[3782]	1890501	1891000
lambda[3783]	1891001	1891500
lambda[3784]	1891501	1892000
lambda[3785]	1892001	1892500
lambda[3786]	1892501	1893000
lambda[3787]	1893001	1893500
lambda[3788]	1893501	1894000
lambda[3789]	1894001	1894500
lambda[3790]	1894501	1895000
lambda[3791]	1895001	1895500
lambda[3792]	1895501	1896000
lambda[3793]	1896001	1896500
lambda[3794]	1896501	1897000
lambda[3795]	1897001	1897500
lambda[3796]	1897501	1898000
lambda[3797]	1898001	1898500
lambda[3798]	1898501	1899000
lambda[3799]	1899001	1899500
lambda[3800]	1899501	1900000
lambda[3801]	1900001	1900500
lambda[3802]	1900501	1901000
lambda[3803]	1901001	1901500
lambda[3804]	1901501	1902000
lambda[3805]	1902001	1902500
lambda[3806]	1902501	1903000
lambda[3807]	1903001	1903500
lambda[3808]	1903501	1904000
lambda[3809]	1904001	1904500
lambda[3810]	1904501	1905000
lambda[3811]	1905001	1905500
lambda[3812]	1905501	1906000
lambda[3813]	1906001	1906500
lambda[3814]	1906501	1907000
lambda[3815]	1907001	1907500
lambda[3816]	1907501	1908000
lambda[3817]	1908001	1908500
lambda[3818]	1908501	1909000
lambda[3819]	1909001	1909500
lambda[3820]	1909501	1910000
lambda[3821]	1910001	1910500
lambda[3822]	1910501	1911000
lambda[3823]	1911001	1911500
lambda[3824]	1911501	1912000
lambda[3825]	1912001	1912500
lambda[3826]	1912501	1913000
lambda[3827]	1913001	1913500
lambda[3828]	1913501	1914000
lambda[3829]	1914001	1914500
lambda[3830]	1914501	1915000
lambda[3831]	1915001	1915500
lambda[3832]	1915501	1916000
lambda[3833]	1916001	1916500
lambda[3834]	1916501	1917000
lambda[3835]	1917001	1917500
lambda[3836]	1917501	1918000
lambda[3837]	1918001	1918500
lambda[3838]	1918501	1919000
lambda[3839]	1919001	1919500
lambda[3840]	1919501	1920000
lambda[3841]	1920001	1920500
lambda[3842]	1920501	1921000
lambda[3843]	1921001	1921500
lambda[3844]	1921501	1922000
lambda[3845]	1922001	1922500
lambda[3846]	1922501	1923000
lambda[3847]	1923001	1923500
lambda[3848]	1923501	1924000
lambda[3849]	1924001	1924500
lambda[3850]	1924501	1925000
lambda[3851]	1925001	1925500
lambda[3852]	1925501	1926000
lambda[3853]	1926001	1926500
lambda[3854]	1926501	1927000
lambda[3855]	1927001	1927500
lambda[3856]	1927501	1928000
lambda[3857]	1928001	1928500
lambda[3858]	1928501	1929000
lambda[3859]	1929001	1929500
lambda[3860]	1929501	1930000
lambda[3861]	1930001	1930500
lambda[3862]	1930501	1931000
lambda[3863]	1931001	1931500
lambda[3864]	1931501	1932000
lambda[3865]	1932001	1932500
lambda[3866]	1932501	1933000
lambda[3867]	1933001	1933500
lambda[3868]	1933501	1934000
lambda[3869]	1934001	1934500
lambda[3870]	1934501	1935000
lambda[3871]	1935001	1935500
lambda[3872]	1935501	1936000
lambda[3873]	1936001	1936500
lambda[3874]	1936501	1937000
lambda[3875]	1937001	1937500
lambda[3876]	1937501	1938000
lambda[3877]	1938001	1938500
lambda[3878]	1938501	1939000
lambda[3879]	1939001	1939500
lambda[3880]	1939501	1940000
lambda[3881]	1940001	1940500
lambda[3882]	1940501	1941000
lambda[3883]	1941001	1941500
lambda[3884]	1941501	1942000
lambda[3885]	1942001	1942500
lambda[3886]	1942501	1943000
lambda[3887]	1943001	1943500
lambda[3888]	1943501	1944000
lambda[3889]	1944001	1944500
lambda[3890]	1944501	1945000
lambda[3891]	1945001	1945500
lambda[3892]	1945501	1946000
lambda[3893]	1946001	1946500
lambda[3894]	1946501	1947000
lambda[3895]	1947001	1947500
lambda[3896]	1947501	1948000
lambda[3897]	1948001	1948500
lambda[3898]	1948501	1949000
lambda[3899]	1949001	1949500
lambda[3900]	1949501	1950000
lambda[3901]	1950001	1950500
lambda[3902]	1950501	1951000
lambda[3903]	1951001	1951500
lambda[3904]	1951501	1952000
lambda[3905]	1952001	1952500
lambda[3906]	1952501	1953000
lambda[3907]	1953001	1953500
lambda[3908]	1953501	1954000
lambda[3909]	1954001	1954500
lambda[3910]	1954501	1955000
lambda[3911]	1955001	1955500
lambda[3912]	1955501	1956000
lambda[3913]	1956001	1956500
lambda[3914]	1956501	1957000
lambda[3915]	1957001	1957500
lambda[3916]	1957501	1958000
lambda[3917]	1958001	1958500
lambda[3918]	1958501	1959000
lambda[3919]	1959001	1959500
lambda[3920]	1959501	1960000
lambda[3921]	1960001	1960500
lambda[3922]	1960501	1961000
lambda[3923]	1961001	1961500
lambda[3924]	1961501	1962000
lambda[3925]	1962001	1962500
lambda[3926]	1962501	1963000
lambda[3927]	1963001	1963500
lambda[3928]	1963501	1964000
lambda[3929]	1964001	1964500
lambda[3930]	1964501	1965000
lambda[3931]	1965001	1965500
lambda[3932]	1965501	1966000
lambda[3933]	1966001	1966500
lambda[3934]	1966501	1967000
lambda[3935]	1967001	1967500
lambda[3936]	1967501	1968000
lambda[3937]	1968001	1968500
lambda[3938]	1968501	1969000
lambda[3939]	1969001	1969500
lambda[3940]	1969501	1970000
lambda[3941]	1970001	1970500
lambda[3942]	1970501	1971000
lambda[3943]	1971001	1971500
lambda[3944]	1971501	1972000
lambda[3945]	1972001	1972500
lambda[3946]	1972501	1973000
lambda[3947]	1973001	1973500
lambda[3948]	1973501	1974000
lambda[3949]	1974001	1974500
lambda[3950]	1974501	1975000
lambda[3951]	1975001	1975500
lambda[3952]	1975501	1976000
lambda[3953]	1976001	1976500
lambda[3954]	1976501	1977000
lambda[3955]	1977001	1977500
lambda[3956]	1977501	1978000
lambda[3957]	1978001	1978500
lambda[3958]	1978501	1979000
lambda[3959]	1979001	1979500
lambda[3960]	1979501	1980000
lambda[3961]	1980001	1980500
lambda[3962]	1980501	1981000
lambda[3963]	1981001	1981500
lambda[3964]	1981501	1982000
lambda[3965]	1982001	1982500
lambda[3966]	1982501	1983000
lambda[3967]	1983001	1983500
lambda[3968]	1983501	1984000
lambda[3969]	1984001	1984500
lambda[3970]	1984501	1985000
lambda[3971]	1985001	1985500
lambda[3972]	1985501	1986000
lambda[3973]	1986001	1986500
lambda[3974]	1986501	1987000
lambda[3975]	1987001	1987500
lambda[3976]	1987501	1988000
lambda[3977]	1988001	1988500
lambda[3978]	1988501	1989000
lambda[3979]	1989001	1989500
lambda[3980]	1989501	1990000
lambda[3981]	1990001	1990500
lambda[3982]	1990501	1991000
lambda[3983]	1991001	1991500
lambda[3984]	1991501	1992000
lambda[3985]	1992001	1992500
lambda[3986]	1992501	1993000
lambda[3987]	1993001	1993500
lambda[3988]	1993501	1994000
lambda[3989]	1994001	1994500
lambda[3990]	1994501	1995000
lambda[3991]	1995001	1995500
lambda[3992]	1995501	1996000
lambda[3993]	1996001	1996500
lambda[3994]	1996501	1997000
lambda[3995]	1997001	1997500
lambda[3996]	1997501	1998000
lambda[3997]	1998001	1998500
lambda[3998]	1998501	1999000
lambda[3999]	1999001	1999500
lambda[4000]	1999501	2000000
