"Player","Season","Frequency_Early","Frequency_Mid","Frequency_Late","Total_Treatment_Frequency","Early_Quantile","Mid_Quantile","Late_Quantile","Total_Quantile","Injury_Frequency","Games_Missed_Frequency"
"Aaron Gordon","2015-16",0.25,0,0,0.0555555555555556,"Q2","Q1","Q1","Q2",0.0128205128205128,0.0365853658536585
"Aaron Gordon","2016-17",0,0,0,0,"Q1","Q1","Q1","Q1",0.0125,0.024390243902439
"Aaron Gordon","2017-18",0,0,0,0,"Q1","Q1","Q1","Q1",0.103448275862069,0.292682926829268
"Aaron Gordon","2018-19",0.166666666666667,0,0,0.0769230769230769,"Q2","Q1","Q1","Q2",0.0256410256410256,0.0365853658536585
"Aaron Gordon","2019-20",0,0,0,0,"Q1","Q1","Q1","Q1",0.0689655172413793,0.107692307692308
"Aaron Gordon","2020-21",0.5,0,0.333333333333333,0.333333333333333,"Q3","Q1","Q3","Q3",0.06,0.25
"Aaron Gordon","2021-22",0,0,0,0,"Q1","Q1","Q1","Q1",0.0533333333333333,0.0731707317073171
"Aaron Gordon","2022-23",0,0.2,0,0.111111111111111,"Q1","Q2","Q1","Q2",0.0735294117647059,0.146341463414634
"Aaron Nesmith","2022-23",0,0,0,0,"Q1","Q1","Q1","Q1",0.0547945205479452,0.109756097560976
"Al Horford","2014-15",0,0.142857142857143,0.571428571428571,0.238095238095238,"Q1","Q2","Q3","Q3",0.0131578947368421,0.0121951219512195
"Al Horford","2015-16",0,0,0,0,"Q1","Q1","Q1","Q1",0,0
"Al Horford","2016-17",0,0,0,0,"Q1","Q1","Q1","Q1",0.0588235294117647,0.170731707317073
"Al Horford","2017-18",0,0.333333333333333,0.2,0.214285714285714,"Q1","Q3","Q2","Q3",0.0694444444444444,0.0853658536585366
"Al Horford","2018-19",0.4,0,0.25,0.272727272727273,"Q3","Q1","Q2","Q3",0.0588235294117647,0.134146341463415
"Al Horford","2019-20",0,0,0,0,"Q1","Q1","Q1","Q1",0.0333333333333333,0.0461538461538462
"Al Horford","2020-21",1,1,-Inf,1,"Q3","Q3",NA,"Q3",0.0357142857142857,0.0833333333333333
"Al Horford","2021-22",0.5,0,0.5,0.384615384615385,"Q3","Q1","Q3","Q3",0.0289855072463768,0.0853658536585366
"Al Horford","2022-23",1,1,1,1,"Q3","Q3","Q3","Q3",0.0476190476190476,0.0853658536585366
"Al Jefferson","2013-14",0,0,0,0,"Q1","Q1","Q1","Q1",0.024390243902439,0
"Al Jefferson","2014-15",0,0.166666666666667,0,0.0714285714285714,"Q1","Q2","Q1","Q2",0.0405405405405405,0
"Al Jefferson","2015-16",0,0,0.142857142857143,0.0666666666666667,"Q1","Q1","Q2","Q2",0.0540540540540541,0.024390243902439
"Al-Farouq Aminu","2013-14",0,0,0.166666666666667,0.0526315789473684,"Q1","Q1","Q2","Q2",0,0
"Al-Farouq Aminu","2015-16",0,0,0,0,"Q1","Q1","Q1","Q1",0,0
"Al-Farouq Aminu","2017-18",0,0,0,0,"Q1","Q1","Q1","Q1",0.0144927536231884,0.158536585365854
"Al-Farouq Aminu","2018-19",0,0,0,0,"Q1","Q1","Q1","Q1",0,0
"Alec Burks","2021-22",0,0,0,0,"Q1","Q1","Q1","Q1",0.0123456790123457,0.0121951219512195
"Alex Caruso","2017-18",0,0,0,0,"Q1","Q1","Q1","Q1",0.0810810810810811,0.481481481481481
"Alex Caruso","2021-22",0.25,0,0,0.142857142857143,"Q2","Q1","Q1","Q3",0.0975609756097561,0.475609756097561
"Alex Len","2014-15",0,0,0.2,0.0625,"Q1","Q1","Q2","Q2",0.0434782608695652,0.146341463414634
"Alex Len","2015-16",0,0,0,0,"Q1","Q1","Q1","Q1",0.0128205128205128,0.0365853658536585
"Alex Len","2016-17",0,0,0,0,"Q1","Q1","Q1","Q1",0.025974025974026,0.0487804878048781
"Alex Len","2020-21",0,0.2,0,0.0769230769230769,"Q1","Q2","Q1","Q2",0.015625,0.0405405405405405
"Alexis Ajinca","2016-17",0,0,0,0,"Q1","Q1","Q1","Q1",0,0
"Allen Crabbe","2017-18",0,0.142857142857143,0,0.0769230769230769,"Q1","Q2","Q1","Q2",0.04,0.0731707317073171
"Alonzo Gee","2015-16",0,0,0,0,"Q1","Q1","Q1","Q1",0.0136986301369863,0.0975609756097561
"Alperen Sengun","2022-23",0,0,0.25,0.0833333333333333,"Q1","Q1","Q2","Q2",0.0266666666666667,0.0365853658536585
"Amir Johnson","2013-14",0,0,0,0,"Q1","Q1","Q1","Q1",0.025974025974026,0.0609756097560976
"Amir Johnson","2014-15",0,0,0,0,"Q1","Q1","Q1","Q1",0.04,0.0853658536585366
"Amir Johnson","2015-16",0,0,0,0,"Q1","Q1","Q1","Q1",0.0253164556962025,0.0365853658536585
"Amir Johnson","2016-17",0,0.142857142857143,0,0.0588235294117647,"Q1","Q2","Q1","Q2",0.0125,0.0121951219512195
"Anderson Varejao","2013-14",0,0,0,0,"Q1","Q1","Q1","Q1",0.0615384615384615,0.195121951219512
"Andre Drummond","2013-14",0,0,0,0,"Q1","Q1","Q1","Q1",0.0123456790123457,0.0121951219512195
"Andre Drummond","2014-15",0,0,0,0,"Q1","Q1","Q1","Q1",0,0
"Andre Drummond","2015-16",0,0,0.111111111111111,0.05,"Q1","Q1","Q2","Q2",0,0
"Andre Drummond","2016-17",0,0,0,0,"Q1","Q1","Q1","Q1",0.0123456790123457,0.0121951219512195
"Andre Drummond","2017-18",0,0.333333333333333,0,0.0769230769230769,"Q1","Q3","Q1","Q2",0.0256410256410256,0.024390243902439
"Andre Drummond","2018-19",0,0,0,0,"Q1","Q1","Q1","Q1",0.0126582278481013,0.0365853658536585
"Andre Drummond","2019-20",0,0,0,0,"Q1","Q1","Q1","Q1",0.0701754385964912,0.136363636363636
"Andre Drummond","2021-22",0,0,0.2,0.1,"Q1","Q1","Q2","Q2",0.0410958904109589,0.0740740740740741
"Andre Iguodala","2013-14",0,0,0.4,0.181818181818182,"Q1","Q1","Q3","Q3",0.0476190476190476,0.195121951219512
"Andre Roberson","2014-15",0,0,0,0,"Q1","Q1","Q1","Q1",0.0298507462686567,0.182926829268293
"Andre Roberson","2015-16",0.166666666666667,0,0.142857142857143,0.133333333333333,"Q2","Q1","Q2","Q3",0.0142857142857143,0.121951219512195
"Andre Roberson","2016-17",0,0,0,0,"Q1","Q1","Q1","Q1",0.0253164556962025,0.024390243902439
"Andre Roberson","2017-18",0,0,-Inf,0,"Q1","Q1",NA,"Q1",0.0769230769230769,0.51219512195122
"Andrea Bargnani","2013-14",0,0,-Inf,0,"Q1","Q1",NA,"Q1",0.0238095238095238,0.475609756097561
"Andrew Bogut","2014-15",0,0.2,0.125,0.117647058823529,"Q1","Q2","Q2","Q2",0.0298507462686567,0.158536585365854
"Andrew Bogut","2015-16",0.2,0.142857142857143,0.2,0.176470588235294,"Q2","Q2","Q2","Q3",0.0428571428571429,0.109756097560976
"Andrew Harrison","2017-18",0,0.142857142857143,0.5,0.166666666666667,"Q1","Q2","Q3","Q3",0.0535714285714286,0.207317073170732
"Andrew Nembhard","2022-23",0,0,0,0,"Q1","Q1","Q1","Q1",0.0266666666666667,0.0731707317073171
"Andrew Wiggins","2014-15",0,0,0,0,"Q1","Q1","Q1","Q1",0,0
"Andrew Wiggins","2015-16",0.25,0,0,0.0714285714285714,"Q2","Q1","Q1","Q2",0,0
"Andrew Wiggins","2016-17",0,0,0,0,"Q1","Q1","Q1","Q1",0,0
"Andrew Wiggins","2017-18",0,0,0,0,"Q1","Q1","Q1","Q1",0,0
"Andrew Wiggins","2018-19",0,0,0,0,"Q1","Q1","Q1","Q1",0.0547945205479452,0.109756097560976
"Andrew Wiggins","2019-20",0,0,0,0,"Q1","Q1","Q1","Q1",0.0740740740740741,0.142857142857143
"Andrew Wiggins","2020-21",0,0,0,0,"Q1","Q1","Q1","Q1",0.0140845070422535,0.0138888888888889
"Andrew Wiggins","2021-22",0,0.2,0.333333333333333,0.214285714285714,"Q1","Q2","Q3","Q3",0.0273972602739726,0.0731707317073171
"Andrew Wiggins","2022-23",0.4,0.333333333333333,-Inf,0.375,"Q3","Q3",NA,"Q3",0.0810810810810811,0.5
"Anfernee Simons","2021-22",0.166666666666667,0,0,0.0833333333333333,"Q2","Q1","Q1","Q2",0.0701754385964912,0.280487804878049
"Anfernee Simons","2022-23",0,0,0,0,"Q1","Q1","Q1","Q1",0.0645161290322581,0.231707317073171
"Anthony Davis","2013-14",0,0.142857142857143,0.2,0.125,"Q1","Q2","Q2","Q3",0.0447761194029851,0.146341463414634
"Anthony Davis","2014-15",0,0,0,0,"Q1","Q1","Q1","Q1",0.0882352941176471,0.170731707317073
"Anthony Davis","2015-16",0.166666666666667,0,0,0.0833333333333333,"Q2","Q1","Q1","Q2",0.0819672131147541,0.231707317073171
"Anthony Davis","2016-17",0.142857142857143,0,0,0.0666666666666667,"Q2","Q1","Q1","Q2",0.0533333333333333,0.0609756097560976
"Anthony Davis","2017-18",0,0.2,0,0.0769230769230769,"Q1","Q2","Q1","Q2",0.0533333333333333,0.0731707317073171
"Anthony Davis","2018-19",0.5,0,0.666666666666667,0.444444444444444,"Q3","Q1","Q3","Q3",0.107142857142857,0.25609756097561
"Anthony Davis","2019-20",0.5,0,0.333333333333333,0.285714285714286,"Q3","Q1","Q3","Q3",0.0363636363636364,0.0952380952380952
"Anthony Davis","2020-21",0.75,-Inf,0.25,0.5,"Q3",NA,"Q2","Q3",0.0555555555555556,0.444444444444444
"Anthony Davis","2021-22",0.333333333333333,0.5,0,0.333333333333333,"Q3","Q3","Q1","Q3",0.1,0.475609756097561
"Anthony Davis","2022-23",0.666666666666667,-Inf,0.666666666666667,0.666666666666667,"Q3",NA,"Q3","Q3",0.0357142857142857,0.25609756097561
"Anthony Edwards","2020-21",0,0,0,0,"Q1","Q1","Q1","Q1",0,0
"Anthony Edwards","2021-22",0,0,0,0,"Q1","Q1","Q1","Q1",0.0277777777777778,0.121951219512195
"Anthony Edwards","2022-23",0,0,0,0,"Q1","Q1","Q1","Q1",0.0126582278481013,0.0365853658536585
"Arron Afflalo","2013-14",0,0,0,0,"Q1","Q1","Q1","Q1",0,0
"Arron Afflalo","2014-15",0,0,0,0,"Q1","Q1","Q1","Q1",0.0128205128205128,0.024390243902439
"Arron Afflalo","2015-16",0,0,0,0,"Q1","Q1","Q1","Q1",0.028169014084507,0.0365853658536585
"Austin Reaves","2022-23",0,0,0,0,"Q1","Q1","Q1","Q1",0.03125,0.219512195121951
"Austin Rivers","2015-16",0,0,0,0,"Q1","Q1","Q1","Q1",0.0447761194029851,0.182926829268293
"Austin Rivers","2016-17",0,0,0,0,"Q1","Q1","Q1","Q1",0.0405405405405405,0.0853658536585366
"Avery Bradley","2013-14",0,0,0,0,"Q1","Q1","Q1","Q1",0.0666666666666667,0.268292682926829
"Avery Bradley","2014-15",0,0,0.166666666666667,0.0588235294117647,"Q1","Q1","Q2","Q2",0.025974025974026,0.0487804878048781
"Avery Bradley","2016-17",0,0.5,0.333333333333333,0.2,"Q1","Q3","Q3","Q3",0.0727272727272727,0.304878048780488
"Avery Bradley","2019-20",0,0,0,0,"Q1","Q1","Q1","Q1",0.0408163265306122,0.222222222222222
"Avery Bradley","2021-22",0,0,0,0,"Q1","Q1","Q1","Q1",0.0483870967741935,0.146341463414634
"Bam Adebayo","2019-20",0,0,0,0,"Q1","Q1","Q1","Q1",0,0
"Bam Adebayo","2020-21",0,0,0.333333333333333,0.166666666666667,"Q1","Q1","Q3","Q3",0,0
"Bam Adebayo","2021-22",0.333333333333333,0,0,0.1,"Q3","Q1","Q1","Q2",0,0
"Bam Adebayo","2022-23",0,0.5,0.142857142857143,0.142857142857143,"Q1","Q3","Q2","Q3",0,0
"Ben McLemore","2013-14",0,0,0,0,"Q1","Q1","Q1","Q1",0,0
"Ben McLemore","2014-15",0,0,0,0,"Q1","Q1","Q1","Q1",0,0
"Ben McLemore","2015-16",0,0,0,0,"Q1","Q1","Q1","Q1",0.0441176470588235,0.170731707317073
"Ben Simmons","2017-18",0,0,0,0,"Q1","Q1","Q1","Q1",0.0123456790123457,0.0121951219512195
"Ben Simmons","2018-19",0.2,0,0.2,0.153846153846154,"Q2","Q1","Q2","Q3",0.0126582278481013,0.0121951219512195
"Ben Simmons","2019-20",0,0,0,0,"Q1","Q1","Q1","Q1",0.037037037037037,0.138461538461538
"Ben Simmons","2020-21",0.25,0.5,0.2,0.272727272727273,"Q2","Q3","Q2","Q3",0.0689655172413793,0.111111111111111
"Bismack Biyombo","2015-16",0,0,0,0,"Q1","Q1","Q1","Q1",0,0
"Bismack Biyombo","2020-21",0,0,0,0,"Q1","Q1","Q1","Q1",0,0
"Blake Griffin","2013-14",0,0,0.2,0.0588235294117647,"Q1","Q1","Q2","Q2",0.0125,0.0121951219512195
"Blake Griffin","2014-15",0,0,0,0,"Q1","Q1","Q1","Q1",0.0149253731343284,0.182926829268293
"Blake Griffin","2015-16",0,0,0.5,0.111111111111111,"Q1","Q1","Q3","Q2",0.0571428571428571,0.560975609756098
"Blake Griffin","2018-19",0.333333333333333,0.25,0.2,0.25,"Q3","Q2","Q2","Q3",0.0266666666666667,0.0365853658536585
"Bogdan Bogdanovic","2017-18",0,0,0,0,"Q1","Q1","Q1","Q1",0.025,0
"Bogdan Bogdanovic","2020-21",0,0,0,0,"Q1","Q1","Q1","Q1",0.0416666666666667,0
"Bojan Bogdanovic","2014-15",0,0,0,0,"Q1","Q1","Q1","Q1",0.0128205128205128,0.0365853658536585
"Bojan Bogdanovic","2015-16",0,0,0,0,"Q1","Q1","Q1","Q1",0.0126582278481013,0.024390243902439
"Bojan Bogdanovic","2017-18",0,0,0,0,"Q1","Q1","Q1","Q1",0.025,0.024390243902439
"Bojan Bogdanovic","2018-19",0,0,0,0,"Q1","Q1","Q1","Q1",0.0123456790123457,0
"Bojan Bogdanovic","2019-20",0.25,-Inf,0,0.125,"Q2",NA,"Q1","Q3",0,0
"Bojan Bogdanovic","2020-21",0,0,0,0,"Q1","Q1","Q1","Q1",0,0
"Bojan Bogdanovic","2021-22",0,0.4,0.333333333333333,0.25,"Q1","Q3","Q3","Q3",0.0289855072463768,0.109756097560976
"Bojan Bogdanovic","2022-23",0,0.25,-Inf,0.0909090909090909,"Q1","Q2",NA,"Q2",0.0677966101694915,0.25609756097561
"Boris Diaw","2016-17",0,0,0,0,"Q1","Q1","Q1","Q1",0.0136986301369863,0.0975609756097561
"Bradley Beal","2013-14",0,0,0,0,"Q1","Q1","Q1","Q1",0.0136986301369863,0.109756097560976
"Bradley Beal","2014-15",0,0,0.5,0.142857142857143,"Q1","Q1","Q3","Q3",0.0158730158730159,0.0975609756097561
"Bradley Beal","2016-17",0,0,0,0,"Q1","Q1","Q1","Q1",0.038961038961039,0.0487804878048781
"Bradley Beal","2017-18",0,0,0,0,"Q1","Q1","Q1","Q1",0,0
"Bradley Beal","2018-19",0,0,0,0,"Q1","Q1","Q1","Q1",0,0
"Bradley Beal","2019-20",0,0,0,0,"Q1","Q1","Q1","Q1",0.0350877192982456,0.109375
"Bradley Beal","2020-21",0.166666666666667,0.2,0.2,0.1875,"Q2","Q2","Q2","Q3",0.0333333333333333,0.111111111111111
"Bradley Beal","2021-22",0,0,-Inf,0,"Q1","Q1",NA,"Q1",0.125,0.5
"Bradley Beal","2022-23",0,0,0,0,"Q1","Q1","Q1","Q1",0.14,0.317073170731707
"Brandon Bass","2013-14",0,0,0,0,"Q1","Q1","Q1","Q1",0,0
"Brandon Bass","2014-15",0,0,0,0,"Q1","Q1","Q1","Q1",0,0
"Brandon Ingram","2016-17",0,0,0,0,"Q1","Q1","Q1","Q1",0.0126582278481013,0.0365853658536585
"Brandon Ingram","2017-18",0,0,0,0,"Q1","Q1","Q1","Q1",0.0847457627118644,0.268292682926829
"Brandon Ingram","2018-19",0,0,0,0,"Q1","Q1","Q1","Q1",0.0384615384615385,0.317073170731707
"Brandon Ingram","2019-20",0,0,0,0,"Q1","Q1","Q1","Q1",0.0535714285714286,0.125
"Brandon Ingram","2020-21",0,0,0,0,"Q1","Q1","Q1","Q1",0.0327868852459016,0.138888888888889
"Brandon Ingram","2021-22",0,0,0,0,"Q1","Q1","Q1","Q1",0.0909090909090909,0.317073170731707
"Brandon Ingram","2022-23",0,1,0.333333333333333,0.285714285714286,"Q1","Q3","Q3","Q3",0.0666666666666667,0.426829268292683
"Brandon Jennings","2013-14",0,0,0,0,"Q1","Q1","Q1","Q1",0,0
"Brandon Jennings","2014-15",0,0,-Inf,0,"Q1","Q1",NA,"Q1",0.0487804878048781,0.48780487804878
"Brandon Knight","2013-14",0,0,0.166666666666667,0.0588235294117647,"Q1","Q1","Q2","Q2",0.0416666666666667,0.109756097560976
"Brandon Knight","2015-16",0,0,0.5,0.1,"Q1","Q1","Q3","Q2",0.0576923076923077,0.341463414634146
"Brandon Knight","2018-19",-Inf,0,0,0,NA,"Q1","Q1","Q1",0.0512820512820513,0.207317073170732
"Brandon Rush","2016-17",0,0,0,0,"Q1","Q1","Q1","Q1",0.0638297872340425,0.170731707317073
"Brian Roberts","2013-14",0.2,0,0,0.0625,"Q2","Q1","Q1","Q2",0.0277777777777778,0.0487804878048781
"Brook Lopez","2014-15",0,0,0,0,"Q1","Q1","Q1","Q1",0.0138888888888889,0.0975609756097561
"Brook Lopez","2015-16",0,0,0.5,0.142857142857143,"Q1","Q1","Q3","Q3",0.0410958904109589,0.0731707317073171
"Brook Lopez","2018-19",0,0,0,0,"Q1","Q1","Q1","Q1",0,0
"Brook Lopez","2019-20",0,0,0.666666666666667,0.222222222222222,"Q1","Q1","Q3","Q3",0.0163934426229508,0.0307692307692308
"Brook Lopez","2020-21",0,0,0.25,0.142857142857143,"Q1","Q1","Q2","Q3",0,0
"Brook Lopez","2021-22",-Inf,-Inf,0.5,0.5,NA,NA,"Q3","Q3",0.153846153846154,0.817073170731707
"Brook Lopez","2022-23",0,0,0,0,"Q1","Q1","Q1","Q1",0.0128205128205128,0.0121951219512195
"Bruce Brown Jr.","2018-19",0,0,0,0,"Q1","Q1","Q1","Q1",0,0
"Bruce Brown Jr.","2019-20",0,0,0,0,"Q1","Q1","Q1","Q1",0,0
"Bruce Brown Jr.","2021-22",0,0,0,0,"Q1","Q1","Q1","Q1",0,0
"Bruno Caboclo","2018-19",0,0,0,0,"Q1","Q1","Q1","Q1",0,0
"Bryn Forbes","2018-19",0,0,0,0,"Q1","Q1","Q1","Q1",0,0
"Bryn Forbes","2019-20",0,0,0,0,"Q1","Q1","Q1","Q1",0,0
"Buddy Hield","2016-17",0,0,0,0,"Q1","Q1","Q1","Q1",0,0
"Buddy Hield","2018-19",0,0,0,0,"Q1","Q1","Q1","Q1",0,0
"Buddy Hield","2019-20",0,0,0,0,"Q1","Q1","Q1","Q1",0,0
"Buddy Hield","2020-21",0,0,0,0,"Q1","Q1","Q1","Q1",0.0140845070422535,0.0138888888888889
"Buddy Hield","2021-22",0,0,0,0,"Q1","Q1","Q1","Q1",0,0
"Buddy Hield","2022-23",0,0,0,0,"Q1","Q1","Q1","Q1",0.0125,0.024390243902439
"C.J. McCollum","2015-16",0,0.2,0,0.0526315789473684,"Q1","Q2","Q1","Q2",0,0
"C.J. McCollum","2016-17",0,0,0,0,"Q1","Q1","Q1","Q1",0,0
"C.J. McCollum","2017-18",0,0,0,0,"Q1","Q1","Q1","Q1",0,0
"C.J. McCollum","2018-19",0,0,0.333333333333333,0.0909090909090909,"Q1","Q1","Q3","Q2",0,0
"C.J. McCollum","2019-20",0,0,0,0,"Q1","Q1","Q1","Q1",0,0
"C.J. McCollum","2020-21",0,0,0,0,"Q1","Q1","Q1","Q1",0,0
"C.J. McCollum","2021-22",0,0,0,0,"Q1","Q1","Q1","Q1",0,0
"C.J. McCollum","2022-23",0,0.4,0,0.166666666666667,"Q1","Q3","Q1","Q3",0,0
"C.J. Miles","2013-14",0,0,0,0,"Q1","Q1","Q1","Q1",0,0
"C.J. Miles","2014-15",0.2,0.166666666666667,0,0.125,"Q2","Q2","Q1","Q3",0,0
"C.J. Williams","2017-18",0.666666666666667,0,-Inf,0.4,"Q3","Q1",NA,"Q3",0.0263157894736842,0.231707317073171
"Cade Cunningham","2021-22",0.25,0,0,0.0909090909090909,"Q2","Q1","Q1","Q2",0.078125,0.146341463414634
"Cameron Johnson","2022-23",-Inf,-Inf,0.25,0.25,NA,NA,"Q2","Q3",0.0238095238095238,0.44047619047619
"Caris LeVert","2016-17",-Inf,0.2,0.2,0.2,NA,"Q2","Q2","Q3",0.0175438596491228,0.024390243902439
"Caris LeVert","2018-19",0,-Inf,0,0,"Q1",NA,"Q1","Q1",0.025,0.51219512195122
"Caris LeVert","2020-21",0,0,0,0,"Q1","Q1","Q1","Q1",0.0425531914893617,0.364864864864865
"Caris LeVert","2022-23",0,0,0,0,"Q1","Q1","Q1","Q1",0.0405405405405405,0.0853658536585366
"Carlos Boozer","2013-14",0,0,0,0,"Q1","Q1","Q1","Q1",0.0394736842105263,0.0731707317073171
"Carmelo Anthony","2013-14",0,0,0,0,"Q1","Q1","Q1","Q1",0.025974025974026,0.0487804878048781
"Carmelo Anthony","2014-15",0.166666666666667,0.4,-Inf,0.272727272727273,"Q2","Q3",NA,"Q3",0.1,0.45679012345679
"Carmelo Anthony","2015-16",0,0.2,0.2,0.133333333333333,"Q1","Q2","Q2","Q3",0.0694444444444444,0.0853658536585366
"Carmelo Anthony","2016-17",0,0,0.5,0.0769230769230769,"Q1","Q1","Q3","Q2",0.0540540540540541,0.0853658536585366
"Carmelo Anthony","2017-18",0,0,0.25,0.0714285714285714,"Q1","Q1","Q2","Q2",0.0256410256410256,0.0365853658536585
"Carmelo Anthony","2019-20",0.5,0,0.25,0.285714285714286,"Q3","Q1","Q2","Q3",0,0
"Caron Butler","2014-15",0,0.166666666666667,0,0.0476190476190476,"Q1","Q2","Q1","Q2",0.0128205128205128,0.024390243902439
"Cedi Osman","2017-18",0,0,0,0,"Q1","Q1","Q1","Q1",0.0327868852459016,0.134146341463415
"Cedi Osman","2018-19",0,0,0,0,"Q1","Q1","Q1","Q1",0.0263157894736842,0.0731707317073171
"Cedi Osman","2019-20",0,0,0,0,"Q1","Q1","Q1","Q1",0,0
"Chandler Parsons","2014-15",0,0,0,0,"Q1","Q1","Q1","Q1",0.0606060606060606,0.182926829268293
"Channing Frye","2013-14",0,0,0,0,"Q1","Q1","Q1","Q1",0,0
"Channing Frye","2014-15",0,0,0,0,"Q1","Q1","Q1","Q1",0.0133333333333333,0.0121951219512195
"Chris Bosh","2013-14",0,0,0,0,"Q1","Q1","Q1","Q1",0.0253164556962025,0.024390243902439
"Chris Bosh","2014-15",0,0,-Inf,0,"Q1","Q1",NA,"Q1",0.0227272727272727,0.0975609756097561
"Chris Duarte","2021-22",0,0,0.5,0.1,"Q1","Q1","Q3","Q2",0.109090909090909,0.304878048780488
"Chris Paul","2013-14",0,0,0.2,0.0769230769230769,"Q1","Q1","Q2","Q2",0.032258064516129,0.231707317073171
"Chris Paul","2014-15",0,0,0,0,"Q1","Q1","Q1","Q1",0,0
"Chris Paul","2015-16",0,0,0.285714285714286,0.105263157894737,"Q1","Q1","Q3","Q2",0.0540540540540541,0.0731707317073171
"Chris Paul","2018-19",0,0.5,0,0.111111111111111,"Q1","Q3","Q1","Q2",0.0344827586206897,0.24390243902439
"Chris Paul","2019-20",0,0,0,0,"Q1","Q1","Q1","Q1",0.0158730158730159,0.015625
"Chris Paul","2020-21",0.166666666666667,0,0.166666666666667,0.117647058823529,"Q2","Q1","Q2","Q2",0,0
"Chris Paul","2021-22",0,0,0.5,0.1,"Q1","Q1","Q3","Q2",0.0307692307692308,0.182926829268293
"Chris Paul","2022-23",0,0,0,0,"Q1","Q1","Q1","Q1",0.0508474576271186,0.268292682926829
"Christian Wood","2020-21",0,0,0.2,0.142857142857143,"Q1","Q1","Q2","Q3",0.121951219512195,0.402777777777778
"Clint Capela","2016-17",0,0,0.333333333333333,0.0909090909090909,"Q1","Q1","Q3","Q2",0.0307692307692308,0.195121951219512
"Clint Capela","2018-19",0,0,0,0,"Q1","Q1","Q1","Q1",0.0149253731343284,0.182926829268293
"Clint Capela","2020-21",0,0.333333333333333,0.142857142857143,0.142857142857143,"Q1","Q3","Q2","Q3",0.0634920634920635,0.0555555555555556
"Clint Capela","2022-23",0,0.333333333333333,0,0.1,"Q1","Q3","Q1","Q2",0.0615384615384615,0.182926829268293
"Coby White","2020-21",0,0,0,0,"Q1","Q1","Q1","Q1",0.0289855072463768,0.0416666666666667
"Cody Zeller","2014-15",0,0.142857142857143,0,0.0625,"Q1","Q2","Q1","Q2",0.032258064516129,0.219512195121951
"Cody Zeller","2016-17",0,0,0,0,"Q1","Q1","Q1","Q1",0.0806451612903226,0.24390243902439
"Cody Zeller","2018-19",0,0,0,0,"Q1","Q1","Q1","Q1",0.0612244897959184,0.390243902439024
"Cody Zeller","2019-20",0,0,0,0,"Q1","Q1","Q1","Q1",0.0344827586206897,0.0461538461538462
"Cole Anthony","2020-21",0,-Inf,0,0,"Q1",NA,"Q1","Q1",0.0212765957446809,0.347222222222222
"Cole Anthony","2021-22",0,0,0,0,"Q1","Q1","Q1","Q1",0.0615384615384615,0.195121951219512
"Collin Sexton","2018-19",0,0,0,0,"Q1","Q1","Q1","Q1",0,0
"Collin Sexton","2019-20",0,0,0,0,"Q1","Q1","Q1","Q1",0,0
"Collin Sexton","2020-21",0,0,0,0,"Q1","Q1","Q1","Q1",0.0666666666666667,0.166666666666667
"Corey Brewer","2013-14",0,0.166666666666667,0,0.0476190476190476,"Q1","Q2","Q1","Q2",0,0
"Corey Kispert","2022-23",0,0,0,0,"Q1","Q1","Q1","Q1",0,0
"Courtney Lee","2013-14",0.166666666666667,0,0,0.0454545454545455,"Q2","Q1","Q1","Q2",0.0126582278481013,0.0240963855421687
"Courtney Lee","2014-15",0,0,0,0,"Q1","Q1","Q1","Q1",0.038961038961039,0.0609756097560976
"Courtney Lee","2015-16",0,0,0,0,"Q1","Q1","Q1","Q1",0.0126582278481013,0.024390243902439
"Courtney Lee","2016-17",0,0,0,0,"Q1","Q1","Q1","Q1",0.025974025974026,0.0609756097560976
"Courtney Lee","2017-18",0,0,0,0,"Q1","Q1","Q1","Q1",0.0526315789473684,0.0609756097560976
"D'Angelo Russell","2015-16",0,0,0,0,"Q1","Q1","Q1","Q1",0.025,0.024390243902439
"D'Angelo Russell","2017-18",0.333333333333333,0.5,0,0.222222222222222,"Q3","Q3","Q1","Q3",0.0208333333333333,0.390243902439024
"D'Angelo Russell","2018-19",0,0.2,0,0.0714285714285714,"Q1","Q2","Q1","Q2",0,0
"D'Angelo Russell","2019-20",0,0,0,0,"Q1","Q1","Q1","Q1",0.111111111111111,0.303030303030303
"D'Angelo Russell","2021-22",0,0,0,0,"Q1","Q1","Q1","Q1",0.0923076923076923,0.195121951219512
"D'Angelo Russell","2022-23",0,0,0.5,0.0909090909090909,"Q1","Q1","Q3","Q2",0.0563380281690141,0.129411764705882
"D.J. Augustin","2017-18",0,0,0,0,"Q1","Q1","Q1","Q1",0,0
"D.J. Augustin","2018-19",0,0.25,0,0.0714285714285714,"Q1","Q2","Q1","Q2",0,0
"Damian Lillard","2013-14",0,0,0,0,"Q1","Q1","Q1","Q1",0,0
"Damian Lillard","2014-15",0,0,0,0,"Q1","Q1","Q1","Q1",0,0
"Damian Lillard","2015-16",0,0,0,0,"Q1","Q1","Q1","Q1",0.0133333333333333,0.0853658536585366
"Damian Lillard","2016-17",0,0,0,0,"Q1","Q1","Q1","Q1",0.0266666666666667,0.0731707317073171
"Damian Lillard","2017-18",0,0,0.2,0.0833333333333333,"Q1","Q1","Q2","Q2",0.0410958904109589,0.0975609756097561
"Damian Lillard","2018-19",0,0,0.25,0.0833333333333333,"Q1","Q1","Q2","Q2",0.0125,0.0121951219512195
"Damian Lillard","2019-20",0,0,0,0,"Q1","Q1","Q1","Q1",0.0517241379310345,0.121212121212121
"Damian Lillard","2020-21",0,0.142857142857143,0,0.0625,"Q1","Q2","Q1","Q2",0.0298507462686567,0.0555555555555556
"Damian Lillard","2021-22",0.2,0,-Inf,0.166666666666667,"Q2","Q1",NA,"Q3",0.0689655172413793,0.621951219512195
"Damian Lillard","2022-23",0.5,0,0,0.111111111111111,"Q3","Q1","Q1","Q2",0.0517241379310345,0.170731707317073
"Damion Lee","2019-20",0,0,0,0,"Q1","Q1","Q1","Q1",0.0204081632653061,0.215384615384615
"Damyean Dotson","2018-19",0,0,0,0,"Q1","Q1","Q1","Q1",0.0136986301369863,0.0365853658536585
"Daniel Gafford","2021-22",0.333333333333333,0,0.166666666666667,0.166666666666667,"Q3","Q1","Q2","Q3",0.0277777777777778,0.0853658536585366
"Daniel Gafford","2022-23",0,0,0,0,"Q1","Q1","Q1","Q1",0.0512820512820513,0.0365853658536585
"Daniel Theis","2019-20",0.5,0,0,0.111111111111111,"Q3","Q1","Q1","Q2",0.0689655172413793,0.078125
"Daniel Theis","2020-21",0,0,0,0,"Q1","Q1","Q1","Q1",0.0769230769230769,0.0958904109589041
"Danilo Gallinari","2014-15",0,0,0.625,0.294117647058824,"Q1","Q1","Q3","Q3",0.0338983050847458,0.219512195121951
"Danilo Gallinari","2015-16",0,0,0,0,"Q1","Q1","Q1","Q1",0.0377358490566038,0.341463414634146
"Danilo Gallinari","2016-17",0,0,0,0,"Q1","Q1","Q1","Q1",0,0
"Danilo Gallinari","2017-18",0,0,-Inf,0,"Q1","Q1",NA,"Q1",0.19047619047619,0.731707317073171
"Danilo Gallinari","2018-19",0.2,0,0.5,0.272727272727273,"Q2","Q1","Q3","Q3",0.0294117647058824,0.134146341463415
"Danilo Gallinari","2019-20",0,1,0.75,0.555555555555556,"Q1","Q3","Q3","Q3",0.0181818181818182,0.0625
"Danilo Gallinari","2021-22",0,0.333333333333333,0.6,0.285714285714286,"Q1","Q3","Q3","Q3",0.0454545454545455,0.109756097560976
"Danny Green","2013-14",0,0,0,0,"Q1","Q1","Q1","Q1",0.0588235294117647,0.170731707317073
"Danny Green","2014-15",0,0.142857142857143,0,0.0476190476190476,"Q1","Q2","Q1","Q2",0,0
"Danny Green","2015-16",0,0,0.285714285714286,0.117647058823529,"Q1","Q1","Q3","Q2",0.0126582278481013,0.0121951219512195
"Danny Green","2016-17",0.2,0,0,0.0909090909090909,"Q2","Q1","Q1","Q2",0.0294117647058824,0.0731707317073171
"Danny Green","2017-18",0.333333333333333,0,0,0.2,"Q3","Q1","Q1","Q3",0.0428571428571429,0.109756097560976
"Danny Green","2018-19",0,0.2,0,0.0833333333333333,"Q1","Q2","Q1","Q2",0,0
"Danny Green","2020-21",0,0,0.166666666666667,0.0714285714285714,"Q1","Q1","Q2","Q2",0.0289855072463768,0.0138888888888889
"Dante Cunningham","2015-16",0,0,0,0,"Q1","Q1","Q1","Q1",0.0125,0.0121951219512195
"Dante Cunningham","2016-17",0,0,0,0,"Q1","Q1","Q1","Q1",0.0454545454545455,0.182926829268293
"Dante Exum","2014-15",0,0,0,0,"Q1","Q1","Q1","Q1",0,0
"Danuel House","2019-20",0,0,0,0,"Q1","Q1","Q1","Q1",0,0
"Dario Saric","2016-17",0,0,0,0,"Q1","Q1","Q1","Q1",0.0123456790123457,0
"Dario Saric","2017-18",0,0,0,0,"Q1","Q1","Q1","Q1",0.0256410256410256,0.0487804878048781
"Dario Saric","2019-20",0,0,0,0,"Q1","Q1","Q1","Q1",0.0172413793103448,0.107692307692308
"Darius Bazley","2020-21",0,0,0,0,"Q1","Q1","Q1","Q1",0.0181818181818182,0.222222222222222
"Darius Bazley","2021-22",0,0,0,0,"Q1","Q1","Q1","Q1",0.0289855072463768,0.146341463414634
"Darius Garland","2019-20",0,0,0.333333333333333,0.0909090909090909,"Q1","Q1","Q3","Q2",0.0169491525423729,0.0769230769230769
"Darius Garland","2020-21",0,0,0.333333333333333,0.0833333333333333,"Q1","Q1","Q3","Q2",0.0555555555555556,0.208333333333333
"Darius Garland","2021-22",0,0,0.2,0.0833333333333333,"Q1","Q1","Q2","Q2",0.0441176470588235,0.121951219512195
"Darius Garland","2022-23",0,0,0,0,"Q1","Q1","Q1","Q1",0.0579710144927536,0.0975609756097561
"Darius Miller","2017-18",0,0,0,0,"Q1","Q1","Q1","Q1",0,0
"Darren Collison","2014-15",0,0,-Inf,0,"Q1","Q1",NA,"Q1",0.0666666666666667,0.432098765432099
"Darren Collison","2017-18",0,0,0,0,"Q1","Q1","Q1","Q1",0.0434782608695652,0.158536585365854
"Darren Collison","2018-19",0,0,0,0,"Q1","Q1","Q1","Q1",0.0263157894736842,0.0731707317073171
"David Lee","2013-14",0,0.25,0,0.0769230769230769,"Q1","Q2","Q1","Q2",0.0579710144927536,0.134146341463415
"David West","2013-14",0,0,0,0,"Q1","Q1","Q1","Q1",0.0125,0.0121951219512195
"David West","2014-15",0,0,0.2,0.0714285714285714,"Q1","Q1","Q2","Q2",0,0
"De'Aaron Fox","2017-18",0,0,0,0,"Q1","Q1","Q1","Q1",0.0410958904109589,0.0975609756097561
"De'Aaron Fox","2018-19",0,0.25,0,0.0714285714285714,"Q1","Q2","Q1","Q2",0,0
"De'Aaron Fox","2019-20",0,0.333333333333333,0.25,0.25,"Q1","Q3","Q2","Q3",0.0222222222222222,0.265625
"De'Aaron Fox","2020-21",0,0,0,0,"Q1","Q1","Q1","Q1",0.0344827586206897,0.180555555555556
"De'Aaron Fox","2021-22",0,0,0,0,"Q1","Q1","Q1","Q1",0.0508474576271186,0.268292682926829
"De'Aaron Fox","2022-23",0,0,0.142857142857143,0.0714285714285714,"Q1","Q1","Q2","Q2",0.0684931506849315,0.0731707317073171
"De'Andre Hunter","2019-20",0,0,0,0,"Q1","Q1","Q1","Q1",0.0476190476190476,0.0597014925373134
"De'Andre Hunter","2021-22",0.333333333333333,0,0,0.0833333333333333,"Q3","Q1","Q1","Q2",0.0566037735849057,0.341463414634146
"De'Andre Hunter","2022-23",0,0,0.25,0.0909090909090909,"Q1","Q1","Q2","Q2",0.0746268656716418,0.170731707317073
"De'Anthony Melton","2018-19",0,0,0,0,"Q1","Q1","Q1","Q1",0.08,0.304878048780488
"DeAndre Jordan","2013-14",0,0,0,0,"Q1","Q1","Q1","Q1",0,0
"DeAndre Jordan","2014-15",0,0,0,0,"Q1","Q1","Q1","Q1",0,0
"DeAndre Jordan","2015-16",0,0,0.285714285714286,0.1,"Q1","Q1","Q3","Q2",0.025974025974026,0.0365853658536585
"DeAndre Jordan","2016-17",0,0,0.142857142857143,0.0555555555555556,"Q1","Q1","Q2","Q2",0,0
"DeAndre Jordan","2020-21",0,0,0,0,"Q1","Q1","Q1","Q1",0.0175438596491228,0.0138888888888889
"DeAndre Jordan","2021-22",0,-Inf,0,0,"Q1",NA,"Q1","Q1",0.0208333333333333,0.0246913580246914
"DeMar DeRozan","2013-14",0,0,0.166666666666667,0.0555555555555556,"Q1","Q1","Q2","Q2",0.0126582278481013,0.024390243902439
"DeMar DeRozan","2014-15",0,0,0.125,0.0714285714285714,"Q1","Q1","Q2","Q2",0.0166666666666667,0.25609756097561
"DeMar DeRozan","2015-16",0,0,0.571428571428571,0.235294117647059,"Q1","Q1","Q3","Q3",0,0
"DeMar DeRozan","2016-17",0,0,0,0,"Q1","Q1","Q1","Q1",0.0405405405405405,0.0853658536585366
"DeMar DeRozan","2017-18",0,0,0.2,0.0769230769230769,"Q1","Q1","Q2","Q2",0,0
"DeMar DeRozan","2018-19",0,0,0,0,"Q1","Q1","Q1","Q1",0.025974025974026,0.0487804878048781
"DeMar DeRozan","2019-20",0,0,0,0,"Q1","Q1","Q1","Q1",0.0163934426229508,0.0317460317460317
"DeMar DeRozan","2020-21",0,0,0.4,0.166666666666667,"Q1","Q1","Q3","Q3",0.0327868852459016,0.0833333333333333
"DeMar DeRozan","2021-22",0,0.125,0,0.0588235294117647,"Q1","Q2","Q1","Q2",0.0263157894736842,0.0487804878048781
"DeMar DeRozan","2022-23",0,0.2,0,0.0714285714285714,"Q1","Q2","Q1","Q2",0.0540540540540541,0.0853658536585366
"DeMarcus Cousins","2013-14",0,0,0.166666666666667,0.0625,"Q1","Q1","Q2","Q2",0.0422535211267606,0.0975609756097561
"DeMarcus Cousins","2014-15",0,0.25,0,0.142857142857143,"Q1","Q2","Q1","Q3",0.0847457627118644,0.24390243902439
"DeMarcus Cousins","2015-16",0.333333333333333,0,0.2,0.133333333333333,"Q3","Q1","Q2","Q3",0.107692307692308,0.158536585365854
"DeMarcus Cousins","2018-19",-Inf,-Inf,1,1,NA,NA,"Q3","Q3",0.0666666666666667,0.024390243902439
"DeMarre Carroll","2013-14",0,0.25,0,0.0555555555555556,"Q1","Q2","Q1","Q2",0.0547945205479452,0.0853658536585366
"DeMarre Carroll","2014-15",0,0.166666666666667,0.714285714285714,0.315789473684211,"Q1","Q2","Q3","Q3",0.0285714285714286,0.0731707317073171
"DeMarre Carroll","2015-16",0,-Inf,1,0.333333333333333,"Q1",NA,"Q3","Q3",0.115384615384615,0.658536585365854
"DeMarre Carroll","2017-18",0.25,0.142857142857143,0,0.133333333333333,"Q2","Q2","Q1","Q3",0.0410958904109589,0.0731707317073171
"Deandre Ayton","2018-19",0,0,0,0,"Q1","Q1","Q1","Q1",0.028169014084507,0.134146341463415
"Deandre Ayton","2019-20",-Inf,-Inf,0,0,NA,NA,"Q1","Q1",0.1,0.153846153846154
"Deandre Ayton","2020-21",0,0,0,0,"Q1","Q1","Q1","Q1",0.0144927536231884,0.0277777777777778
"Deandre Ayton","2021-22",0,0,0.166666666666667,0.0909090909090909,"Q1","Q1","Q2","Q2",0.0862068965517241,0.25609756097561
"Deandre Ayton","2022-23",0,0,0,0,"Q1","Q1","Q1","Q1",0.0597014925373134,0.134146341463415
"Dejounte Murray","2017-18",0,0,0,0,"Q1","Q1","Q1","Q1",0.0123456790123457,0.0121951219512195
"Dejounte Murray","2019-20",1,0,0,0.375,"Q3","Q1","Q1","Q3",0.0344827586206897,0.0317460317460317
"Dejounte Murray","2020-21",0,0.166666666666667,0.428571428571429,0.25,"Q1","Q2","Q3","Q3",0.0149253731343284,0.0138888888888889
"Dejounte Murray","2021-22",0,0.2,0.666666666666667,0.272727272727273,"Q1","Q2","Q3","Q3",0.0441176470588235,0.134146341463415
"Dejounte Murray","2022-23",0,0,0,0,"Q1","Q1","Q1","Q1",0.0405405405405405,0.0853658536585366
"Deni Avdija","2020-21",0,0,0,0,"Q1","Q1","Q1","Q1",0.0185185185185185,0.180555555555556
"Dennis Schroder","2016-17",0,0,0.333333333333333,0.117647058823529,"Q1","Q1","Q3","Q2",0,0
"Dennis Schroder","2017-18",0,0,0.5,0.1,"Q1","Q1","Q3","Q2",0,0
"Dennis Schroder","2020-21",0,0,0,0,"Q1","Q1","Q1","Q1",0,0
"Dennis Schroder","2022-23",0,0,0,0,"Q1","Q1","Q1","Q1",0,0
"Dennis Smith","2017-18",0,0,0.2,0.0769230769230769,"Q1","Q1","Q2","Q2",0,0
"Denzel Valentine","2017-18",0,0,0,0,"Q1","Q1","Q1","Q1",0.012987012987013,0.0487804878048781
"Deron Williams","2013-14",0,0,0.142857142857143,0.0625,"Q1","Q1","Q2","Q2",0.0625,0.207317073170732
"Deron Williams","2014-15",0,0.2,0,0.0625,"Q1","Q2","Q1","Q2",0.0294117647058824,0.158536585365854
"Deron Williams","2015-16",0.166666666666667,0.285714285714286,0,0.2,"Q2","Q3","Q1","Q3",0.0615384615384615,0.170731707317073
"Derrick Favors","2013-14",0,0,0,0,"Q1","Q1","Q1","Q1",0.0547945205479452,0.109756097560976
"Derrick Favors","2014-15",0,0.142857142857143,0,0.0625,"Q1","Q2","Q1","Q2",0.0540540540540541,0.0853658536585366
"Derrick Favors","2015-16",0,0,0.166666666666667,0.0714285714285714,"Q1","Q1","Q2","Q2",0.0645161290322581,0.219512195121951
"Derrick Favors","2018-19",0.25,0,0.2,0.142857142857143,"Q2","Q1","Q2","Q3",0.0131578947368421,0.0487804878048781
"Derrick Favors","2019-20",0,0,0,0,"Q1","Q1","Q1","Q1",0.0888888888888889,0.296875
"Derrick Jones","2020-21",0,0,0.666666666666667,0.166666666666667,"Q1","Q1","Q3","Q3",0,0
"Derrick Rose","2014-15",0,0.142857142857143,0,0.0833333333333333,"Q1","Q2","Q1","Q2",0.0980392156862745,0.365853658536585
"Derrick Rose","2015-16",0,0.142857142857143,0,0.0714285714285714,"Q1","Q2","Q1","Q2",0.106060606060606,0.170731707317073
"Derrick White","2018-19",0,0,0.333333333333333,0.0909090909090909,"Q1","Q1","Q3","Q2",0.0149253731343284,0.0609756097560976
"Derrick White","2022-23",0,0,0,0,"Q1","Q1","Q1","Q1",0,0
"Desmond Bane","2021-22",0,0,0.25,0.0714285714285714,"Q1","Q1","Q2","Q2",0.0394736842105263,0.0609756097560976
"Desmond Bane","2022-23",0,0.4,0.25,0.272727272727273,"Q1","Q3","Q2","Q3",0.0517241379310345,0.24390243902439
"Devin Booker","2015-16",0,0,0,0,"Q1","Q1","Q1","Q1",0.0131578947368421,0.024390243902439
"Devin Booker","2016-17",0.2,0,0,0.0714285714285714,"Q2","Q1","Q1","Q2",0.0384615384615385,0.0246913580246914
"Devin Booker","2017-18",0,0.5,0,0.0909090909090909,"Q1","Q3","Q1","Q2",0.0925925925925926,0.329268292682927
"Devin Booker","2018-19",0,0,0,0,"Q1","Q1","Q1","Q1",0.09375,0.219512195121951
"Devin Booker","2019-20",0,0,0,0,"Q1","Q1","Q1","Q1",0.0161290322580645,0.0461538461538462
"Devin Booker","2020-21",0,0,0.166666666666667,0.0666666666666667,"Q1","Q1","Q2","Q2",0.0149253731343284,0.0555555555555556
"Devin Booker","2021-22",0,0,0.2,0.0909090909090909,"Q1","Q1","Q2","Q2",0.0294117647058824,0.134146341463415
"Devin Booker","2022-23",0,-Inf,0.333333333333333,0.166666666666667,"Q1",NA,"Q3","Q3",0.0566037735849057,0.317073170731707
"Devin Vassell","2021-22",0,0,0.25,0.0769230769230769,"Q1","Q1","Q2","Q2",0.0704225352112676,0.121951219512195
"Devin Vassell","2022-23",0,0,1,0.25,"Q1","Q1","Q3","Q3",0.131578947368421,0.402439024390244
"Devonte' Graham","2019-20",0,0,0,0,"Q1","Q1","Q1","Q1",0.0158730158730159,0.0153846153846154
"Devonte' Graham","2020-21",0,0,0.2,0.0769230769230769,"Q1","Q1","Q2","Q2",0.0727272727272727,0.222222222222222
"Dewayne Dedmon","2017-18",0,0,0.25,0.1,"Q1","Q1","Q2","Q2",0.0161290322580645,0.231707317073171
"Dewayne Dedmon","2018-19",0,0,0,0,"Q1","Q1","Q1","Q1",0.078125,0.170731707317073
"Dewayne Dedmon","2019-20",0,-Inf,0,0,"Q1",NA,"Q1","Q1",0.0454545454545455,0.0769230769230769
"Dillon Brooks","2017-18",0,0,0,0,"Q1","Q1","Q1","Q1",0,0
"Dillon Brooks","2019-20",0,0,0,0,"Q1","Q1","Q1","Q1",0,0
"Dillon Brooks","2020-21",0,0,0.125,0.0666666666666667,"Q1","Q1","Q2","Q2",0.0298507462686567,0.0555555555555556
"Dillon Brooks","2021-22",1,0,1,0.75,"Q3","Q1","Q3","Q3",0.15625,0.439024390243902
"Dillon Brooks","2022-23",0,0,0.25,0.0909090909090909,"Q1","Q1","Q2","Q2",0.0273972602739726,0.0121951219512195
"Dirk Nowitzki","2013-14",0,0,0,0,"Q1","Q1","Q1","Q1",0.025,0.024390243902439
"Dirk Nowitzki","2014-15",0.333333333333333,0.333333333333333,0.2,0.294117647058824,"Q3","Q3","Q2","Q3",0,0
"Dirk Nowitzki","2015-16",0.166666666666667,0.5,0,0.294117647058824,"Q2","Q3","Q1","Q3",0.0266666666666667,0.024390243902439
"Dirk Nowitzki","2016-17",-Inf,0.333333333333333,0.333333333333333,0.333333333333333,NA,"Q3","Q3","Q3",0.0740740740740741,0.296296296296296
"Dirk Nowitzki","2018-19",-Inf,0.75,0,0.333333333333333,NA,"Q3","Q1","Q3",0.0196078431372549,0.0121951219512195
"Domantas Sabonis","2019-20",0,0,0,0,"Q1","Q1","Q1","Q1",0.032258064516129,0.0461538461538462
"Domantas Sabonis","2020-21",0,0,0.25,0.0769230769230769,"Q1","Q1","Q2","Q2",0.032258064516129,0.125
"Domantas Sabonis","2021-22",0,0,0,0,"Q1","Q1","Q1","Q1",0.0806451612903226,0.219512195121951
"Domantas Sabonis","2022-23",0,0.25,0,0.0666666666666667,"Q1","Q2","Q1","Q2",0.0253164556962025,0.024390243902439
"Donald Sloan","2015-16",-Inf,0,0,0,NA,"Q1","Q1","Q1",0.0163934426229508,0.0121951219512195
"Donatas Motiejunas","2014-15",0,0,0,0,"Q1","Q1","Q1","Q1",0.0140845070422535,0.121951219512195
"Donovan Mitchell","2017-18",0,0.25,0,0.0666666666666667,"Q1","Q2","Q1","Q2",0.0126582278481013,0.024390243902439
"Donovan Mitchell","2018-19",0.333333333333333,0,0.2,0.153846153846154,"Q3","Q1","Q2","Q3",0.025974025974026,0.0365853658536585
"Donovan Mitchell","2019-20",0,-Inf,0,0,"Q1",NA,"Q1","Q1",0.0317460317460317,0.015625
"Donovan Mitchell","2020-21",0,0,0,0,"Q1","Q1","Q1","Q1",0.0566037735849057,0.25
"Donovan Mitchell","2021-22",0,0.25,0.25,0.166666666666667,"Q1","Q2","Q2","Q3",0.0746268656716418,0.146341463414634
"Donovan Mitchell","2022-23",0,0,0.25,0.111111111111111,"Q1","Q1","Q2","Q2",0.102941176470588,0.134146341463415
"Donte DiVincenzo","2020-21",0,0.5,0.333333333333333,0.25,"Q1","Q3","Q3","Q3",0.0303030303030303,0.0277777777777778
"Dorian Finney-Smith","2016-17",0,0,0,0,"Q1","Q1","Q1","Q1",0,0
"Dorian Finney-Smith","2018-19",0,0,0,0,"Q1","Q1","Q1","Q1",0.0123456790123457,0.0121951219512195
"Dorian Finney-Smith","2019-20",0,0,0.166666666666667,0.0833333333333333,"Q1","Q1","Q2","Q2",0.015625,0.0298507462686567
"Dorian Finney-Smith","2020-21",0,0,0,0,"Q1","Q1","Q1","Q1",0.05,0.166666666666667
"Dorian Finney-Smith","2021-22",0,0,0,0,"Q1","Q1","Q1","Q1",0.025,0.024390243902439
"Dorian Finney-Smith","2022-23",0,0,0.25,0.0909090909090909,"Q1","Q1","Q2","Q2",0.0151515151515152,0.166666666666667
"Doug McDermott","2021-22",0,0.4,0.333333333333333,0.272727272727273,"Q1","Q3","Q3","Q3",0.0784313725490196,0.329268292682927
"Dragan Bender","2017-18",0,0,0,0,"Q1","Q1","Q1","Q1",0,0
"Draymond Green","2013-14",0,0,0,0,"Q1","Q1","Q1","Q1",0,0
"Draymond Green","2014-15",0,0,0,0,"Q1","Q1","Q1","Q1",0.0126582278481013,0.0365853658536585
"Draymond Green","2015-16",0,0,0,0,"Q1","Q1","Q1","Q1",0,0
"Draymond Green","2016-17",0.166666666666667,0.4,0.333333333333333,0.294117647058824,"Q2","Q3","Q3","Q3",0,0
"Draymond Green","2017-18",0.2,0,0,0.0714285714285714,"Q2","Q1","Q1","Q2",0.0857142857142857,0.134146341463415
"Draymond Green","2018-19",0.333333333333333,0,0.166666666666667,0.181818181818182,"Q3","Q1","Q2","Q3",0.0454545454545455,0.170731707317073
"Draymond Green","2019-20",0,0.5,-Inf,0.333333333333333,"Q1","Q3",NA,"Q3",0.186046511627907,0.323076923076923
"Draymond Green","2020-21",0,0.285714285714286,0.2,0.2,"Q1","Q3","Q2","Q3",0.0317460317460317,0.0277777777777778
"Draymond Green","2021-22",0.333333333333333,0.666666666666667,0.5,0.5,"Q3","Q3","Q3","Q3",0.0434782608695652,0.378048780487805
"Draymond Green","2022-23",0.4,0.333333333333333,0,0.307692307692308,"Q3","Q3","Q1","Q3",0.0273972602739726,0.0365853658536585
"Drew Eubanks","2022-23",0,0,0,0,"Q1","Q1","Q1","Q1",0.0256410256410256,0.024390243902439
"Duncan Robinson","2019-20",0,0,0,0,"Q1","Q1","Q1","Q1",0,0
"Duncan Robinson","2020-21",0,0,0,0,"Q1","Q1","Q1","Q1",0,0
"Dwayne Bacon","2020-21",0,0,0,0,"Q1","Q1","Q1","Q1",0,0
"Dwight Howard","2014-15",0,0,1,0.111111111111111,"Q1","Q1","Q3","Q2",0.0975609756097561,0.48780487804878
"Dwight Howard","2015-16",0.625,0,0,0.263157894736842,"Q3","Q1","Q1","Q3",0.028169014084507,0.0487804878048781
"Dwight Howard","2016-17",0.142857142857143,0.25,0.428571428571429,0.277777777777778,"Q2","Q2","Q3","Q3",0.0135135135135135,0.0365853658536585
"Dwight Howard","2017-18",0,0,0.2,0.0714285714285714,"Q1","Q1","Q2","Q2",0,0
"Dwight Powell","2017-18",0,0,0.333333333333333,0.133333333333333,"Q1","Q1","Q3","Q3",0,0
"Dwight Powell","2018-19",0,0,0,0,"Q1","Q1","Q1","Q1",0.012987012987013,0.0365853658536585
"Dwight Powell","2019-20",0,0,-Inf,0,"Q1","Q1",NA,"Q1",0.025,0.343283582089552
"Dwight Powell","2021-22",0,0,0,0,"Q1","Q1","Q1","Q1",0,0
"Dwight Powell","2022-23",0,0,0,0,"Q1","Q1","Q1","Q1",0.0131578947368421,0.024390243902439
"Dwyane Wade","2013-14",0.666666666666667,0.666666666666667,0.666666666666667,0.666666666666667,"Q3","Q3","Q3","Q3",0.12962962962963,0.268292682926829
"Dwyane Wade","2014-15",0,0,0.5,0.153846153846154,"Q1","Q1","Q3","Q3",0.0806451612903226,0.207317073170732
"Dwyane Wade","2015-16",0,0.142857142857143,0.166666666666667,0.133333333333333,"Q1","Q2","Q2","Q3",0.0405405405405405,0.0487804878048781
"Dwyane Wade","2016-17",0.333333333333333,0.333333333333333,0,0.285714285714286,"Q3","Q3","Q1","Q3",0.0833333333333333,0.219512195121951
"E'Twaun Moore","2017-18",0,0,0,0,"Q1","Q1","Q1","Q1",0,0
"E'Twaun Moore","2018-19",0.2,0.5,1,0.444444444444444,"Q2","Q3","Q3","Q3",0.0754716981132075,0.304878048780488
"Elfrid Payton","2014-15",0,0,0,0,"Q1","Q1","Q1","Q1",0,0
"Elfrid Payton","2015-16",0,0,0,0,"Q1","Q1","Q1","Q1",0.0273972602739726,0.109756097560976
"Elfrid Payton","2016-17",0,0,0,0,"Q1","Q1","Q1","Q1",0,0
"Elfrid Payton","2018-19",0,0,0,0,"Q1","Q1","Q1","Q1",0.0714285714285714,0.48780487804878
"Elfrid Payton","2020-21",0,0,0,0,"Q1","Q1","Q1","Q1",0.0317460317460317,0.125
"Emeka Okafor","2017-18",0.5,0,0.5,0.333333333333333,"Q3","Q1","Q3","Q3",0.0384615384615385,0.032258064516129
"Emmanuel Mudiay","2015-16",0,0,0,0,"Q1","Q1","Q1","Q1",0.0147058823529412,0.170731707317073
"Emmanuel Mudiay","2018-19",0,0,0,0,"Q1","Q1","Q1","Q1",0.0338983050847458,0.182926829268293
"Enes Kanter","2017-18",0,0,0,0,"Q1","Q1","Q1","Q1",0,0
"Eric Bledsoe","2014-15",0,0,0,0,"Q1","Q1","Q1","Q1",0.0123456790123457,0.0121951219512195
"Eric Bledsoe","2018-19",0,0,0.2,0.0833333333333333,"Q1","Q1","Q2","Q2",0.0128205128205128,0.0121951219512195
"Eric Bledsoe","2019-20",0,0,0.333333333333333,0.142857142857143,"Q1","Q1","Q3","Q3",0.0178571428571429,0.123076923076923
"Eric Bledsoe","2020-21",0,0,0,0,"Q1","Q1","Q1","Q1",0.0140845070422535,0.0138888888888889
"Eric Gordon","2013-14",0,0,0,0,"Q1","Q1","Q1","Q1",0.046875,0.207317073170732
"Eric Gordon","2014-15",0,0,0,0,"Q1","Q1","Q1","Q1",0.0163934426229508,0.25609756097561
"Eric Gordon","2015-16",0,0,0,0,"Q1","Q1","Q1","Q1",0.0444444444444444,0.439024390243902
"Eric Gordon","2017-18",0.333333333333333,0.25,0.2,0.25,"Q3","Q2","Q2","Q3",0.072463768115942,0.121951219512195
"Eric Gordon","2018-19",0,0,0.5,0.2,"Q1","Q1","Q3","Q3",0.0441176470588235,0.146341463414634
"Eric Gordon","2021-22",1,0.6,1,0.818181818181818,"Q3","Q3","Q3","Q3",0.0701754385964912,0.182926829268293
"Eric Gordon","2022-23",1,0.5,0.4,0.583333333333333,"Q3","Q3","Q3","Q3",0.0144927536231884,0.0126582278481013
"Eric Paschall","2019-20",0.25,0,0,0.166666666666667,"Q2","Q1","Q1","Q3",0.0333333333333333,0.0615384615384615
"Ersan Ilyasova","2013-14",0.142857142857143,0,1,0.214285714285714,"Q2","Q1","Q3","Q3",0.0727272727272727,0.268292682926829
"Ersan Ilyasova","2014-15",0,0,0,0,"Q1","Q1","Q1","Q1",0.0517241379310345,0.280487804878049
"Evan Fournier","2015-16",0,0,0,0,"Q1","Q1","Q1","Q1",0.0126582278481013,0.0365853658536585
"Evan Fournier","2016-17",0,0,0,0,"Q1","Q1","Q1","Q1",0.0441176470588235,0.160493827160494
"Evan Fournier","2017-18",0,0,0,0,"Q1","Q1","Q1","Q1",0.0350877192982456,0.292682926829268
"Evan Fournier","2018-19",0,0,0,0,"Q1","Q1","Q1","Q1",0.0123456790123457,0.0121951219512195
"Evan Fournier","2019-20",0,0.25,0,0.1,"Q1","Q2","Q1","Q2",0.0163934426229508,0.0461538461538462
"Evan Fournier","2021-22",0,0.333333333333333,0,0.0833333333333333,"Q1","Q3","Q1","Q2",0.0125,0.0121951219512195
"Evan Mobley","2021-22",0,0,0,0,"Q1","Q1","Q1","Q1",0.0434782608695652,0.158536585365854
"Evan Mobley","2022-23",0,0,0,0,"Q1","Q1","Q1","Q1",0,0
"Evan Turner","2014-15",0,0,0,0,"Q1","Q1","Q1","Q1",0,0
"Evan Turner","2015-16",0,0,0,0,"Q1","Q1","Q1","Q1",0.0123456790123457,0.0121951219512195
"Evan Turner","2016-17",0,0,0,0,"Q1","Q1","Q1","Q1",0.0307692307692308,0.207317073170732
"Evan Turner","2017-18",0,0.166666666666667,0,0.0666666666666667,"Q1","Q2","Q1","Q2",0.0253164556962025,0.024390243902439
"Francisco Garcia","2013-14",0,0,0.333333333333333,0.0714285714285714,"Q1","Q1","Q3","Q2",0.0727272727272727,0.182926829268293
"Frank Kaminsky","2015-16",0,0,0,0,"Q1","Q1","Q1","Q1",0,0
"Frank Ntilikina","2019-20",0.5,0,0,0.142857142857143,"Q3","Q1","Q1","Q3",0.0526315789473684,0.106060606060606
"Franz Wagner","2021-22",0,0,0,0,"Q1","Q1","Q1","Q1",0.0253164556962025,0.024390243902439
"Franz Wagner","2022-23",0,0,0.333333333333333,0.0833333333333333,"Q1","Q1","Q3","Q2",0,0
"Fred VanVleet","2019-20",0,0,0,0,"Q1","Q1","Q1","Q1",0.0833333333333333,0.25
"Fred VanVleet","2020-21",0,0,0.5,0.1,"Q1","Q1","Q3","Q2",0.0961538461538462,0.25
"Fred VanVleet","2021-22",0,0.166666666666667,0.666666666666667,0.230769230769231,"Q1","Q2","Q3","Q3",0.0923076923076923,0.158536585365854
"Fred VanVleet","2022-23",0,0,0,0,"Q1","Q1","Q1","Q1",0.072463768115942,0.0975609756097561
"Gabe Vincent","2022-23",0,0,0,0,"Q1","Q1","Q1","Q1",0.0441176470588235,0.170731707317073
"Garrett Temple","2015-16",0.142857142857143,0,0,0.0526315789473684,"Q2","Q1","Q1","Q2",0,0
"Garrett Temple","2019-20",0,0,0,0,"Q1","Q1","Q1","Q1",0.0727272727272727,0.140625
"Garrison Mathews","2021-22",0,0,0,0,"Q1","Q1","Q1","Q1",0.0153846153846154,0.0487804878048781
"Gary Harris","2015-16",0,0,0,0,"Q1","Q1","Q1","Q1",0.0131578947368421,0.0731707317073171
"Gary Harris","2016-17",0,0,0.2,0.0909090909090909,"Q1","Q1","Q2","Q2",0.0526315789473684,0.24390243902439
"Gary Harris","2017-18",0,0.142857142857143,0,0.0769230769230769,"Q1","Q2","Q1","Q2",0.0447761194029851,0.170731707317073
"Gary Harris","2018-19",0,0,0,0,"Q1","Q1","Q1","Q1",0.0701754385964912,0.304878048780488
"Gary Harris","2019-20",0,0,0,0,"Q1","Q1","Q1","Q1",0.0535714285714286,0.138461538461538
"Gary Harris","2020-21",0,-Inf,0.25,0.142857142857143,"Q1",NA,"Q2","Q3",0.0769230769230769,0.444444444444444
"Gary Harris","2022-23",0.5,0,0,0.111111111111111,"Q3","Q1","Q1","Q2",0.0833333333333333,0.195121951219512
"Gary Payton II","2022-23",-Inf,0,-Inf,0,NA,"Q1",NA,"Q1",0.0909090909090909,0.0487804878048781
"Gary Trent Jr.","2020-21",0,0,0,0,"Q1","Q1","Q1","Q1",0.0517241379310345,0.138888888888889
"Gary Trent Jr.","2021-22",0,0,0,0,"Q1","Q1","Q1","Q1",0.0571428571428571,0.146341463414634
"George Hill","2013-14",0,0,0,0,"Q1","Q1","Q1","Q1",0.0394736842105263,0.0731707317073171
"George Hill","2014-15",-Inf,0,0,0,NA,"Q1","Q1","Q1",0.0232558139534884,0.134146341463415
"George Hill","2015-16",0,0,0,0,"Q1","Q1","Q1","Q1",0.0540540540540541,0.0853658536585366
"Gerald Green","2013-14",0,0,0,0,"Q1","Q1","Q1","Q1",0,0
"Gerald Henderson","2013-14",0,0,0,0,"Q1","Q1","Q1","Q1",0,0
"Gerald Henderson","2014-15",0,0,0,0,"Q1","Q1","Q1","Q1",0,0
"Giannis Antetokounmpo","2014-15",0,0,0,0,"Q1","Q1","Q1","Q1",0.0123456790123457,0.0121951219512195
"Giannis Antetokounmpo","2015-16",0,0,0,0,"Q1","Q1","Q1","Q1",0.0125,0.0121951219512195
"Giannis Antetokounmpo","2016-17",0,0,0,0,"Q1","Q1","Q1","Q1",0.025,0.0123456790123457
"Giannis Antetokounmpo","2017-18",0,0.142857142857143,0,0.0666666666666667,"Q1","Q2","Q1","Q2",0.0533333333333333,0.0731707317073171
"Giannis Antetokounmpo","2018-19",0.25,0,0.6,0.333333333333333,"Q2","Q1","Q3","Q3",0.0555555555555556,0.0609756097560976
"Giannis Antetokounmpo","2019-20",0,0,0,0,"Q1","Q1","Q1","Q1",0.087719298245614,0.123076923076923
"Giannis Antetokounmpo","2020-21",0.25,0.5,0.4,0.363636363636364,"Q2","Q3","Q3","Q3",0.0327868852459016,0.0972222222222222
"Giannis Antetokounmpo","2021-22",0,0.333333333333333,0.4,0.272727272727273,"Q1","Q3","Q3","Q3",0.104477611940299,0.134146341463415
"Giannis Antetokounmpo","2022-23",0.666666666666667,0,0,0.2,"Q3","Q1","Q1","Q3",0.111111111111111,0.182926829268293
"Glenn Robinson","2019-20",0,0,0,0,"Q1","Q1","Q1","Q1",0,0
"Goran Dragic","2013-14",0,0,0.4,0.117647058823529,"Q1","Q1","Q3","Q2",0.0263157894736842,0.0365853658536585
"Goran Dragic","2015-16",0,0,0,0,"Q1","Q1","Q1","Q1",0.0416666666666667,0.121951219512195
"Goran Dragic","2016-17",0,0,0.166666666666667,0.0833333333333333,"Q1","Q1","Q2","Q2",0.0547945205479452,0.0975609756097561
"Goran Dragic","2017-18",0,0,0.25,0.0909090909090909,"Q1","Q1","Q2","Q2",0.04,0.0609756097560976
"Gordon Hayward","2013-14",0,0,0,0,"Q1","Q1","Q1","Q1",0.012987012987013,0.0609756097560976
"Gordon Hayward","2014-15",0,0,0,0,"Q1","Q1","Q1","Q1",0.0394736842105263,0.0609756097560976
"Gordon Hayward","2015-16",0,0,0,0,"Q1","Q1","Q1","Q1",0.0125,0.024390243902439
"Gordon Hayward","2016-17",0,0,0,0,"Q1","Q1","Q1","Q1",0.0410958904109589,0.0365853658536585
"Gordon Hayward","2019-20",0,0,0,0,"Q1","Q1","Q1","Q1",0.0888888888888889,0.296875
"Gordon Hayward","2020-21",0.166666666666667,0,-Inf,0.111111111111111,"Q2","Q1",NA,"Q2",0.0681818181818182,0.361111111111111
"Gordon Hayward","2021-22",0,0.333333333333333,-Inf,0.111111111111111,"Q1","Q3",NA,"Q2",0.0612244897959184,0.378048780487805
"Gordon Hayward","2022-23",0,0.25,0,0.111111111111111,"Q1","Q2","Q1","Q2",0.08,0.365853658536585
"Gorgui Dieng","2014-15",0,0,0,0,"Q1","Q1","Q1","Q1",0.0136986301369863,0.0975609756097561
"Gorgui Dieng","2015-16",0,0,0,0,"Q1","Q1","Q1","Q1",0,0
"Gorgui Dieng","2016-17",0,0,0,0,"Q1","Q1","Q1","Q1",0,0
"Grayson Allen","2020-21",0,0.25,0,0.1,"Q1","Q2","Q1","Q2",0.1,0.222222222222222
"Grayson Allen","2021-22",0,0,0.75,0.333333333333333,"Q1","Q1","Q3","Q3",0.0909090909090909,0.146341463414634
"Grayson Allen","2022-23",0,0.333333333333333,0,0.0909090909090909,"Q1","Q3","Q1","Q2",0.0694444444444444,0.0975609756097561
"Greg Monroe","2013-14",0,0,0,0,"Q1","Q1","Q1","Q1",0,0
"Greg Monroe","2014-15",0,0,0,0,"Q1","Q1","Q1","Q1",0.0144927536231884,0.134146341463415
"Greg Monroe","2015-16",0,0,0,0,"Q1","Q1","Q1","Q1",0.0126582278481013,0.024390243902439
"Harrison Barnes","2014-15",0,0,0,0,"Q1","Q1","Q1","Q1",0,0
"Harrison Barnes","2015-16",0,0,0,0,"Q1","Q1","Q1","Q1",0.0151515151515152,0.195121951219512
"Harrison Barnes","2017-18",0,0,0.333333333333333,0.133333333333333,"Q1","Q1","Q3","Q3",0.025974025974026,0.0365853658536585
"Harrison Barnes","2018-19",0,0,0,0,"Q1","Q1","Q1","Q1",0,0
"Harrison Barnes","2019-20",0,0,0,0,"Q1","Q1","Q1","Q1",0,0
"Harrison Barnes","2020-21",0,0,0,0,"Q1","Q1","Q1","Q1",0.0344827586206897,0.180555555555556
"Harrison Barnes","2021-22",0,0,0,0,"Q1","Q1","Q1","Q1",0.012987012987013,0.0609756097560976
"Harrison Barnes","2022-23",0,0,0,0,"Q1","Q1","Q1","Q1",0,0
"Hassan Whiteside","2014-15",0,0,1,0.285714285714286,"Q1","Q1","Q3","Q3",0.125,0.159420289855072
"Hassan Whiteside","2015-16",0,0.2,0,0.0714285714285714,"Q1","Q2","Q1","Q2",0.0273972602739726,0.0853658536585366
"Hassan Whiteside","2016-17",0,0.333333333333333,0,0.0714285714285714,"Q1","Q3","Q1","Q2",0.012987012987013,0.0487804878048781
"Hassan Whiteside","2017-18",0,0.2,0,0.1,"Q1","Q2","Q1","Q2",0.0555555555555556,0.329268292682927
"Hassan Whiteside","2018-19",0,0,0.25,0.1,"Q1","Q1","Q2","Q2",0.0555555555555556,0.109756097560976
"Hassan Whiteside","2019-20",0,0,0.25,0.0909090909090909,"Q1","Q1","Q2","Q2",0.0491803278688525,0.0606060606060606
"Henry Sims","2014-15",0,0,0,0,"Q1","Q1","Q1","Q1",0,0
"Herb Jones","2021-22",0,0,0.2,0.0714285714285714,"Q1","Q1","Q2","Q2",0,0
"Herb Jones","2022-23",0,0,0,0,"Q1","Q1","Q1","Q1",0,0
"Hollis Thompson","2013-14",0.166666666666667,0,0,0.0526315789473684,"Q2","Q1","Q1","Q2",0.012987012987013,0.0365853658536585
"Ian Mahinmi","2015-16",0.166666666666667,0.5,0,0.142857142857143,"Q2","Q3","Q1","Q3",0.0704225352112676,0.0975609756097561
"Ian Mahinmi","2019-20",1,0,0,0.166666666666667,"Q3","Q1","Q1","Q3",0,0
"Iman Shumpert","2013-14",0,0,0,0,"Q1","Q1","Q1","Q1",0.0405405405405405,0.0975609756097561
"Iman Shumpert","2014-15",0,0,0,0,"Q1","Q1","Q1","Q1",0.0483870967741935,0.261904761904762
"Isaac Bonga","2019-20",0,0,0,0,"Q1","Q1","Q1","Q1",0.0172413793103448,0.015625
"Isaac Okoro","2020-21",0,0,0,0,"Q1","Q1","Q1","Q1",0.0149253731343284,0.0694444444444444
"Isaac Okoro","2021-22",0,0,0,0,"Q1","Q1","Q1","Q1",0.0447761194029851,0.182926829268293
"Isaiah Canaan","2015-16",0,0.2,0,0.0555555555555556,"Q1","Q2","Q1","Q2",0.012987012987013,0.0365853658536585
"Isaiah Canaan","2016-17",0,0,-Inf,0,"Q1","Q1",NA,"Q1",0.0769230769230769,0.0853658536585366
"Isaiah Stewart II","2021-22",0,0,0,0,"Q1","Q1","Q1","Q1",0,0
"Isaiah Stewart II","2022-23",0,0,-Inf,0,"Q1","Q1",NA,"Q1",0,0
"Isaiah Thomas","2013-14",0,0,0,0,"Q1","Q1","Q1","Q1",0.0138888888888889,0.121951219512195
"Isaiah Thomas","2015-16",0,0,0,0,"Q1","Q1","Q1","Q1",0,0
"Ish Smith","2016-17",0,0.333333333333333,0,0.0588235294117647,"Q1","Q3","Q1","Q2",0,0
"Ish Smith","2017-18",0,0,0,0,"Q1","Q1","Q1","Q1",0,0
"Ivica Zubac","2018-19",0,0,0,0,"Q1","Q1","Q1","Q1",0,0
"Ivica Zubac","2019-20",0,0,0,0,"Q1","Q1","Q1","Q1",0,0
"Ivica Zubac","2021-22",0,0,0,0,"Q1","Q1","Q1","Q1",0.0263157894736842,0.0731707317073171
"Ivica Zubac","2022-23",0,0,0,0,"Q1","Q1","Q1","Q1",0.0394736842105263,0.0731707317073171
"J.J. Hickson","2013-14",0,0,0,0,"Q1","Q1","Q1","Q1",0,0
"J.J. Redick","2013-14",0,0,1,0.125,"Q1","Q1","Q3","Q3",0,0
"J.J. Redick","2014-15",0,0,0,0,"Q1","Q1","Q1","Q1",0,0
"J.J. Redick","2016-17",0.2,0,0.142857142857143,0.117647058823529,"Q2","Q1","Q2","Q2",0,0
"J.J. Redick","2018-19",0,0,0,0,"Q1","Q1","Q1","Q1",0,0
"J.J. Redick","2019-20",0,0,-Inf,0,"Q1","Q1",NA,"Q1",0,0
"J.R. Smith","2015-16",0,0,0,0,"Q1","Q1","Q1","Q1",0,0
"J.R. Smith","2016-17",0,-Inf,0,0,"Q1",NA,"Q1","Q1",0,0
"J.R. Smith","2017-18",0,0,0,0,"Q1","Q1","Q1","Q1",0,0
"Ja Morant","2019-20",1,0,0,0.125,"Q3","Q1","Q1","Q3",0,0
"Ja Morant","2020-21",0,0,0.125,0.0666666666666667,"Q1","Q1","Q2","Q2",0,0
"Ja Morant","2022-23",0.333333333333333,0.25,0.666666666666667,0.4,"Q3","Q2","Q3","Q3",0.0983606557377049,0.0731707317073171
"JaKarr Sampson","2014-15",0.25,0,0,0.05,"Q2","Q1","Q1","Q2",0.0135135135135135,0.0609756097560976
"JaMychal Green","2017-18",0,0,0.25,0.0909090909090909,"Q1","Q1","Q2","Q2",0.0727272727272727,0.304878048780488
"JaVale McGee","2018-19",0,0,0,0,"Q1","Q1","Q1","Q1",0.0133333333333333,0.0853658536585366
"JaVale McGee","2019-20",0,0,0,0,"Q1","Q1","Q1","Q1",0.0163934426229508,0.0317460317460317
"Jabari Parker","2015-16",0.166666666666667,0,0,0.0526315789473684,"Q2","Q1","Q1","Q2",0.0131578947368421,0.0121951219512195
"Jabari Smith Jr.","2022-23",0,0,0,0,"Q1","Q1","Q1","Q1",0.0126582278481013,0.024390243902439
"Jaden Ivey","2022-23",0.142857142857143,0,0,0.0769230769230769,"Q2","Q1","Q1","Q2",0.0405405405405405,0.0853658536585366
"Jae Crowder","2015-16",0,0,0.2,0.0588235294117647,"Q1","Q1","Q2","Q2",0.0136986301369863,0.0975609756097561
"Jae Crowder","2016-17",0,0,0,0,"Q1","Q1","Q1","Q1",0.0277777777777778,0.121951219512195
"Jae Crowder","2019-20",0,0.5,0,0.25,"Q1","Q3","Q1","Q3",0.0517241379310345,0.0606060606060606
"Jae Crowder","2020-21",0,0,0.333333333333333,0.0769230769230769,"Q1","Q1","Q3","Q2",0.0333333333333333,0.152777777777778
"Jae Crowder","2021-22",0,0,0.2,0.0769230769230769,"Q1","Q1","Q2","Q2",0.0746268656716418,0.158536585365854
"Jae'Sean Tate","2020-21",0,0,0,0,"Q1","Q1","Q1","Q1",0.0142857142857143,0.0277777777777778
"Jae'Sean Tate","2021-22",0,0,0,0,"Q1","Q1","Q1","Q1",0.0256410256410256,0.0487804878048781
"Jahlil Okafor","2015-16",0,0,0,0,"Q1","Q1","Q1","Q1",0.0754716981132075,0.317073170731707
"Jakob Poeltl","2020-21",0,0,0.2,0.0714285714285714,"Q1","Q1","Q2","Q2",0,0
"Jakob Poeltl","2021-22",0,0.142857142857143,0.666666666666667,0.230769230769231,"Q1","Q2","Q3","Q3",0,0
"Jakob Poeltl","2022-23",0.2,0.25,0,0.166666666666667,"Q2","Q2","Q1","Q3",0,0
"Jalen Brunson","2018-19",0,0,0,0,"Q1","Q1","Q1","Q1",0,0
"Jalen Brunson","2021-22",0,0,0,0,"Q1","Q1","Q1","Q1",0.0379746835443038,0.0365853658536585
"Jalen Brunson","2022-23",0,0,0,0,"Q1","Q1","Q1","Q1",0.0735294117647059,0.121951219512195
"Jalen Duren","2022-23",0,0,0,0,"Q1","Q1","Q1","Q1",0.0597014925373134,0.182926829268293
"Jalen Green","2021-22",0,0,0,0,"Q1","Q1","Q1","Q1",0.0149253731343284,0.170731707317073
"Jalen Green","2022-23",0,0,0,0,"Q1","Q1","Q1","Q1",0.0263157894736842,0.0609756097560976
"Jalen Suggs","2021-22",0,0,0,0,"Q1","Q1","Q1","Q1",0.104166666666667,0.402439024390244
"Jalen Williams","2022-23",0,0,0,0,"Q1","Q1","Q1","Q1",0.0133333333333333,0.024390243902439
"Jamal Murray","2016-17",0,0,0,0,"Q1","Q1","Q1","Q1",0.0121951219512195,0
"Jamal Murray","2017-18",0,0.142857142857143,0,0.0714285714285714,"Q1","Q2","Q1","Q2",0,0
"Jamal Murray","2018-19",0,0,0,0,"Q1","Q1","Q1","Q1",0.0133333333333333,0.0731707317073171
"Jamal Murray","2019-20",0,0,0,0,"Q1","Q1","Q1","Q1",0.0181818181818182,0.153846153846154
"Jamal Murray","2020-21",0.333333333333333,0,-Inf,0.142857142857143,"Q3","Q1",NA,"Q3",0.0625,0.305555555555556
"Jamal Murray","2022-23",1,0.5,0.333333333333333,0.5,"Q3","Q3","Q3","Q3",0.0615384615384615,0.121951219512195
"Jameer Nelson","2013-14",0,0,0,0,"Q1","Q1","Q1","Q1",0,0
"James Anderson","2013-14",0,0,-Inf,0,"Q1","Q1",NA,"Q1",0,0
"James Ennis","2016-17",0,0,0,0,"Q1","Q1","Q1","Q1",0,0
"James Ennis","2020-21",0,0,0,0,"Q1","Q1","Q1","Q1",0,0
"James Harden","2013-14",0.166666666666667,0,0,0.0555555555555556,"Q2","Q1","Q1","Q2",0.0547945205479452,0.0853658536585366
"James Harden","2014-15",0,0,0,0,"Q1","Q1","Q1","Q1",0,0
"James Harden","2015-16",0,0,0,0,"Q1","Q1","Q1","Q1",0,0
"James Harden","2016-17",0,0,0,0,"Q1","Q1","Q1","Q1",0.0123456790123457,0.0121951219512195
"James Harden","2017-18",0,0,0.285714285714286,0.153846153846154,"Q1","Q1","Q3","Q3",0.0277777777777778,0.0975609756097561
"James Harden","2018-19",0,0,0,0,"Q1","Q1","Q1","Q1",0.0256410256410256,0.0487804878048781
"James Harden","2019-20",0,0.25,0,0.125,"Q1","Q2","Q1","Q3",0.0163934426229508,0.03125
"James Harden","2020-21",0,0.333333333333333,1,0.333333333333333,"Q1","Q3","Q3","Q3",0.0909090909090909,0.323529411764706
"James Harden","2021-22",0,0.333333333333333,0.6,0.307692307692308,"Q1","Q3","Q3","Q3",0.0461538461538462,0.168674698795181
"James Harden","2022-23",0,0.5,0.5,0.428571428571429,"Q1","Q3","Q3","Q3",0.0689655172413793,0.24390243902439
"James Johnson","2016-17",-Inf,1,0.166666666666667,0.285714285714286,NA,"Q3","Q2","Q3",0.0344827586206897,0
"James Johnson","2017-18",0,0,0,0,"Q1","Q1","Q1","Q1",0.0487804878048781,0
"James Johnson","2018-19",0,0,0,0,"Q1","Q1","Q1","Q1",0.038961038961039,0
"Jared Dudley","2015-16",0,0,0,0,"Q1","Q1","Q1","Q1",0,0
"Jared Sullinger","2013-14",0,0,0,0,"Q1","Q1","Q1","Q1",0.0405405405405405,0.0731707317073171
"Jarell Martin","2017-18",0,0,0,0,"Q1","Q1","Q1","Q1",0.0410958904109589,0.0731707317073171
"Jaren Jackson, Jr.","2018-19",0,0,0,0,"Q1","Q1","Q1","Q1",0,0
"Jaren Jackson, Jr.","2019-20",0,0,0,0,"Q1","Q1","Q1","Q1",0,0
"Jaren Jackson, Jr.","2021-22",0,0,0,0,"Q1","Q1","Q1","Q1",0,0
"Jaren Jackson, Jr.","2022-23",1,0.2,0.25,0.3,"Q3","Q2","Q2","Q3",0,0
"Jarred Vanderbilt","2021-22",0,0,0,0,"Q1","Q1","Q1","Q1",0.0540540540540541,0.0975609756097561
"Jarrett Allen","2018-19",0,0,0,0,"Q1","Q1","Q1","Q1",0.0125,0.024390243902439
"Jarrett Allen","2019-20",0,0,0,0,"Q1","Q1","Q1","Q1",0,0
"Jarrett Allen","2020-21",0,0,0,0,"Q1","Q1","Q1","Q1",0.0317460317460317,0.136986301369863
"Jarrett Allen","2021-22",0,0,0,0,"Q1","Q1","Q1","Q1",0.0714285714285714,0.304878048780488
"Jarrett Allen","2022-23",0,0,0,0,"Q1","Q1","Q1","Q1",0.0735294117647059,0.170731707317073
"Jarrett Culver","2019-20",0,0,0,0,"Q1","Q1","Q1","Q1",0.0158730158730159,0.015625
"Jarrett Jack","2013-14",0,0,0,0,"Q1","Q1","Q1","Q1",0.0125,0.024390243902439
"Jason Smith","2014-15",0,0,0,0,"Q1","Q1","Q1","Q1",0,0
"Jason Terry","2015-16",0.142857142857143,0.25,0,0.117647058823529,"Q2","Q2","Q1","Q2",0,0
"Jason Thompson","2013-14",0,0,0,0,"Q1","Q1","Q1","Q1",0,0
"Jason Thompson","2014-15",0,0,0,0,"Q1","Q1","Q1","Q1",0,0
"Jaxson Hayes","2021-22",0,0,0,0,"Q1","Q1","Q1","Q1",0,0
"Jaylen Brown","2017-18",0.333333333333333,0.2,0.2,0.230769230769231,"Q3","Q2","Q2","Q3",0.0428571428571429,0.109756097560976
"Jaylen Brown","2019-20",0,0,0,0,"Q1","Q1","Q1","Q1",0.14,0.21875
"Jaylen Brown","2020-21",0,0,0,0,"Q1","Q1","Q1","Q1",0.120689655172414,0.180555555555556
"Jaylen Brown","2021-22",0.5,0,0.2,0.181818181818182,"Q3","Q1","Q2","Q3",0.0454545454545455,0.170731707317073
"Jaylen Brown","2022-23",0.4,0.5,0.25,0.363636363636364,"Q3","Q3","Q2","Q3",0.0746268656716418,0.121951219512195
"Jaylin Williams","2022-23",-Inf,0.333333333333333,0,0.111111111111111,NA,"Q3","Q1","Q2",0,0
"Jayson Tatum","2017-18",0,0,0.2,0.0714285714285714,"Q1","Q1","Q2","Q2",0.0125,0.0121951219512195
"Jayson Tatum","2018-19",0,0,0.2,0.0769230769230769,"Q1","Q1","Q2","Q2",0.0253164556962025,0.024390243902439
"Jayson Tatum","2019-20",0,0.2,0.5,0.222222222222222,"Q1","Q2","Q3","Q3",0.0169491525423729,0.046875
"Jayson Tatum","2020-21",0,0.166666666666667,0.4,0.214285714285714,"Q1","Q2","Q3","Q3",0.015625,0.0694444444444444
"Jayson Tatum","2021-22",0,0,0.4,0.133333333333333,"Q1","Q1","Q3","Q3",0.0131578947368421,0.0487804878048781
"Jayson Tatum","2022-23",0,0,0.6,0.25,"Q1","Q1","Q3","Q3",0.027027027027027,0.024390243902439
"Jeff Green","2013-14",0,0,0,0,"Q1","Q1","Q1","Q1",0,0
"Jeff Green","2018-19",0.333333333333333,0,0,0.0666666666666667,"Q3","Q1","Q1","Q2",0.012987012987013,0.0121951219512195
"Jeff Green","2020-21",0,0,0,0,"Q1","Q1","Q1","Q1",0.0294117647058824,0.0555555555555556
"Jeff Green","2021-22",0,0,0,0,"Q1","Q1","Q1","Q1",0,0
"Jeff Teague","2013-14",0,0,0.125,0.05,"Q1","Q1","Q2","Q2",0.0253164556962025,0.024390243902439
"Jeff Teague","2014-15",0,0,0.5,0.166666666666667,"Q1","Q1","Q3","Q3",0.0273972602739726,0.0609756097560976
"Jeff Teague","2015-16",0,0,0,0,"Q1","Q1","Q1","Q1",0.0253164556962025,0.0365853658536585
"Jeff Teague","2016-17",0,0,0,0,"Q1","Q1","Q1","Q1",0,0
"Jeff Teague","2017-18",0,0,0,0,"Q1","Q1","Q1","Q1",0.0428571428571429,0.146341463414634
"Jeff Teague","2018-19",0,0,0,0,"Q1","Q1","Q1","Q1",0.119047619047619,0.475609756097561
"Jerami Grant","2015-16",0,0,0,0,"Q1","Q1","Q1","Q1",0.038961038961039,0.0609756097560976
"Jerami Grant","2018-19",0,0,0,0,"Q1","Q1","Q1","Q1",0.0125,0.024390243902439
"Jerami Grant","2020-21",0,0.25,0.666666666666667,0.25,"Q1","Q2","Q3","Q3",0.0925925925925926,0.194444444444444
"Jerami Grant","2021-22",0,0,0,0,"Q1","Q1","Q1","Q1",0.106382978723404,0.414634146341463
"Jerami Grant","2022-23",0.2,0.25,0,0.181818181818182,"Q2","Q2","Q1","Q3",0.0317460317460317,0.195121951219512
"Jeremiah Robinson-Earl","2021-22",0,0,-Inf,0,"Q1","Q1",NA,"Q1",0.0408163265306122,0.365853658536585
"Jeremy Lamb","2018-19",0,0,0,0,"Q1","Q1","Q1","Q1",0.0126582278481013,0.0365853658536585
"Jeremy Lamb","2019-20",0,0,0,0,"Q1","Q1","Q1","Q1",0.0869565217391304,0.292307692307692
"Jeremy Lin","2013-14",0,0,0,0,"Q1","Q1","Q1","Q1",0.0422535211267606,0.121951219512195
"Jeremy Lin","2016-17",0,0,0,0,"Q1","Q1","Q1","Q1",0.138888888888889,0.548780487804878
"Jeremy Sochan","2022-23",0,0.25,1,0.272727272727273,"Q1","Q2","Q3","Q3",0.107142857142857,0.25609756097561
"Jerian Grant","2016-17",0,0.2,0,0.1,"Q1","Q2","Q1","Q2",0,0
"Jerryd Bayless","2017-18",0,0,-Inf,0,"Q1","Q1",NA,"Q1",0.0512820512820513,0.158536585365854
"Jimmy Butler","2013-14",0,0.2,0,0.0769230769230769,"Q1","Q2","Q1","Q2",0.0447761194029851,0.170731707317073
"Jimmy Butler","2014-15",0,0,0.5,0.0625,"Q1","Q1","Q3","Q2",0.0615384615384615,0.170731707317073
"Jimmy Butler","2015-16",0,0,0,0,"Q1","Q1","Q1","Q1",0.0447761194029851,0.182926829268293
"Jimmy Butler","2017-18",0,0,-Inf,0,"Q1","Q1",NA,"Q1",0.0508474576271186,0.280487804878049
"Jimmy Butler","2018-19",0.666666666666667,0,0,0.25,"Q3","Q1","Q1","Q3",0.123076923076923,0.148148148148148
"Jimmy Butler","2019-20",0,0.25,0,0.111111111111111,"Q1","Q2","Q1","Q2",0.0925925925925926,0.0923076923076923
"Jimmy Butler","2020-21",-Inf,0.25,0,0.125,NA,"Q2","Q1","Q3",0.115384615384615,0.25
"Jimmy Butler","2021-22",0,0.25,0.6,0.333333333333333,"Q1","Q2","Q3","Q3",0.12280701754386,0.24390243902439
"Jimmy Butler","2022-23",0.333333333333333,1,0.166666666666667,0.363636363636364,"Q3","Q3","Q2","Q3",0.09375,0.158536585365854
"Joakim Noah","2013-14",0.166666666666667,0,0,0.0588235294117647,"Q2","Q1","Q1","Q2",0.0125,0.0121951219512195
"Joakim Noah","2014-15",0.166666666666667,0,0,0.0625,"Q2","Q1","Q1","Q2",0.0895522388059701,0.158536585365854
"Jodie Meeks","2013-14",0,0,0,0,"Q1","Q1","Q1","Q1",0.012987012987013,0.0609756097560976
"Joe Harris","2018-19",0,0.2,0,0.0769230769230769,"Q1","Q2","Q1","Q2",0.0394736842105263,0.0487804878048781
"Joe Harris","2019-20",0,0,0,0,"Q1","Q1","Q1","Q1",0.0317460317460317,0.015625
"Joe Harris","2020-21",0,0,0,0,"Q1","Q1","Q1","Q1",0.0144927536231884,0.0277777777777778
"Joe Ingles","2016-17",0,0,0,0,"Q1","Q1","Q1","Q1",0,0
"Joe Ingles","2017-18",0,0,0,0,"Q1","Q1","Q1","Q1",0,0
"Joe Ingles","2018-19",0,0,0,0,"Q1","Q1","Q1","Q1",0,0
"Joe Ingles","2019-20",0,-Inf,0,0,"Q1",NA,"Q1","Q1",0,0
"Joe Johnson","2013-14",0,0,0.142857142857143,0.05,"Q1","Q1","Q2","Q2",0.0253164556962025,0.024390243902439
"Joe Johnson","2014-15",0,0,0,0,"Q1","Q1","Q1","Q1",0.0125,0.024390243902439
"Joe Johnson","2015-16",0,0,0,0,"Q1","Q1","Q1","Q1",0,0
"Joel Embiid","2017-18",1,0.5,0,0.4,"Q3","Q3","Q1","Q3",0.0793650793650794,0.170731707317073
"Joel Embiid","2018-19",0,0,0,0,"Q1","Q1","Q1","Q1",0.09375,0.158536585365854
"Joel Embiid","2019-20",0.333333333333333,0.25,0,0.25,"Q3","Q2","Q1","Q3",0.113636363636364,0.261538461538462
"Joel Embiid","2020-21",0.2,-Inf,0.166666666666667,0.181818181818182,"Q2",NA,"Q2","Q3",0.176470588235294,0.236111111111111
"Joel Embiid","2021-22",0,0,0.333333333333333,0.2,"Q1","Q1","Q3","Q3",0.0441176470588235,0.134146341463415
"Joel Embiid","2022-23",0,0,0.2,0.111111111111111,"Q1","Q1","Q2","Q2",0.0757575757575758,0.146341463414634
"John Collins","2018-19",0,0,0,0,"Q1","Q1","Q1","Q1",0,0
"John Collins","2019-20",0,0.333333333333333,0,0.142857142857143,"Q1","Q3","Q1","Q3",0,0
"John Collins","2020-21",0,0,0,0,"Q1","Q1","Q1","Q1",0,0
"John Collins","2021-22",0,0,-Inf,0,"Q1","Q1",NA,"Q1",0,0
"John Collins","2022-23",0,0,0,0,"Q1","Q1","Q1","Q1",0,0
"John Henson","2017-18",0,0,0.333333333333333,0.0714285714285714,"Q1","Q1","Q3","Q2",0.0394736842105263,0.0609756097560976
"John Wall","2013-14",0,0,0,0,"Q1","Q1","Q1","Q1",0,0
"John Wall","2014-15",0,0,0.166666666666667,0.0526315789473684,"Q1","Q1","Q2","Q2",0,0
"John Wall","2015-16",0,0,0,0,"Q1","Q1","Q1","Q1",0,0
"John Wall","2016-17",0.333333333333333,0,0,0.125,"Q3","Q1","Q1","Q3",0,0
"John Wall","2017-18",-Inf,0,1,0.4,NA,"Q1","Q3","Q3",0,0
"John Wall","2020-21",-Inf,0,-Inf,0,NA,"Q1",NA,"Q1",0,0
"Jon Leuer","2016-17",0,0.5,0,0.0625,"Q1","Q3","Q1","Q2",0.0133333333333333,0.0609756097560976
"Jonas Jerebko","2015-16",0,0,0,0,"Q1","Q1","Q1","Q1",0.0128205128205128,0.0365853658536585
"Jonas Jerebko","2017-18",0,0.2,0,0.0714285714285714,"Q1","Q2","Q1","Q2",0,0
"Jonas Valanciunas","2013-14",0,0,0.166666666666667,0.0555555555555556,"Q1","Q1","Q2","Q2",0,0
"Jonas Valanciunas","2014-15",0.166666666666667,0,0,0.0526315789473684,"Q2","Q1","Q1","Q2",0.0125,0.0121951219512195
"Jonas Valanciunas","2015-16",0,0,0.2,0.0909090909090909,"Q1","Q1","Q2","Q2",0.0333333333333333,0.25609756097561
"Jonas Valanciunas","2016-17",0,0,0,0,"Q1","Q1","Q1","Q1",0.0125,0.024390243902439
"Jonas Valanciunas","2017-18",0,0,0.166666666666667,0.0714285714285714,"Q1","Q1","Q2","Q2",0.012987012987013,0.0487804878048781
"Jonas Valanciunas","2019-20",0,0.25,0,0.111111111111111,"Q1","Q2","Q1","Q2",0.0161290322580645,0.0307692307692308
"Jonas Valanciunas","2020-21",0,0,0.25,0.133333333333333,"Q1","Q1","Q2","Q3",0.032258064516129,0.111111111111111
"Jonas Valanciunas","2021-22",0,0,0.2,0.0769230769230769,"Q1","Q1","Q2","Q2",0.0540540540540541,0.0853658536585366
"Jonas Valanciunas","2022-23",0,0,0.25,0.0833333333333333,"Q1","Q1","Q2","Q2",0.0126582278481013,0.024390243902439
"Jonathan Isaac","2018-19",0,0,0,0,"Q1","Q1","Q1","Q1",0.0266666666666667,0.0731707317073171
"Jonathan Isaac","2019-20",0,0,-Inf,0,"Q1","Q1",NA,"Q1",0.0625,0.507692307692308
"Jonathon Simmons","2016-17",0,0,0.166666666666667,0.0714285714285714,"Q1","Q1","Q2","Q2",0.0128205128205128,0.0365853658536585
"Jonathon Simmons","2017-18",0,0,0,0,"Q1","Q1","Q1","Q1",0.0289855072463768,0.146341463414634
"Jordan Bell","2017-18",0,0,0,0,"Q1","Q1","Q1","Q1",0.087719298245614,0.280487804878049
"Jordan Clarkson","2014-15",0,0,0,0,"Q1","Q1","Q1","Q1",0.0169491525423729,0
"Jordan Clarkson","2015-16",0,0,0,0,"Q1","Q1","Q1","Q1",0.0253164556962025,0.0365853658536585
"Jordan Clarkson","2016-17",0,0,0,0,"Q1","Q1","Q1","Q1",0,0
"Jordan Clarkson","2022-23",0,0.2,-Inf,0.0833333333333333,"Q1","Q2",NA,"Q2",0.0327868852459016,0.219512195121951
"Jordan Farmar","2015-16",0,-Inf,0,0,"Q1",NA,"Q1","Q1",0,0
"Jordan Hill","2013-14",0,0.2,0,0.0666666666666667,"Q1","Q2","Q1","Q2",0.0138888888888889,0.0975609756097561
"Jordan Hill","2014-15",0,0,0,0,"Q1","Q1","Q1","Q1",0,0
"Jose Calderon","2013-14",0.125,0,0,0.0625,"Q2","Q1","Q1","Q2",0,0
"Jose Calderon","2014-15",0,0.142857142857143,-Inf,0.111111111111111,"Q1","Q2",NA,"Q2",0.0238095238095238,0.296296296296296
"Jose Calderon","2015-16",0,0,0,0,"Q1","Q1","Q1","Q1",0.0277777777777778,0.121951219512195
"Josh Giddey","2021-22",0,0,0,0,"Q1","Q1","Q1","Q1",0.0555555555555556,0.329268292682927
"Josh Giddey","2022-23",0,0,0,0,"Q1","Q1","Q1","Q1",0.0263157894736842,0.0609756097560976
"Josh Hart","2017-18",0,0,0,0,"Q1","Q1","Q1","Q1",0.0317460317460317,0.219512195121951
"Josh Hart","2021-22",0,0.333333333333333,-Inf,0.125,"Q1","Q3",NA,"Q3",0.111111111111111,0.271604938271605
"Josh Jackson","2020-21",0,0,0,0,"Q1","Q1","Q1","Q1",0.0645161290322581,0.125
"Josh McRoberts","2013-14",0,0,0,0,"Q1","Q1","Q1","Q1",0.0256410256410256,0.0487804878048781
"Josh Okogie","2018-19",0,0,0,0,"Q1","Q1","Q1","Q1",0,0
"Josh Okogie","2019-20",0.5,0,0,0.111111111111111,"Q3","Q1","Q1","Q2",0.0161290322580645,0.015625
"Josh Okogie","2020-21",0,0,0,0,"Q1","Q1","Q1","Q1",0.0508474576271186,0.166666666666667
"Josh Okogie","2022-23",0,0.25,0,0.1,"Q1","Q2","Q1","Q2",0.0138888888888889,0.0121951219512195
"Josh Richardson","2016-17",0,0,0,0,"Q1","Q1","Q1","Q1",0.0377358490566038,0.304878048780488
"Josh Richardson","2017-18",0,0,0,0,"Q1","Q1","Q1","Q1",0.0123456790123457,0.0121951219512195
"Josh Richardson","2018-19",0.25,0.333333333333333,0,0.181818181818182,"Q2","Q3","Q1","Q3",0.0273972602739726,0.0731707317073171
"Josh Richardson","2020-21",0,0.25,0,0.0769230769230769,"Q1","Q2","Q1","Q2",0.0338983050847458,0.166666666666667
"Josh Smith","2013-14",0,0,0,0,"Q1","Q1","Q1","Q1",0.012987012987013,0.0487804878048781
"Jrue Holiday","2013-14",0,0,-Inf,0,"Q1","Q1",NA,"Q1",0.0294117647058824,0.573170731707317
"Jrue Holiday","2016-17",0,0,0,0,"Q1","Q1","Q1","Q1",0.0149253731343284,0.0365853658536585
"Jrue Holiday","2017-18",0,0,0,0,"Q1","Q1","Q1","Q1",0.0123456790123457,0.0121951219512195
"Jrue Holiday","2018-19",0,0,0,0,"Q1","Q1","Q1","Q1",0.0149253731343284,0.182926829268293
"Jrue Holiday","2019-20",0,0,0,0,"Q1","Q1","Q1","Q1",0.0363636363636364,0.140625
"Jrue Holiday","2020-21",0,1,0.25,0.230769230769231,"Q1","Q3","Q2","Q3",0.0169491525423729,0.138888888888889
"Jrue Holiday","2021-22",0,0.25,0.2,0.166666666666667,"Q1","Q2","Q2","Q3",0.0597014925373134,0.158536585365854
"Jrue Holiday","2022-23",0.333333333333333,0.333333333333333,0,0.153846153846154,"Q3","Q3","Q1","Q3",0.0746268656716418,0.134146341463415
"Julius Randle","2015-16",0,0.166666666666667,0,0.0555555555555556,"Q1","Q2","Q1","Q2",0,0
"Julius Randle","2016-17",0,0.25,0,0.0769230769230769,"Q1","Q2","Q1","Q2",0.0405405405405405,0.0853658536585366
"Julius Randle","2018-19",0,0,0,0,"Q1","Q1","Q1","Q1",0.0273972602739726,0.0853658536585366
"Julius Randle","2019-20",0,0,0,0,"Q1","Q1","Q1","Q1",0.015625,0.0303030303030303
"Julius Randle","2020-21",0,0,0,0,"Q1","Q1","Q1","Q1",0.0140845070422535,0.0138888888888889
"Julius Randle","2021-22",0,0,0,0,"Q1","Q1","Q1","Q1",0.0416666666666667,0.109756097560976
"Julius Randle","2022-23",0,0,0,0,"Q1","Q1","Q1","Q1",0.012987012987013,0.0487804878048781
"Justin Anderson","2016-17",0,0.142857142857143,0.25,0.142857142857143,"Q1","Q2","Q2","Q3",0,0
"Justin Hamilton","2016-17",0,0.166666666666667,0.333333333333333,0.166666666666667,"Q1","Q2","Q3","Q3",0,0
"Justin Holiday","2017-18",0,0,0,0,"Q1","Q1","Q1","Q1",0.0277777777777778,0.0487804878048781
"Justin Holiday","2018-19",0,0,0,0,"Q1","Q1","Q1","Q1",0,0
"Justin Holiday","2020-21",0,0,0,0,"Q1","Q1","Q1","Q1",0,0
"Justin Holiday","2021-22",0,0,0,0,"Q1","Q1","Q1","Q1",0.027027027027027,0.0853658536585366
"Justin Jackson","2017-18",0,0,0,0,"Q1","Q1","Q1","Q1",0,0
"Justise Winslow","2018-19",0,0,0,0,"Q1","Q1","Q1","Q1",0.0454545454545455,0.146341463414634
"Jusuf Nurkic","2014-15",0,0,0,0,"Q1","Q1","Q1","Q1",0.0483870967741935,0.195121951219512
"Jusuf Nurkic","2018-19",0,0,0,0,"Q1","Q1","Q1","Q1",0.0277777777777778,0.109756097560976
"Jusuf Nurkic","2021-22",0,0,0,0,"Q1","Q1","Q1","Q1",0.0357142857142857,0.304878048780488
"Jusuf Nurkic","2022-23",0,0,-Inf,0,"Q1","Q1",NA,"Q1",0.115384615384615,0.353658536585366
"Karl-Anthony Towns","2015-16",0,0,0,0,"Q1","Q1","Q1","Q1",0,0
"Karl-Anthony Towns","2016-17",0,0,0,0,"Q1","Q1","Q1","Q1",0,0
"Karl-Anthony Towns","2017-18",0,0,0,0,"Q1","Q1","Q1","Q1",0,0
"Karl-Anthony Towns","2018-19",0,0,0.2,0.0909090909090909,"Q1","Q1","Q2","Q2",0.012987012987013,0.0121951219512195
"Karl-Anthony Towns","2019-20",0,0,0,0,"Q1","Q1","Q1","Q1",0.0571428571428571,0.421875
"Karl-Anthony Towns","2020-21",1,0,0,0.0909090909090909,"Q3","Q1","Q1","Q2",0.06,0.291666666666667
"Karl-Anthony Towns","2021-22",0,0,0,0,"Q1","Q1","Q1","Q1",0.027027027027027,0.0853658536585366
"Karl-Anthony Towns","2022-23",0,-Inf,0.5,0.2,"Q1",NA,"Q3","Q3",0.0344827586206897,0.634146341463415
"Kawhi Leonard","2013-14",0,0,0,0,"Q1","Q1","Q1","Q1",0.0454545454545455,0.195121951219512
"Kawhi Leonard","2014-15",0,0,0,0,"Q1","Q1","Q1","Q1",0.03125,0.207317073170732
"Kawhi Leonard","2015-16",0,0,0.4,0.133333333333333,"Q1","Q1","Q3","Q3",0.0416666666666667,0.0609756097560976
"Kawhi Leonard","2018-19",1,1,1,1,"Q3","Q3","Q3","Q3",0.1,0.146341463414634
"Kawhi Leonard","2019-20",1,1,1,1,"Q3","Q3","Q3","Q3",0.0392156862745098,0.0625
"Kawhi Leonard","2020-21",0,0.333333333333333,0,0.142857142857143,"Q1","Q3","Q1","Q3",0.115384615384615,0.236111111111111
"Keegan Murray","2022-23",0,0,0,0,"Q1","Q1","Q1","Q1",0.0125,0.0121951219512195
"Keita Bates-Diop","2022-23",0.2,0.666666666666667,0.2,0.307692307692308,"Q2","Q3","Q2","Q3",0.0298507462686567,0.0853658536585366
"Keldon Johnson","2020-21",0,0,0,0,"Q1","Q1","Q1","Q1",0,0
"Keldon Johnson","2021-22",0,0,0.75,0.214285714285714,"Q1","Q1","Q3","Q3",0.0266666666666667,0.0487804878048781
"Keldon Johnson","2022-23",0,0,-Inf,0,"Q1","Q1",NA,"Q1",0.158730158730159,0.207317073170732
"Kelly Olynyk","2018-19",0,0,0,0,"Q1","Q1","Q1","Q1",0,0
"Kelly Olynyk","2020-21",0,0,0.166666666666667,0.0833333333333333,"Q1","Q1","Q2","Q2",0.0142857142857143,0.027027027027027
"Kelly Olynyk","2022-23",0,0,0,0,"Q1","Q1","Q1","Q1",0.0294117647058824,0.0609756097560976
"Kelly Oubre Jr.","2020-21",0,0,0,0,"Q1","Q1","Q1","Q1",0.0545454545454545,0.222222222222222
"Kelly Oubre Jr.","2022-23",0,0.5,0.5,0.25,"Q1","Q3","Q3","Q3",0.0416666666666667,0.378048780487805
"Kemba Walker","2013-14",0,0,0,0,"Q1","Q1","Q1","Q1",0.0273972602739726,0.109756097560976
"Kemba Walker","2014-15",0,0,0,0,"Q1","Q1","Q1","Q1",0.032258064516129,0.24390243902439
"Kemba Walker","2015-16",0,0,0,0,"Q1","Q1","Q1","Q1",0.0123456790123457,0.0121951219512195
"Kemba Walker","2016-17",0,0.166666666666667,0,0.0666666666666667,"Q1","Q2","Q1","Q2",0.0126582278481013,0.0123456790123457
"Kemba Walker","2017-18",0,0,0,0,"Q1","Q1","Q1","Q1",0.0125,0.024390243902439
"Kemba Walker","2018-19",0,0,0,0,"Q1","Q1","Q1","Q1",0,0
"Kemba Walker","2019-20",0,0,1,0.142857142857143,"Q1","Q1","Q3","Q3",0.1,0.203125
"Kemba Walker","2020-21",1,1,1,1,"Q3","Q3","Q3","Q3",0.0697674418604651,0.0972222222222222
"Kendall Marshall","2013-14",0,0,0,0,"Q1","Q1","Q1","Q1",0,0
"Kendrick Nunn","2019-20",0,0,0,0,"Q1","Q1","Q1","Q1",0.0161290322580645,0.0461538461538462
"Kendrick Nunn","2020-21",0,0,0,0,"Q1","Q1","Q1","Q1",0.0714285714285714,0.152777777777778
"Kendrick Perkins","2013-14",0,0,0.333333333333333,0.0909090909090909,"Q1","Q1","Q3","Q2",0.032258064516129,0.231707317073171
"Kenneth Faried","2013-14",0,0,0,0,"Q1","Q1","Q1","Q1",0.0125,0.024390243902439
"Kenneth Faried","2014-15",0.2,0,0.125,0.1,"Q2","Q1","Q2","Q2",0.0533333333333333,0.0487804878048781
"Kenneth Faried","2015-16",0.2,0,0,0.0714285714285714,"Q2","Q1","Q1","Q2",0.0746268656716418,0.170731707317073
"Kent Bazemore","2015-16",0,0,0.2,0.0588235294117647,"Q1","Q1","Q2","Q2",0.0266666666666667,0.0731707317073171
"Kent Bazemore","2017-18",0,0,0.5,0.0769230769230769,"Q1","Q1","Q3","Q2",0.0153846153846154,0.182926829268293
"Kentavious Caldwell-Pope","2013-14",0,0,0,0,"Q1","Q1","Q1","Q1",0,0
"Kentavious Caldwell-Pope","2014-15",0,0,0,0,"Q1","Q1","Q1","Q1",0,0
"Kentavious Caldwell-Pope","2015-16",0,0,0.111111111111111,0.0526315789473684,"Q1","Q1","Q2","Q2",0.0263157894736842,0.0609756097560976
"Kentavious Caldwell-Pope","2016-17",0,0,0,0,"Q1","Q1","Q1","Q1",0.0263157894736842,0.0609756097560976
"Kentavious Caldwell-Pope","2019-20",0,0,0,0,"Q1","Q1","Q1","Q1",0,0
"Kentavious Caldwell-Pope","2020-21",0,0,0,0,"Q1","Q1","Q1","Q1",0.0298507462686567,0.0694444444444444
"Kentavious Caldwell-Pope","2021-22",0,0,0,0,"Q1","Q1","Q1","Q1",0.012987012987013,0.0365853658536585
"Kentavious Caldwell-Pope","2022-23",0,0.333333333333333,0.333333333333333,0.272727272727273,"Q1","Q3","Q3","Q3",0.0263157894736842,0.024390243902439
"Kenyon Martin Jr.","2022-23",0,0,0,0,"Q1","Q1","Q1","Q1",0,0
"Kevin Durant","2013-14",0,0.2,0,0.0666666666666667,"Q1","Q2","Q1","Q2",0,0
"Kevin Durant","2014-15",0,0,-Inf,0,"Q1","Q1",NA,"Q1",0.111111111111111,0.378048780487805
"Kevin Durant","2015-16",0,0,0.428571428571429,0.214285714285714,"Q1","Q1","Q3","Q3",0.0277777777777778,0.0853658536585366
"Kevin Durant","2016-17",0,0,0,0,"Q1","Q1","Q1","Q1",0.0483870967741935,0.24390243902439
"Kevin Durant","2018-19",0,0,0.333333333333333,0.153846153846154,"Q1","Q1","Q3","Q3",0.0128205128205128,0.024390243902439
"Kevin Durant","2021-22",0.2,0.5,0,0.2,"Q2","Q3","Q1","Q3",0.0545454545454545,0.304878048780488
"Kevin Durant","2022-23",0,1,-Inf,0.142857142857143,"Q1","Q3",NA,"Q3",0.0425531914893617,0.375
"Kevin Garnett","2013-14",0.4,0.375,0.5,0.4,"Q3","Q3","Q3","Q3",0.0740740740740741,0.25609756097561
"Kevin Huerter","2018-19",0.333333333333333,0.333333333333333,0,0.181818181818182,"Q3","Q3","Q1","Q3",0.0266666666666667,0.0365853658536585
"Kevin Huerter","2019-20",0,0,0,0,"Q1","Q1","Q1","Q1",0.0178571428571429,0.164179104477612
"Kevin Huerter","2020-21",0,0,0,0,"Q1","Q1","Q1","Q1",0.0289855072463768,0.0277777777777778
"Kevin Huerter","2021-22",0,0,0,0,"Q1","Q1","Q1","Q1",0.027027027027027,0.0853658536585366
"Kevin Huerter","2022-23",0.25,0,0,0.0714285714285714,"Q2","Q1","Q1","Q2",0.0266666666666667,0.0609756097560976
"Kevin Knox","2018-19",0,0,0,0,"Q1","Q1","Q1","Q1",0,0
"Kevin Love","2013-14",0,0.333333333333333,0.142857142857143,0.142857142857143,"Q1","Q3","Q2","Q3",0.025974025974026,0.024390243902439
"Kevin Love","2015-16",0,0.166666666666667,0.222222222222222,0.157894736842105,"Q1","Q2","Q2","Q3",0.025974025974026,0.0121951219512195
"Kevin Love","2016-17",0.2,0,0.2,0.153846153846154,"Q2","Q1","Q2","Q3",0.1,0.231707317073171
"Kevin Love","2017-18",0.2,0,0.5,0.2,"Q2","Q1","Q3","Q3",0.0338983050847458,0.24390243902439
"Kevin Love","2019-20",1,0.666666666666667,0.25,0.545454545454545,"Q3","Q3","Q2","Q3",0.0357142857142857,0.0461538461538462
"Kevin Love","2022-23",0.333333333333333,0,0.166666666666667,0.181818181818182,"Q3","Q1","Q2","Q3",0.0483870967741935,0.214285714285714
"Kevin Martin","2013-14",0.125,0,0,0.0588235294117647,"Q2","Q1","Q1","Q2",0.0441176470588235,0.158536585365854
"Kevin Martin","2014-15",0,0,0,0,"Q1","Q1","Q1","Q1",0.102564102564103,0.51219512195122
"Kevin Porter Jr.","2020-21",-Inf,0,0,0,NA,"Q1","Q1","Q1",0.115384615384615,0.150684931506849
"Kevin Porter Jr.","2021-22",0,0,0,0,"Q1","Q1","Q1","Q1",0.0819672131147541,0.24390243902439
"Kevin Porter Jr.","2022-23",0,0,0,0,"Q1","Q1","Q1","Q1",0.0508474576271186,0.268292682926829
"Kevon Looney","2020-21",0,0.2,0,0.0769230769230769,"Q1","Q2","Q1","Q2",0.0163934426229508,0.138888888888889
"Khem Birch","2021-22",0,0,0,0,"Q1","Q1","Q1","Q1",0.0727272727272727,0.329268292682927
"Khris Middleton","2013-14",0,0,0,0,"Q1","Q1","Q1","Q1",0,0
"Khris Middleton","2014-15",0,0,0,0,"Q1","Q1","Q1","Q1",0.0126582278481013,0.024390243902439
"Khris Middleton","2015-16",0,0,0,0,"Q1","Q1","Q1","Q1",0.0126582278481013,0.0365853658536585
"Khris Middleton","2016-17",-Inf,1,0.166666666666667,0.285714285714286,NA,"Q3","Q2","Q3",0.0344827586206897,0
"Khris Middleton","2017-18",0,0,0,0,"Q1","Q1","Q1","Q1",0,0
"Khris Middleton","2018-19",0,0,0.2,0.0833333333333333,"Q1","Q1","Q2","Q2",0.038961038961039,0.0487804878048781
"Khris Middleton","2019-20",0,0,0.5,0.125,"Q1","Q1","Q3","Q3",0.0363636363636364,0.138461538461538
"Khris Middleton","2020-21",0,0.5,0.285714285714286,0.230769230769231,"Q1","Q3","Q3","Q3",0.0147058823529412,0
"Khris Middleton","2022-23",1,-Inf,1,1,"Q3",NA,"Q3","Q3",0.0909090909090909,0.24390243902439
"Killian Hayes","2021-22",0.333333333333333,0,0,0.0909090909090909,"Q3","Q1","Q1","Q2",0.0757575757575758,0.182926829268293
"Killian Hayes","2022-23",0,0,0,0,"Q1","Q1","Q1","Q1",0.0263157894736842,0.0365853658536585
"Kirk Hinrich","2013-14",0,0,0,0,"Q1","Q1","Q1","Q1",0.0273972602739726,0.109756097560976
"Klay Thompson","2013-14",0,0,0,0,"Q1","Q1","Q1","Q1",0.0123456790123457,0.0121951219512195
"Klay Thompson","2014-15",0.166666666666667,0,0.142857142857143,0.111111111111111,"Q2","Q1","Q2","Q2",0.012987012987013,0.0365853658536585
"Klay Thompson","2015-16",0.142857142857143,0,0,0.05,"Q2","Q1","Q1","Q2",0.0125,0.0121951219512195
"Klay Thompson","2016-17",0,0,0.166666666666667,0.0588235294117647,"Q1","Q1","Q2","Q2",0.0384615384615385,0.0365853658536585
"Klay Thompson","2017-18",0,0,0,0,"Q1","Q1","Q1","Q1",0.0273972602739726,0.109756097560976
"Klay Thompson","2018-19",0,0,0.166666666666667,0.0769230769230769,"Q1","Q1","Q2","Q2",0.0256410256410256,0.0365853658536585
"Klay Thompson","2021-22",-Inf,1,1,1,NA,"Q3","Q3","Q3",0.0625,0.0487804878048781
"Klay Thompson","2022-23",1,1,0,0.733333333333333,"Q3","Q3","Q1","Q3",0.0144927536231884,0.0121951219512195
"Kobe Bryant","2014-15",0,1,-Inf,0.142857142857143,"Q1","Q3",NA,"Q3",0.114285714285714,0.548780487804878
"Kobe Bryant","2015-16",0.2,0.166666666666667,0,0.125,"Q2","Q2","Q1","Q3",0.136363636363636,0.170731707317073
"Kris Dunn","2017-18",0,0,0,0,"Q1","Q1","Q1","Q1",0.0576923076923077,0.304878048780488
"Kris Dunn","2018-19",-Inf,0,0,0,NA,"Q1","Q1","Q1",0.0869565217391304,0.402439024390244
"Kris Dunn","2019-20",0,0,0,0,"Q1","Q1","Q1","Q1",0.0196078431372549,0.215384615384615
"Kristaps Porzingis","2015-16",0,0.142857142857143,0.2,0.117647058823529,"Q1","Q2","Q2","Q2",0.0277777777777778,0.0975609756097561
"Kristaps Porzingis","2017-18",0.5,0,-Inf,0.2,"Q3","Q1",NA,"Q3",0.0833333333333333,0.378048780487805
"Kristaps Porzingis","2019-20",0.5,0,0.8,0.555555555555556,"Q3","Q1","Q3","Q3",0.0196078431372549,0.149253731343284
"Kristaps Porzingis","2020-21",0.5,1,0.333333333333333,0.555555555555556,"Q3","Q3","Q3","Q3",0.0697674418604651,0.166666666666667
"Kristaps Porzingis","2021-22",0,0,0.2,0.111111111111111,"Q1","Q1","Q2","Q2",0.117647058823529,0.369047619047619
"Kyle Anderson","2018-19",0,0.5,-Inf,0.2,"Q1","Q3",NA,"Q3",0.0465116279069767,0.451219512195122
"Kyle Anderson","2019-20",0,0,0,0,"Q1","Q1","Q1","Q1",0.0338983050847458,0.0923076923076923
"Kyle Anderson","2020-21",0,0.2,0.125,0.125,"Q1","Q2","Q2","Q3",0.0144927536231884,0.0138888888888889
"Kyle Korver","2013-14",0,0,0,0,"Q1","Q1","Q1","Q1",0.028169014084507,0.121951219512195
"Kyle Korver","2014-15",0,0.142857142857143,0.5,0.2,"Q1","Q2","Q3","Q3",0.0133333333333333,0.0365853658536585
"Kyle Korver","2015-16",0.285714285714286,0,0,0.105263157894737,"Q3","Q1","Q1","Q2",0,0
"Kyle Korver","2017-18",0,0,0,0,"Q1","Q1","Q1","Q1",0.0410958904109589,0.0975609756097561
"Kyle Kuzma","2017-18",0,0,0.25,0.0833333333333333,"Q1","Q1","Q2","Q2",0.025974025974026,0.0365853658536585
"Kyle Kuzma","2018-19",0,0,0,0,"Q1","Q1","Q1","Q1",0.0571428571428571,0.146341463414634
"Kyle Kuzma","2021-22",0,0,0,0,"Q1","Q1","Q1","Q1",0.0454545454545455,0.182926829268293
"Kyle Kuzma","2022-23",0.2,0,0.333333333333333,0.153846153846154,"Q2","Q1","Q3","Q3",0.046875,0.182926829268293
"Kyle Lowry","2013-14",0,0,0,0,"Q1","Q1","Q1","Q1",0.0126582278481013,0.0365853658536585
"Kyle Lowry","2014-15",0,0,0,0,"Q1","Q1","Q1","Q1",0.0428571428571429,0.146341463414634
"Kyle Lowry","2015-16",0,0,0.428571428571429,0.176470588235294,"Q1","Q1","Q3","Q3",0.025974025974026,0.024390243902439
"Kyle Lowry","2016-17",0,0,0,0,"Q1","Q1","Q1","Q1",0,0
"Kyle Lowry","2017-18",0,0,0.166666666666667,0.0769230769230769,"Q1","Q1","Q2","Q2",0.0128205128205128,0.0365853658536585
"Kyle Lowry","2018-19",0,0,0,0,"Q1","Q1","Q1","Q1",0.0923076923076923,0.195121951219512
"Kyle Lowry","2019-20",0,0,0.333333333333333,0.111111111111111,"Q1","Q1","Q3","Q2",0.0192307692307692,0.171875
"Kyle Lowry","2020-21",0,0.2,0.5,0.222222222222222,"Q1","Q2","Q3","Q3",0.108695652173913,0.263888888888889
"Kyle Lowry","2021-22",0,0,0,0,"Q1","Q1","Q1","Q1",0.0793650793650794,0.207317073170732
"Kyrie Irving","2013-14",0,0,0,0,"Q1","Q1","Q1","Q1",0.028169014084507,0.134146341463415
"Kyrie Irving","2014-15",0,0.166666666666667,0,0.0588235294117647,"Q1","Q2","Q1","Q2",0.04,0.0731707317073171
"Kyrie Irving","2015-16",-Inf,0.333333333333333,0,0.133333333333333,NA,"Q3","Q1","Q3",0.0566037735849057,0.024390243902439
"Kyrie Irving","2016-17",0,0,0.285714285714286,0.125,"Q1","Q1","Q3","Q3",0.0555555555555556,0.0853658536585366
"Kyrie Irving","2017-18",0,0.166666666666667,0,0.0909090909090909,"Q1","Q2","Q1","Q2",0.0833333333333333,0.24390243902439
"Kyrie Irving","2018-19",0.2,0,0.5,0.25,"Q2","Q1","Q3","Q3",0.119402985074627,0.134146341463415
"Kyrie Irving","2020-21",0.5,0.666666666666667,0.428571428571429,0.5,"Q3","Q3","Q3","Q3",0.0740740740740741,0.166666666666667
"Kyrie Irving","2021-22",-Inf,0,0,0,NA,"Q1","Q1","Q1",0.206896551724138,0.170731707317073
"Kyrie Irving","2022-23",0,0.333333333333333,0,0.0909090909090909,"Q1","Q3","Q1","Q2",0.1,0.1
"LaMarcus Aldridge","2013-14",0,0,0,0,"Q1","Q1","Q1","Q1",0.0434782608695652,0.146341463414634
"LaMarcus Aldridge","2014-15",0,0.166666666666667,0.142857142857143,0.111111111111111,"Q1","Q2","Q2","Q2",0.0845070422535211,0.109756097560976
"LaMarcus Aldridge","2015-16",0,0.2,0.428571428571429,0.25,"Q1","Q2","Q3","Q3",0.0405405405405405,0.0487804878048781
"LaMarcus Aldridge","2016-17",0.285714285714286,0,0.333333333333333,0.266666666666667,"Q3","Q1","Q3","Q3",0.0694444444444444,0.0731707317073171
"LaMarcus Aldridge","2017-18",0.166666666666667,0.2,0.5,0.230769230769231,"Q2","Q2","Q3","Q3",0.04,0.0487804878048781
"LaMarcus Aldridge","2018-19",0,0,0,0,"Q1","Q1","Q1","Q1",0,0
"LaMarcus Aldridge","2019-20",0,0,0,0,"Q1","Q1","Q1","Q1",0.0566037735849057,0.158730158730159
"LaMelo Ball","2021-22",0,0,0,0,"Q1","Q1","Q1","Q1",0.0133333333333333,0.0731707317073171
"LaMelo Ball","2022-23",-Inf,0,0,0,NA,"Q1","Q1","Q1",0.0555555555555556,0.25609756097561
"Lance Stephenson","2013-14",0,0.125,0,0.05,"Q1","Q2","Q1","Q2",0.0256410256410256,0.024390243902439
"Lance Thomas","2017-18",0.2,0,0.333333333333333,0.142857142857143,"Q2","Q1","Q3","Q3",0.0410958904109589,0.0609756097560976
"Landry Shamet","2018-19",0,0,0,0,"Q1","Q1","Q1","Q1",0.0126582278481013,0.0123456790123457
"Langston Galloway","2014-15",0,0,0,0,"Q1","Q1","Q1","Q1",0,0
"Langston Galloway","2016-17",0,0.5,0,0.0714285714285714,"Q1","Q3","Q1","Q2",0,0
"Larry Nance Jr.","2016-17",0,0,0,0,"Q1","Q1","Q1","Q1",0.0476190476190476,0.231707317073171
"Larry Nance Jr.","2018-19",0,0,0,0,"Q1","Q1","Q1","Q1",0.0298507462686567,0.158536585365854
"Larry Nance Jr.","2020-21",0,0,0,0,"Q1","Q1","Q1","Q1",0.171428571428571,0.5
"Larry Sanders","2013-14",0,0,-Inf,0,"Q1","Q1",NA,"Q1",0,0
"Lauri Markkanen","2017-18",0,0,0.6,0.214285714285714,"Q1","Q1","Q3","Q3",0.0441176470588235,0.134146341463415
"Lauri Markkanen","2018-19",0,0,0,0,"Q1","Q1","Q1","Q1",0.0192307692307692,0.0731707317073171
"Lauri Markkanen","2019-20",0,0,0,0,"Q1","Q1","Q1","Q1",0.02,0.230769230769231
"Lauri Markkanen","2021-22",0,0,0.25,0.0909090909090909,"Q1","Q1","Q2","Q2",0.0327868852459016,0.24390243902439
"Lauri Markkanen","2022-23",0,0,0,0,"Q1","Q1","Q1","Q1",0.121212121212121,0.182926829268293
"LeBron James","2013-14",0,0.166666666666667,0.142857142857143,0.117647058823529,"Q1","Q2","Q2","Q2",0.025974025974026,0.024390243902439
"LeBron James","2014-15",0.142857142857143,0.2,0.333333333333333,0.222222222222222,"Q2","Q2","Q3","Q3",0.0289855072463768,0.0975609756097561
"LeBron James","2015-16",0.25,0,0.222222222222222,0.157894736842105,"Q2","Q1","Q2","Q3",0.0394736842105263,0.024390243902439
"LeBron James","2016-17",0.333333333333333,0.25,0.285714285714286,0.294117647058824,"Q3","Q2","Q3","Q3",0.027027027027027,0.024390243902439
"LeBron James","2018-19",0,0,0.666666666666667,0.2,"Q1","Q1","Q3","Q3",0.0727272727272727,0.304878048780488
"LeBron James","2019-20",0,0.333333333333333,0,0.125,"Q1","Q3","Q1","Q3",0.0333333333333333,0.0317460317460317
"LeBron James","2020-21",0,0.5,0,0.142857142857143,"Q1","Q3","Q1","Q3",0.0444444444444444,0.361111111111111
"LeBron James","2021-22",0,0,0,0,"Q1","Q1","Q1","Q1",0.142857142857143,0.292682926829268
"LeBron James","2022-23",0.666666666666667,0.2,0,0.333333333333333,"Q3","Q2","Q1","Q3",0.0727272727272727,0.268292682926829
"Lonnie Walker","2020-21",0,0,0,0,"Q1","Q1","Q1","Q1",0,0
"Lonzo Ball","2017-18",0,0,0.5,0.111111111111111,"Q1","Q1","Q3","Q2",0.0576923076923077,0.341463414634146
"Lonzo Ball","2018-19",0,0,-Inf,0,"Q1","Q1",NA,"Q1",0.0212765957446809,0.426829268292683
"Lonzo Ball","2019-20",0,0,0,0,"Q1","Q1","Q1","Q1",0.0357142857142857,0.125
"Lonzo Ball","2020-21",0,0,0,0,"Q1","Q1","Q1","Q1",0.0727272727272727,0.222222222222222
"Lou Williams","2017-18",0,0,0,0,"Q1","Q1","Q1","Q1",0,0
"Luc Mbah a Moute","2014-15",0,0,0.666666666666667,0.210526315789474,"Q1","Q1","Q3","Q3",0,0
"Luc Mbah a Moute","2015-16",0,0,0,0,"Q1","Q1","Q1","Q1",0,0
"Luc Mbah a Moute","2016-17",0,0,0,0,"Q1","Q1","Q1","Q1",0,0
"Luguentz Dort","2020-21",0.25,0.2,1,0.416666666666667,"Q2","Q2","Q3","Q3",0.0769230769230769,0.194444444444444
"Luguentz Dort","2021-22",0,0.25,0,0.111111111111111,"Q1","Q2","Q1","Q2",0.0784313725490196,0.353658536585366
"Luguentz Dort","2022-23",0,0,0,0,"Q1","Q1","Q1","Q1",0.027027027027027,0.0853658536585366
"Luka Doncic","2018-19",0,0.2,0.333333333333333,0.166666666666667,"Q1","Q2","Q3","Q3",0.0555555555555556,0.0731707317073171
"Luka Doncic","2019-20",0,0,0.5,0.2,"Q1","Q1","Q3","Q3",0.037037037037037,0.164179104477612
"Luka Doncic","2020-21",0.2,0.333333333333333,0,0.133333333333333,"Q2","Q3","Q1","Q3",0.0454545454545455,0.0555555555555556
"Luka Doncic","2021-22",0.25,0,0,0.0909090909090909,"Q2","Q1","Q1","Q2",0.0923076923076923,0.195121951219512
"Luka Doncic","2022-23",0.333333333333333,1,0,0.416666666666667,"Q3","Q3","Q1","Q3",0.0454545454545455,0.121951219512195
"Luke Kennard","2019-20",0.2,1,-Inf,0.333333333333333,"Q2","Q3",NA,"Q3",0.0357142857142857,0.53030303030303
"Luol Deng","2014-15",0.125,0.2,0,0.125,"Q2","Q2","Q1","Q3",0.0694444444444444,0.0853658536585366
"Luol Deng","2015-16",0,0,0.125,0.0588235294117647,"Q1","Q1","Q2","Q2",0.027027027027027,0.0853658536585366
"Malcolm Brogdon","2016-17",0,0,0,0,"Q1","Q1","Q1","Q1",0.0266666666666667,0.0853658536585366
"Malcolm Brogdon","2017-18",0,0,-Inf,0,"Q1","Q1",NA,"Q1",0.0833333333333333,0.414634146341463
"Malcolm Brogdon","2018-19",0,0.333333333333333,0.333333333333333,0.2,"Q1","Q3","Q3","Q3",0.046875,0.182926829268293
"Malcolm Brogdon","2019-20",0,1,0,0.2,"Q1","Q3","Q1","Q3",0.104166666666667,0.246153846153846
"Malcolm Brogdon","2020-21",0,0.4,0,0.166666666666667,"Q1","Q3","Q1","Q3",0.0357142857142857,0.180555555555556
"Malcolm Brogdon","2021-22",0,1,1,0.333333333333333,"Q1","Q3","Q3","Q3",0.166666666666667,0.402439024390244
"Malik Beasley","2019-20",0,0.2,0.25,0.181818181818182,"Q1","Q2","Q2","Q3",0.0181818181818182,0.0303030303030303
"Malik Beasley","2020-21",0,0,-Inf,0,"Q1","Q1",NA,"Q1",0.027027027027027,0.305555555555556
"Malik Monk","2021-22",0,0.333333333333333,0,0.0833333333333333,"Q1","Q3","Q1","Q2",0.0131578947368421,0.0609756097560976
"Marc Gasol","2013-14",0,0,0,0,"Q1","Q1","Q1","Q1",0.0169491525423729,0.280487804878049
"Marc Gasol","2014-15",0,0,0.1,0.05,"Q1","Q1","Q2","Q2",0,0
"Marc Gasol","2016-17",0.285714285714286,0.166666666666667,0,0.1875,"Q3","Q2","Q1","Q3",0.0135135135135135,0.0609756097560976
"Marc Gasol","2017-18",0,0,1,0.266666666666667,"Q1","Q1","Q3","Q3",0.0684931506849315,0.0487804878048781
"Marc Gasol","2019-20",0,0,1,0.2,"Q1","Q1","Q3","Q3",0.0555555555555556,0.421875
"Marc Gasol","2020-21",0,0,0.5,0.142857142857143,"Q1","Q1","Q3","Q3",0.0384615384615385,0.152777777777778
"Marcin Gortat","2013-14",0,0,0.166666666666667,0.05,"Q1","Q1","Q2","Q2",0,0
"Marcin Gortat","2014-15",0,0,0,0,"Q1","Q1","Q1","Q1",0,0
"Marcin Gortat","2015-16",0,0,0,0,"Q1","Q1","Q1","Q1",0.04,0.0731707317073171
"Marcin Gortat","2016-17",0,0,0,0,"Q1","Q1","Q1","Q1",0,0
"Marcin Gortat","2017-18",0,0,0,0,"Q1","Q1","Q1","Q1",0,0
"Marcus Morris","2014-15",0,0,0,0,"Q1","Q1","Q1","Q1",0,0
"Marcus Morris","2015-16",0,0,0.111111111111111,0.05,"Q1","Q1","Q2","Q2",0,0
"Marcus Morris","2016-17",0,0,0,0,"Q1","Q1","Q1","Q1",0,0
"Marcus Morris","2017-18",1,0,0.25,0.428571428571429,"Q3","Q1","Q2","Q3",0,0
"Marcus Morris","2018-19",0,0,0,0,"Q1","Q1","Q1","Q1",0,0
"Marcus Morris","2019-20",0,0,0,0,"Q1","Q1","Q1","Q1",0,0
"Marcus Morris","2021-22",0.5,0.333333333333333,0.5,0.444444444444444,"Q3","Q3","Q3","Q3",0,0
"Marcus Smart","2014-15",0,0.125,0,0.0666666666666667,"Q1","Q2","Q1","Q2",0.0298507462686567,0.146341463414634
"Marcus Smart","2016-17",0,0,0,0,"Q1","Q1","Q1","Q1",0,0
"Marcus Smart","2018-19",0,0,0,0,"Q1","Q1","Q1","Q1",0.025,0.024390243902439
"Marcus Smart","2020-21",0.333333333333333,0,0.333333333333333,0.222222222222222,"Q3","Q1","Q3","Q3",0.0625,0.291666666666667
"Marcus Smart","2021-22",0,0,0.4,0.142857142857143,"Q1","Q1","Q3","Q3",0.0422535211267606,0.109756097560976
"Mario Chalmers","2013-14",0.25,0,0,0.0666666666666667,"Q2","Q1","Q1","Q2",0.0547945205479452,0.0853658536585366
"Mario Chalmers","2014-15",0,0,0.25,0.0588235294117647,"Q1","Q1","Q2","Q2",0.0125,0
"Mario Hezonja","2018-19",0,0,0.333333333333333,0.0833333333333333,"Q1","Q1","Q3","Q2",0.0344827586206897,0.170731707317073
"Markelle Fultz","2019-20",0,0,0,0,"Q1","Q1","Q1","Q1",0.015625,0.0153846153846154
"Markelle Fultz","2022-23",0,0,0.333333333333333,0.1,"Q1","Q1","Q3","Q2",0,0
"Markieff Morris","2014-15",0,0,0,0,"Q1","Q1","Q1","Q1",0,0
"Markieff Morris","2016-17",0,0,0,0,"Q1","Q1","Q1","Q1",0.0789473684210526,0.0609756097560976
"Marquese Chriss","2016-17",0,0,0,0,"Q1","Q1","Q1","Q1",0,0
"Marquese Chriss","2017-18",0,0.25,0,0.0666666666666667,"Q1","Q2","Q1","Q2",0.0416666666666667,0.109756097560976
"Marquese Chriss","2019-20",0,0,0,0,"Q1","Q1","Q1","Q1",0.0169491525423729,0.0163934426229508
"Marreese Speights","2016-17",0,0,0,0,"Q1","Q1","Q1","Q1",0,0
"Marvin Bagley III","2020-21",0,0,0,0,"Q1","Q1","Q1","Q1",0.0697674418604651,0.388888888888889
"Marvin Williams","2013-14",0,0.142857142857143,0,0.0588235294117647,"Q1","Q2","Q1","Q2",0.0606060606060606,0.109756097560976
"Marvin Williams","2015-16",0,0,0.142857142857143,0.0625,"Q1","Q1","Q2","Q2",0,0
"Marvin Williams","2016-17",0,0,0,0,"Q1","Q1","Q1","Q1",0.0131578947368421,0.0731707317073171
"Marvin Williams","2017-18",0,0,0,0,"Q1","Q1","Q1","Q1",0.0128205128205128,0.0487804878048781
"Marvin Williams","2018-19",0,0,0,0,"Q1","Q1","Q1","Q1",0.04,0.0731707317073171
"Mason Plumlee","2015-16",0,0,0,0,"Q1","Q1","Q1","Q1",0,0
"Mason Plumlee","2017-18",0,0,0,0,"Q1","Q1","Q1","Q1",0.027027027027027,0.0975609756097561
"Mason Plumlee","2020-21",0,0,0.666666666666667,0.166666666666667,"Q1","Q1","Q3","Q3",0.0357142857142857,0.0416666666666667
"Mason Plumlee","2021-22",0,0,0,0,"Q1","Q1","Q1","Q1",0.0136986301369863,0.109756097560976
"Matt Barnes","2013-14",0,0,0,0,"Q1","Q1","Q1","Q1",0.0317460317460317,0.231707317073171
"Matt Barnes","2014-15",0,0,0,0,"Q1","Q1","Q1","Q1",0.0394736842105263,0.0731707317073171
"Matt Barnes","2015-16",0,0,0.142857142857143,0.0555555555555556,"Q1","Q1","Q2","Q2",0.0263157894736842,0.024390243902439
"Maurice Harkless","2013-14",0,0,0,0,"Q1","Q1","Q1","Q1",0,0
"Maurice Harkless","2015-16",0,0,0.142857142857143,0.0526315789473684,"Q1","Q1","Q2","Q2",0,0
"Maurice Harkless","2016-17",0.166666666666667,0,0,0.0666666666666667,"Q2","Q1","Q1","Q2",0,0
"Maurice Harkless","2017-18",0,0,0,0,"Q1","Q1","Q1","Q1",0,0
"Maurice Harkless","2018-19",-Inf,0.75,0.333333333333333,0.571428571428571,NA,"Q3","Q3","Q3",0,0
"Maurice Harkless","2019-20",0,0,0,0,"Q1","Q1","Q1","Q1",0,0
"Maurice Ndour","2016-17",0,-Inf,0,0,"Q1",NA,"Q1","Q1",0,0
"Max Strus","2021-22",0,0,0.2,0.0909090909090909,"Q1","Q1","Q2","Q2",0.0441176470588235,0.121951219512195
"Max Strus","2022-23",0,0,0,0,"Q1","Q1","Q1","Q1",0.0125,0.024390243902439
"Maxi Kleber","2017-18",0,0,0.166666666666667,0.0833333333333333,"Q1","Q1","Q2","Q2",0,0
"Maxi Kleber","2020-21",0,0.5,0.25,0.3,"Q1","Q3","Q2","Q3",0,0
"Michael Carter-Williams","2013-14",0,0.111111111111111,0,0.0588235294117647,"Q1","Q2","Q1","Q2",0.0285714285714286,0.134146341463415
"Michael Carter-Williams","2014-15",0,0.125,0,0.0555555555555556,"Q1","Q2","Q1","Q2",0.0454545454545455,0.0975609756097561
"Michael Carter-Williams","2015-16",0,0,0,0,"Q1","Q1","Q1","Q1",0,0
"Michael Kidd-Gilchrist","2013-14",0,0,0,0,"Q1","Q1","Q1","Q1",0.032258064516129,0.24390243902439
"Michael Kidd-Gilchrist","2014-15",0,0,0,0,"Q1","Q1","Q1","Q1",0.0727272727272727,0.317073170731707
"Michael Kidd-Gilchrist","2016-17",0,0,0,0,"Q1","Q1","Q1","Q1",0.0123456790123457,0.0121951219512195
"Michael Kidd-Gilchrist","2017-18",0,0,0.2,0.0714285714285714,"Q1","Q1","Q2","Q2",0.027027027027027,0.0487804878048781
"Michael Porter Jr.","2020-21",0,0,0,0,"Q1","Q1","Q1","Q1",0.0163934426229508,0.138888888888889
"Michael Porter Jr.","2022-23",0,0,0.333333333333333,0.111111111111111,"Q1","Q1","Q3","Q2",0.032258064516129,0.170731707317073
"Mikal Bridges","2018-19",0,0,0,0,"Q1","Q1","Q1","Q1",0,0
"Mikal Bridges","2019-20",0,0,0,0,"Q1","Q1","Q1","Q1",0,0
"Mikal Bridges","2020-21",0,0,0,0,"Q1","Q1","Q1","Q1",0,0
"Mikal Bridges","2021-22",0,0,0,0,"Q1","Q1","Q1","Q1",0,0
"Mikal Bridges","2022-23",0,0,0,0,"Q1","Q1","Q1","Q1",0,0
"Mike Conley","2013-14",0,0,0,0,"Q1","Q1","Q1","Q1",0,0
"Mike Conley","2014-15",0,0,0,0,"Q1","Q1","Q1","Q1",0,0
"Mike Conley","2016-17",0,0,0.25,0.0833333333333333,"Q1","Q1","Q2","Q2",0,0
"Mike Conley","2018-19",0,0,0.5,0.111111111111111,"Q1","Q1","Q3","Q2",0,0
"Mike Conley","2020-21",0,1,0.666666666666667,0.444444444444444,"Q1","Q3","Q3","Q3",0,0
"Mike Conley","2021-22",0.333333333333333,0.666666666666667,1,0.625,"Q3","Q3","Q3","Q3",0,0
"Mike Conley","2022-23",0.2,0.25,0,0.153846153846154,"Q2","Q2","Q1","Q3",0,0
"Mike Dunleavy","2013-14",0,0,0,0,"Q1","Q1","Q1","Q1",0,0
"Mike Dunleavy","2014-15",0,0,0,0,"Q1","Q1","Q1","Q1",0,0
"Miles Bridges","2019-20",0,0,0,0,"Q1","Q1","Q1","Q1",0,0
"Miles Bridges","2021-22",0,0,0,0,"Q1","Q1","Q1","Q1",0.0125,0.024390243902439
"Miles Plumlee","2013-14",0,0,0,0,"Q1","Q1","Q1","Q1",0.0125,0.024390243902439
"Miles Plumlee","2017-18",0,0,0,0,"Q1","Q1","Q1","Q1",0,0
"Milos Teodosic","2017-18",-Inf,-Inf,0,0,NA,NA,"Q1","Q1",0,0
"Mitchell Robinson","2021-22",0.333333333333333,0.333333333333333,0.4,0.363636363636364,"Q3","Q3","Q3","Q3",0.0416666666666667,0.0609756097560976
"Mitchell Robinson","2022-23",0,0,0,0,"Q1","Q1","Q1","Q1",0.0338983050847458,0.268292682926829
"Mohamed Bamba","2021-22",0.25,0,0,0.0769230769230769,"Q2","Q1","Q1","Q2",0,0
"Monta Ellis","2013-14",0,0,0,0,"Q1","Q1","Q1","Q1",0,0
"Monta Ellis","2014-15",0,0,0.2,0.0588235294117647,"Q1","Q1","Q2","Q2",0.0125,0.0121951219512195
"Monta Ellis","2015-16",0,0,0.142857142857143,0.0588235294117647,"Q1","Q1","Q2","Q2",0,0
"Monta Ellis","2016-17",0,0,0,0,"Q1","Q1","Q1","Q1",0.0135135135135135,0.0975609756097561
"Monte Morris","2021-22",0,0,0,0,"Q1","Q1","Q1","Q1",0.04,0.0731707317073171
"Monte Morris","2022-23",0,0.2,0,0.0833333333333333,"Q1","Q2","Q1","Q2",0.0967741935483871,0.207317073170732
"Myles Turner","2015-16",0,0,0,0,"Q1","Q1","Q1","Q1",0.0166666666666667,0.25609756097561
"Myles Turner","2016-17",0.166666666666667,0,0,0.0588235294117647,"Q2","Q1","Q1","Q2",0,0
"Myles Turner","2017-18",0,0,0,0,"Q1","Q1","Q1","Q1",0.0461538461538462,0.207317073170732
"Myles Turner","2018-19",0,0,0,0,"Q1","Q1","Q1","Q1",0.0405405405405405,0.0609756097560976
"Myles Turner","2019-20",0,0,0,0,"Q1","Q1","Q1","Q1",0.0363636363636364,0.153846153846154
"Myles Turner","2020-21",0,0.166666666666667,-Inf,0.1,"Q1","Q2",NA,"Q2",0.0638297872340425,0.319444444444444
"Myles Turner","2021-22",0.2,0,-Inf,0.142857142857143,"Q2","Q1",NA,"Q3",0.0238095238095238,0.463414634146341
"Myles Turner","2022-23",0.4,0,0,0.181818181818182,"Q3","Q1","Q1","Q3",0.0483870967741935,0.146341463414634
"Nemanja Bjelica","2018-19",0,0.25,0.25,0.142857142857143,"Q1","Q2","Q2","Q3",0,0
"Nemanja Bjelica","2019-20",0,0,0,0,"Q1","Q1","Q1","Q1",0,0
"Nene Hilario","2013-14",0,0,0.5,0.0714285714285714,"Q1","Q1","Q3","Q2",0,0
"Nene Hilario","2014-15",0.25,0.142857142857143,0,0.133333333333333,"Q2","Q2","Q1","Q3",0,0
"Nene Hilario","2017-18",-Inf,0.333333333333333,1,0.6,NA,"Q3","Q3","Q3",0,0
"Nerlens Noel","2014-15",0,0,0,0,"Q1","Q1","Q1","Q1",0.0533333333333333,0.0731707317073171
"Nerlens Noel","2015-16",0,0,0,0,"Q1","Q1","Q1","Q1",0.0895522388059701,0.182926829268293
"Nerlens Noel","2016-17",-Inf,0.142857142857143,0,0.111111111111111,NA,"Q2","Q1","Q2",0.0588235294117647,0.0609756097560976
"Nerlens Noel","2020-21",0.2,0,0.2,0.153846153846154,"Q2","Q1","Q2","Q3",0.0625,0.0833333333333333
"Nickeil Alexander-Walker","2022-23",0.25,0,0,0.0909090909090909,"Q2","Q1","Q1","Q2",0,0
"Nicolas Batum","2013-14",0,0,0,0,"Q1","Q1","Q1","Q1",0,0
"Nicolas Batum","2014-15",0,0.285714285714286,0,0.117647058823529,"Q1","Q3","Q1","Q2",0.0704225352112676,0.0975609756097561
"Nicolas Batum","2016-17",0.2,0,0,0.0625,"Q2","Q1","Q1","Q2",0.025974025974026,0.0487804878048781
"Nicolas Batum","2017-18",0.333333333333333,0,0,0.0833333333333333,"Q3","Q1","Q1","Q2",0.03125,0.0609756097560976
"Nicolas Batum","2018-19",0,0,0,0,"Q1","Q1","Q1","Q1",0.0266666666666667,0.0609756097560976
"Nicolas Batum","2020-21",0,0,0,0,"Q1","Q1","Q1","Q1",0.0298507462686567,0.0416666666666667
"Nicolas Batum","2021-22",0.5,0.333333333333333,0.4,0.4,"Q3","Q3","Q3","Q3",0.0677966101694915,0.219512195121951
"Nicolas Batum","2022-23",0,0,0,0,"Q1","Q1","Q1","Q1",0.0128205128205128,0.024390243902439
"Nicolas Claxton","2022-23",0,0,0,0,"Q1","Q1","Q1","Q1",0,0
"Nikola Jokic","2015-16",0,0,0,0,"Q1","Q1","Q1","Q1",0.0125,0.0121951219512195
"Nikola Jokic","2016-17",0,0,0,0,"Q1","Q1","Q1","Q1",0.0547945205479452,0.109756097560976
"Nikola Jokic","2018-19",0,0,0,0,"Q1","Q1","Q1","Q1",0,0
"Nikola Jokic","2019-20",0,0,0,0,"Q1","Q1","Q1","Q1",0,0
"Nikola Jokic","2020-21",0,0,0,0,"Q1","Q1","Q1","Q1",0,0
"Nikola Jokic","2021-22",0,0.25,0,0.0833333333333333,"Q1","Q2","Q1","Q2",0.0405405405405405,0.0609756097560976
"Nikola Jokic","2022-23",0,0.333333333333333,0,0.2,"Q1","Q3","Q1","Q3",0.0579710144927536,0.109756097560976
"Nikola Mirotic","2015-16",0,0,0,0,"Q1","Q1","Q1","Q1",0.0151515151515152,0.195121951219512
"Nikola Mirotic","2016-17",0,0,0,0,"Q1","Q1","Q1","Q1",0.0428571428571429,0.121951219512195
"Nikola Pekovic","2013-14",0,0,0,0,"Q1","Q1","Q1","Q1",0.0555555555555556,0.329268292682927
"Nikola Pekovic","2014-15",0,0,0,0,"Q1","Q1","Q1","Q1",0.0967741935483871,0.609756097560976
"Nikola Vucevic","2013-14",0,0,0,0,"Q1","Q1","Q1","Q1",0.0701754385964912,0.292682926829268
"Nikola Vucevic","2014-15",0,0,0,0,"Q1","Q1","Q1","Q1",0.027027027027027,0.0975609756097561
"Nikola Vucevic","2015-16",0,0,0.25,0.0769230769230769,"Q1","Q1","Q2","Q2",0.0307692307692308,0.195121951219512
"Nikola Vucevic","2016-17",0,0,0,0,"Q1","Q1","Q1","Q1",0.0266666666666667,0.0853658536585366
"Nikola Vucevic","2017-18",0,0,0,0,"Q1","Q1","Q1","Q1",0.0350877192982456,0.304878048780488
"Nikola Vucevic","2018-19",0,0,0,0,"Q1","Q1","Q1","Q1",0.025,0.0121951219512195
"Nikola Vucevic","2019-20",0,0,0,0,"Q1","Q1","Q1","Q1",0.0185185185185185,0.169230769230769
"Nikola Vucevic","2020-21",0,0,0.166666666666667,0.0666666666666667,"Q1","Q1","Q2","Q2",0.0142857142857143,0.0273972602739726
"Nikola Vucevic","2021-22",0,0,0,0,"Q1","Q1","Q1","Q1",0.0273972602739726,0.0975609756097561
"Nikola Vucevic","2022-23",0,0,0,0,"Q1","Q1","Q1","Q1",0,0
"Noah Vonleh","2016-17",0,0.25,0,0.0769230769230769,"Q1","Q2","Q1","Q2",0,0
"Noah Vonleh","2018-19",0,0,0.25,0.0769230769230769,"Q1","Q1","Q2","Q2",0.0147058823529412,0.146341463414634
"Norman Powell","2016-17",0,0,0,0,"Q1","Q1","Q1","Q1",0,0
"Norman Powell","2020-21",0,0,0,0,"Q1","Q1","Q1","Q1",0.0289855072463768,0.0410958904109589
"Norman Powell","2021-22",0,0,1,0.111111111111111,"Q1","Q1","Q3","Q2",0.0888888888888889,0.425
"Norman Powell","2022-23",0,0,0,0,"Q1","Q1","Q1","Q1",0.0333333333333333,0.25609756097561
"O.J. Mayo","2013-14",0,0,0.5,0.0625,"Q1","Q1","Q3","Q2",0.0769230769230769,0.268292682926829
"OG Anunoby","2017-18",0,0,0,0,"Q1","Q1","Q1","Q1",0,0
"OG Anunoby","2019-20",0,0,0,0,"Q1","Q1","Q1","Q1",0,0
"OG Anunoby","2020-21",0,0.5,0.25,0.3,"Q1","Q3","Q2","Q3",0,0
"OG Anunoby","2021-22",0,0,-Inf,0,"Q1","Q1",NA,"Q1",0,0
"OG Anunoby","2022-23",0,0.333333333333333,0,0.1,"Q1","Q3","Q1","Q2",0,0
"Ochai Agbaji","2022-23",0.5,0,0,0.111111111111111,"Q3","Q1","Q1","Q2",0,0
"Omer Asik","2013-14",0,-Inf,0,0,"Q1",NA,"Q1","Q1",0.0416666666666667,0.402439024390244
"Omer Asik","2014-15",0,0,0,0,"Q1","Q1","Q1","Q1",0.0263157894736842,0.0731707317073171
"Omer Asik","2015-16",0,0,0,0,"Q1","Q1","Q1","Q1",0.0441176470588235,0.121951219512195
"Otto Porter","2015-16",0,0,0,0,"Q1","Q1","Q1","Q1",0,0
"Otto Porter","2016-17",0,0,0,0,"Q1","Q1","Q1","Q1",0,0
"Otto Porter","2017-18",0,0.2,0.142857142857143,0.133333333333333,"Q1","Q2","Q2","Q3",0,0
"Otto Porter","2021-22",1,0.666666666666667,1,0.9,"Q3","Q3","Q3","Q3",0,0
"P.J. Tucker","2013-14",0,0,0,0,"Q1","Q1","Q1","Q1",0,0
"P.J. Tucker","2014-15",0,0,0,0,"Q1","Q1","Q1","Q1",0.0128205128205128,0.0121951219512195
"P.J. Tucker","2015-16",0,0,0,0,"Q1","Q1","Q1","Q1",0.0121951219512195,0
"P.J. Tucker","2017-18",0,0,0,0,"Q1","Q1","Q1","Q1",0,0
"P.J. Tucker","2018-19",0,0,0,0,"Q1","Q1","Q1","Q1",0,0
"P.J. Tucker","2019-20",0,0,0,0,"Q1","Q1","Q1","Q1",0,0
"P.J. Tucker","2021-22",0,0.333333333333333,0.4,0.230769230769231,"Q1","Q3","Q3","Q3",0.028169014084507,0.0853658536585366
"P.J. Tucker","2022-23",0,0.5,0.25,0.181818181818182,"Q1","Q3","Q2","Q3",0.0266666666666667,0.0365853658536585
"P.J. Washington","2019-20",0,0,0,0,"Q1","Q1","Q1","Q1",0.0344827586206897,0.107692307692308
"P.J. Washington","2020-21",0,0,0,0,"Q1","Q1","Q1","Q1",0.078125,0.111111111111111
"P.J. Washington","2022-23",0,0,0,0,"Q1","Q1","Q1","Q1",0.0410958904109589,0.0975609756097561
"Paolo Banchero","2022-23",0,0,0,0,"Q1","Q1","Q1","Q1",0.0277777777777778,0.109756097560976
"Pascal Siakam","2018-19",0,0,0,0,"Q1","Q1","Q1","Q1",0.0125,0.0121951219512195
"Pascal Siakam","2019-20",0,0,0,0,"Q1","Q1","Q1","Q1",0.0188679245283019,0.171875
"Pascal Siakam","2020-21",0,0,0,0,"Q1","Q1","Q1","Q1",0.0714285714285714,0.180555555555556
"Pascal Siakam","2021-22",0.5,0,0,0.0666666666666667,"Q3","Q1","Q1","Q2",0.0147058823529412,0.024390243902439
"Pascal Siakam","2022-23",0,0,0,0,"Q1","Q1","Q1","Q1",0.0140845070422535,0.121951219512195
"Patrick Beverley","2014-15",0,0,0,0,"Q1","Q1","Q1","Q1",0.0892857142857143,0.304878048780488
"Patrick Beverley","2016-17",0,0.125,0.333333333333333,0.153846153846154,"Q1","Q2","Q3","Q3",0.0149253731343284,0.024390243902439
"Patrick Beverley","2018-19",0,0,0,0,"Q1","Q1","Q1","Q1",0.0256410256410256,0.0487804878048781
"Patrick Beverley","2019-20",0,0.5,-Inf,0.2,"Q1","Q3",NA,"Q3",0.104166666666667,0.234375
"Patrick Beverley","2021-22",0,0,0.5,0.3,"Q1","Q1","Q3","Q3",0.120689655172414,0.24390243902439
"Patrick Beverley","2022-23",1,0.4,0,0.3,"Q3","Q3","Q1","Q3",0.0298507462686567,0.0506329113924051
"Patrick Williams","2020-21",0.166666666666667,0,0,0.0588235294117647,"Q2","Q1","Q1","Q2",0,0
"Patrick Williams","2021-22",0,-Inf,0,0,"Q1",NA,"Q1","Q1",0.0588235294117647,0.792682926829268
"Patrick Williams","2022-23",0,0,0,0,"Q1","Q1","Q1","Q1",0,0
"Patty Mills","2016-17",0,0,0,0,"Q1","Q1","Q1","Q1",0,0
"Patty Mills","2017-18",0,0,0,0,"Q1","Q1","Q1","Q1",0,0
"Pau Gasol","2013-14",0.142857142857143,0,0,0.0666666666666667,"Q2","Q1","Q1","Q2",0.0666666666666667,0.24390243902439
"Pau Gasol","2014-15",0,0,0,0,"Q1","Q1","Q1","Q1",0.0256410256410256,0.0487804878048781
"Pau Gasol","2015-16",0.333333333333333,0.285714285714286,0.166666666666667,0.25,"Q3","Q3","Q2","Q3",0.0277777777777778,0.0609756097560976
"Pau Gasol","2016-17",0.142857142857143,1,0.2,0.230769230769231,"Q2","Q3","Q2","Q3",0.015625,0.182926829268293
"Pau Gasol","2017-18",0.166666666666667,0.4,0,0.214285714285714,"Q2","Q3","Q1","Q3",0.025974025974026,0.024390243902439
"Paul George","2013-14",0,0,0,0,"Q1","Q1","Q1","Q1",0.0125,0.0121951219512195
"Paul George","2015-16",0,0,0.142857142857143,0.0588235294117647,"Q1","Q1","Q2","Q2",0.0123456790123457,0
"Paul George","2016-17",0.2,0,0,0.0625,"Q2","Q1","Q1","Q2",0.0266666666666667,0.0731707317073171
"Paul George","2017-18",0,0,0,0,"Q1","Q1","Q1","Q1",0.0253164556962025,0.0365853658536585
"Paul George","2018-19",0,0,0,0,"Q1","Q1","Q1","Q1",0,0
"Paul George","2019-20",0,0.25,0,0.166666666666667,"Q1","Q2","Q1","Q3",0.0238095238095238,0.140625
"Paul George","2020-21",0.333333333333333,0,1,0.444444444444444,"Q3","Q1","Q3","Q3",0.0740740740740741,0.166666666666667
"Paul Millsap","2013-14",0.166666666666667,0,0,0.0526315789473684,"Q2","Q1","Q1","Q2",0.027027027027027,0.0731707317073171
"Paul Millsap","2014-15",0,0.142857142857143,0.6,0.210526315789474,"Q1","Q2","Q3","Q3",0.0136986301369863,0.0609756097560976
"Paul Millsap","2015-16",0,0,0,0,"Q1","Q1","Q1","Q1",0.0246913580246914,0.0121951219512195
"Paul Millsap","2016-17",0,0,0.4,0.133333333333333,"Q1","Q1","Q3","Q3",0.0289855072463768,0.134146341463415
"Paul Millsap","2017-18",0,-Inf,0,0,"Q1",NA,"Q1","Q1",0.0263157894736842,0.536585365853659
"Paul Millsap","2018-19",0,0,0,0,"Q1","Q1","Q1","Q1",0.0285714285714286,0.134146341463415
"Paul Millsap","2019-20",0,0,-Inf,0,"Q1","Q1",NA,"Q1",0.0909090909090909,0.323076923076923
"Paul Pierce","2013-14",0.25,0,0.285714285714286,0.157894736842105,"Q2","Q1","Q3","Q3",0.0133333333333333,0.0487804878048781
"Paul Pierce","2014-15",0,0.142857142857143,0,0.0666666666666667,"Q1","Q2","Q1","Q2",0.0684931506849315,0.0853658536585366
"Pero Antic","2013-14",0,0,0.5,0.333333333333333,"Q1","Q1","Q3","Q3",0.0408163265306122,0.219512195121951
"Quentin Grimes","2022-23",0,0.5,0,0.1,"Q1","Q3","Q1","Q2",0,0
"Quincy Pondexter","2014-15",0,0.166666666666667,0,0.0588235294117647,"Q1","Q2","Q1","Q2",0.0266666666666667,0.0481927710843374
"Quinn Cook","2017-18",-Inf,-Inf,0,0,NA,NA,"Q1","Q1",0.151515151515152,0.548780487804878
"R.J. Barrett","2019-20",0.333333333333333,0,0,0.111111111111111,"Q3","Q1","Q1","Q2",0,0
"R.J. Barrett","2020-21",0,0,0,0,"Q1","Q1","Q1","Q1",0,0
"R.J. Barrett","2021-22",0,0,0,0,"Q1","Q1","Q1","Q1",0,0
"R.J. Barrett","2022-23",0,0,0.2,0.0833333333333333,"Q1","Q1","Q2","Q2",0,0
"Rajon Rondo","2013-14",-Inf,1,1,1,NA,"Q3","Q3","Q3",0.0666666666666667,0.0365853658536585
"Rajon Rondo","2014-15",0.25,0.25,0.2,0.230769230769231,"Q2","Q2","Q2","Q3",0.0441176470588235,0.0897435897435897
"Rajon Rondo","2015-16",0,0.142857142857143,0.5,0.210526315789474,"Q1","Q2","Q3","Q3",0.0277777777777778,0.0487804878048781
"Randy Foye","2013-14",0,0,0,0,"Q1","Q1","Q1","Q1",0.0123456790123457,0.0121951219512195
"Randy Foye","2016-17",0,0,0,0,"Q1","Q1","Q1","Q1",0,0
"Raulzinho Neto","2015-16",0,0,0,0,"Q1","Q1","Q1","Q1",0,0
"Ray McCallum","2013-14",1,0.333333333333333,0,0.181818181818182,"Q3","Q3","Q1","Q3",0,0
"Raymond Felton","2013-14",0,0,0.142857142857143,0.0769230769230769,"Q1","Q1","Q2","Q2",0.0461538461538462,0.195121951219512
"Raymond Felton","2015-16",0,0,0,0,"Q1","Q1","Q1","Q1",0.025,0.024390243902439
"Reggie Bullock","2017-18",0,0,0,0,"Q1","Q1","Q1","Q1",0,0
"Reggie Bullock","2019-20",-Inf,0,0.25,0.2,NA,"Q1","Q2","Q3",0,0
"Reggie Bullock","2020-21",0,0,0,0,"Q1","Q1","Q1","Q1",0,0
"Reggie Bullock","2021-22",0,0,0,0,"Q1","Q1","Q1","Q1",0,0
"Reggie Bullock","2022-23",0.166666666666667,0,0.25,0.153846153846154,"Q2","Q1","Q2","Q3",0,0
"Reggie Jackson","2015-16",0,0,0,0,"Q1","Q1","Q1","Q1",0,0
"Reggie Jackson","2017-18",0,0,0,0,"Q1","Q1","Q1","Q1",0,0
"Reggie Jackson","2018-19",0,0,0,0,"Q1","Q1","Q1","Q1",0,0
"Reggie Jackson","2020-21",0,0,0.4,0.153846153846154,"Q1","Q1","Q3","Q3",0,0
"Reggie Jackson","2021-22",0,0,0.5,0.166666666666667,"Q1","Q1","Q3","Q3",0,0
"Richard Jefferson","2013-14",0,0,0,0,"Q1","Q1","Q1","Q1",0,0
"Richaun Holmes","2016-17",0,0.333333333333333,0,0.0769230769230769,"Q1","Q3","Q1","Q2",0.0350877192982456,0.0487804878048781
"Richaun Holmes","2019-20",0,0,0,0,"Q1","Q1","Q1","Q1",0.0256410256410256,0.390625
"Richaun Holmes","2020-21",0.25,0,0,0.0909090909090909,"Q2","Q1","Q1","Q2",0.0163934426229508,0.0138888888888889
"Richaun Holmes","2021-22",0,0,1,0.125,"Q1","Q1","Q3","Q3",0.111111111111111,0.365853658536585
"Ricky Rubio","2013-14",0,0,0,0,"Q1","Q1","Q1","Q1",0,0
"Ricky Rubio","2015-16",0,0,0,0,"Q1","Q1","Q1","Q1",0.0263157894736842,0.0731707317073171
"Ricky Rubio","2016-17",0,0,0.142857142857143,0.0714285714285714,"Q1","Q1","Q2","Q2",0.0266666666666667,0.0731707317073171
"Ricky Rubio","2017-18",0.166666666666667,0,0,0.0666666666666667,"Q2","Q1","Q1","Q2",0.025974025974026,0.0487804878048781
"Ricky Rubio","2018-19",0,0,0.25,0.0833333333333333,"Q1","Q1","Q2","Q2",0.0735294117647059,0.146341463414634
"Ricky Rubio","2019-20",0.666666666666667,0.333333333333333,0.25,0.4,"Q3","Q3","Q2","Q3",0.0350877192982456,0.0615384615384615
"Ricky Rubio","2020-21",0,0,0,0,"Q1","Q1","Q1","Q1",0.0294117647058824,0.0555555555555556
"Robert Covington","2014-15",0,0.125,0,0.0555555555555556,"Q1","Q2","Q1","Q2",0.0142857142857143,0.0273972602739726
"Robert Covington","2015-16",0,0,0,0,"Q1","Q1","Q1","Q1",0.0298507462686567,0.158536585365854
"Robert Covington","2017-18",0,0,0,0,"Q1","Q1","Q1","Q1",0,0
"Robert Covington","2019-20",0,0,0,0,"Q1","Q1","Q1","Q1",0.0161290322580645,0.015625
"Robert Covington","2020-21",0,0,0,0,"Q1","Q1","Q1","Q1",0.0142857142857143,0.0277777777777778
"Robert Covington","2021-22",0,0.25,0,0.0769230769230769,"Q1","Q2","Q1","Q2",0.028169014084507,0.1
"Robert Williams","2021-22",0,0,0.5,0.0909090909090909,"Q1","Q1","Q3","Q2",0,0
"Robert Williams","2022-23",-Inf,-Inf,1,1,NA,NA,"Q3","Q3",0,0
"Robin Lopez","2013-14",0,0,0,0,"Q1","Q1","Q1","Q1",0,0
"Robin Lopez","2014-15",0,0,0,0,"Q1","Q1","Q1","Q1",0.0169491525423729,0.280487804878049
"Robin Lopez","2015-16",0,0,0,0,"Q1","Q1","Q1","Q1",0,0
"Robin Lopez","2016-17",0,0,0.2,0.0588235294117647,"Q1","Q1","Q2","Q2",0,0
"Robin Lopez","2017-18",0,0,0.5,0.0909090909090909,"Q1","Q1","Q3","Q2",0.015625,0.0487804878048781
"Robin Lopez","2018-19",0.2,0,0,0.0769230769230769,"Q2","Q1","Q1","Q2",0,0
"Rodions Kurucs","2018-19",0,0,0,0,"Q1","Q1","Q1","Q1",0.0476190476190476,0.182926829268293
"Rodney Hood","2015-16",0.2,0.142857142857143,0.166666666666667,0.166666666666667,"Q2","Q2","Q2","Q3",0,0
"Rodney Hood","2019-20",0,-Inf,-Inf,0,"Q1",NA,NA,"Q1",0.0952380952380952,0.681818181818182
"Rodney McGruder","2016-17",0,0,0,0,"Q1","Q1","Q1","Q1",0.0256410256410256,0.0365853658536585
"Ron Baker","2016-17",0.5,0,0,0.1,"Q3","Q1","Q1","Q2",0.0384615384615385,0.0609756097560976
"Rondae Hollis-Jefferson","2016-17",0,0.166666666666667,0,0.0714285714285714,"Q1","Q2","Q1","Q2",0.0128205128205128,0.0365853658536585
"Rondae Hollis-Jefferson","2017-18",0.333333333333333,0,0,0.0909090909090909,"Q3","Q1","Q1","Q2",0.0294117647058824,0.158536585365854
"Roy Hibbert","2013-14",0,0,0,0,"Q1","Q1","Q1","Q1",0.0123456790123457,0.0121951219512195
"Roy Hibbert","2014-15",0,0,0,0,"Q1","Q1","Q1","Q1",0.0394736842105263,0.0731707317073171
"Roy Hibbert","2015-16",0,0,0,0,"Q1","Q1","Q1","Q1",0.0123456790123457,0.0121951219512195
"Royce O'Neale","2019-20",0,-Inf,0,0,"Q1",NA,"Q1","Q1",0,0
"Royce O'Neale","2020-21",0,0,0.166666666666667,0.0714285714285714,"Q1","Q1","Q2","Q2",0,0
"Royce O'Neale","2021-22",0,0.4,0.25,0.25,"Q1","Q3","Q2","Q3",0.012987012987013,0.024390243902439
"Rudy Gay","2014-15",0,0.25,0,0.142857142857143,"Q1","Q2","Q1","Q3",0.0588235294117647,0.134146341463415
"Rudy Gay","2015-16",0,0.2,0.2,0.125,"Q1","Q2","Q2","Q3",0.1,0.109756097560976
"Rudy Gay","2018-19",0,0,0,0,"Q1","Q1","Q1","Q1",0.072463768115942,0.146341463414634
"Rudy Gobert","2014-15",0,0,0,0,"Q1","Q1","Q1","Q1",0,0
"Rudy Gobert","2015-16",0,0,0,0,"Q1","Q1","Q1","Q1",0.0491803278688525,0.24390243902439
"Rudy Gobert","2016-17",0,0,0,0,"Q1","Q1","Q1","Q1",0.0246913580246914,0.0121951219512195
"Rudy Gobert","2017-18",0,0,0,0,"Q1","Q1","Q1","Q1",0.0357142857142857,0.317073170731707
"Rudy Gobert","2018-19",0,0,0.2,0.0714285714285714,"Q1","Q1","Q2","Q2",0,0
"Rudy Gobert","2019-20",0,-Inf,0,0,"Q1",NA,"Q1","Q1",0.032258064516129,0.03125
"Rudy Gobert","2020-21",0,0,0.166666666666667,0.0714285714285714,"Q1","Q1","Q2","Q2",0,0
"Rudy Gobert","2021-22",0,0,0.25,0.0909090909090909,"Q1","Q1","Q2","Q2",0.0454545454545455,0.182926829268293
"Rudy Gobert","2022-23",0,0,0.2,0.1,"Q1","Q1","Q2","Q2",0.0714285714285714,0.121951219512195
"Rui Hachimura","2019-20",0,-Inf,0,0,"Q1",NA,"Q1","Q1",0.024390243902439,0.359375
"Rui Hachimura","2020-21",0,0,0,0,"Q1","Q1","Q1","Q1",0.0701754385964912,0.152777777777778
"Russell Westbrook","2013-14",0,-Inf,1,0.6,"Q1",NA,"Q3","Q3",0.0434782608695652,0.341463414634146
"Russell Westbrook","2014-15",0,0,0,0,"Q1","Q1","Q1","Q1",0.0298507462686567,0.182926829268293
"Russell Westbrook","2015-16",0,0,0.285714285714286,0.125,"Q1","Q1","Q3","Q3",0,0
"Russell Westbrook","2016-17",0,0,0.25,0.0666666666666667,"Q1","Q1","Q2","Q2",0,0
"Russell Westbrook","2017-18",0,0,0,0,"Q1","Q1","Q1","Q1",0.0125,0.024390243902439
"Russell Westbrook","2018-19",0,0,0,0,"Q1","Q1","Q1","Q1",0.0136986301369863,0.0731707317073171
"Russell Westbrook","2019-20",1,1,1,1,"Q3","Q3","Q3","Q3",0.0377358490566038,0.03125
"Russell Westbrook","2020-21",1,0,0,0.3125,"Q3","Q1","Q1","Q3",0.0153846153846154,0.0277777777777778
"Russell Westbrook","2021-22",0,0,0.25,0.0909090909090909,"Q1","Q1","Q2","Q2",0.0128205128205128,0.024390243902439
"Russell Westbrook","2022-23",0,0,0,0,"Q1","Q1","Q1","Q1",0.0273972602739726,0.0375
"Ryan Anderson","2016-17",0,0.125,0,0.0714285714285714,"Q1","Q2","Q1","Q2",0.0416666666666667,0.109756097560976
"Ryan Anderson","2017-18",0,0.25,0.333333333333333,0.2,"Q1","Q2","Q3","Q3",0.0454545454545455,0.158536585365854
"Saddiq Bey","2020-21",0.2,0,0,0.0625,"Q2","Q1","Q1","Q2",0,0
"Saddiq Bey","2021-22",0,0,0,0,"Q1","Q1","Q1","Q1",0,0
"Samuel Dalembert","2013-14",0,0,0,0,"Q1","Q1","Q1","Q1",0,0
"Scottie Barnes","2022-23",0,0,0,0,"Q1","Q1","Q1","Q1",0.038961038961039,0.0609756097560976
"Sekou Doumbouya","2019-20",0,0.5,0,0.142857142857143,"Q1","Q3","Q1","Q3",0.0789473684210526,0.166666666666667
"Serge Ibaka","2013-14",0,0,0,0,"Q1","Q1","Q1","Q1",0.0123456790123457,0.0121951219512195
"Serge Ibaka","2014-15",0,0,0,0,"Q1","Q1","Q1","Q1",0.015625,0.207317073170732
"Serge Ibaka","2015-16",0,0,0.571428571428571,0.25,"Q1","Q1","Q3","Q3",0,0
"Serge Ibaka","2016-17",0,0,0,0,"Q1","Q1","Q1","Q1",0.0379746835443038,0.0240963855421687
"Serge Ibaka","2017-18",0,0,0.166666666666667,0.0714285714285714,"Q1","Q1","Q2","Q2",0.0394736842105263,0.0365853658536585
"Serge Ibaka","2018-19",0,0,0,0,"Q1","Q1","Q1","Q1",0.027027027027027,0.0487804878048781
"Serge Ibaka","2020-21",0,0,-Inf,0,"Q1","Q1",NA,"Q1",0.0487804878048781,0.430555555555556
"Seth Curry","2020-21",0,0,0.333333333333333,0.181818181818182,"Q1","Q1","Q3","Q3",0.087719298245614,0.166666666666667
"Seth Curry","2021-22",0.333333333333333,0,0,0.125,"Q3","Q1","Q1","Q3",0.140625,0.172839506172839
"Shai Gilgeous-Alexander","2018-19",0,0,0,0,"Q1","Q1","Q1","Q1",0,0
"Shai Gilgeous-Alexander","2019-20",0,0,0,0,"Q1","Q1","Q1","Q1",0.0158730158730159,0.015625
"Shai Gilgeous-Alexander","2020-21",0,0.4,-Inf,0.25,"Q1","Q3",NA,"Q3",0.0857142857142857,0.472222222222222
"Shai Gilgeous-Alexander","2021-22",0.25,0.333333333333333,0.25,0.272727272727273,"Q2","Q3","Q2","Q3",0.0714285714285714,0.268292682926829
"Shai Gilgeous-Alexander","2022-23",0.333333333333333,0.333333333333333,0.666666666666667,0.444444444444444,"Q3","Q3","Q3","Q3",0.0441176470588235,0.0975609756097561
"Shane Battier","2013-14",0,0,0.142857142857143,0.0666666666666667,"Q1","Q1","Q2","Q2",0.0273972602739726,0.0731707317073171
"Shaun Livingston","2013-14",0,0.125,0,0.0555555555555556,"Q1","Q2","Q1","Q2",0.0131578947368421,0.0487804878048781
"Shawn Marion","2013-14",0,0,0,0,"Q1","Q1","Q1","Q1",0.0263157894736842,0.0731707317073171
"Shelvin Mack","2016-17",0,0,0,0,"Q1","Q1","Q1","Q1",0,0
"Skal Labissiere","2016-17",-Inf,-Inf,0,0,NA,NA,"Q1","Q1",0.0303030303030303,0.0975609756097561
"Solomon Hill","2014-15",0,0,0,0,"Q1","Q1","Q1","Q1",0,0
"Solomon Hill","2016-17",0,0,0,0,"Q1","Q1","Q1","Q1",0.0125,0.024390243902439
"Spencer Dinwiddie","2017-18",0.25,0,0,0.0666666666666667,"Q2","Q1","Q1","Q2",0.0125,0
"Spencer Dinwiddie","2019-20",0,0,0,0,"Q1","Q1","Q1","Q1",0,0
"Spencer Dinwiddie","2022-23",0,0.333333333333333,0,0.0833333333333333,"Q1","Q3","Q1","Q2",0,0
"Stanley Johnson","2017-18",0,0,0,0,"Q1","Q1","Q1","Q1",0.0579710144927536,0.158536585365854
"Stephen Curry","2013-14",0.25,0,0,0.0714285714285714,"Q2","Q1","Q1","Q2",0.0256410256410256,0.024390243902439
"Stephen Curry","2014-15",0,0,0.125,0.0526315789473684,"Q1","Q1","Q2","Q2",0.0125,0.0121951219512195
"Stephen Curry","2015-16",0,0,0,0,"Q1","Q1","Q1","Q1",0.0379746835443038,0.0365853658536585
"Stephen Curry","2016-17",0,0.2,0.166666666666667,0.117647058823529,"Q1","Q2","Q2","Q2",0.0126582278481013,0.0121951219512195
"Stephen Curry","2017-18",0,0,-Inf,0,"Q1","Q1",NA,"Q1",0.117647058823529,0.378048780487805
"Stephen Curry","2018-19",0,0,0.333333333333333,0.2,"Q1","Q1","Q3","Q3",0.0144927536231884,0.134146341463415
"Stephen Curry","2020-21",0,0.4,0.2,0.230769230769231,"Q1","Q3","Q2","Q3",0.0317460317460317,0.0833333333333333
"Stephen Curry","2021-22",0.333333333333333,0.5,0.5,0.454545454545455,"Q3","Q3","Q3","Q3",0.03125,0.146341463414634
"Stephen Curry","2022-23",0.4,0.25,0,0.3,"Q3","Q2","Q1","Q3",0.0535714285714286,0.280487804878049
"Steven Adams","2014-15",0,0.25,0,0.0714285714285714,"Q1","Q2","Q1","Q2",0.0142857142857143,0.134146341463415
"Steven Adams","2015-16",0,0,0,0,"Q1","Q1","Q1","Q1",0.0125,0.024390243902439
"Steven Adams","2016-17",0,0,0,0,"Q1","Q1","Q1","Q1",0.0125,0.024390243902439
"Steven Adams","2017-18",0,0,0.25,0.0833333333333333,"Q1","Q1","Q2","Q2",0.0263157894736842,0.0609756097560976
"Steven Adams","2018-19",0,0,0,0,"Q1","Q1","Q1","Q1",0.025,0.024390243902439
"Steven Adams","2019-20",0.333333333333333,0,0.333333333333333,0.222222222222222,"Q3","Q1","Q3","Q3",0.0344827586206897,0.0625
"Steven Adams","2020-21",0,0.166666666666667,0,0.0909090909090909,"Q1","Q2","Q1","Q2",0.0862068965517241,0.166666666666667
"Steven Adams","2021-22",0,0,0,0,"Q1","Q1","Q1","Q1",0.0394736842105263,0.0609756097560976
"Svi Mykhailiuk","2019-20",0,0,0,0,"Q1","Q1","Q1","Q1",0,0
"T.J. McConnell","2016-17",0,0,0,0,"Q1","Q1","Q1","Q1",0.0123456790123457,0.0121951219512195
"T.J. Warren","2016-17",0,0,0.25,0.0909090909090909,"Q1","Q1","Q2","Q2",0.0303030303030303,0.182926829268293
"T.J. Warren","2017-18",0,0,0,0,"Q1","Q1","Q1","Q1",0.0769230769230769,0.207317073170732
"T.J. Warren","2018-19",0,0,-Inf,0,"Q1","Q1",NA,"Q1",0.0697674418604651,0.475609756097561
"T.J. Warren","2019-20",0,0,0,0,"Q1","Q1","Q1","Q1",0.0327868852459016,0.0615384615384615
"Taj Gibson","2015-16",0,0,0.166666666666667,0.0625,"Q1","Q1","Q2","Q2",0.0136986301369863,0.0853658536585366
"Taj Gibson","2016-17",0,0,0.25,0.0625,"Q1","Q1","Q2","Q2",0.0384615384615385,0.0365853658536585
"Taj Gibson","2017-18",0,0,0,0,"Q1","Q1","Q1","Q1",0,0
"Taj Gibson","2018-19",0,0,0,0,"Q1","Q1","Q1","Q1",0.0285714285714286,0.134146341463415
"Taurean Prince","2016-17",0.333333333333333,1,0,0.181818181818182,"Q3","Q3","Q1","Q3",0.0169491525423729,0.0609756097560976
"Taurean Prince","2017-18",0,0,0,0,"Q1","Q1","Q1","Q1",0,0
"Taurean Prince","2018-19",0.333333333333333,0,0,0.125,"Q3","Q1","Q1","Q3",0.109090909090909,0.317073170731707
"Taurean Prince","2019-20",0,0,0,0,"Q1","Q1","Q1","Q1",0,0
"Tayshaun Prince","2015-16",0,0,0.5,0.153846153846154,"Q1","Q1","Q3","Q3",0.012987012987013,0.024390243902439
"Terrance Ferguson","2018-19",0,0.25,0,0.0909090909090909,"Q1","Q2","Q1","Q2",0.0405405405405405,0.0853658536585366
"Terrance Ferguson","2019-20",0,0,0,0,"Q1","Q1","Q1","Q1",0.06,0.21875
"Terrence Jones","2013-14",0,0,0.142857142857143,0.05,"Q1","Q1","Q2","Q2",0.0131578947368421,0.024390243902439
"Terrence Jones","2015-16",0,0,-Inf,0,"Q1","Q1",NA,"Q1",0.1,0.378048780487805
"Terrence Ross","2013-14",0,0,0,0,"Q1","Q1","Q1","Q1",0.0123456790123457,0.0121951219512195
"Terrence Ross","2014-15",0,0,0,0,"Q1","Q1","Q1","Q1",0,0
"Terrence Ross","2016-17",0,0,0,0,"Q1","Q1","Q1","Q1",0.0128205128205128,0.0125
"Terry Rozier","2019-20",0,0,0,0,"Q1","Q1","Q1","Q1",0.0317460317460317,0.0153846153846154
"Terry Rozier","2020-21",0,0,0.166666666666667,0.0625,"Q1","Q1","Q2","Q2",0.0144927536231884,0.0277777777777778
"Terry Rozier","2021-22",0,0,0,0,"Q1","Q1","Q1","Q1",0.0273972602739726,0.0975609756097561
"Terry Rozier","2022-23",0,0,0,0,"Q1","Q1","Q1","Q1",0.0634920634920635,0.195121951219512
"Thabo Sefolosha","2013-14",0,0,0,0,"Q1","Q1","Q1","Q1",0.0491803278688525,0.25609756097561
"Thaddeus Young","2013-14",0,0,0,0,"Q1","Q1","Q1","Q1",0.0126582278481013,0.0365853658536585
"Thaddeus Young","2014-15",0,0,0,0,"Q1","Q1","Q1","Q1",0.0263157894736842,0.0843373493975904
"Thaddeus Young","2015-16",0,0,0.666666666666667,0.153846153846154,"Q1","Q1","Q3","Q3",0.0136986301369863,0.0731707317073171
"Thaddeus Young","2016-17",0,0,0,0,"Q1","Q1","Q1","Q1",0.027027027027027,0.0975609756097561
"Thaddeus Young","2017-18",0,0,0,0,"Q1","Q1","Q1","Q1",0.0123456790123457,0.0121951219512195
"Thaddeus Young","2018-19",0,0,0,0,"Q1","Q1","Q1","Q1",0.0123456790123457,0
"Theo Maledon","2020-21",0.25,0.166666666666667,0,0.117647058823529,"Q2","Q2","Q1","Q2",0.0307692307692308,0.0694444444444444
"Thomas Bryant","2018-19",0,0,0,0,"Q1","Q1","Q1","Q1",0,0
"Thomas Bryant","2019-20",0,-Inf,0.666666666666667,0.4,"Q1",NA,"Q3","Q3",0.0526315789473684,0.375
"Thon Maker","2016-17",-Inf,0.166666666666667,0,0.0833333333333333,NA,"Q2","Q1","Q2",0,0
"Tiago Splitter","2013-14",0,0,0.2,0.0769230769230769,"Q1","Q1","Q2","Q2",0.0508474576271186,0.24390243902439
"Tiago Splitter","2014-15",1,0.142857142857143,0,0.153846153846154,"Q3","Q2","Q1","Q3",0,0
"Tim Duncan","2013-14",0.375,0.2,0.5,0.368421052631579,"Q3","Q2","Q3","Q3",0.0135135135135135,0
"Tim Duncan","2014-15",0.5,0.142857142857143,0,0.238095238095238,"Q3","Q2","Q1","Q3",0,0
"Tim Duncan","2015-16",0.2,0.5,0.2,0.25,"Q2","Q3","Q2","Q3",0.131147540983607,0.207317073170732
"Tim Hardaway Jr.","2014-15",0,0,0,0,"Q1","Q1","Q1","Q1",0.0428571428571429,0.146341463414634
"Tim Hardaway Jr.","2016-17",0,0,0.142857142857143,0.0555555555555556,"Q1","Q1","Q2","Q2",0.0126582278481013,0.024390243902439
"Tim Hardaway Jr.","2017-18",0,0.666666666666667,0,0.25,"Q1","Q3","Q1","Q3",0.0350877192982456,0.268292682926829
"Tim Hardaway Jr.","2019-20",0,0,0,0,"Q1","Q1","Q1","Q1",0.0317460317460317,0.0597014925373134
"Tim Hardaway Jr.","2022-23",0,0,0,0,"Q1","Q1","Q1","Q1",0.0845070422535211,0.109756097560976
"Timofey Mozgov","2014-15",0,0,0,0,"Q1","Q1","Q1","Q1",0,0
"Timothe Luwawu-Cabarrot","2016-17",0,0,0,0,"Q1","Q1","Q1","Q1",0.0144927536231884,0.024390243902439
"Tobias Harris","2014-15",0,0,0,0,"Q1","Q1","Q1","Q1",0.0588235294117647,0.158536585365854
"Tobias Harris","2015-16",0,0,0.111111111111111,0.0555555555555556,"Q1","Q1","Q2","Q2",0.0131578947368421,0.0375
"Tobias Harris","2018-19",0,0,0.2,0.0666666666666667,"Q1","Q1","Q2","Q2",0,0
"Tobias Harris","2019-20",0,0,0,0,"Q1","Q1","Q1","Q1",0,0
"Tobias Harris","2020-21",0,0,0.2,0.0833333333333333,"Q1","Q1","Q2","Q2",0.0645161290322581,0.111111111111111
"Tobias Harris","2021-22",0,0,0,0,"Q1","Q1","Q1","Q1",0.0410958904109589,0.109756097560976
"Tobias Harris","2022-23",0,0.5,0.2,0.181818181818182,"Q1","Q3","Q2","Q3",0.0405405405405405,0.0487804878048781
"Tomas Satoransky","2017-18",0,0,0,0,"Q1","Q1","Q1","Q1",0,0
"Tomas Satoransky","2018-19",0,0,0,0,"Q1","Q1","Q1","Q1",0.0125,0.024390243902439
"Tomas Satoransky","2019-20",0,0,0,0,"Q1","Q1","Q1","Q1",0,0
"Tony Allen","2013-14",0,0,0,0,"Q1","Q1","Q1","Q1",0.0545454545454545,0.317073170731707
"Tony Allen","2014-15",0,0,0.166666666666667,0.0769230769230769,"Q1","Q1","Q2","Q2",0.0634920634920635,0.195121951219512
"Tony Allen","2015-16",0,0,0,0,"Q1","Q1","Q1","Q1",0.0625,0.207317073170732
"Tony Parker","2013-14",0,0.2,0,0.0666666666666667,"Q1","Q2","Q1","Q2",0,0
"Tony Parker","2014-15",0.2,0,0,0.0666666666666667,"Q2","Q1","Q1","Q2",0,0
"Tony Parker","2015-16",0,0.25,0.4,0.230769230769231,"Q1","Q2","Q3","Q3",0,0
"Tony Snell","2016-17",0,0,0,0,"Q1","Q1","Q1","Q1",0.0125,0
"Tony Snell","2017-18",0,0,0,0,"Q1","Q1","Q1","Q1",0.0266666666666667,0.0853658536585366
"Tony Snell","2019-20",0,0,0,0,"Q1","Q1","Q1","Q1",0.0338983050847458,0.106060606060606
"Tony Wroten","2013-14",0,0,0,0,"Q1","Q1","Q1","Q1",0,0
"Trae Young","2018-19",0,0,0,0,"Q1","Q1","Q1","Q1",0,0
"Trae Young","2019-20",0,0,0.333333333333333,0.0909090909090909,"Q1","Q1","Q3","Q2",0.0833333333333333,0.0895522388059701
"Trae Young","2020-21",0.25,0,0.166666666666667,0.142857142857143,"Q2","Q1","Q2","Q3",0.0476190476190476,0.0972222222222222
"Trae Young","2021-22",0,0.333333333333333,0,0.0666666666666667,"Q1","Q3","Q1","Q2",0.0394736842105263,0.0609756097560976
"Trae Young","2022-23",0,0.6,0.2,0.307692307692308,"Q1","Q3","Q2","Q3",0.0547945205479452,0.0365853658536585
"Tre Jones","2022-23",0.2,0,0.666666666666667,0.25,"Q2","Q1","Q3","Q3",0.0294117647058824,0.0731707317073171
"Trevor Ariza","2013-14",0,0,0,0,"Q1","Q1","Q1","Q1",0.012987012987013,0.0609756097560976
"Trevor Ariza","2014-15",0,0,0,0,"Q1","Q1","Q1","Q1",0,0
"Trevor Ariza","2015-16",0.125,0,0,0.05,"Q2","Q1","Q1","Q2",0,0
"Trevor Ariza","2016-17",0,0,0.333333333333333,0.0625,"Q1","Q1","Q3","Q2",0.0125,0.0121951219512195
"Trevor Ariza","2018-19",0,0.142857142857143,0,0.0714285714285714,"Q1","Q2","Q1","Q2",0.0579710144927536,0.146341463414634
"Trey Burke","2013-14",0,0,0,0,"Q1","Q1","Q1","Q1",0,0
"Trey Burke","2014-15",0,0,0,0,"Q1","Q1","Q1","Q1",0.0526315789473684,0.0731707317073171
"Trey Lyles","2019-20",0,0,0,0,"Q1","Q1","Q1","Q1",0,0
"Trey Murphy III","2022-23",0,0,0,0,"Q1","Q1","Q1","Q1",0.0253164556962025,0.0365853658536585
"Tristan Thompson","2013-14",0,0,0,0,"Q1","Q1","Q1","Q1",0,0
"Tristan Thompson","2014-15",0,0,0,0,"Q1","Q1","Q1","Q1",0,0
"Tristan Thompson","2015-16",0,0,0,0,"Q1","Q1","Q1","Q1",0,0
"Tristan Thompson","2016-17",0,0,0,0,"Q1","Q1","Q1","Q1",0.0128205128205128,0.0487804878048781
"Tristan Thompson","2017-18",0,0,0,0,"Q1","Q1","Q1","Q1",0.0566037735849057,0.353658536585366
"Tristan Thompson","2018-19",0,0,-Inf,0,"Q1","Q1",NA,"Q1",0.0465116279069767,0.439024390243902
"Tristan Thompson","2020-21",0.25,0,0,0.1,"Q2","Q1","Q1","Q2",0.0740740740740741,0.222222222222222
"Ty Lawson","2013-14",0,0,0,0,"Q1","Q1","Q1","Q1",0.0806451612903226,0.231707317073171
"Ty Lawson","2014-15",0,0,0.375,0.142857142857143,"Q1","Q1","Q3","Q3",0.04,0.0365853658536585
"Ty Lawson","2016-17",0,0.166666666666667,0.25,0.125,"Q1","Q2","Q2","Q3",0.072463768115942,0.0975609756097561
"Tyler Ennis","2016-17",0,0,0,0,"Q1","Q1","Q1","Q1",0,0
"Tyler Johnson","2017-18",0,0.166666666666667,0,0.0833333333333333,"Q1","Q2","Q1","Q2",0.0555555555555556,0.109756097560976
"Tyler Ulis","2016-17",0,0,0,0,"Q1","Q1","Q1","Q1",0,0
"Tyler Zeller","2014-15",0,0,0,0,"Q1","Q1","Q1","Q1",0,0
"Tyreke Evans","2014-15",0,0,0.125,0.05,"Q1","Q1","Q2","Q2",0.0253164556962025,0.024390243902439
"Tyrese Haliburton","2021-22",0,0,0,0,"Q1","Q1","Q1","Q1",0.025974025974026,0.0487804878048781
"Tyrese Haliburton","2022-23",0,0,0,0,"Q1","Q1","Q1","Q1",0.0892857142857143,0.304878048780488
"Tyrese Maxey","2021-22",0,0,0,0,"Q1","Q1","Q1","Q1",0.04,0.0853658536585366
"Tyrese Maxey","2022-23",0,0.5,0,0.111111111111111,"Q1","Q3","Q1","Q2",0.0333333333333333,0.24390243902439
"Tyson Chandler","2013-14",0,0,0.142857142857143,0.0833333333333333,"Q1","Q1","Q2","Q2",0.0545454545454545,0.317073170731707
"Tyson Chandler","2014-15",0,0.166666666666667,0.25,0.125,"Q1","Q2","Q2","Q3",0.04,0.0609756097560976
"Tyson Chandler","2015-16",0,0,0,0,"Q1","Q1","Q1","Q1",0.0757575757575758,0.182926829268293
"Tyson Chandler","2017-18",0.25,1,0,0.555555555555556,"Q2","Q3","Q1","Q3",0.152173913043478,0.365853658536585
"Tyus Jones","2021-22",0,0.2,0,0.0833333333333333,"Q1","Q2","Q1","Q2",0.0410958904109589,0.0853658536585366
"Victor Oladipo","2013-14",0,0,0,0,"Q1","Q1","Q1","Q1",0.0125,0.024390243902439
"Victor Oladipo","2014-15",0,0,0,0,"Q1","Q1","Q1","Q1",0.0138888888888889,0.0121951219512195
"Victor Oladipo","2015-16",0,0,0,0,"Q1","Q1","Q1","Q1",0.0694444444444444,0.109756097560976
"Victor Oladipo","2016-17",0,0,0,0,"Q1","Q1","Q1","Q1",0.0149253731343284,0.109756097560976
"Victor Oladipo","2017-18",0.166666666666667,0,0,0.0769230769230769,"Q2","Q1","Q1","Q2",0.04,0.0731707317073171
"Victor Oladipo","2018-19",0,0,-Inf,0,"Q1","Q1",NA,"Q1",0.0555555555555556,0.548780487804878
"Victor Oladipo","2020-21",1,1,-Inf,1,"Q3","Q3",NA,"Q3",0.121212121212121,0.430555555555556
"Vince Carter","2015-16",0,0,0,0,"Q1","Q1","Q1","Q1",0.0166666666666667,0.0487804878048781
"Vince Carter","2016-17",0,0,0,0,"Q1","Q1","Q1","Q1",0.0273972602739726,0.0975609756097561
"Walker Kessler","2022-23",0,0,0,0,"Q1","Q1","Q1","Q1",0.0405405405405405,0.0853658536585366
"Wayne Ellington","2014-15",0,0,0,0,"Q1","Q1","Q1","Q1",0.0307692307692308,0.158536585365854
"Wayne Ellington","2015-16",0,0,0,0,"Q1","Q1","Q1","Q1",0.0263157894736842,0.024390243902439
"Wayne Ellington","2018-19",0,-Inf,0,0,"Q1",NA,"Q1","Q1",0.0188679245283019,0.037037037037037
"Wayne Ellington","2020-21",0,0.25,1,0.285714285714286,"Q1","Q2","Q3","Q3",0.0869565217391304,0.180555555555556
"Wendell Carter Jr.","2018-19",0,0,-Inf,0,"Q1","Q1",NA,"Q1",0.0227272727272727,0.451219512195122
"Wendell Carter Jr.","2019-20",0,0,-Inf,0,"Q1","Q1",NA,"Q1",0.0232558139534884,0.338461538461538
"Wendell Carter Jr.","2020-21",0,0,0,0,"Q1","Q1","Q1","Q1",0.0925925925925926,0.225352112676056
"Wendell Carter Jr.","2021-22",0,0,0,0,"Q1","Q1","Q1","Q1",0.0967741935483871,0.231707317073171
"Wendell Carter Jr.","2022-23",0,0,0,0,"Q1","Q1","Q1","Q1",0.0526315789473684,0.0731707317073171
"Wesley Johnson","2013-14",0,0,0,0,"Q1","Q1","Q1","Q1",0,0
"Wesley Johnson","2014-15",0,0,0,0,"Q1","Q1","Q1","Q1",0,0
"Wesley Johnson","2017-18",0,0,0.2,0.0833333333333333,"Q1","Q1","Q2","Q2",0,0
"Wesley Matthews","2013-14",0,0,0,0,"Q1","Q1","Q1","Q1",0,0
"Wesley Matthews","2015-16",0.333333333333333,0.25,0,0.235294117647059,"Q3","Q2","Q1","Q3",0,0
"Wesley Matthews","2016-17",0.25,0,0,0.0833333333333333,"Q2","Q1","Q1","Q2",0,0
"Wesley Matthews","2017-18",0,0,0.5,0.0909090909090909,"Q1","Q1","Q3","Q2",0,0
"Wesley Matthews","2019-20",0,0,0,0,"Q1","Q1","Q1","Q1",0,0
"Wesley Matthews","2021-22",0,0.333333333333333,0.333333333333333,0.25,"Q1","Q3","Q3","Q3",0,0
"Will Barton","2018-19",-Inf,0,0,0,NA,"Q1","Q1","Q1",0.0465116279069767,0.475609756097561
"Will Barton","2019-20",0,0,0,0,"Q1","Q1","Q1","Q1",0.0689655172413793,0.107692307692308
"Will Barton","2020-21",0,0,0,0,"Q1","Q1","Q1","Q1",0.0357142857142857,0.208333333333333
"Will Barton","2021-22",0,0.25,0,0.1,"Q1","Q2","Q1","Q2",0.0845070422535211,0.109756097560976
"Willie Cauley-Stein","2015-16",0,0,0,0,"Q1","Q1","Q1","Q1",0.0454545454545455,0.195121951219512
"Willie Cauley-Stein","2016-17",0.333333333333333,0,0,0.105263157894737,"Q3","Q1","Q1","Q2",0,0
"Willie Cauley-Stein","2017-18",0,0,0,0,"Q1","Q1","Q1","Q1",0.0410958904109589,0.109756097560976
"Willie Cauley-Stein","2018-19",0,0,0.25,0.0714285714285714,"Q1","Q1","Q2","Q2",0,0
"Willy Hernangomez","2016-17",0,0.4,0,0.153846153846154,"Q1","Q3","Q1","Q3",0,0
"Wilson Chandler","2013-14",0,0,0,0,"Q1","Q1","Q1","Q1",0.0645161290322581,0.170731707317073
"Wilson Chandler","2014-15",0,0,0.142857142857143,0.05,"Q1","Q1","Q2","Q2",0.0256410256410256,0.0365853658536585
"Wilson Chandler","2016-17",0,0,0.2,0.0588235294117647,"Q1","Q1","Q2","Q2",0.0704225352112676,0.121951219512195
"Wilson Chandler","2017-18",0.333333333333333,0,0,0.0769230769230769,"Q3","Q1","Q1","Q2",0.0540540540540541,0.0853658536585366
"Xavier Tillman, Sr.","2022-23",0,0,0.25,0.0909090909090909,"Q1","Q1","Q2","Q2",0,0
"Yogi Ferrell","2016-17",0,0,0,0,"Q1","Q1","Q1","Q1",0.0217391304347826,0.06
"Zach LaVine","2014-15",0,0,0,0,"Q1","Q1","Q1","Q1",0.012987012987013,0.024390243902439
"Zach LaVine","2018-19",0.166666666666667,0.5,0,0.166666666666667,"Q2","Q3","Q1","Q3",0.0476190476190476,0.195121951219512
"Zach LaVine","2019-20",0,0,0,0,"Q1","Q1","Q1","Q1",0.0166666666666667,0.0769230769230769
"Zach LaVine","2020-21",0,0,0,0,"Q1","Q1","Q1","Q1",0.0517241379310345,0.180555555555556
"Zach LaVine","2021-22",0,0,0.25,0.0909090909090909,"Q1","Q1","Q2","Q2",0.0895522388059701,0.158536585365854
"Zach LaVine","2022-23",0.333333333333333,0,0,0.0769230769230769,"Q3","Q1","Q1","Q2",0,0
"Zach Randolph","2013-14",0,0,0,0,"Q1","Q1","Q1","Q1",0.0253164556962025,0.0365853658536585
"Zach Randolph","2014-15",0,0,0.2,0.117647058823529,"Q1","Q1","Q2","Q2",0.0140845070422535,0.109756097560976
"Zach Randolph","2015-16",0,0,0,0,"Q1","Q1","Q1","Q1",0.0441176470588235,0.170731707317073
"Zach Randolph","2016-17",0,0,0,0,"Q1","Q1","Q1","Q1",0,0
"Zach Randolph","2017-18",0,0,0.75,0.230769230769231,"Q1","Q1","Q3","Q3",0.0677966101694915,0.158536585365854
"Zaza Pachulia","2014-15",0,0,0,0,"Q1","Q1","Q1","Q1",0,0
"Zaza Pachulia","2015-16",0,0.285714285714286,0,0.125,"Q1","Q3","Q1","Q3",0,0
"Zaza Pachulia","2016-17",0,0,0,0,"Q1","Q1","Q1","Q1",0,0
"Zion Williamson","2020-21",0,0.2,0,0.0833333333333333,"Q1","Q2","Q1","Q2",0.0491803278688525,0.125
