"Date","Team","Acquired","Relinquished","Notes","Player","Season"
2015-12-08,"Magic","","• Aaron Gordon","ankle injury (DTD)","Aaron Gordon","2015-16"
2015-12-09,"Magic","• Aaron Gordon","","returned to lineup","Aaron Gordon","2015-16"
2016-04-07,"Magic","","• Aaron Gordon","concussion (DTD)","Aaron Gordon","2015-16"
2016-04-08,"Magic","","• Aaron Gordon","placed on IL with concussion","Aaron Gordon","2015-16"
2016-04-13,"Magic","• Aaron Gordon","","activated from IL","Aaron Gordon","2015-16"
2017-02-08,"Magic","","• Aaron Gordon","bone bruise in right foot (DTD)","Aaron Gordon","2016-17"
2017-02-13,"Magic","• Aaron Gordon","","returned to lineup","Aaron Gordon","2016-17"
2017-10-20,"Magic","","• Aaron Gordon","placed on IL with sore left ankle","Aaron Gordon","2017-18"
2017-10-24,"Magic","• Aaron Gordon","","activated from IL","Aaron Gordon","2017-18"
2017-12-09,"Magic","","• Aaron Gordon","concussion (DTD)","Aaron Gordon","2017-18"
2017-12-13,"Magic","","• Aaron Gordon","placed on IL with concussion","Aaron Gordon","2017-18"
2017-12-15,"Magic","• Aaron Gordon","","activated from IL","Aaron Gordon","2017-18"
2017-12-16,"Magic","","• Aaron Gordon","strained right calf (DTD)","Aaron Gordon","2017-18"
2017-12-17,"Magic","","• Aaron Gordon","placed on IL with strained right calf (DTD)","Aaron Gordon","2017-18"
2017-12-28,"Magic","• Aaron Gordon","","activated from IL","Aaron Gordon","2017-18"
2018-01-30,"Magic","","• Aaron Gordon","strained left hip flexor (DTD)","Aaron Gordon","2017-18"
2018-02-22,"Magic","• Aaron Gordon","","returned to lineup","Aaron Gordon","2017-18"
2018-03-09,"Magic","","• Aaron Gordon","concussion (DTD)","Aaron Gordon","2017-18"
2018-03-19,"Magic","• Aaron Gordon","","returned to lineup","Aaron Gordon","2017-18"
2018-04-06,"Magic","","• Aaron Gordon","sore right calf (DTD)","Aaron Gordon","2017-18"
2018-04-08,"Magic","• Aaron Gordon","","returned to lineup","Aaron Gordon","2017-18"
2018-11-11,"Magic","","• Aaron Gordon","placed on IL with sprained left ankle","Aaron Gordon","2018-19"
2018-11-12,"Magic","• Aaron Gordon","","activated from IL","Aaron Gordon","2018-19"
2018-11-28,"Magic","","• Aaron Gordon","placed on IL with tightness in lower back","Aaron Gordon","2018-19"
2018-11-30,"Magic","• Aaron Gordon","","activated from IL","Aaron Gordon","2018-19"
2019-01-19,"Magic","","• Aaron Gordon","sore lower back (DTD)","Aaron Gordon","2018-19"
2019-01-21,"Magic","","• Aaron Gordon","placed on IL with sore lower back","Aaron Gordon","2018-19"
2019-01-23,"Magic","• Aaron Gordon","","activated from IL","Aaron Gordon","2018-19"
2019-11-21,"Magic","","• Aaron Gordon","bruised right ankle (out indefinitely)","Aaron Gordon","2019-20"
2019-11-23,"Magic","","• Aaron Gordon","placed on IL with bruised right ankle","Aaron Gordon","2019-20"
2019-11-29,"Magic","• Aaron Gordon","","activated from IL","Aaron Gordon","2019-20"
2019-12-30,"Magic","","• Aaron Gordon","placed on IL with left Achilles injury","Aaron Gordon","2019-20"
2020-01-03,"Magic","• Aaron Gordon","","activated from IL","Aaron Gordon","2019-20"
2020-01-10,"Magic","","• Aaron Gordon","placed on IL with right calf injury","Aaron Gordon","2019-20"
2020-01-13,"Magic","• Aaron Gordon","","activated from IL","Aaron Gordon","2019-20"
2020-03-02,"Magic","","• Aaron Gordon","placed on IL with right knee inflammation","Aaron Gordon","2019-20"
2020-03-04,"Magic","• Aaron Gordon","","activated from IL","Aaron Gordon","2019-20"
2021-01-08,"Magic","","• Aaron Gordon","left hamstring injury (DTD)","Aaron Gordon","2020-21"
2021-01-09,"Magic","• Aaron Gordon","","returned to lineup","Aaron Gordon","2020-21"
2021-01-24,"Magic","","• Aaron Gordon","hip injury (DTD)","Aaron Gordon","2020-21"
2021-01-25,"Magic","• Aaron Gordon","","returned to lineup","Aaron Gordon","2020-21"
2021-02-01,"Magic","","• Aaron Gordon","placed on IL with sprained left ankle","Aaron Gordon","2020-21"
2021-03-11,"Magic","• Aaron Gordon","","activated from IL","Aaron Gordon","2020-21"
2021-03-12,"Magic","","• Aaron Gordon","left ankle injury (DTD)","Aaron Gordon","2020-21"
2021-03-18,"Magic","• Aaron Gordon","","returned to lineup","Aaron Gordon","2020-21"
2021-03-26,"Nuggets","","• Aaron Gordon","placed on IL with NBA health and safety protocols","Aaron Gordon","2020-21"
2021-03-28,"Nuggets","• Aaron Gordon","","activated from IL","Aaron Gordon","2020-21"
2021-12-23,"Nuggets","","• Aaron Gordon","placed on IL with left hamstring injury","Aaron Gordon","2021-22"
2022-01-01,"Nuggets","• Aaron Gordon","","activated from IL","Aaron Gordon","2021-22"
2022-02-02,"Nuggets","","• Aaron Gordon","placed on IL with left hamstring injury","Aaron Gordon","2021-22"
2022-02-03,"Nuggets","• Aaron Gordon","","activated from IL","Aaron Gordon","2021-22"
2022-02-04,"Nuggets","","• Aaron Gordon","placed on IL with left hamstring injury","Aaron Gordon","2021-22"
2022-02-06,"Nuggets","• Aaron Gordon","","activated from IL","Aaron Gordon","2021-22"
2022-03-12,"Nuggets","","• Aaron Gordon","placed on IL with sore right foot","Aaron Gordon","2021-22"
2022-03-14,"Nuggets","• Aaron Gordon","","activated from IL","Aaron Gordon","2021-22"
2022-04-10,"Nuggets","","• Aaron Gordon","placed on IL with left hamstring injury (out for season)","Aaron Gordon","2021-22"
2022-11-16,"Nuggets","","• Aaron Gordon","placed on IL with illness","Aaron Gordon","2022-23"
2022-11-22,"Nuggets","• Aaron Gordon","","activated from IL","Aaron Gordon","2022-23"
2022-12-27,"Nuggets","","• Aaron Gordon","placed on IL with strained right shoulder","Aaron Gordon","2022-23"
2022-12-30,"Nuggets","• Aaron Gordon","","activated from IL","Aaron Gordon","2022-23"
2023-02-02,"Nuggets","","• Aaron Gordon","placed on IL with sprained left ankle","Aaron Gordon","2022-23"
2023-02-04,"Nuggets","• Aaron Gordon","","activated from IL","Aaron Gordon","2022-23"
2023-02-05,"Nuggets","","• Aaron Gordon","placed on IL with sprained left ankle","Aaron Gordon","2022-23"
2023-02-07,"Nuggets","• Aaron Gordon","","activated from IL","Aaron Gordon","2022-23"
2023-02-11,"Nuggets","","• Aaron Gordon","placed on IL with bruised left ribcage","Aaron Gordon","2022-23"
2023-02-26,"Nuggets","• Aaron Gordon","","activated from IL","Aaron Gordon","2022-23"
2023-04-06,"Nuggets","","• Aaron Gordon","placed on IL with right shoulder inflammation","Aaron Gordon","2022-23"
2023-04-08,"Nuggets","• Aaron Gordon","","activated from IL","Aaron Gordon","2022-23"
2022-10-29,"Pacers","","• Aaron Nesmith","right foot injury (DTD)","Aaron Nesmith","2022-23"
2022-11-09,"Pacers","• Aaron Nesmith","","returned to lineup","Aaron Nesmith","2022-23"
2022-12-23,"Pacers","","• Aaron Nesmith","placed on IL with sprained right ankle","Aaron Nesmith","2022-23"
2022-12-26,"Pacers","• Aaron Nesmith","","activated from IL","Aaron Nesmith","2022-23"
2023-01-11,"Pacers","","• Aaron Nesmith","placed on IL with illness","Aaron Nesmith","2022-23"
2023-01-14,"Pacers","• Aaron Nesmith","","activated from IL","Aaron Nesmith","2022-23"
2023-03-05,"Pacers","","• Aaron Nesmith","placed on IL with sore left hip","Aaron Nesmith","2022-23"
2023-03-09,"Pacers","• Aaron Nesmith","","activated from IL","Aaron Nesmith","2022-23"
2014-12-30,"Hawks","","• Al Horford","illness (DTD)","Al Horford","2014-15"
2015-01-02,"Hawks","• Al Horford","","returned to lineup","Al Horford","2014-15"
2015-01-14,"Hawks","","• Al Horford","placed on IL for rest","Al Horford","2014-15"
2015-01-16,"Hawks","• Al Horford","","activated from IL","Al Horford","2014-15"
2015-02-28,"Hawks","","• Al Horford","family reasons (DTD)","Al Horford","2014-15"
2015-03-03,"Hawks","• Al Horford","","returned to lineup","Al Horford","2014-15"
2015-03-16,"Hawks","","• Al Horford","rest (DTD)","Al Horford","2014-15"
2015-03-18,"Hawks","• Al Horford","","returned to lineup","Al Horford","2014-15"
2015-03-28,"Hawks","","• Al Horford","rest (DTD)","Al Horford","2014-15"
2015-03-30,"Hawks","• Al Horford","","returned to lineup","Al Horford","2014-15"
2015-04-12,"Hawks","","• Al Horford","rest (DTD)","Al Horford","2014-15"
2015-04-13,"Hawks","• Al Horford","","returned to lineup","Al Horford","2014-15"
2016-11-02,"Celtics","","• Al Horford","placed on IL with concussion","Al Horford","2016-17"
2016-11-19,"Celtics","• Al Horford","","activated from IL","Al Horford","2016-17"
2016-11-28,"Celtics","","• Al Horford","placed on IL for personal reasons","Al Horford","2016-17"
2016-11-30,"Celtics","• Al Horford","","activated from IL","Al Horford","2016-17"
2016-12-02,"Celtics","• Al Horford","","activated from IL","Al Horford","2016-17"
2017-01-27,"Celtics","","• Al Horford","groin injury (DTD)","Al Horford","2016-17"
2017-01-27,"Celtics","","• Al Horford","placed on IL with sore left groin","Al Horford","2016-17"
2017-01-30,"Celtics","• Al Horford","","activated from IL","Al Horford","2016-17"
2017-03-05,"Celtics","","• Al Horford","placed on IL with sprained right elbow","Al Horford","2016-17"
2017-03-08,"Celtics","• Al Horford","","activated from IL","Al Horford","2016-17"
2017-11-08,"Celtics","","• Al Horford","placed on IL with concussion","Al Horford","2017-18"
2017-11-12,"Celtics","• Al Horford","","activated from IL","Al Horford","2017-18"
2017-12-13,"Celtics","","• Al Horford","placed on IL for rest","Al Horford","2017-18"
2017-12-15,"Celtics","• Al Horford","","activated from IL","Al Horford","2017-18"
2018-01-06,"Celtics","","• Al Horford","sore left calf / knee injury (DTD)","Al Horford","2017-18"
2018-01-11,"Celtics","• Al Horford","","returned to lineup","Al Horford","2017-18"
2018-01-24,"Celtics","","• Al Horford","concussion (DTD)","Al Horford","2017-18"
2018-01-27,"Celtics","• Al Horford","","returned to lineup","Al Horford","2017-18"
2018-03-11,"Celtics","","• Al Horford","placed on IL with illness","Al Horford","2017-18"
2018-03-16,"Celtics","• Al Horford","","activated from IL","Al Horford","2017-18"
2018-03-28,"Celtics","","• Al Horford","ankle injury (DTD)","Al Horford","2017-18"
2018-03-31,"Celtics","• Al Horford","","returned to lineup","Al Horford","2017-18"
2018-04-06,"Celtics","","• Al Horford","placed on IL for rest","Al Horford","2017-18"
2018-04-08,"Celtics","• Al Horford","","activated from IL","Al Horford","2017-18"
2018-04-11,"Celtics","","• Al Horford","placed on IL for rest","Al Horford","2017-18"
2018-04-15,"Celtics","• Al Horford","","activated from IL","Al Horford","2017-18"
2018-11-23,"Celtics","","• Al Horford","placed on IL with sore left knee","Al Horford","2018-19"
2018-11-24,"Celtics","• Al Horford","","activated from IL","Al Horford","2018-19"
2018-11-30,"Celtics","","• Al Horford","placed on IL","Al Horford","2018-19"
2018-12-01,"Celtics","• Al Horford","","activated from IL","Al Horford","2018-19"
2018-12-08,"Celtics","","• Al Horford","sore left knee (DTD)","Al Horford","2018-19"
2018-12-10,"Celtics","","• Al Horford","placed on IL with sore left knee","Al Horford","2018-19"
2018-12-23,"Celtics","• Al Horford","","activated from IL","Al Horford","2018-19"
2019-01-23,"Celtics","","• Al Horford","placed on IL","Al Horford","2018-19"
2019-01-26,"Celtics","• Al Horford","","activated from IL","Al Horford","2018-19"
2019-03-22,"Celtics","","• Al Horford","sore left knee (DTD)","Al Horford","2018-19"
2019-03-23,"Celtics","","• Al Horford","placed on IL with sore left knee","Al Horford","2018-19"
2019-03-26,"Celtics","• Al Horford","","activated from IL","Al Horford","2018-19"
2019-03-30,"Celtics","","• Al Horford","placed on IL with sore left knee","Al Horford","2018-19"
2019-04-01,"Celtics","• Al Horford","","activated from IL","Al Horford","2018-19"
2019-04-08,"Celtics","","• Al Horford","sore left knee (DTD)","Al Horford","2018-19"
2019-04-09,"Celtics","","• Al Horford","placed on IL with sore left knee","Al Horford","2018-19"
2019-04-14,"Celtics","• Al Horford","","activated from IL","Al Horford","2018-19"
2019-12-12,"76ers","","• Al Horford","sore left knee (DTD)","Al Horford","2019-20"
2019-12-13,"76ers","","• Al Horford","placed on IL with sore left knee","Al Horford","2019-20"
2019-12-15,"76ers","• Al Horford","","activated from IL","Al Horford","2019-20"
2020-01-30,"76ers","","• Al Horford","placed on IL with sore left knee","Al Horford","2019-20"
2020-02-01,"76ers","• Al Horford","","activated from IL","Al Horford","2019-20"
2021-01-13,"Thunder","","• Al Horford","placed on IL for personal reasons","Al Horford","2020-21"
2021-01-27,"Thunder","• Al Horford","","activated from IL","Al Horford","2020-21"
2021-10-19,"Celtics","","• Al Horford","placed on IL with NBA health and safety protocols","Al Horford","2021-22"
2021-10-22,"Celtics","• Al Horford","","activated from IL","Al Horford","2021-22"
2021-10-25,"Celtics","","• Al Horford","placed on IL with strained left adductor","Al Horford","2021-22"
2021-10-27,"Celtics","• Al Horford","","activated from IL","Al Horford","2021-22"
2021-11-13,"Celtics","","• Al Horford","placed on IL with sore lower back","Al Horford","2021-22"
2021-11-15,"Celtics","• Al Horford","","activated from IL","Al Horford","2021-22"
2021-12-04,"Celtics","","• Al Horford","placed on IL with back injury","Al Horford","2021-22"
2021-12-06,"Celtics","• Al Horford","","activated from IL","Al Horford","2021-22"
2021-12-17,"Celtics","","• Al Horford","placed on IL with NBA health and safety protocols","Al Horford","2021-22"
2021-12-26,"Celtics","• Al Horford","","activated from IL","Al Horford","2021-22"
2022-03-26,"Celtics","","• Al Horford","placed on IL for personal reasons","Al Horford","2021-22"
2022-03-29,"Celtics","• Al Horford","","activated from IL","Al Horford","2021-22"
2022-04-07,"Celtics","","• Al Horford","placed on IL with sore lower back","Al Horford","2021-22"
2022-04-09,"Celtics","• Al Horford","","activated from IL","Al Horford","2021-22"
2022-11-28,"Celtics","","• Al Horford","placed on IL with tightness in lower back","Al Horford","2022-23"
2022-11-30,"Celtics","• Al Horford","","activated from IL","Al Horford","2022-23"
2022-12-05,"Celtics","","• Al Horford","placed on IL with lower back injury","Al Horford","2022-23"
2022-12-16,"Celtics","• Al Horford","","activated from IL","Al Horford","2022-23"
2023-01-12,"Celtics","","• Al Horford","placed on IL with lower back injury","Al Horford","2022-23"
2023-01-14,"Celtics","• Al Horford","","activated from IL","Al Horford","2022-23"
2023-01-24,"Celtics","","• Al Horford","placed on IL with lower back injury","Al Horford","2022-23"
2023-01-25,"Celtics","• Al Horford","","activated from IL","Al Horford","2022-23"
2023-02-08,"Celtics","","• Al Horford","placed on IL with swollen right knee","Al Horford","2022-23"
2023-02-12,"Celtics","• Al Horford","","activated from IL","Al Horford","2022-23"
2023-02-14,"Celtics","","• Al Horford","placed on IL with swollen right knee","Al Horford","2022-23"
2023-02-15,"Celtics","• Al Horford","","activated from IL","Al Horford","2022-23"
2023-03-06,"Celtics","","• Al Horford","lower back injury (DTD)","Al Horford","2022-23"
2023-03-07,"Celtics","• Al Horford","","returned to lineup","Al Horford","2022-23"
2023-03-18,"Celtics","","• Al Horford","lower back injury (DTD)","Al Horford","2022-23"
2023-03-20,"Celtics","• Al Horford","","returned to lineup","Al Horford","2022-23"
2023-03-31,"Celtics","","• Al Horford","placed on IL with lower back injury","Al Horford","2022-23"
2023-04-03,"Celtics","• Al Horford","","activated from IL","Al Horford","2022-23"
2023-04-05,"Celtics","","• Al Horford","placed on IL with tightness in lower back","Al Horford","2022-23"
2023-04-06,"Celtics","• Al Horford","","activated from IL","Al Horford","2022-23"
2023-04-08,"Celtics","","• Al Horford","placed on IL with back injury","Al Horford","2022-23"
2023-04-15,"Celtics","• Al Horford","","activated from IL","Al Horford","2022-23"
2013-11-01,"Bobcats","","• Al Jefferson","placed on IL with sprained right ankle","Al Jefferson","2013-14"
2013-11-11,"Bobcats","• Al Jefferson","","activated from IL","Al Jefferson","2013-14"
2013-11-15,"Bobcats","","• Al Jefferson","placed on IL with ankle injury","Al Jefferson","2013-14"
2013-11-22,"Bobcats","• Al Jefferson","","activated from IL","Al Jefferson","2013-14"
2014-04-28,"Bobcats","","• Al Jefferson","strained plantar fascia in left foot (DNP)","Al Jefferson","2013-14"
2014-12-31,"Hornets","","• Al Jefferson","strained adductor muscle in left groin (out indefinitely)","Al Jefferson","2014-15"
2014-12-31,"Hornets","","• Al Jefferson","placed on IL with strained adductor muscle in left groin","Al Jefferson","2014-15"
2015-01-19,"Hornets","• Al Jefferson","","activated from IL","Al Jefferson","2014-15"
2015-03-13,"Hornets","","• Al Jefferson","placed on IL with strained right knee / right calf injury (P)","Al Jefferson","2014-15"
2015-03-16,"Hornets","• Al Jefferson","","activated from IL","Al Jefferson","2014-15"
2015-04-04,"Hornets","","• Al Jefferson","sore right knee (out for season)","Al Jefferson","2014-15"
2015-11-30,"Hornets","","• Al Jefferson","strained left calf (out indefinitely)","Al Jefferson","2015-16"
2015-12-02,"Hornets","","• Al Jefferson","placed on IL with strained left calf","Al Jefferson","2015-16"
2015-12-16,"Hornets","• Al Jefferson","","activated from IL","Al Jefferson","2015-16"
2015-12-30,"Hornets","","• Al Jefferson","torn lateral meniscus in right knee (out indefinitely)","Al Jefferson","2015-16"
2015-12-31,"Hornets","","• Al Jefferson","surgery on right knee to repair torn lateral meniscus (out indefinitely)","Al Jefferson","2015-16"
2016-01-01,"Hornets","","• Al Jefferson","placed on IL recovering from surgery on right knee to repair torn lateral meniscus","Al Jefferson","2015-16"
2016-02-19,"Hornets","• Al Jefferson","","activated from IL","Al Jefferson","2015-16"
2016-04-03,"Hornets","","• Al Jefferson","placed on IL with bruised right quadriceps","Al Jefferson","2015-16"
2016-04-05,"Hornets","• Al Jefferson","","activated from IL","Al Jefferson","2015-16"
2017-11-02,"Blazers","","• Al-Farouq Aminu","placed on IL with sprained right ankle","Al-Farouq Aminu","2017-18"
2017-11-30,"Blazers","• Al-Farouq Aminu","","activated from IL","Al-Farouq Aminu","2017-18"
2021-12-12,"Knicks","","• Alec Burks","placed on IL for personal reasons","Alec Burks","2021-22"
2021-12-13,"Knicks","• Alec Burks","","activated from IL","Alec Burks","2021-22"
2017-10-22,"Lakers","","• Alex Caruso","placed on IL","Alex Caruso","2017-18"
2017-12-20,"Lakers","• Alex Caruso","","activated from IL","Alex Caruso","2017-18"
2018-01-05,"Lakers","","• Alex Caruso","placed on IL","Alex Caruso","2017-18"
2018-01-17,"Lakers","• Alex Caruso","","activated from IL","Alex Caruso","2017-18"
2018-02-15,"Lakers","","• Alex Caruso","placed on IL","Alex Caruso","2017-18"
2018-02-24,"Lakers","• Alex Caruso","","activated from IL","Alex Caruso","2017-18"
2018-02-26,"Lakers","","• Alex Caruso","placed on IL","Alex Caruso","2017-18"
2018-03-07,"Lakers","• Alex Caruso","","activated from IL","Alex Caruso","2017-18"
2021-11-22,"Bulls","","• Alex Caruso","placed on IL with left wrist injury","Alex Caruso","2021-22"
2021-11-24,"Bulls","• Alex Caruso","","activated from IL","Alex Caruso","2021-22"
2021-12-06,"Bulls","","• Alex Caruso","placed on IL with strained right hamstring","Alex Caruso","2021-22"
2021-12-11,"Bulls","• Alex Caruso","","activated from IL","Alex Caruso","2021-22"
2021-12-21,"Bulls","","• Alex Caruso","placed on IL with sprained left foot","Alex Caruso","2021-22"
2022-01-19,"Bulls","• Alex Caruso","","activated from IL","Alex Caruso","2021-22"
2022-01-22,"Bulls","","• Alex Caruso","fractured right wrist (out indefinitely)","Alex Caruso","2021-22"
2022-01-24,"Bulls","","• Alex Caruso","placed on IL with fractured right wrist","Alex Caruso","2021-22"
2022-03-12,"Bulls","• Alex Caruso","","activated from IL","Alex Caruso","2021-22"
2022-04-06,"Bulls","","• Alex Caruso","placed on IL with bruised lower back","Alex Caruso","2021-22"
2022-04-16,"Bulls","• Alex Caruso","","activated from IL","Alex Caruso","2021-22"
2022-04-27,"Bulls","","• Alex Caruso","placed on IL with concussion protocol (out for season)","Alex Caruso","2021-22"
2014-10-07,"Suns","","• Alex Len","fractured right pinky finger (out indefinitely)","Alex Len","2014-15"
2015-02-06,"Suns","","• Alex Len","sprained right ankle (out indefinitely)","Alex Len","2014-15"
2015-02-20,"Suns","• Alex Len","","returned to lineup","Alex Len","2014-15"
2015-03-07,"Suns","","• Alex Len","sprained right ankle (DTD)","Alex Len","2014-15"
2015-03-09,"Suns","• Alex Len","","returned to lineup","Alex Len","2014-15"
2015-03-14,"Suns","","• Alex Len","sprained right ankle (DTD)","Alex Len","2014-15"
2015-03-21,"Suns","• Alex Len","","returned to lineup","Alex Len","2014-15"
2015-04-02,"Suns","","• Alex Len","fractured nose (out for season)","Alex Len","2014-15"
2015-04-04,"Suns","","• Alex Len","placed on IL with fractured nose (out for season)","Alex Len","2014-15"
2015-04-07,"Suns","• Alex Len","","activated from IL","Alex Len","2014-15"
2015-04-07,"Suns","","• Alex Len","fractured nose (out for season)","Alex Len","2014-15"
2016-01-12,"Suns","","• Alex Len","sprained left hand (DTD)","Alex Len","2015-16"
2016-01-19,"Suns","• Alex Len","","returned to lineup","Alex Len","2015-16"
2016-02-19,"Suns","","• Alex Len","sprained right ankle (DTD)","Alex Len","2015-16"
2016-02-21,"Suns","• Alex Len","","returned to lineup","Alex Len","2015-16"
2016-12-12,"Suns","","• Alex Len","bruised right hip (DTD)","Alex Len","2016-17"
2016-12-15,"Suns","","• Alex Len","placed on IL","Alex Len","2016-17"
2016-12-17,"Suns","• Alex Len","","activated from IL","Alex Len","2016-17"
2017-03-11,"Suns","","• Alex Len","hip injury (DTD)","Alex Len","2016-17"
2017-03-12,"Suns","","• Alex Len","bruised right hip (DTD)","Alex Len","2016-17"
2017-03-15,"Suns","• Alex Len","","returned to lineup","Alex Len","2016-17"
2021-01-14,"Raptors","","• Alex Len","placed on IL for personal reasons","Alex Len","2020-21"
2021-01-17,"Raptors","","• Alex Len","placed on IL for NBA health and safety protocols","Alex Len","2020-21"
2021-01-19,"Raptors","• Alex Len","","activated from IL","Alex Len","2020-21"
2016-11-17,"Pelicans","","• Alexis Ajinca / Alex Ajinca","strained left shoulder (DTD)","Alexis Ajinca","2016-17"
2016-11-27,"Pelicans","• Alexis Ajinca / Alex Ajinca","","returned to lineup","Alexis Ajinca","2016-17"
2017-01-14,"Pelicans","","• Alexis Ajinca / Alex Ajinca","placed on IL","Alexis Ajinca","2016-17"
2017-01-16,"Pelicans","• Alexis Ajinca / Alex Ajinca","","activated from IL","Alexis Ajinca","2016-17"
2017-01-20,"Pelicans","","• Alexis Ajinca / Alex Ajinca","placed on IL","Alexis Ajinca","2016-17"
2017-01-23,"Pelicans","• Alexis Ajinca / Alex Ajinca","","activated from IL","Alexis Ajinca","2016-17"
2017-02-10,"Pelicans","","• Alexis Ajinca / Alex Ajinca","personal reasons (DTD)","Alexis Ajinca","2016-17"
2017-02-12,"Pelicans","• Alexis Ajinca / Alex Ajinca","","returned to lineup","Alexis Ajinca","2016-17"
2017-03-19,"Pelicans","","• Alexis Ajinca / Alex Ajinca","personal reasons (DTD)","Alexis Ajinca","2016-17"
2017-03-21,"Pelicans","• Alexis Ajinca / Alex Ajinca","","returned to lineup","Alexis Ajinca","2016-17"
2017-03-31,"Pelicans","","• Alexis Ajinca / Alex Ajinca","hip injury (DTD)","Alexis Ajinca","2016-17"
2017-04-02,"Pelicans","• Alexis Ajinca / Alex Ajinca","","returned to lineup","Alexis Ajinca","2016-17"
2017-11-26,"Nets","","• Allen Crabbe","sore lower back (DTD)","Allen Crabbe","2017-18"
2017-12-02,"Nets","• Allen Crabbe","","returned to lineup","Allen Crabbe","2017-18"
2017-12-15,"Nets","","• Allen Crabbe","sore left ankle / knee (DTD)","Allen Crabbe","2017-18"
2017-12-17,"Nets","• Allen Crabbe","","returned to lineup","Allen Crabbe","2017-18"
2018-03-16,"Nets","","• Allen Crabbe","placed on IL with illness","Allen Crabbe","2017-18"
2018-03-19,"Nets","• Allen Crabbe","","activated from IL","Allen Crabbe","2017-18"
2018-04-03,"Nets","","• Allen Crabbe","placed on IL with illness","Allen Crabbe","2017-18"
2018-04-05,"Nets","• Allen Crabbe","","activated from IL","Allen Crabbe","2017-18"
2016-03-29,"Pelicans","","• Alonzo Gee","torn right quadricep (out for season)","Alonzo Gee","2015-16"
2022-10-24,"Rockets","","• Alperen Sengun","illness (DTD)","Alperen Sengun","2022-23"
2023-03-13,"Rockets","","• Alperen Sengun","placed on IL with strained left groin","Alperen Sengun","2022-23"
2023-03-15,"Rockets","• Alperen Sengun","","activated from IL","Alperen Sengun","2022-23"
2014-02-10,"Raptors","","• Amir Johnson","placed on IL with ankle injury","Amir Johnson","2013-14"
2014-02-18,"Raptors","• Amir Johnson","","activated from IL","Amir Johnson","2013-14"
2014-04-04,"Raptors","","• Amir Johnson","placed on IL with right ankle injury","Amir Johnson","2013-14"
2014-04-11,"Raptors","• Amir Johnson","","activated from IL","Amir Johnson","2013-14"
2014-11-02,"Raptors","","• Amir Johnson","placed on IL with sprained left ankle","Amir Johnson","2014-15"
2014-11-07,"Raptors","• Amir Johnson","","activated from IL","Amir Johnson","2014-15"
2015-01-30,"Raptors","","• Amir Johnson","placed on IL","Amir Johnson","2014-15"
2015-04-04,"Raptors","","• Amir Johnson","sprained right ankle (DTD)","Amir Johnson","2014-15"
2015-04-08,"Raptors","","• Amir Johnson","placed on IL with sprained right ankle","Amir Johnson","2014-15"
2015-04-14,"Raptors","• Amir Johnson","","activated from IL","Amir Johnson","2014-15"
2015-12-21,"Celtics","","• Amir Johnson","placed on IL with foot injury","Amir Johnson","2015-16"
2015-12-26,"Celtics","• Amir Johnson","","activated from IL","Amir Johnson","2015-16"
2016-01-22,"Celtics","","• Amir Johnson","personal reasons (DTD)","Amir Johnson","2015-16"
2016-01-24,"Celtics","• Amir Johnson","","returned to lineup","Amir Johnson","2015-16"
2017-01-11,"Celtics","","• Amir Johnson","sprained left ankle (DTD)","Amir Johnson","2016-17"
2017-01-13,"Celtics","• Amir Johnson","","returned to lineup","Amir Johnson","2016-17"
2017-04-08,"Celtics","","• Amir Johnson","placed on IL with illness","Amir Johnson","2016-17"
2017-04-10,"Celtics","• Amir Johnson","","activated from IL","Amir Johnson","2016-17"
2014-01-28,"Cavaliers","","• Anderson Varejao","placed on IL with bruised left knee","Anderson Varejao","2013-14"
2014-02-01,"Cavaliers","• Anderson Varejao","","activated from IL","Anderson Varejao","2013-14"
2014-02-01,"Cavaliers","","• Anderson Varejao","bruised left knee (DNP)","Anderson Varejao","2013-14"
2014-02-11,"Cavaliers","","• Anderson Varejao","sore back (DNP)","Anderson Varejao","2013-14"
2014-02-12,"Cavaliers","","• Anderson Varejao","placed on IL with sore back","Anderson Varejao","2013-14"
2014-02-18,"Cavaliers","• Anderson Varejao","","activated from IL","Anderson Varejao","2013-14"
2014-02-18,"Cavaliers","","• Anderson Varejao","sore back (DNP)","Anderson Varejao","2013-14"
2014-02-21,"Cavaliers","","• Anderson Varejao","sore back (DNP)","Anderson Varejao","2013-14"
2014-02-23,"Cavaliers","","• Anderson Varejao","placed on IL with sore back","Anderson Varejao","2013-14"
2014-03-08,"Cavaliers","• Anderson Varejao","","activated from IL","Anderson Varejao","2013-14"
2014-04-02,"Cavaliers","","• Anderson Varejao","sprained AC joint in right shoulder (DNP)","Anderson Varejao","2013-14"
2014-04-16,"Cavaliers","","• Anderson Varejao","DNP","Anderson Varejao","2013-14"
2014-03-19,"Pistons","","• Andre Drummond","strained neck (DNP)","Andre Drummond","2013-14"
2016-04-13,"Pistons","","• Andre Drummond","rest (DTD)","Andre Drummond","2015-16"
2016-11-14,"Pistons","","• Andre Drummond","placed on IL with sore/sprained right ankle","Andre Drummond","2016-17"
2016-11-16,"Pistons","• Andre Drummond","","activated from IL","Andre Drummond","2016-17"
2018-01-03,"Pistons","","• Andre Drummond","bruised right rib (DTD)","Andre Drummond","2017-18"
2018-01-05,"Pistons","• Andre Drummond","","returned to lineup","Andre Drummond","2017-18"
2018-01-06,"Pistons","","• Andre Drummond","bruised right rib (DTD)","Andre Drummond","2017-18"
2018-01-08,"Pistons","• Andre Drummond","","returned to lineup","Andre Drummond","2017-18"
2018-04-09,"Pistons","","• Andre Drummond","placed on IL with sore Achilles (out for season)","Andre Drummond","2017-18"
2019-01-19,"Pistons","","• Andre Drummond","placed on IL with concussion","Andre Drummond","2018-19"
2019-01-25,"Pistons","• Andre Drummond","","activated from IL","Andre Drummond","2018-19"
2019-12-14,"Pistons","","• Andre Drummond","left eye injury (DTD)","Andre Drummond","2019-20"
2019-12-18,"Pistons","• Andre Drummond","","returned to lineup","Andre Drummond","2019-20"
2020-01-22,"Pistons","","• Andre Drummond","mouth injury (DTD)","Andre Drummond","2019-20"
2020-01-25,"Pistons","• Andre Drummond","","returned to lineup","Andre Drummond","2019-20"
2020-02-26,"Cavaliers","","• Andre Drummond","placed on IL with strained left calf","Andre Drummond","2019-20"
2020-02-29,"Cavaliers","• Andre Drummond","","activated from IL","Andre Drummond","2019-20"
2020-03-02,"Cavaliers","","• Andre Drummond","strained left calf (DTD)","Andre Drummond","2019-20"
2020-03-08,"Cavaliers","• Andre Drummond","","returned to lineup","Andre Drummond","2019-20"
2021-10-24,"76ers","","• Andre Drummond","sprained right ankle (DTD)","Andre Drummond","2021-22"
2021-10-26,"76ers","• Andre Drummond","","returned to lineup","Andre Drummond","2021-22"
2021-12-19,"76ers","","• Andre Drummond","placed on IL with NBA health and safety protocols","Andre Drummond","2021-22"
2021-12-30,"76ers","• Andre Drummond","","activated from IL","Andre Drummond","2021-22"
2022-03-01,"Nets","","• Andre Drummond","sore left knee (DTD)","Andre Drummond","2021-22"
2022-03-03,"Nets","• Andre Drummond","","returned to lineup","Andre Drummond","2021-22"
2022-03-21,"Nets","","• Andre Drummond","illness (DTD)","Andre Drummond","2021-22"
2022-03-22,"Nets","• Andre Drummond","","returned to lineup","Andre Drummond","2021-22"
2013-11-23,"Warriors","","• Andre Iguodala","placed on IL with strained left hamstring","Andre Iguodala","2013-14"
2013-12-17,"Warriors","• Andre Iguodala","","activated from IL","Andre Iguodala","2013-14"
2014-03-18,"Warriors","","• Andre Iguodala","placed on IL with right knee injury","Andre Iguodala","2013-14"
2014-03-28,"Warriors","• Andre Iguodala","","activated from IL","Andre Iguodala","2013-14"
2014-04-02,"Warriors","","• Andre Iguodala","right knee injury (DNP)","Andre Iguodala","2013-14"
2014-04-11,"Warriors","","• Andre Iguodala","right knee tendinitis (DNP)","Andre Iguodala","2013-14"
2014-04-14,"Warriors","","• Andre Iguodala","placed on IL","Andre Iguodala","2013-14"
2014-04-16,"Warriors","• Andre Iguodala","","activated from IL","Andre Iguodala","2013-14"
2014-04-16,"Warriors","","• Andre Iguodala","rest (DNP)","Andre Iguodala","2013-14"
2014-11-04,"Thunder","","• Andre Roberson","sprained left foot (DTD)","Andre Roberson","2014-15"
2014-11-19,"Thunder","• Andre Roberson","","returned to lineup","Andre Roberson","2014-15"
2015-03-24,"Thunder","","• Andre Roberson","sprained left ankle (DTD)","Andre Roberson","2014-15"
2015-04-07,"Thunder","• Andre Roberson","","returned to lineup","Andre Roberson","2014-15"
2015-11-16,"Thunder","","• Andre Roberson","placed on IL with illness","Andre Roberson","2015-16"
2015-11-18,"Thunder","• Andre Roberson","","activated from IL","Andre Roberson","2015-16"
2016-01-25,"Thunder","","• Andre Roberson","sprained right knee (DTD)","Andre Roberson","2015-16"
2016-01-26,"Thunder","","• Andre Roberson","placed on IL","Andre Roberson","2015-16"
2016-02-21,"Thunder","• Andre Roberson","","activated from IL","Andre Roberson","2015-16"
2016-04-06,"Thunder","","• Andre Roberson","placed on IL","Andre Roberson","2015-16"
2016-04-09,"Thunder","• Andre Roberson","","activated from IL","Andre Roberson","2015-16"
2017-04-07,"Thunder","","• Andre Roberson","sore left knee (DTD)","Andre Roberson","2016-17"
2017-04-09,"Thunder","• Andre Roberson","","returned to lineup","Andre Roberson","2016-17"
2017-04-12,"Thunder","","• Andre Roberson","placed on IL","Andre Roberson","2016-17"
2017-12-11,"Thunder","","• Andre Roberson","placed on IL with sprained left ankle","Andre Roberson","2017-18"
2017-12-15,"Thunder","• Andre Roberson","","activated from IL","Andre Roberson","2017-18"
2017-12-31,"Thunder","","• Andre Roberson","placed on IL with patellar tendinitis in left knee","Andre Roberson","2017-18"
2018-01-17,"Thunder","• Andre Roberson","","activated from IL","Andre Roberson","2017-18"
2018-01-27,"Thunder","","• Andre Roberson","torn patellar tendon in left knee (out for season)","Andre Roberson","2017-18"
2018-01-28,"Thunder","","• Andre Roberson","surgery on left knee to repair torn patellar tendon (out for season)","Andre Roberson","2017-18"
2018-01-28,"Thunder","","• Andre Roberson","placed on IL recovering from surgery on left knee to repair torn patellar tendon (out for season)","Andre Roberson","2017-18"
2014-01-23,"Knicks","","• Andrea Bargnani","torn ligament in left elbow (out for season)","Andrea Bargnani","2013-14"
2014-01-24,"Knicks","","• Andrea Bargnani","placed on IL with torn ligament in left elbow (out for season)","Andrea Bargnani","2013-14"
2014-12-10,"Warriors","","• Andrew Bogut","placed on IL with right knee injury","Andrew Bogut","2014-15"
2015-01-07,"Warriors","• Andrew Bogut","","activated from IL","Andrew Bogut","2014-15"
2015-01-16,"Warriors","","• Andrew Bogut","placed on IL for rest","Andrew Bogut","2014-15"
2015-01-17,"Warriors","• Andrew Bogut","","activated from IL","Andrew Bogut","2014-15"
2015-01-27,"Warriors","","• Andrew Bogut","flu (DTD)","Andrew Bogut","2014-15"
2015-01-30,"Warriors","• Andrew Bogut","","returned to lineup","Andrew Bogut","2014-15"
2015-03-13,"Warriors","","• Andrew Bogut","placed on IL","Andrew Bogut","2014-15"
2015-03-14,"Warriors","• Andrew Bogut","","activated from IL","Andrew Bogut","2014-15"
2015-10-28,"Warriors","","• Andrew Bogut","concussion (DTD)","Andrew Bogut","2015-16"
2015-10-30,"Warriors","","• Andrew Bogut","placed on IL with concussion","Andrew Bogut","2015-16"
2015-11-09,"Warriors","• Andrew Bogut","","activated from IL","Andrew Bogut","2015-16"
2015-12-05,"Warriors","","• Andrew Bogut","back spasms (DTD)","Andrew Bogut","2015-16"
2015-12-06,"Warriors","• Andrew Bogut","","returned to lineup","Andrew Bogut","2015-16"
2016-02-20,"Warriors","","• Andrew Bogut","strained right Achilles (DTD)","Andrew Bogut","2015-16"
2016-02-22,"Warriors","• Andrew Bogut","","returned to lineup","Andrew Bogut","2015-16"
2016-03-19,"Warriors","","• Andrew Bogut","left foot / toe (CBC) injury (DTD)","Andrew Bogut","2015-16"
2016-03-23,"Warriors","• Andrew Bogut","","returned to lineup","Andrew Bogut","2015-16"
2016-04-03,"Warriors","","• Andrew Bogut","rib injury (DTD)","Andrew Bogut","2015-16"
2016-04-05,"Warriors","• Andrew Bogut","","returned to lineup","Andrew Bogut","2015-16"
2016-04-09,"Warriors","","• Andrew Bogut","placed on IL for rest","Andrew Bogut","2015-16"
2016-04-10,"Warriors","• Andrew Bogut","","activated from IL","Andrew Bogut","2015-16"
2018-01-05,"Grizzlies","","• Andrew Harrison","placed on IL with sore left shoulder","Andrew Harrison","2017-18"
2018-01-10,"Grizzlies","• Andrew Harrison","","activated from IL","Andrew Harrison","2017-18"
2018-01-20,"Grizzlies","","• Andrew Harrison","left shoulder injury (DTD)","Andrew Harrison","2017-18"
2018-01-22,"Grizzlies","• Andrew Harrison","","returned to lineup","Andrew Harrison","2017-18"
2018-03-02,"Grizzlies","","• Andrew Harrison","right wrist injury (DTD)","Andrew Harrison","2017-18"
2018-03-03,"Grizzlies","","• Andrew Harrison","placed on IL with right wrist injury","Andrew Harrison","2017-18"
2018-03-19,"Grizzlies","• Andrew Harrison","","activated from IL","Andrew Harrison","2017-18"
2018-03-22,"Grizzlies","","• Andrew Harrison","right wrist injury (DTD)","Andrew Harrison","2017-18"
2018-03-24,"Grizzlies","• Andrew Harrison","","returned to lineup","Andrew Harrison","2017-18"
2018-03-28,"Grizzlies","","• Andrew Harrison","right wrist injury (out for season)","Andrew Harrison","2017-18"
2018-03-30,"Grizzlies","","• Andrew Harrison","placed on IL with right wrist injury (out for season)","Andrew Harrison","2017-18"
2022-11-21,"Pacers","","• Andrew Nembhard","bruised left knee (DTD)","Andrew Nembhard","2022-23"
2022-11-28,"Pacers","• Andrew Nembhard","","returned to lineup","Andrew Nembhard","2022-23"
2023-01-24,"Pacers","","• Andrew Nembhard","placed on IL with illness","Andrew Nembhard","2022-23"
2023-01-27,"Pacers","• Andrew Nembhard","","activated from IL","Andrew Nembhard","2022-23"
2015-11-10,"Timberwolves","","• Andrew Wiggins","sore right knee (DTD)","Andrew Wiggins","2015-16"
2015-11-12,"Timberwolves","• Andrew Wiggins","","returned to lineup","Andrew Wiggins","2015-16"
2018-10-24,"Timberwolves","","• Andrew Wiggins","placed on IL with bruised right quadriceps","Andrew Wiggins","2018-19"
2018-10-31,"Timberwolves","• Andrew Wiggins","","activated from IL","Andrew Wiggins","2018-19"
2018-11-09,"Timberwolves","","• Andrew Wiggins","placed on IL with bruised right quadriceps","Andrew Wiggins","2018-19"
2018-11-12,"Timberwolves","• Andrew Wiggins","","activated from IL","Andrew Wiggins","2018-19"
2019-02-11,"Timberwolves","","• Andrew Wiggins","placed on IL with illness","Andrew Wiggins","2018-19"
2019-02-21,"Timberwolves","• Andrew Wiggins","","activated from IL","Andrew Wiggins","2018-19"
2019-03-09,"Timberwolves","","• Andrew Wiggins","bruised left quadricep (DTD)","Andrew Wiggins","2018-19"
2019-03-10,"Timberwolves","","• Andrew Wiggins","placed on IL with bruised left quadricep","Andrew Wiggins","2018-19"
2019-03-14,"Timberwolves","• Andrew Wiggins","","activated from IL","Andrew Wiggins","2018-19"
2019-11-15,"Timberwolves","","• Andrew Wiggins","placed on IL for personal reasons","Andrew Wiggins","2019-20"
2019-11-17,"Timberwolves","","• Andrew Wiggins","placed on IL with illness","Andrew Wiggins","2019-20"
2019-11-20,"Timberwolves","• Andrew Wiggins","","activated from IL","Andrew Wiggins","2019-20"
2019-11-20,"Timberwolves","• Andrew Wiggins","","activated from IL","Andrew Wiggins","2019-20"
2019-12-06,"Timberwolves","","• Andrew Wiggins","placed on IL with sprained left thumb","Andrew Wiggins","2019-20"
2019-12-08,"Timberwolves","• Andrew Wiggins","","activated from IL","Andrew Wiggins","2019-20"
2019-12-28,"Timberwolves","","• Andrew Wiggins","illness (DTD)","Andrew Wiggins","2019-20"
2019-12-30,"Timberwolves","","• Andrew Wiggins","placed on IL with illness","Andrew Wiggins","2019-20"
2020-01-05,"Timberwolves","• Andrew Wiggins","","activated from IL","Andrew Wiggins","2019-20"
2020-02-27,"Warriors","","• Andrew Wiggins","thoracic spasm (DTD)","Andrew Wiggins","2019-20"
2020-02-29,"Warriors","• Andrew Wiggins","","returned to lineup","Andrew Wiggins","2019-20"
2021-12-18,"Warriors","","• Andrew Wiggins","sore left knee (DTD)","Andrew Wiggins","2021-22"
2021-12-19,"Warriors","","• Andrew Wiggins","placed on IL with NBA health and safety protocols","Andrew Wiggins","2021-22"
2021-12-27,"Warriors","• Andrew Wiggins","","activated from IL","Andrew Wiggins","2021-22"
2022-02-01,"Warriors","","• Andrew Wiggins","placed on IL with sore left knee","Andrew Wiggins","2021-22"
2022-02-02,"Warriors","• Andrew Wiggins","","activated from IL","Andrew Wiggins","2021-22"
2022-03-07,"Warriors","","• Andrew Wiggins","placed on IL with sore left foot","Andrew Wiggins","2021-22"
2022-03-08,"Warriors","• Andrew Wiggins","","activated from IL","Andrew Wiggins","2021-22"
2022-03-14,"Warriors","","• Andrew Wiggins","placed on IL with illness","Andrew Wiggins","2021-22"
2022-03-19,"Warriors","• Andrew Wiggins","","activated from IL","Andrew Wiggins","2021-22"
2022-04-10,"Warriors","","• Andrew Wiggins","placed on IL with tightness in lower back","Andrew Wiggins","2021-22"
2022-04-15,"Warriors","• Andrew Wiggins","","activated from IL","Andrew Wiggins","2021-22"
2022-11-21,"Warriors","","• Andrew Wiggins","sore left foot (DTD)","Andrew Wiggins","2022-23"
2022-11-23,"Warriors","• Andrew Wiggins","","returned to lineup","Andrew Wiggins","2022-23"
2022-12-05,"Warriors","","• Andrew Wiggins","placed on IL with tightness in right adductor","Andrew Wiggins","2022-23"
2023-01-07,"Warriors","• Andrew Wiggins","","activated from IL","Andrew Wiggins","2022-23"
2023-01-25,"Warriors","","• Andrew Wiggins","placed on IL with illness","Andrew Wiggins","2022-23"
2023-01-27,"Warriors","• Andrew Wiggins","","activated from IL","Andrew Wiggins","2022-23"
2023-02-14,"Warriors","","• Andrew Wiggins","placed on IL for personal reasons","Andrew Wiggins","2022-23"
2023-04-13,"Warriors","• Andrew Wiggins","","activated from IL","Andrew Wiggins","2022-23"
2021-11-24,"Blazers","","• Anfernee Simons","placed on IL with illness","Anfernee Simons","2021-22"
2021-11-26,"Blazers","• Anfernee Simons","","activated from IL","Anfernee Simons","2021-22"
2021-12-03,"Blazers","","• Anfernee Simons","placed on IL with sprained right ankle","Anfernee Simons","2021-22"
2021-12-12,"Blazers","• Anfernee Simons","","activated from IL","Anfernee Simons","2021-22"
2021-12-30,"Blazers","","• Anfernee Simons","placed on IL with NBA health and safety protocols","Anfernee Simons","2021-22"
2022-01-02,"Blazers","• Anfernee Simons","","activated from IL","Anfernee Simons","2021-22"
2022-01-12,"Blazers","","• Anfernee Simons","placed on IL for personal reasons","Anfernee Simons","2021-22"
2022-01-14,"Blazers","• Anfernee Simons","","activated from IL","Anfernee Simons","2021-22"
2022-03-06,"Blazers","","• Anfernee Simons","bruised left quadricep (DTD)","Anfernee Simons","2021-22"
2022-03-09,"Blazers","","• Anfernee Simons","placed on IL with bruised left quadricep","Anfernee Simons","2021-22"
2022-03-11,"Blazers","","• Anfernee Simons","placed on IL with left knee injury (out for season)","Anfernee Simons","2021-22"
2022-11-04,"Blazers","","• Anfernee Simons","placed on IL with left foot injury","Anfernee Simons","2022-23"
2022-11-07,"Blazers","• Anfernee Simons","","activated from IL","Anfernee Simons","2022-23"
2023-02-16,"Blazers","","• Anfernee Simons","placed on IL with sprained right ankle","Anfernee Simons","2022-23"
2023-03-01,"Blazers","• Anfernee Simons","","activated from IL","Anfernee Simons","2022-23"
2023-03-03,"Blazers","","• Anfernee Simons","placed on IL with sprained right ankle","Anfernee Simons","2022-23"
2023-03-10,"Blazers","• Anfernee Simons","","activated from IL","Anfernee Simons","2022-23"
2023-03-21,"Blazers","","• Anfernee Simons","placed on IL with sore right foot (out for season)","Anfernee Simons","2022-23"
2013-12-01,"Pelicans","","• Anthony Davis","fractured left hand (out indefinitely)","Anthony Davis","2013-14"
2013-12-02,"Pelicans","","• Anthony Davis","placed on IL with fractured left hand","Anthony Davis","2013-14"
2013-12-18,"Pelicans","• Anthony Davis","","activated from IL","Anthony Davis","2013-14"
2014-01-29,"Pelicans","","• Anthony Davis","finger injury (DNP)","Anthony Davis","2013-14"
2014-03-19,"Pelicans","","• Anthony Davis","upper respiratory infection (DNP)","Anthony Davis","2013-14"
2014-03-29,"Pelicans","","• Anthony Davis","left ankle injury (DNP)","Anthony Davis","2013-14"
2014-04-09,"Pelicans","","• Anthony Davis","back spasms (DNP)","Anthony Davis","2013-14"
2014-04-11,"Pelicans","","• Anthony Davis","back spasms (DNP)","Anthony Davis","2013-14"
2014-04-12,"Pelicans","","• Anthony Davis","back spasms (DNP)","Anthony Davis","2013-14"
2014-04-14,"Pelicans","","• Anthony Davis","back spasms (DNP)","Anthony Davis","2013-14"
2014-04-16,"Pelicans","","• Anthony Davis","back spasms (DNP)","Anthony Davis","2013-14"
2014-12-14,"Pelicans","","• Anthony Davis","chest injury (DTD)","Anthony Davis","2014-15"
2014-12-16,"Pelicans","• Anthony Davis","","returned to lineup","Anthony Davis","2014-15"
2015-01-16,"Pelicans","","• Anthony Davis","sprained left toe (DTD)","Anthony Davis","2014-15"
2015-01-21,"Pelicans","• Anthony Davis","","returned to lineup","Anthony Davis","2014-15"
2015-01-30,"Pelicans","","• Anthony Davis","strained left groin (DTD)","Anthony Davis","2014-15"
2015-02-02,"Pelicans","• Anthony Davis","","returned to lineup","Anthony Davis","2014-15"
2015-02-09,"Pelicans","","• Anthony Davis","sprained right shoulder (DTD)","Anthony Davis","2014-15"
2015-02-20,"Pelicans","• Anthony Davis","","returned to lineup","Anthony Davis","2014-15"
2015-02-22,"Pelicans","","• Anthony Davis","sprained right shoulder (DTD)","Anthony Davis","2014-15"
2015-03-04,"Pelicans","• Anthony Davis","","returned to lineup","Anthony Davis","2014-15"
2015-03-19,"Pelicans","","• Anthony Davis","sprained left ankle (DTD)","Anthony Davis","2014-15"
2015-03-22,"Pelicans","• Anthony Davis","","returned to lineup","Anthony Davis","2014-15"
2015-11-11,"Pelicans","","• Anthony Davis","strained right hip (DTD)","Anthony Davis","2015-16"
2015-11-15,"Pelicans","• Anthony Davis","","returned to lineup","Anthony Davis","2015-16"
2015-11-18,"Pelicans","","• Anthony Davis","shoulder injury (DTD)","Anthony Davis","2015-16"
2015-11-20,"Pelicans","• Anthony Davis","","returned to lineup","Anthony Davis","2015-16"
2016-01-08,"Pelicans","","• Anthony Davis","bruised back (DTD)","Anthony Davis","2015-16"
2016-01-13,"Pelicans","• Anthony Davis","","returned to lineup","Anthony Davis","2015-16"
2016-01-25,"Pelicans","","• Anthony Davis","concussion (DTD)","Anthony Davis","2015-16"
2016-01-30,"Pelicans","• Anthony Davis","","returned to lineup","Anthony Davis","2015-16"
2016-02-27,"Pelicans","","• Anthony Davis","right big toe injury (DTD)","Anthony Davis","2015-16"
2016-03-02,"Pelicans","• Anthony Davis","","returned to lineup","Anthony Davis","2015-16"
2016-03-19,"Pelicans","","• Anthony Davis","left knee injury and torn labrum in left shoulder (out for season)","Anthony Davis","2015-16"
2016-03-24,"Pelicans","","• Anthony Davis","surgery on left knee (out for season)","Anthony Davis","2015-16"
2016-03-30,"Pelicans","","• Anthony Davis","placed on IL recovering from surgery on left knee (out for season)","Anthony Davis","2015-16"
2016-10-12,"Pelicans","","• Anthony Davis","sprained ankle (DTD)","Anthony Davis","2016-17"
2016-10-26,"Pelicans","• Anthony Davis","","returned to lineup","Anthony Davis","2016-17"
2016-11-16,"Pelicans","","• Anthony Davis","bruised right quadriceps (DTD)","Anthony Davis","2016-17"
2016-11-18,"Pelicans","• Anthony Davis","","returned to lineup","Anthony Davis","2016-17"
2016-12-10,"Pelicans","","• Anthony Davis","rest (DTD)","Anthony Davis","2016-17"
2017-01-11,"Pelicans","","• Anthony Davis","placed on IL with bruised left hip","Anthony Davis","2016-17"
2017-01-14,"Pelicans","• Anthony Davis","","activated from IL","Anthony Davis","2016-17"
2017-01-23,"Pelicans","","• Anthony Davis","placed on IL with bruised right quadriceps","Anthony Davis","2016-17"
2017-01-25,"Pelicans","• Anthony Davis","","activated from IL","Anthony Davis","2016-17"
2017-04-08,"Pelicans","","• Anthony Davis","sore left knee (out for season)","Anthony Davis","2016-17"
2017-10-26,"Pelicans","","• Anthony Davis","left knee tendinitis (DTD)","Anthony Davis","2017-18"
2017-10-28,"Pelicans","• Anthony Davis","","returned to lineup","Anthony Davis","2017-18"
2017-12-02,"Pelicans","","• Anthony Davis","strained adductor in left groin/pelvis (DTD)","Anthony Davis","2017-18"
2017-12-08,"Pelicans","• Anthony Davis","","returned to lineup","Anthony Davis","2017-18"
2017-12-11,"Pelicans","","• Anthony Davis","strained adductor in left groin/pelvis (DTD)","Anthony Davis","2017-18"
2017-12-13,"Pelicans","• Anthony Davis","","returned to lineup","Anthony Davis","2017-18"
2018-01-10,"Pelicans","","• Anthony Davis","sprained right ankle (DTD)","Anthony Davis","2017-18"
2018-01-12,"Pelicans","• Anthony Davis","","returned to lineup","Anthony Davis","2017-18"
2018-03-09,"Pelicans","","• Anthony Davis","sprained left ankle (DTD)","Anthony Davis","2017-18"
2018-03-11,"Pelicans","• Anthony Davis","","returned to lineup","Anthony Davis","2017-18"
2018-10-27,"Pelicans","","• Anthony Davis","placed on IL with sprained right elbow","Anthony Davis","2018-19"
2018-10-29,"Pelicans","• Anthony Davis","","activated from IL","Anthony Davis","2018-19"
2018-10-29,"Pelicans","","• Anthony Davis","sprained right elbow (DTD)","Anthony Davis","2018-19"
2018-10-31,"Pelicans","• Anthony Davis","","returned to lineup","Anthony Davis","2018-19"
2018-11-01,"Pelicans","","• Anthony Davis","sprained right elbow (DTD)","Anthony Davis","2018-19"
2018-11-03,"Pelicans","• Anthony Davis","","returned to lineup","Anthony Davis","2018-19"
2018-11-24,"Pelicans","","• Anthony Davis","strained right hip (DTD)","Anthony Davis","2018-19"
2018-11-26,"Pelicans","• Anthony Davis","","returned to lineup","Anthony Davis","2018-19"
2018-12-31,"Pelicans","","• Anthony Davis","illness (DTD)","Anthony Davis","2018-19"
2019-01-02,"Pelicans","• Anthony Davis","","returned to lineup","Anthony Davis","2018-19"
2019-01-19,"Pelicans","","• Anthony Davis","left index finger injury (out indefinitely)","Anthony Davis","2018-19"
2019-01-21,"Pelicans","","• Anthony Davis","placed on IL with left index finger injury","Anthony Davis","2018-19"
2019-02-06,"Pelicans","• Anthony Davis","","activated from IL","Anthony Davis","2018-19"
2019-02-23,"Pelicans","","• Anthony Davis","placed on IL","Anthony Davis","2018-19"
2019-02-25,"Pelicans","• Anthony Davis","","activated from IL","Anthony Davis","2018-19"
2019-03-02,"Pelicans","","• Anthony Davis","placed on IL","Anthony Davis","2018-19"
2019-03-04,"Pelicans","• Anthony Davis","","activated from IL","Anthony Davis","2018-19"
2019-03-08,"Pelicans","","• Anthony Davis","lower back spasms (DTD)","Anthony Davis","2018-19"
2019-03-10,"Pelicans","• Anthony Davis","","returned to lineup","Anthony Davis","2018-19"
2019-03-20,"Pelicans","","• Anthony Davis","personal reasons (DTD)","Anthony Davis","2018-19"
2019-03-23,"Pelicans","• Anthony Davis","","returned to lineup","Anthony Davis","2018-19"
2019-03-26,"Pelicans","","• Anthony Davis","lower back spasms (out for season)","Anthony Davis","2018-19"
2019-11-13,"Lakers","","• Anthony Davis","placed on IL with sore right shoulder","Anthony Davis","2019-20"
2019-11-15,"Lakers","• Anthony Davis","","activated from IL","Anthony Davis","2019-20"
2019-12-17,"Lakers","","• Anthony Davis","placed on IL with sprained right ankle","Anthony Davis","2019-20"
2019-12-19,"Lakers","• Anthony Davis","","activated from IL","Anthony Davis","2019-20"
2020-01-10,"Lakers","","• Anthony Davis","placed on IL with bruised tailbone","Anthony Davis","2019-20"
2020-01-20,"Lakers","• Anthony Davis","","activated from IL","Anthony Davis","2019-20"
2020-03-01,"Lakers","","• Anthony Davis","sore right knee (DTD)","Anthony Davis","2019-20"
2020-03-03,"Lakers","• Anthony Davis","","returned to lineup","Anthony Davis","2019-20"
2020-12-27,"Lakers","","• Anthony Davis","placed on IL with right calf injury","Anthony Davis","2020-21"
2020-12-28,"Lakers","• Anthony Davis","","activated from IL","Anthony Davis","2020-21"
2021-01-08,"Lakers","","• Anthony Davis","placed on IL with strained right adductor","Anthony Davis","2020-21"
2021-01-10,"Lakers","• Anthony Davis","","activated from IL","Anthony Davis","2020-21"
2021-01-28,"Lakers","","• Anthony Davis","placed on IL with bruised right quadriceps","Anthony Davis","2020-21"
2021-01-30,"Lakers","• Anthony Davis","","activated from IL","Anthony Davis","2020-21"
2021-02-08,"Lakers","","• Anthony Davis","placed on IL with right Achilles injury","Anthony Davis","2020-21"
2021-02-12,"Lakers","• Anthony Davis","","activated from IL","Anthony Davis","2020-21"
2021-02-15,"Lakers","","• Anthony Davis","placed on IL with strained right calf / Achilles","Anthony Davis","2020-21"
2021-04-22,"Lakers","• Anthony Davis","","activated from IL","Anthony Davis","2020-21"
2021-11-24,"Lakers","","• Anthony Davis","flu (DTD)","Anthony Davis","2021-22"
2021-11-25,"Lakers","• Anthony Davis","","returned to lineup","Anthony Davis","2021-22"
2021-12-10,"Lakers","","• Anthony Davis","sore left knee (DTD)","Anthony Davis","2021-22"
2021-12-15,"Lakers","• Anthony Davis","","returned to lineup","Anthony Davis","2021-22"
2021-12-18,"Lakers","","• Anthony Davis","sprained MCL in left knee (out indefinitely)","Anthony Davis","2021-22"
2021-12-21,"Lakers","","• Anthony Davis","placed on IL with sprained MCL in left knee","Anthony Davis","2021-22"
2022-01-25,"Lakers","• Anthony Davis","","activated from IL","Anthony Davis","2021-22"
2022-01-28,"Lakers","","• Anthony Davis","placed on IL with sore right wrist","Anthony Davis","2021-22"
2022-01-30,"Lakers","• Anthony Davis","","activated from IL","Anthony Davis","2021-22"
2022-02-17,"Lakers","","• Anthony Davis","placed on IL with sprained right foot","Anthony Davis","2021-22"
2022-04-01,"Lakers","• Anthony Davis","","activated from IL","Anthony Davis","2021-22"
2022-04-07,"Lakers","","• Anthony Davis","placed on IL with right foot injury (out for season)","Anthony Davis","2021-22"
2022-10-28,"Lakers","","• Anthony Davis","tightness in lower back (DTD)","Anthony Davis","2022-23"
2022-10-30,"Lakers","• Anthony Davis","","returned to lineup","Anthony Davis","2022-23"
2022-12-07,"Lakers","","• Anthony Davis","placed on IL with illness","Anthony Davis","2022-23"
2022-12-09,"Lakers","• Anthony Davis","","activated from IL","Anthony Davis","2022-23"
2022-12-18,"Lakers","","• Anthony Davis","placed on IL with sore right foot","Anthony Davis","2022-23"
2023-01-25,"Lakers","• Anthony Davis","","activated from IL","Anthony Davis","2022-23"
2023-03-01,"Lakers","","• Anthony Davis","placed on IL with stress reaction in right foot","Anthony Davis","2022-23"
2023-03-03,"Lakers","• Anthony Davis","","activated from IL","Anthony Davis","2022-23"
2023-03-15,"Lakers","","• Anthony Davis","placed on IL with stress reaction in right foot","Anthony Davis","2022-23"
2023-03-17,"Lakers","• Anthony Davis","","activated from IL","Anthony Davis","2022-23"
2021-12-17,"Timberwolves","","• Anthony Edwards","placed on IL with NBA health and safety protocols","Anthony Edwards","2021-22"
2021-12-31,"Timberwolves","• Anthony Edwards","","activated from IL","Anthony Edwards","2021-22"
2022-03-01,"Timberwolves","","• Anthony Edwards","patella tendinopathy in left knee (DTD)","Anthony Edwards","2021-22"
2022-03-04,"Timberwolves","","• Anthony Edwards","placed on IL with patella tendinopathy in left knee","Anthony Edwards","2021-22"
2022-03-09,"Timberwolves","• Anthony Edwards","","activated from IL","Anthony Edwards","2021-22"
2023-03-18,"Timberwolves","","• Anthony Edwards","placed on IL with sprained right ankle","Anthony Edwards","2022-23"
2023-03-26,"Timberwolves","• Anthony Edwards","","activated from IL","Anthony Edwards","2022-23"
2015-02-20,"Blazers","","• Arron Afflalo","placed on IL","Arron Afflalo","2014-15"
2015-02-22,"Blazers","• Arron Afflalo","","activated from IL","Arron Afflalo","2014-15"
2015-04-10,"Blazers","","• Arron Afflalo","strained right shoulder (out for season)","Arron Afflalo","2014-15"
2015-04-11,"Blazers","","• Arron Afflalo","placed on IL with strained right shoulder (out for season)","Arron Afflalo","2014-15"
2015-04-25,"Blazers","• Arron Afflalo","","activated from IL","Arron Afflalo","2014-15"
2015-10-26,"Knicks","","• Arron Afflalo","strained left hamstring (DTD)","Arron Afflalo","2015-16"
2015-11-04,"Knicks","","• Arron Afflalo","placed on IL with strained left hamstring","Arron Afflalo","2015-16"
2015-11-11,"Knicks","• Arron Afflalo","","activated from IL","Arron Afflalo","2015-16"
2016-02-28,"Knicks","","• Arron Afflalo","knee injury (DTD)","Arron Afflalo","2015-16"
2016-03-01,"Knicks","• Arron Afflalo","","returned to lineup","Arron Afflalo","2015-16"
2016-03-09,"Knicks","","• Arron Afflalo","strained right abdominal muscle (DTD)","Arron Afflalo","2015-16"
2016-03-13,"Knicks","• Arron Afflalo","","returned to lineup","Arron Afflalo","2015-16"
2022-12-19,"Lakers","","• Austin Reaves","placed on IL with sprained right ankle","Austin Reaves","2022-23"
2022-12-23,"Lakers","• Austin Reaves","","activated from IL","Austin Reaves","2022-23"
2023-01-09,"Lakers","","• Austin Reaves","placed on IL with strained left hamstring","Austin Reaves","2022-23"
2023-02-07,"Lakers","• Austin Reaves","","activated from IL","Austin Reaves","2022-23"
2015-12-21,"Clippers","","• Austin Rivers","sprained right ankle (DTD)","Austin Rivers","2015-16"
2015-12-25,"Clippers","","• Austin Rivers","placed on IL","Austin Rivers","2015-16"
2015-12-26,"Clippers","• Austin Rivers","","activated from IL","Austin Rivers","2015-16"
2015-12-26,"Clippers","","• Austin Rivers","sprained right ankle (DTD)","Austin Rivers","2015-16"
2015-12-28,"Clippers","• Austin Rivers","","returned to lineup","Austin Rivers","2015-16"
2016-02-05,"Clippers","","• Austin Rivers","fractured left hand (DTD)","Austin Rivers","2015-16"
2016-02-07,"Clippers","","• Austin Rivers","placed on IL with fractured left hand","Austin Rivers","2015-16"
2016-03-02,"Clippers","• Austin Rivers","","activated from IL","Austin Rivers","2015-16"
2016-04-06,"Clippers","","• Austin Rivers","placed on IL with ankle injury / rest","Austin Rivers","2015-16"
2016-04-10,"Clippers","• Austin Rivers","","activated from IL","Austin Rivers","2015-16"
2016-12-11,"Clippers","","• Austin Rivers","concussion (DTD)","Austin Rivers","2016-17"
2016-12-14,"Clippers","• Austin Rivers","","returned to lineup","Austin Rivers","2016-17"
2017-01-08,"Clippers","","• Austin Rivers","illness (DTD)","Austin Rivers","2016-17"
2017-01-11,"Clippers","• Austin Rivers","","returned to lineup","Austin Rivers","2016-17"
2017-03-30,"Clippers","","• Austin Rivers","strained left hamstring (DTD)","Austin Rivers","2016-17"
2017-04-05,"Clippers","","• Austin Rivers","placed on IL with strained left hamstring","Austin Rivers","2016-17"
2017-04-15,"Clippers","","• Austin Rivers","placed on IL with strained left hamstring","Austin Rivers","2016-17"
2017-04-25,"Clippers","• Austin Rivers","","activated from IL","Austin Rivers","2016-17"
2014-01-22,"Celtics","","• Avery Bradley","sprained right ankle (out indefinitely)","Avery Bradley","2013-14"
2014-01-24,"Celtics","","• Avery Bradley","placed on IL","Avery Bradley","2013-14"
2014-01-31,"Celtics","• Avery Bradley","","activated from IL","Avery Bradley","2013-14"
2014-02-07,"Celtics","","• Avery Bradley","sore right ankle (DNP)","Avery Bradley","2013-14"
2014-02-10,"Celtics","","• Avery Bradley","sore right ankle (DNP)","Avery Bradley","2013-14"
2014-02-12,"Celtics","","• Avery Bradley","sore right ankle (DNP)","Avery Bradley","2013-14"
2014-02-19,"Celtics","","• Avery Bradley","placed on IL with sore right ankle","Avery Bradley","2013-14"
2014-03-09,"Celtics","• Avery Bradley","","activated from IL","Avery Bradley","2013-14"
2014-03-09,"Celtics","","• Avery Bradley","sore right ankle (DNP)","Avery Bradley","2013-14"
2014-03-11,"Celtics","","• Avery Bradley","sore left ankle (DNP)","Avery Bradley","2013-14"
2014-03-12,"Celtics","","• Avery Bradley","sore right ankle (DNP)","Avery Bradley","2013-14"
2014-04-02,"Celtics","","• Avery Bradley","strained right Achilles tendon (DNP)","Avery Bradley","2013-14"
2014-04-04,"Celtics","","• Avery Bradley","strained right Achilles tendon (DNP)","Avery Bradley","2013-14"
2014-04-05,"Celtics","","• Avery Bradley","strained right Achilles tendon (DNP)","Avery Bradley","2013-14"
2014-12-12,"Celtics","","• Avery Bradley","placed on IL with flu","Avery Bradley","2014-15"
2014-12-15,"Celtics","• Avery Bradley","","activated from IL","Avery Bradley","2014-15"
2015-03-06,"Celtics","","• Avery Bradley","placed on IL with strained left elbow","Avery Bradley","2014-15"
2015-03-11,"Celtics","• Avery Bradley","","activated from IL","Avery Bradley","2014-15"
2015-04-15,"Celtics","","• Avery Bradley","placed on IL with quadriceps injury","Avery Bradley","2014-15"
2015-04-19,"Celtics","• Avery Bradley","","activated from IL","Avery Bradley","2014-15"
2016-12-30,"Celtics","","• Avery Bradley","illness (DTD)","Avery Bradley","2016-17"
2017-01-03,"Celtics","• Avery Bradley","","returned to lineup","Avery Bradley","2016-17"
2017-01-07,"Celtics","","• Avery Bradley","placed on IL with Achilles injury / sprained ankle / illness","Avery Bradley","2016-17"
2017-01-11,"Celtics","","• Avery Bradley","strained Achilles (DTD)","Avery Bradley","2016-17"
2017-01-16,"Celtics","• Avery Bradley","","activated from IL","Avery Bradley","2016-17"
2017-01-16,"Celtics","• Avery Bradley","","returned to lineup","Avery Bradley","2016-17"
2017-01-18,"Celtics","","• Avery Bradley","sore right Achilles (DTD)","Avery Bradley","2016-17"
2017-01-21,"Celtics","","• Avery Bradley","placed on IL with sore/strained right Achilles","Avery Bradley","2016-17"
2017-02-27,"Celtics","• Avery Bradley","","activated from IL","Avery Bradley","2016-17"
2017-03-05,"Celtics","","• Avery Bradley","placed on IL with hamstring injury / rest","Avery Bradley","2016-17"
2017-03-06,"Celtics","• Avery Bradley","","activated from IL","Avery Bradley","2016-17"
2017-03-24,"Celtics","","• Avery Bradley","illness (DTD)","Avery Bradley","2016-17"
2017-03-26,"Celtics","• Avery Bradley","","returned to lineup","Avery Bradley","2016-17"
2017-03-31,"Celtics","","• Avery Bradley","placed on IL with gastroenteritis","Avery Bradley","2016-17"
2017-04-05,"Celtics","• Avery Bradley","","activated from IL","Avery Bradley","2016-17"
2019-11-05,"Lakers","","• Avery Bradley","right leg injury (DTD)","Avery Bradley","2019-20"
2019-11-08,"Lakers","• Avery Bradley","","returned to lineup","Avery Bradley","2019-20"
2019-11-15,"Lakers","","• Avery Bradley","placed on IL with right leg injury","Avery Bradley","2019-20"
2019-12-11,"Lakers","• Avery Bradley","","activated from IL","Avery Bradley","2019-20"
2021-11-30,"Lakers","","• Avery Bradley","sprained right thumb (DTD)","Avery Bradley","2021-22"
2021-12-03,"Lakers","• Avery Bradley","","returned to lineup","Avery Bradley","2021-22"
2021-12-16,"Lakers","","• Avery Bradley","placed on IL with NBA health and safety protocols","Avery Bradley","2021-22"
2021-12-25,"Lakers","• Avery Bradley","","activated from IL","Avery Bradley","2021-22"
2022-02-15,"Lakers","","• Avery Bradley","placed on IL with right knee injury","Avery Bradley","2021-22"
2022-03-03,"Lakers","• Avery Bradley","","activated from IL","Avery Bradley","2021-22"
2020-10-02,"Heat","","• Edrice Adebayo / Bam Adebayo","strained neck (DTD)","Bam Adebayo","2020-21"
2020-10-06,"Heat","• Edrice Adebayo / Bam Adebayo","","returned to lineup","Bam Adebayo","2020-21"
2021-01-11,"Heat","","• Edrice Adebayo / Bam Adebayo","NBA health and safety protocols (DTD)","Bam Adebayo","2020-21"
2021-01-16,"Heat","• Edrice Adebayo / Bam Adebayo","","returned to lineup","Bam Adebayo","2020-21"
2021-03-04,"Heat","","• Edrice Adebayo / Bam Adebayo","left knee tendinitis (DTD)","Bam Adebayo","2020-21"
2021-03-16,"Heat","• Edrice Adebayo / Bam Adebayo","","returned to lineup","Bam Adebayo","2020-21"
2021-04-19,"Heat","","• Edrice Adebayo / Bam Adebayo","sore right knee (DTD)","Bam Adebayo","2020-21"
2021-04-21,"Heat","• Edrice Adebayo / Bam Adebayo","","returned to lineup","Bam Adebayo","2020-21"
2021-10-30,"Heat","","• Edrice Adebayo / Bam Adebayo","placed on IL with bruised left knee","Bam Adebayo","2021-22"
2021-11-02,"Heat","• Edrice Adebayo / Bam Adebayo","","activated from IL","Bam Adebayo","2021-22"
2021-11-15,"Heat","","• Edrice Adebayo / Bam Adebayo","placed on IL with bruised left knee","Bam Adebayo","2021-22"
2021-11-18,"Heat","• Edrice Adebayo / Bam Adebayo","","activated from IL","Bam Adebayo","2021-22"
2021-12-01,"Heat","","• Edrice Adebayo / Bam Adebayo","placed on IL with surgery on right thumb to repair torn ligament","Bam Adebayo","2021-22"
2022-01-17,"Heat","• Edrice Adebayo / Bam Adebayo","","activated from IL","Bam Adebayo","2021-22"
2022-04-10,"Heat","","• Edrice Adebayo / Bam Adebayo","placed on IL with NBA health and safety protocols","Bam Adebayo","2021-22"
2022-04-16,"Heat","• Edrice Adebayo / Bam Adebayo","","activated from IL","Bam Adebayo","2021-22"
2022-11-16,"Heat","","• Edrice Adebayo / Bam Adebayo","bruised left knee (DTD)","Bam Adebayo","2022-23"
2022-11-20,"Heat","• Edrice Adebayo / Bam Adebayo","","returned to lineup","Bam Adebayo","2022-23"
2022-12-15,"Heat","","• Edrice Adebayo / Bam Adebayo","sprained left ankle (DTD)","Bam Adebayo","2022-23"
2022-12-17,"Heat","• Edrice Adebayo / Bam Adebayo","","returned to lineup","Bam Adebayo","2022-23"
2022-12-26,"Heat","","• Edrice Adebayo / Bam Adebayo","placed on IL with illness","Bam Adebayo","2022-23"
2022-12-28,"Heat","• Edrice Adebayo / Bam Adebayo","","activated from IL","Bam Adebayo","2022-23"
2023-01-10,"Heat","","• Edrice Adebayo / Bam Adebayo","right wrist injury (DTD)","Bam Adebayo","2022-23"
2023-01-12,"Heat","• Edrice Adebayo / Bam Adebayo","","returned to lineup","Bam Adebayo","2022-23"
2023-04-01,"Heat","","• Edrice Adebayo / Bam Adebayo","placed on IL with bruised right hip","Bam Adebayo","2022-23"
2023-04-04,"Heat","• Edrice Adebayo / Bam Adebayo","","activated from IL","Bam Adebayo","2022-23"
2023-04-07,"Heat","","• Edrice Adebayo / Bam Adebayo","placed on IL with strained left quadriceps","Bam Adebayo","2022-23"
2023-04-09,"Heat","• Edrice Adebayo / Bam Adebayo","","activated from IL","Bam Adebayo","2022-23"
2016-02-01,"Kings","","• Ben McLemore","sore/sprained right wrist (DTD)","Ben McLemore","2015-16"
2016-02-03,"Kings","• Ben McLemore","","returned to lineup","Ben McLemore","2015-16"
2016-02-07,"Kings","","• Ben McLemore","sprained right wrist (DTD)","Ben McLemore","2015-16"
2016-02-19,"Kings","• Ben McLemore","","returned to lineup","Ben McLemore","2015-16"
2016-03-09,"Kings","","• Ben McLemore","fractured right ring finger (DTD)","Ben McLemore","2015-16"
2016-03-27,"Kings","• Ben McLemore","","returned to lineup","Ben McLemore","2015-16"
2017-11-24,"76ers","","• Ben Simmons","left elbow injury (DTD)","Ben Simmons","2017-18"
2017-11-27,"76ers","• Ben Simmons","","returned to lineup","Ben Simmons","2017-18"
2018-10-23,"76ers","","• Ben Simmons","placed on IL with back injury","Ben Simmons","2018-19"
2018-10-24,"76ers","• Ben Simmons","","activated from IL","Ben Simmons","2018-19"
2019-03-25,"76ers","","• Ben Simmons","placed on IL with gastroenteritis","Ben Simmons","2018-19"
2019-03-28,"76ers","• Ben Simmons","","activated from IL","Ben Simmons","2018-19"
2019-04-10,"76ers","","• Ben Simmons","placed on IL with dental ailment","Ben Simmons","2018-19"
2019-04-12,"76ers","• Ben Simmons","","activated from IL","Ben Simmons","2018-19"
2019-11-07,"76ers","","• Ben Simmons","right shoulder injury (DTD)","Ben Simmons","2019-20"
2019-11-08,"76ers","","• Ben Simmons","placed on IL with right shoulder injury","Ben Simmons","2019-20"
2019-11-12,"76ers","• Ben Simmons","","activated from IL","Ben Simmons","2019-20"
2020-02-20,"76ers","","• Ben Simmons","placed on IL with tightness in lower back","Ben Simmons","2019-20"
2020-02-22,"76ers","• Ben Simmons","","activated from IL","Ben Simmons","2019-20"
2020-02-24,"76ers","","• Ben Simmons","placed on IL with back injury","Ben Simmons","2019-20"
2021-01-09,"76ers","","• Ben Simmons","placed on IL with sore left knee","Ben Simmons","2020-21"
2021-01-12,"76ers","• Ben Simmons","","activated from IL","Ben Simmons","2020-21"
2021-02-04,"76ers","","• Ben Simmons","placed on IL with left calf injury","Ben Simmons","2020-21"
2021-02-06,"76ers","• Ben Simmons","","activated from IL","Ben Simmons","2020-21"
2021-02-17,"76ers","","• Ben Simmons","placed on IL with illness","Ben Simmons","2020-21"
2021-02-21,"76ers","• Ben Simmons","","activated from IL","Ben Simmons","2020-21"
2021-03-11,"76ers","","• Ben Simmons","placed on IL with NBA health and safety protocols","Ben Simmons","2020-21"
2021-03-14,"76ers","• Ben Simmons","","activated from IL","Ben Simmons","2020-21"
2021-03-20,"76ers","","• Ben Simmons","sore left knee (DTD)","Ben Simmons","2020-21"
2021-03-21,"76ers","• Ben Simmons","","returned to lineup","Ben Simmons","2020-21"
2021-04-19,"76ers","","• Ben Simmons","placed on IL with illness","Ben Simmons","2020-21"
2021-04-26,"76ers","• Ben Simmons","","activated from IL","Ben Simmons","2020-21"
2014-03-31,"Clippers","","• Blake Griffin","back spasms (DNP)","Blake Griffin","2013-14"
2015-02-08,"Clippers","","• Blake Griffin","right elbow injury (out indefinitely)","Blake Griffin","2014-15"
2015-02-09,"Clippers","","• Blake Griffin","surgery on right elbow to remove staph infection","Blake Griffin","2014-15"
2015-02-25,"Clippers","","• Blake Griffin","placed on IL recovering from surgery on right elbow to remove staph infection","Blake Griffin","2014-15"
2015-03-15,"Clippers","• Blake Griffin","","activated from IL","Blake Griffin","2014-15"
2015-12-26,"Clippers","","• Blake Griffin","placed on IL with torn left quadriceps tendon","Blake Griffin","2015-16"
2016-01-26,"Clippers","","• Blake Griffin","fractured right hand (off court injury) (out indefinitely)","Blake Griffin","2015-16"
2016-03-27,"Clippers","• Blake Griffin","","activated from IL (CBC)","Blake Griffin","2015-16"
2016-03-27,"Clippers","","• Blake Griffin","placed on IL (P)","Blake Griffin","2015-16"
2016-03-28,"Clippers","","• Blake Griffin","placed on IL (P)","Blake Griffin","2015-16"
2016-04-03,"Clippers","• Blake Griffin","","activated from IL","Blake Griffin","2015-16"
2016-04-08,"Clippers","","• Blake Griffin","rest (DTD)","Blake Griffin","2015-16"
2016-04-10,"Clippers","• Blake Griffin","","returned to lineup","Blake Griffin","2015-16"
2016-04-13,"Clippers","","• Blake Griffin","rest (DTD)","Blake Griffin","2015-16"
2016-04-17,"Clippers","• Blake Griffin","","returned to lineup","Blake Griffin","2015-16"
2016-04-26,"Clippers","","• Blake Griffin","left quadriceps injury (out for season)","Blake Griffin","2015-16"
2016-04-27,"Clippers","","• Blake Griffin","placed on IL with left quadriceps injury (out for season)","Blake Griffin","2015-16"
2019-01-10,"Pistons","","• Blake Griffin","placed on IL","Blake Griffin","2018-19"
2019-01-12,"Pistons","• Blake Griffin","","activated from IL","Blake Griffin","2018-19"
2019-03-18,"Pistons","","• Blake Griffin","placed on IL","Blake Griffin","2018-19"
2019-03-21,"Pistons","• Blake Griffin","","activated from IL","Blake Griffin","2018-19"
2019-03-30,"Pistons","","• Blake Griffin","sore left knee (DTD)","Blake Griffin","2018-19"
2019-04-01,"Pistons","","• Blake Griffin","placed on IL with sore left knee","Blake Griffin","2018-19"
2019-04-05,"Pistons","• Blake Griffin","","activated from IL","Blake Griffin","2018-19"
2019-04-10,"Pistons","","• Blake Griffin","placed on IL with sore left knee","Blake Griffin","2018-19"
2019-04-20,"Pistons","• Blake Griffin","","activated from IL","Blake Griffin","2018-19"
2017-10-17,"Kings","","• Bogdan Bogdanovic","sprained right ankle (DTD)","Bogdan Bogdanović","2017-18"
2017-10-18,"Pacers","","• Bogdan Bogdanovic","placed on IL with sprained right ankle","Bogdan Bogdanović","2017-18"
2017-10-23,"Pacers","• Bogdan Bogdanovic","","activated from IL","Bogdan Bogdanović","2017-18"
2017-10-26,"Kings","• Bogdan Bogdanovic","","activated from IL","Bogdan Bogdanović","2017-18"
2018-03-19,"Kings","","• Bogdan Bogdanovic","placed on IL with left hamstring injury","Bogdan Bogdanović","2017-18"
2018-03-22,"Kings","• Bogdan Bogdanovic","","activated from IL","Bogdan Bogdanović","2017-18"
2021-01-10,"Hawks","","• Bogdan Bogdanovic","placed on IL with sprained right knee","Bogdan Bogdanović","2020-21"
2021-03-02,"Hawks","• Bogdan Bogdanovic","","activated from IL","Bogdan Bogdanović","2020-21"
2021-04-28,"Hawks","","• Bogdan Bogdanovic","left hamstring injury (DTD)","Bogdan Bogdanović","2020-21"
2015-02-23,"Nets","","• Bojan Bogdanovic","sprained left ankle (DTD)","Bojan Bogdanović","2014-15"
2015-02-28,"Nets","• Bojan Bogdanovic","","returned to lineup","Bojan Bogdanović","2014-15"
2016-04-01,"Nets","","• Bojan Bogdanovic","rest (DTD)","Bojan Bogdanović","2015-16"
2018-01-06,"Pacers","","• Bojan Bogdanovic","placed on IL with sprained left ankle","Bojan Bogdanović","2017-18"
2018-01-08,"Pacers","• Bojan Bogdanovic","","activated from IL","Bojan Bogdanović","2017-18"
2018-04-10,"Pacers","","• Bojan Bogdanovic","placed on IL for rest","Bojan Bogdanović","2017-18"
2018-04-15,"Pacers","• Bojan Bogdanovic","","activated from IL","Bojan Bogdanović","2017-18"
2019-04-10,"Pacers","","• Bojan Bogdanovic","sore left hand (DTD)","Bojan Bogdanović","2018-19"
2019-04-14,"Pacers","• Bojan Bogdanovic","","returned to lineup","Bojan Bogdanović","2018-19"
2019-10-25,"Jazz","","• Bojan Bogdanovic","placed on IL with sprained left ankle","Bojan Bogdanović","2019-20"
2019-10-26,"Jazz","• Bojan Bogdanovic","","activated from IL","Bojan Bogdanović","2019-20"
2022-01-06,"Jazz","","• Bojan Bogdanovic","placed on IL with finger injury","Bojan Bogdanović","2021-22"
2022-01-08,"Jazz","• Bojan Bogdanovic","","activated from IL","Bojan Bogdanović","2021-22"
2022-01-24,"Jazz","","• Bojan Bogdanovic","placed on IL with finger injury","Bojan Bogdanović","2021-22"
2022-01-25,"Jazz","• Bojan Bogdanovic","","activated from IL","Bojan Bogdanović","2021-22"
2022-03-10,"Jazz","","• Bojan Bogdanovic","placed on IL with right leg injury","Bojan Bogdanović","2021-22"
2022-03-12,"Jazz","• Bojan Bogdanovic","","activated from IL","Bojan Bogdanović","2021-22"
2022-03-14,"Jazz","","• Bojan Bogdanovic","placed on IL with strained left calf","Bojan Bogdanović","2021-22"
2022-03-31,"Jazz","• Bojan Bogdanovic","","activated from IL","Bojan Bogdanović","2021-22"
2022-04-10,"Jazz","","• Bojan Bogdanovic","placed on IL with left calf injury","Bojan Bogdanović","2021-22"
2022-04-15,"Jazz","• Bojan Bogdanovic","","activated from IL","Bojan Bogdanović","2021-22"
2022-11-27,"Pistons","","• Bojan Bogdanovic","placed on IL with sore right knee","Bojan Bogdanović","2022-23"
2022-11-29,"Pistons","• Bojan Bogdanovic","","activated from IL","Bojan Bogdanović","2022-23"
2023-01-10,"Pistons","","• Bojan Bogdanovic","placed on IL with right calf injury","Bojan Bogdanović","2022-23"
2023-01-11,"Pistons","• Bojan Bogdanovic","","activated from IL","Bojan Bogdanović","2022-23"
2023-01-15,"Pistons","","• Bojan Bogdanovic","placed on IL with illness","Bojan Bogdanović","2022-23"
2023-01-19,"Pistons","• Bojan Bogdanovic","","activated from IL","Bojan Bogdanović","2022-23"
2023-02-27,"Pistons","","• Bojan Bogdanovic","placed on IL with sore Achilles","Bojan Bogdanović","2022-23"
2023-03-01,"Pistons","• Bojan Bogdanovic","","activated from IL","Bojan Bogdanović","2022-23"
2023-03-03,"Pistons","","• Bojan Bogdanovic","placed on IL with Achilles injury (out for season)","Bojan Bogdanović","2022-23"
2016-11-01,"Jazz","","• Boris Diaw","bruised right leg (DTD)","Boris Diaw","2016-17"
2016-11-02,"Jazz","","• Boris Diaw","bruised right leg (DTD)","Boris Diaw","2016-17"
2016-11-06,"Jazz","","• Boris Diaw","placed on IL with bruised right leg","Boris Diaw","2016-17"
2016-11-14,"Jazz","• Boris Diaw","","activated from IL","Boris Diaw","2016-17"
2013-11-26,"Wizards","","• Bradley Beal","placed on IL with stress injury in right fibula","Bradley Beal","2013-14"
2013-12-16,"Wizards","• Bradley Beal","","activated from IL","Bradley Beal","2013-14"
2014-10-11,"Wizards","","• Bradley Beal","surgery on left wrist to repair fracture (out indefinitely) (date approximate)","Bradley Beal","2014-15"
2014-10-29,"Wizards","","• Bradley Beal","placed on IL with fractured left wrist","Bradley Beal","2014-15"
2014-11-19,"Wizards","• Bradley Beal","","activated from IL","Bradley Beal","2014-15"
2015-02-07,"Wizards","","• Bradley Beal","placed on IL with sore right big toe","Bradley Beal","2014-15"
2015-02-28,"Wizards","• Bradley Beal","","activated from IL","Bradley Beal","2014-15"
2015-04-15,"Wizards","","• Bradley Beal","rest (DNP)","Bradley Beal","2014-15"
2016-11-09,"Wizards","","• Bradley Beal","right hamstring injury (DTD)","Bradley Beal","2016-17"
2016-11-11,"Wizards","","• Bradley Beal","placed on IL with sore right hamstring","Bradley Beal","2016-17"
2016-11-12,"Wizards","• Bradley Beal","","activated from IL","Bradley Beal","2016-17"
2016-11-12,"Wizards","","• Bradley Beal","tightness in right hamstring (DTD)","Bradley Beal","2016-17"
2016-11-17,"Wizards","• Bradley Beal","","returned to lineup","Bradley Beal","2016-17"
2016-12-28,"Wizards","","• Bradley Beal","right ankle injury (DTD)","Bradley Beal","2016-17"
2017-01-02,"Wizards","• Bradley Beal","","returned to lineup","Bradley Beal","2016-17"
2017-04-12,"Wizards","","• Bradley Beal","placed on IL for rest","Bradley Beal","2016-17"
2017-04-16,"Wizards","• Bradley Beal","","activated from IL","Bradley Beal","2016-17"
2019-12-28,"Wizards","","• Bradley Beal","placed on IL with right leg injury","Bradley Beal","2019-20"
2020-01-01,"Wizards","• Bradley Beal","","activated from IL","Bradley Beal","2019-20"
2020-01-03,"Wizards","","• Bradley Beal","right leg injury (DTD)","Bradley Beal","2019-20"
2020-01-04,"Wizards","","• Bradley Beal","placed on IL with right leg injury","Bradley Beal","2019-20"
2020-01-12,"Wizards","• Bradley Beal","","activated from IL","Bradley Beal","2019-20"
2021-01-09,"Wizards","","• Bradley Beal","NBA health and safety protocols (DTD)","Bradley Beal","2020-21"
2021-01-10,"Wizards","• Bradley Beal","","returned to lineup","Bradley Beal","2020-21"
2021-03-13,"Wizards","","• Bradley Beal","sore left knee (DTD)","Bradley Beal","2020-21"
2021-03-14,"Wizards","• Bradley Beal","","returned to lineup","Bradley Beal","2020-21"
2021-03-29,"Wizards","","• Bradley Beal","placed on IL with bruised right hip","Bradley Beal","2020-21"
2021-04-07,"Wizards","• Bradley Beal","","activated from IL","Bradley Beal","2020-21"
2021-04-10,"Wizards","","• Bradley Beal","placed on IL with back injury","Bradley Beal","2020-21"
2021-04-12,"Wizards","• Bradley Beal","","activated from IL","Bradley Beal","2020-21"
2021-10-22,"Wizards","","• Bradley Beal","bruised right hip (DTD)","Bradley Beal","2021-22"
2021-10-25,"Wizards","• Bradley Beal","","returned to lineup","Bradley Beal","2021-22"
2021-11-12,"Wizards","","• Bradley Beal","personal reasons (DTD)","Bradley Beal","2021-22"
2021-11-15,"Wizards","","• Bradley Beal","placed on IL for personal reasons","Bradley Beal","2021-22"
2021-11-16,"Wizards","• Bradley Beal","","activated from IL","Bradley Beal","2021-22"
2021-12-23,"Wizards","","• Bradley Beal","placed on IL with NBA health and safety protocols","Bradley Beal","2021-22"
2021-12-30,"Wizards","• Bradley Beal","","activated from IL","Bradley Beal","2021-22"
2022-01-11,"Wizards","","• Bradley Beal","placed on IL with NBA health and safety protocols","Bradley Beal","2021-22"
2022-01-17,"Wizards","• Bradley Beal","","activated from IL","Bradley Beal","2021-22"
2022-01-31,"Wizards","","• Bradley Beal","placed on IL with sprained left wrist (out for season)","Bradley Beal","2021-22"
2022-02-08,"Wizards","","• Bradley Beal","surgery on left wrist (out for season)","Bradley Beal","2021-22"
2022-11-06,"Wizards","","• Bradley Beal","placed on IL with NBA health and safety protocols","Bradley Beal","2022-23"
2022-11-16,"Wizards","• Bradley Beal","","activated from IL","Bradley Beal","2022-23"
2022-11-23,"Wizards","","• Bradley Beal","placed on IL with bruised right thigh","Bradley Beal","2022-23"
2022-11-25,"Wizards","• Bradley Beal","","activated from IL","Bradley Beal","2022-23"
2022-12-07,"Wizards","","• Bradley Beal","strained right hamstring (DTD)","Bradley Beal","2022-23"
2022-12-10,"Wizards","","• Bradley Beal","placed on IL with strained right hamstring","Bradley Beal","2022-23"
2022-12-18,"Wizards","• Bradley Beal","","activated from IL","Bradley Beal","2022-23"
2022-12-28,"Wizards","","• Bradley Beal","placed on IL with left hamstring injury","Bradley Beal","2022-23"
2023-01-03,"Wizards","• Bradley Beal","","activated from IL","Bradley Beal","2022-23"
2023-01-18,"Wizards","","• Bradley Beal","placed on IL with left hamstring injury","Bradley Beal","2022-23"
2023-01-18,"Wizards","• Bradley Beal","","activated from IL","Bradley Beal","2022-23"
2023-02-06,"Wizards","","• Bradley Beal","sore left foot (DTD)","Bradley Beal","2022-23"
2023-02-08,"Wizards","• Bradley Beal","","returned to lineup","Bradley Beal","2022-23"
2023-03-22,"Wizards","","• Bradley Beal","placed on IL with sore left knee","Bradley Beal","2022-23"
2017-03-26,"Lakers","","• Brandon Ingram","placed on IL with patellar tendinitis in knee","Brandon Ingram","2016-17"
2017-04-01,"Lakers","• Brandon Ingram","","activated from IL","Brandon Ingram","2016-17"
2017-12-23,"Lakers","","• Brandon Ingram","placed on IL with tendinitis in left quadriceps","Brandon Ingram","2017-18"
2017-12-27,"Lakers","• Brandon Ingram","","activated from IL","Brandon Ingram","2017-18"
2018-01-15,"Lakers","","• Brandon Ingram","sprained left ankle/knee (DTD)","Brandon Ingram","2017-18"
2018-01-17,"Lakers","• Brandon Ingram","","returned to lineup","Brandon Ingram","2017-18"
2018-01-19,"Lakers","","• Brandon Ingram","sprained left ankle (DTD)","Brandon Ingram","2017-18"
2018-01-21,"Lakers","• Brandon Ingram","","returned to lineup","Brandon Ingram","2017-18"
2018-03-03,"Lakers","","• Brandon Ingram","placed on IL with strained left hip flexor","Brandon Ingram","2017-18"
2018-03-28,"Lakers","• Brandon Ingram","","activated from IL","Brandon Ingram","2017-18"
2018-04-01,"Lakers","","• Brandon Ingram","placed on IL with concussion (out for season)","Brandon Ingram","2017-18"
2018-12-06,"Lakers","","• Brandon Ingram","sprained left ankle (DTD)","Brandon Ingram","2018-19"
2018-12-07,"Lakers","","• Brandon Ingram","placed on IL with sprained left ankle","Brandon Ingram","2018-19"
2018-12-21,"Lakers","• Brandon Ingram","","activated from IL","Brandon Ingram","2018-19"
2019-03-04,"Lakers","","• Brandon Ingram","sore right shoulder (out for season)","Brandon Ingram","2018-19"
2019-03-09,"Lakers","","• Brandon Ingram","placed on IL with blood clot in right arm (out for season)","Brandon Ingram","2018-19"
2019-11-11,"Pelicans","","• Brandon Ingram","sore right knee (DTD)","Brandon Ingram","2019-20"
2019-11-19,"Pelicans","• Brandon Ingram","","returned to lineup","Brandon Ingram","2019-20"
2020-01-13,"Pelicans","","• Brandon Ingram","sore right knee (DTD)","Brandon Ingram","2019-20"
2020-01-16,"Pelicans","• Brandon Ingram","","returned to lineup","Brandon Ingram","2019-20"
2020-02-08,"Pelicans","","• Brandon Ingram","sprained right ankle (DTD)","Brandon Ingram","2019-20"
2020-02-20,"Pelicans","• Brandon Ingram","","returned to lineup","Brandon Ingram","2019-20"
2021-04-01,"Pelicans","","• Brandon Ingram","placed on IL with right toe inflammation","Brandon Ingram","2020-21"
2021-04-09,"Pelicans","• Brandon Ingram","","activated from IL","Brandon Ingram","2020-21"
2021-10-30,"Pelicans","","• Brandon Ingram","placed on IL with bruised right hip","Brandon Ingram","2021-22"
2021-11-13,"Pelicans","• Brandon Ingram","","activated from IL","Brandon Ingram","2021-22"
2021-12-28,"Pelicans","","• Brandon Ingram","placed on IL with sore left Achilles","Brandon Ingram","2021-22"
2022-01-03,"Pelicans","• Brandon Ingram","","activated from IL","Brandon Ingram","2021-22"
2022-01-23,"Pelicans","","• Brandon Ingram","placed on IL with sprained right ankle","Brandon Ingram","2021-22"
2022-02-01,"Pelicans","• Brandon Ingram","","activated from IL","Brandon Ingram","2021-22"
2022-03-08,"Pelicans","","• Brandon Ingram","placed on IL with right hamstring injury","Brandon Ingram","2021-22"
2022-03-27,"Pelicans","• Brandon Ingram","","activated from IL","Brandon Ingram","2021-22"
2022-04-07,"Pelicans","","• Brandon Ingram","placed on IL with right hamstring injury","Brandon Ingram","2021-22"
2022-04-12,"Pelicans","• Brandon Ingram","","activated from IL","Brandon Ingram","2021-22"
2022-10-24,"Pelicans","","• Brandon Ingram","placed on IL with concussion","Brandon Ingram","2022-23"
2022-11-04,"Pelicans","• Brandon Ingram","","activated from IL","Brandon Ingram","2022-23"
2022-11-27,"Pelicans","","• Brandon Ingram","placed on IL with bruised left toe","Brandon Ingram","2022-23"
2023-01-25,"Pelicans","• Brandon Ingram","","activated from IL","Brandon Ingram","2022-23"
2023-03-11,"Pelicans","","• Brandon Ingram","placed on IL with sprained right ankle","Brandon Ingram","2022-23"
2023-03-14,"Pelicans","• Brandon Ingram","","activated from IL","Brandon Ingram","2022-23"
2013-10-15,"Pistons","","• Brandon Jennings","impacted wisdom tooth (out indefinitely)","Brandon Jennings","2013-14"
2013-10-30,"Pistons","","• Brandon Jennings","placed on IL with impacted wisdom tooth","Brandon Jennings","2013-14"
2013-11-03,"Pistons","• Brandon Jennings","","activated from IL","Brandon Jennings","2013-14"
2014-11-25,"Pistons","","• Brandon Jennings","hyperextended left thumb (DTD)","Brandon Jennings","2014-15"
2014-11-28,"Pistons","","• Brandon Jennings","fined $15,000 by NBA for making an obscene gesture during game","Brandon Jennings","2014-15"
2014-11-30,"Pistons","• Brandon Jennings","","returned to lineup","Brandon Jennings","2014-15"
2015-01-24,"Pistons","","• Brandon Jennings","torn left Achilles (out for season)","Brandon Jennings","2014-15"
2015-01-27,"Pistons","","• Brandon Jennings","placed on IL with torn left Achilles (out for season)","Brandon Jennings","2014-15"
2013-11-01,"Bucks","","• Brandon Knight","strained right hamstring (DNP)","Brandon Knight","2013-14"
2013-11-06,"Bucks","","• Brandon Knight","strained right hamstring (DNP)","Brandon Knight","2013-14"
2013-11-13,"Bucks","","• Brandon Knight","sore/strained right hamstring (DNP)","Brandon Knight","2013-14"
2013-11-22,"Bucks","","• Brandon Knight","sore right hamstring (DNP)","Brandon Knight","2013-14"
2014-02-20,"Bucks","","• Brandon Knight","heel injury (DNP)","Brandon Knight","2013-14"
2014-04-12,"Bucks","","• Brandon Knight","hip injury (DNP)","Brandon Knight","2013-14"
2016-01-12,"Suns","","• Brandon Knight","food poisoning (DTD)","Brandon Knight","2015-16"
2016-01-16,"Suns","• Brandon Knight","","returned to lineup","Brandon Knight","2015-16"
2016-01-21,"Suns","","• Brandon Knight","strained left abductor (P) / adductor (CBC) (DTD)","Brandon Knight","2015-16"
2016-03-09,"Suns","• Brandon Knight","","returned to lineup","Brandon Knight","2015-16"
2016-03-25,"Suns","","• Brandon Knight","upset stomach (DTD)","Brandon Knight","2015-16"
2016-03-26,"Suns","• Brandon Knight","","returned to lineup","Brandon Knight","2015-16"
2016-04-01,"Suns","","• Brandon Knight","sports hernia (out for season)","Brandon Knight","2015-16"
2016-04-08,"Suns","","• Brandon Knight","surgery to repair sports hernia (out for season)","Brandon Knight","2015-16"
2016-04-09,"Suns","","• Brandon Knight","recovering from surgery to repair sports hernia (out for season)","Brandon Knight","2015-16"
2018-10-17,"Rockets","","• Brandon Knight","placed on IL with left knee injury","Brandon Knight","2018-19"
2018-12-13,"Rockets","• Brandon Knight","","activated from IL","Brandon Knight","2018-19"
2018-12-29,"Rockets","","• Brandon Knight","placed on IL","Brandon Knight","2018-19"
2018-12-31,"Rockets","• Brandon Knight","","activated from IL","Brandon Knight","2018-19"
2019-01-13,"Rockets","","• Brandon Knight","sore left knee (DTD)","Brandon Knight","2018-19"
2019-01-16,"Rockets","","• Brandon Knight","placed on IL with sore left knee","Brandon Knight","2018-19"
2019-01-21,"Rockets","• Brandon Knight","","activated from IL","Brandon Knight","2018-19"
2019-01-27,"Rockets","• Brandon Knight","","returned to lineup","Brandon Knight","2018-19"
2016-11-12,"Timberwolves","","• Brandon Rush","placed on IL","Brandon Rush","2016-17"
2016-11-13,"Timberwolves","• Brandon Rush","","activated from IL","Brandon Rush","2016-17"
2016-11-13,"Timberwolves","","• Brandon Rush","sprained right big toe (DTD)","Brandon Rush","2016-17"
2016-11-19,"Timberwolves","","• Brandon Rush","placed on IL with sprained right big toe","Brandon Rush","2016-17"
2016-11-21,"Timberwolves","• Brandon Rush","","activated from IL","Brandon Rush","2016-17"
2016-11-30,"Timberwolves","","• Brandon Rush","placed on IL with toe injury","Brandon Rush","2016-17"
2016-12-06,"Timberwolves","• Brandon Rush","","activated from IL","Brandon Rush","2016-17"
2017-03-08,"Timberwolves","","• Brandon Rush","illness (DTD)","Brandon Rush","2016-17"
2017-03-10,"Timberwolves","• Brandon Rush","","returned to lineup","Brandon Rush","2016-17"
2014-03-26,"Pelicans","","• Brian Roberts","bone bruise in left knee (DNP)","Brian Roberts","2013-14"
2014-03-28,"Pelicans","","• Brian Roberts","bone bruise in left knee (DNP)","Brian Roberts","2013-14"
2014-04-12,"Pelicans","","• Brian Roberts","sprained left ankle (DNP)","Brian Roberts","2013-14"
2014-04-14,"Pelicans","","• Brian Roberts","sprained left ankle (DNP)","Brian Roberts","2013-14"
2014-10-29,"Nets","","• Brook Lopez","placed on IL with sprained right ankle/foot","Brook Lopez","2014-15"
2014-11-03,"Nets","• Brook Lopez","","activated from IL","Brook Lopez","2014-15"
2014-12-08,"Nets","","• Brook Lopez","placed on IL with strained lower back","Brook Lopez","2014-15"
2014-12-23,"Nets","• Brook Lopez","","activated from IL","Brook Lopez","2014-15"
2015-11-09,"Nets","","• Brook Lopez","sore right foot (DTD)","Brook Lopez","2015-16"
2016-03-19,"Nets","","• Brook Lopez","virus (DTD)","Brook Lopez","2015-16"
2016-03-22,"Nets","• Brook Lopez","","returned to lineup","Brook Lopez","2015-16"
2016-03-31,"Nets","","• Brook Lopez","rest (DTD)","Brook Lopez","2015-16"
2016-04-06,"Nets","","• Brook Lopez","placed on IL for rest (out for season)","Brook Lopez","2015-16"
2019-11-30,"Bucks","","• Brook Lopez","placed on IL with sore back","Brook Lopez","2019-20"
2019-12-04,"Bucks","• Brook Lopez","","activated from IL","Brook Lopez","2019-20"
2020-02-23,"Bucks","","• Brook Lopez","sore back (DTD)","Brook Lopez","2019-20"
2020-02-24,"Bucks","","• Brook Lopez","placed on IL with sore back","Brook Lopez","2019-20"
2020-02-25,"Bucks","• Brook Lopez","","activated from IL","Brook Lopez","2019-20"
2021-04-09,"Bucks","","• Brook Lopez","back injury (DTD)","Brook Lopez","2020-21"
2021-04-11,"Bucks","• Brook Lopez","","returned to lineup","Brook Lopez","2020-21"
2021-10-21,"Bucks","","• Brook Lopez","sore back (DTD)","Brook Lopez","2021-22"
2021-10-23,"Bucks","","• Brook Lopez","placed on IL with sore back","Brook Lopez","2021-22"
2021-12-02,"Bucks","","• Brook Lopez","surgery on back (out indefinitely)","Brook Lopez","2021-22"
2022-03-13,"Bucks","• Brook Lopez","","activated from IL","Brook Lopez","2021-22"
2022-04-01,"Bucks","","• Brook Lopez","placed on IL with back injury","Brook Lopez","2021-22"
2022-04-02,"Bucks","• Brook Lopez","","activated from IL","Brook Lopez","2021-22"
2022-04-09,"Bucks","","• Brook Lopez","placed on IL with back injury","Brook Lopez","2021-22"
2022-04-16,"Bucks","• Brook Lopez","","activated from IL","Brook Lopez","2021-22"
2023-03-16,"Bucks","","• Brook Lopez","placed on IL with sore left ankle","Brook Lopez","2022-23"
2023-03-19,"Bucks","• Brook Lopez","","activated from IL","Brook Lopez","2022-23"
2018-11-07,"Pistons","","• Bruce Brown","placed on IL","Bruce Brown","2018-19"
2018-11-09,"Pistons","• Bruce Brown","","activated from IL","Bruce Brown","2018-19"
2019-03-10,"Pistons","","• Bruce Brown","placed on IL with sprained right ankle","Bruce Brown","2018-19"
2019-03-11,"Pistons","• Bruce Brown","","activated from IL","Bruce Brown","2018-19"
2019-12-23,"Pistons","","• Bruce Brown","placed on IL with calf injury","Bruce Brown","2019-20"
2019-12-26,"Pistons","• Bruce Brown","","activated from IL","Bruce Brown","2019-20"
2020-01-22,"Pistons","","• Bruce Brown","placed on IL with illness","Bruce Brown","2019-20"
2020-01-25,"Pistons","• Bruce Brown","","activated from IL","Bruce Brown","2019-20"
2020-02-25,"Pistons","","• Bruce Brown","sore left knee (DTD)","Bruce Brown","2019-20"
2020-03-04,"Pistons","","• Bruce Brown","placed on IL with sore left knee","Bruce Brown","2019-20"
2020-03-06,"Pistons","• Bruce Brown","","activated from IL","Bruce Brown","2019-20"
2020-03-11,"Pistons","","• Bruce Brown","sprained right ankle (out for season)","Bruce Brown","2019-20"
2021-11-21,"Nets","","• Bruce Brown","placed on IL with left hamstring injury","Bruce Brown","2021-22"
2021-11-27,"Nets","• Bruce Brown","","activated from IL","Bruce Brown","2021-22"
2021-12-14,"Nets","","• Bruce Brown","NBA health and safety protocols (DTD)","Bruce Brown","2021-22"
2021-12-24,"Nets","• Bruce Brown","","returned to lineup","Bruce Brown","2021-22"
2022-04-02,"Nets","","• Bruce Brown","placed on IL with illness","Bruce Brown","2021-22"
2022-04-04,"Nets","• Bruce Brown","","activated from IL","Bruce Brown","2021-22"
2021-04-12,"Kings","","• Buddy Hield","placed on IL with illness","Buddy Hield","2020-21"
2021-04-14,"Kings","• Buddy Hield","","activated from IL","Buddy Hield","2020-21"
2023-03-27,"Pacers","","• Buddy Hield","placed on IL with illness","Buddy Hield","2022-23"
2023-03-30,"Pacers","• Buddy Hield","","activated from IL","Buddy Hield","2022-23"
2017-10-19,"Clippers","","• C.J. Williams","placed on IL","C.J. Williams","2017-18"
2017-11-10,"Clippers","• C.J. Williams","","activated from IL","C.J. Williams","2017-18"
2017-11-17,"Clippers","","• C.J. Williams","placed on IL","C.J. Williams","2017-18"
2017-11-22,"Clippers","• C.J. Williams","","activated from IL","C.J. Williams","2017-18"
2018-01-11,"Clippers","","• C.J. Williams","sprained right ankle (DTD)","C.J. Williams","2017-18"
2018-01-12,"Clippers","• C.J. Williams","","returned to lineup","C.J. Williams","2017-18"
2018-01-13,"Clippers","","• C.J. Williams","placed on IL","C.J. Williams","2017-18"
2018-02-28,"Clippers","• C.J. Williams","","activated from IL","C.J. Williams","2017-18"
2021-10-19,"Pistons","","• Cade Cunningham","placed on IL with sprained right ankle","Cade Cunningham","2021-22"
2021-10-30,"Pistons","• Cade Cunningham","","activated from IL","Cade Cunningham","2021-22"
2021-10-31,"Pistons","","• Cade Cunningham","placed on IL with right ankle injury","Cade Cunningham","2021-22"
2021-11-02,"Pistons","• Cade Cunningham","","activated from IL","Cade Cunningham","2021-22"
2021-12-22,"Pistons","","• Cade Cunningham","placed on IL with NBA health and safety protocols","Cade Cunningham","2021-22"
2022-01-02,"Pistons","• Cade Cunningham","","activated from IL","Cade Cunningham","2021-22"
2022-02-03,"Pistons","","• Cade Cunningham","right hip pointer (DTD)","Cade Cunningham","2021-22"
2022-02-11,"Pistons","• Cade Cunningham","","returned to lineup","Cade Cunningham","2021-22"
2022-03-15,"Pistons","","• Cade Cunningham","illness (DTD)","Cade Cunningham","2021-22"
2022-03-19,"Pistons","• Cade Cunningham","","returned to lineup","Cade Cunningham","2021-22"
2022-04-03,"Pistons","","• Cade Cunningham","right hip injury (DTD)","Cade Cunningham","2021-22"
2022-04-04,"Pistons","• Cade Cunningham","","returned to lineup","Cade Cunningham","2021-22"
2022-04-10,"Pistons","","• Cade Cunningham","placed on IL with right hip injury (out for season)","Cade Cunningham","2021-22"
2022-11-05,"Suns","","• Cameron Johnson","right knee injury (DTD)","Cameron Johnson","2022-23"
2023-03-08,"Nets","","• Cameron Johnson","placed on IL with sore right knee","Cameron Johnson","2022-23"
2023-03-10,"Nets","• Cameron Johnson","","activated from IL","Cameron Johnson","2022-23"
2016-10-24,"Nets","","• Caris LeVert","sore foot (DTD)","Caris LeVert","2016-17"
2016-10-26,"Nets","","• Caris LeVert","placed on IL with sore foot","Caris LeVert","2016-17"
2016-12-05,"Nets","• Caris LeVert","","activated from IL","Caris LeVert","2016-17"
2016-12-05,"Nets","","• Caris LeVert","sore foot (DTD)","Caris LeVert","2016-17"
2016-12-07,"Nets","• Caris LeVert","","returned to lineup","Caris LeVert","2016-17"
2017-01-27,"Nets","","• Caris LeVert","rest (DTD)","Caris LeVert","2016-17"
2017-01-28,"Nets","• Caris LeVert","","returned to lineup","Caris LeVert","2016-17"
2017-02-05,"Nets","","• Caris LeVert","sore right knee (DTD)","Caris LeVert","2016-17"
2017-02-08,"Nets","• Caris LeVert","","returned to lineup","Caris LeVert","2016-17"
2017-02-25,"Nets","","• Caris LeVert","placed on IL with illness","Caris LeVert","2016-17"
2017-02-28,"Nets","• Caris LeVert","","activated from IL","Caris LeVert","2016-17"
2018-11-13,"Nets","","• Caris LeVert","right foot injury (out indefinitely)","Caris LeVert","2018-19"
2018-11-14,"Nets","","• Caris LeVert","placed on IL with right foot injury","Caris LeVert","2018-19"
2019-02-08,"Nets","• Caris LeVert","","activated from IL","Caris LeVert","2018-19"
2021-01-13,"Nets","","• Caris LeVert","placed on IL","Caris LeVert","2020-21"
2021-01-16,"Pacers","","• Caris LeVert","mass on kidney (out indefinitely)","Caris LeVert","2020-21"
2021-03-13,"Pacers","• Caris LeVert","","activated from IL","Caris LeVert","2020-21"
2022-11-21,"Cavaliers","","• Caris LeVert","placed on IL with sprained left ankle","Caris LeVert","2022-23"
2022-11-28,"Cavaliers","• Caris LeVert","","activated from IL","Caris LeVert","2022-23"
2023-02-02,"Cavaliers","","• Caris LeVert","placed on IL with right hamstring injury","Caris LeVert","2022-23"
2023-02-06,"Cavaliers","• Caris LeVert","","activated from IL","Caris LeVert","2022-23"
2023-04-05,"Cavaliers","","• Caris LeVert","sore right knee (DTD)","Caris LeVert","2022-23"
2023-04-09,"Cavaliers","","• Caris LeVert","placed on IL with sore right knee","Caris LeVert","2022-23"
2023-04-15,"Cavaliers","• Caris LeVert","","activated from IL","Caris LeVert","2022-23"
2014-01-04,"Bulls","","• Carlos Boozer","sore/bruised right knee (DNP)","Carlos Boozer","2013-14"
2014-01-07,"Bulls","","• Carlos Boozer","sore right knee (DNP)","Carlos Boozer","2013-14"
2014-01-22,"Bulls","","• Carlos Boozer","left calf injury (DNP)","Carlos Boozer","2013-14"
2014-02-06,"Bulls","","• Carlos Boozer","strained left calf (DNP)","Carlos Boozer","2013-14"
2014-02-09,"Bulls","","• Carlos Boozer","strained left calf (DNP)","Carlos Boozer","2013-14"
2014-02-11,"Bulls","","• Carlos Boozer","strained left calf (DNP)","Carlos Boozer","2013-14"
2013-12-25,"Knicks","","• Carmelo Anthony","sprained left ankle (DNP)","Carmelo Anthony","2013-14"
2013-12-27,"Knicks","","• Carmelo Anthony","sprained left ankle (DNP)","Carmelo Anthony","2013-14"
2013-12-28,"Knicks","","• Carmelo Anthony","sprained left ankle (DNP)","Carmelo Anthony","2013-14"
2014-04-15,"Knicks","","• Carmelo Anthony","torn labrum in right shoulder (DNP)","Carmelo Anthony","2013-14"
2014-04-16,"Knicks","","• Carmelo Anthony","torn labrum in right shoulder (DNP)","Carmelo Anthony","2013-14"
2014-11-26,"Knicks","","• Carmelo Anthony","back spasms (DTD)","Carmelo Anthony","2014-15"
2014-11-30,"Knicks","• Carmelo Anthony","","returned to lineup","Carmelo Anthony","2014-15"
2014-12-10,"Knicks","","• Carmelo Anthony","sore left knee (DTD)","Carmelo Anthony","2014-15"
2014-12-12,"Knicks","• Carmelo Anthony","","returned to lineup","Carmelo Anthony","2014-15"
2014-12-18,"Knicks","","• Carmelo Anthony","sore left knee (DTD)","Carmelo Anthony","2014-15"
2014-12-20,"Knicks","• Carmelo Anthony","","returned to lineup","Carmelo Anthony","2014-15"
2015-01-02,"Knicks","","• Carmelo Anthony","sore left knee (DTD)","Carmelo Anthony","2014-15"
2015-01-04,"Knicks","","• Carmelo Anthony","placed on IL with sore left knee","Carmelo Anthony","2014-15"
2015-01-15,"Knicks","• Carmelo Anthony","","activated from IL","Carmelo Anthony","2014-15"
2015-01-24,"Knicks","","• Carmelo Anthony","sore left knee (DTD)","Carmelo Anthony","2014-15"
2015-01-28,"Knicks","• Carmelo Anthony","","returned to lineup","Carmelo Anthony","2014-15"
2015-02-07,"Knicks","","• Carmelo Anthony","placed on IL for rest","Carmelo Anthony","2014-15"
2015-02-09,"Knicks","• Carmelo Anthony","","activated from IL","Carmelo Anthony","2014-15"
2015-02-11,"Knicks","","• Carmelo Anthony","placed on IL with knee injury (out for season)","Carmelo Anthony","2014-15"
2015-02-19,"Knicks","","• Carmelo Anthony","surgery on left knee to repair patellar tendon (out for season)","Carmelo Anthony","2014-15"
2015-11-29,"Knicks","","• Carmelo Anthony","illness (DTD)","Carmelo Anthony","2015-16"
2015-12-02,"Knicks","• Carmelo Anthony","","returned to lineup","Carmelo Anthony","2015-16"
2015-12-23,"Knicks","","• Carmelo Anthony","sprained right ankle (DTD)","Carmelo Anthony","2015-16"
2015-12-26,"Knicks","• Carmelo Anthony","","returned to lineup","Carmelo Anthony","2015-16"
2016-01-13,"Knicks","","• Carmelo Anthony","sprained right ankle (DTD)","Carmelo Anthony","2015-16"
2016-01-18,"Knicks","• Carmelo Anthony","","returned to lineup","Carmelo Anthony","2015-16"
2016-01-25,"Knicks","","• Carmelo Anthony","sore left knee (DTD)","Carmelo Anthony","2015-16"
2016-01-29,"Knicks","• Carmelo Anthony","","returned to lineup","Carmelo Anthony","2015-16"
2016-02-05,"Knicks","","• Carmelo Anthony","placed on IL with sore left knee","Carmelo Anthony","2015-16"
2016-02-07,"Knicks","• Carmelo Anthony","","activated from IL","Carmelo Anthony","2015-16"
2016-03-20,"Knicks","","• Carmelo Anthony","migraine headache (DTD)","Carmelo Anthony","2015-16"
2016-03-23,"Knicks","• Carmelo Anthony","","returned to lineup","Carmelo Anthony","2015-16"
2016-04-03,"Knicks","","• Carmelo Anthony","rest (DTD)","Carmelo Anthony","2015-16"
2016-12-15,"Knicks","","• Carmelo Anthony","placed on IL with sore right shoulder","Carmelo Anthony","2016-17"
2016-12-17,"Knicks","• Carmelo Anthony","","activated from IL","Carmelo Anthony","2016-17"
2017-03-06,"Knicks","","• Carmelo Anthony","sore left knee (DTD)","Carmelo Anthony","2016-17"
2017-03-08,"Knicks","• Carmelo Anthony","","returned to lineup","Carmelo Anthony","2016-17"
2017-03-23,"Knicks","","• Carmelo Anthony","sore left knee (DTD)","Carmelo Anthony","2016-17"
2017-03-25,"Knicks","","• Carmelo Anthony","placed on IL with sore left knee","Carmelo Anthony","2016-17"
2017-03-27,"Knicks","• Carmelo Anthony","","activated from IL","Carmelo Anthony","2016-17"
2017-03-31,"Knicks","","• Carmelo Anthony","placed on IL with sore lower back","Carmelo Anthony","2016-17"
2017-04-04,"Knicks","• Carmelo Anthony","","activated from IL","Carmelo Anthony","2016-17"
2017-04-07,"Knicks","","• Carmelo Anthony","sore left knee (DTD)","Carmelo Anthony","2016-17"
2017-04-12,"Knicks","• Carmelo Anthony","","returned to lineup","Carmelo Anthony","2016-17"
2017-11-12,"Thunder","","• Carmelo Anthony","sore lower back (DTD)","Carmelo Anthony","2017-18"
2017-11-15,"Thunder","• Carmelo Anthony","","returned to lineup","Carmelo Anthony","2017-18"
2018-02-08,"Thunder","","• Carmelo Anthony","placed on IL with sprained right ankle","Carmelo Anthony","2017-18"
2018-02-13,"Thunder","• Carmelo Anthony","","activated from IL","Carmelo Anthony","2017-18"
2018-03-03,"Thunder","","• Carmelo Anthony","placed on IL for rest","Carmelo Anthony","2017-18"
2018-03-06,"Thunder","• Carmelo Anthony","","activated from IL","Carmelo Anthony","2017-18"
2019-12-21,"Blazers","","• Carmelo Anthony","bruised left knee (DTD)","Carmelo Anthony","2019-20"
2019-12-23,"Blazers","• Carmelo Anthony","","returned to lineup","Carmelo Anthony","2019-20"
2020-01-31,"Blazers","","• Carmelo Anthony","personal reasons (DTD)","Carmelo Anthony","2019-20"
2020-02-01,"Blazers","• Carmelo Anthony","","returned to lineup","Carmelo Anthony","2019-20"
2015-02-10,"Pistons","","• Caron Butler","back spasms (DTD)","Caron Butler","2014-15"
2015-02-11,"Pistons","","• Caron Butler","placed on IL with back spasms","Caron Butler","2014-15"
2015-02-20,"Pistons","• Caron Butler","","activated from IL","Caron Butler","2014-15"
2018-01-30,"Cavaliers","","• Cedi Osman","placed on IL","Cedi Osman","2017-18"
2018-01-31,"Cavaliers","• Cedi Osman","","activated from IL","Cedi Osman","2017-18"
2018-03-10,"Cavaliers","","• Cedi Osman","strained left hip (out indefinitely)","Cedi Osman","2017-18"
2018-03-11,"Cavaliers","","• Cedi Osman","placed on IL with strained left hip","Cedi Osman","2017-18"
2018-03-28,"Cavaliers","• Cedi Osman","","activated from IL","Cedi Osman","2017-18"
2018-11-09,"Cavaliers","","• Cedi Osman","lower back spasms (DTD)","Cedi Osman","2018-19"
2018-11-14,"Cavaliers","• Cedi Osman","","returned to lineup","Cedi Osman","2018-19"
2019-02-05,"Cavaliers","","• Cedi Osman","placed on IL with sprained right ankle","Cedi Osman","2018-19"
2019-02-13,"Cavaliers","• Cedi Osman","","activated from IL","Cedi Osman","2018-19"
2014-12-13,"Mavericks","","• Chandler Parsons","placed on IL with sore lower back","Chandler Parsons","2014-15"
2014-12-16,"Mavericks","• Chandler Parsons","","activated from IL","Chandler Parsons","2014-15"
2015-01-30,"Mavericks","","• Chandler Parsons","illness (DTD)","Chandler Parsons","2014-15"
2015-02-02,"Mavericks","• Chandler Parsons","","returned to lineup","Chandler Parsons","2014-15"
2015-02-22,"Mavericks","","• Chandler Parsons","placed on IL with sprained left ankle","Chandler Parsons","2014-15"
2015-03-08,"Mavericks","• Chandler Parsons","","activated from IL","Chandler Parsons","2014-15"
2015-04-04,"Mavericks","","• Chandler Parsons","right knee injury (DTD)","Chandler Parsons","2014-15"
2015-04-18,"Mavericks","• Chandler Parsons","","returned to lineup","Chandler Parsons","2014-15"
2015-04-21,"Mavericks","","• Chandler Parsons","placed on IL with sprained right knee (out for season)","Chandler Parsons","2014-15"
2014-10-28,"Magic","","• Channing Frye","placed on IL with sprained MCL in left knee","Channing Frye","2014-15"
2014-10-30,"Magic","• Channing Frye","","activated from IL","Channing Frye","2014-15"
2015-03-22,"Magic","","• Channing Frye","illness (DTD)","Channing Frye","2014-15"
2015-03-25,"Magic","• Channing Frye","","returned to lineup","Channing Frye","2014-15"
2013-11-05,"Heat","","• Chris Bosh","placed on IL with birth of child","Chris Bosh","2013-14"
2013-11-07,"Heat","• Chris Bosh","","activated from IL","Chris Bosh","2013-14"
2014-04-14,"Heat","","• Chris Bosh","placed on IL","Chris Bosh","2013-14"
2014-12-14,"Heat","","• Chris Bosh","strained left calf (out indefinitely)","Chris Bosh","2014-15"
2014-12-16,"Heat","","• Chris Bosh","placed on IL with strained left calf","Chris Bosh","2014-15"
2014-12-29,"Heat","• Chris Bosh","","activated from IL","Chris Bosh","2014-15"
2015-02-20,"Heat","","• Chris Bosh","placed on IL with blood clot in lungs (out for season)","Chris Bosh","2014-15"
2021-11-15,"Pacers","","• Chris Duarte","placed on IL with sore right shoulder","Chris Duarte","2021-22"
2021-11-19,"Pacers","• Chris Duarte","","activated from IL","Chris Duarte","2021-22"
2021-12-30,"Pacers","","• Chris Duarte","placed on IL with NBA health and safety protocols","Chris Duarte","2021-22"
2022-01-08,"Pacers","• Chris Duarte","","activated from IL","Chris Duarte","2021-22"
2022-01-10,"Pacers","","• Chris Duarte","placed on IL for personal reasons","Chris Duarte","2021-22"
2022-01-13,"Pacers","• Chris Duarte","","activated from IL","Chris Duarte","2021-22"
2022-02-13,"Pacers","","• Chris Duarte","left big toe injury (DTD)","Chris Duarte","2021-22"
2022-02-25,"Pacers","","• Chris Duarte","placed on IL with left big toe injury","Chris Duarte","2021-22"
2022-02-27,"Pacers","• Chris Duarte","","activated from IL","Chris Duarte","2021-22"
2022-03-02,"Pacers","","• Chris Duarte","left big toe injury (DTD)","Chris Duarte","2021-22"
2022-03-08,"Pacers","• Chris Duarte","","returned to lineup","Chris Duarte","2021-22"
2022-03-13,"Pacers","","• Chris Duarte","left big toe injury (DTD)","Chris Duarte","2021-22"
2022-03-15,"Pacers","• Chris Duarte","","returned to lineup","Chris Duarte","2021-22"
2022-03-18,"Pacers","","• Chris Duarte","placed on IL with left big toe injury (out for season)","Chris Duarte","2021-22"
2013-11-29,"Clippers","","• Chris Paul","strained right hamstring (DNP)","Chris Paul","2013-14"
2014-01-03,"Clippers","","• Chris Paul","separated right shoulder (out indefinitely)","Chris Paul","2013-14"
2014-01-04,"Clippers","","• Chris Paul","separated right shoulder (DNP)","Chris Paul","2013-14"
2014-01-06,"Clippers","","• Chris Paul","placed on IL with separated right shoulder","Chris Paul","2013-14"
2014-02-09,"Clippers","• Chris Paul","","activated from IL","Chris Paul","2013-14"
2014-04-16,"Clippers","","• Chris Paul","rest (DNP)","Chris Paul","2013-14"
2015-11-07,"Clippers","","• Chris Paul","sore right groin (DTD)","Chris Paul","2015-16"
2015-11-09,"Clippers","• Chris Paul","","returned to lineup","Chris Paul","2015-16"
2015-11-12,"Clippers","","• Chris Paul","sore right groin (DTD)","Chris Paul","2015-16"
2015-11-19,"Clippers","• Chris Paul","","returned to lineup","Chris Paul","2015-16"
2015-12-02,"Clippers","","• Chris Paul","placed on IL with inflamed rib cartilage","Chris Paul","2015-16"
2015-12-07,"Clippers","• Chris Paul","","activated from IL","Chris Paul","2015-16"
2016-03-31,"Clippers","","• Chris Paul","rest (DTD)","Chris Paul","2015-16"
2016-04-08,"Clippers","","• Chris Paul","rest (DTD)","Chris Paul","2015-16"
2016-04-13,"Clippers","","• Chris Paul","rest (DTD)","Chris Paul","2015-16"
2016-04-25,"Clippers","","• Chris Paul","fractured right hand (out for season)","Chris Paul","2015-16"
2016-04-26,"Clippers","","• Chris Paul","surgery on right hand to repair fracture (out for season)","Chris Paul","2015-16"
2016-04-27,"Clippers","","• Chris Paul","placed on IL recovering from surgery on right hand to repair fracture (out for season)","Chris Paul","2015-16"
2018-11-24,"Rockets","","• Chris Paul","left leg injury (DTD)","Chris Paul","2018-19"
2018-11-30,"Rockets","• Chris Paul","","returned to lineup","Chris Paul","2018-19"
2018-12-21,"Rockets","","• Chris Paul","strained left hamstring (out indefinitely)","Chris Paul","2018-19"
2018-12-22,"Rockets","","• Chris Paul","placed on IL with strained left hamstring","Chris Paul","2018-19"
2019-01-27,"Rockets","• Chris Paul","","activated from IL","Chris Paul","2018-19"
2020-01-27,"Thunder","","• Chris Paul","placed on IL for personal reasons","Chris Paul","2019-20"
2020-01-28,"Thunder","• Chris Paul","","activated from IL","Chris Paul","2019-20"
2021-02-08,"Suns","","• Chris Paul","right hamstring injury (DTD)","Chris Paul","2020-21"
2021-02-10,"Suns","• Chris Paul","","returned to lineup","Chris Paul","2020-21"
2022-02-20,"Suns","","• Chris Paul","placed on IL with fractured right thumb","Chris Paul","2021-22"
2022-03-24,"Suns","• Chris Paul","","activated from IL","Chris Paul","2021-22"
2022-04-06,"Suns","","• Chris Paul","right thumb injury (DTD)","Chris Paul","2021-22"
2022-04-07,"Suns","• Chris Paul","","returned to lineup","Chris Paul","2021-22"
2022-04-10,"Suns","","• Chris Paul","right thumb injury (DTD)","Chris Paul","2021-22"
2022-04-17,"Suns","• Chris Paul","","returned to lineup","Chris Paul","2021-22"
2022-11-09,"Suns","","• Chris Paul","sore right heel (DTD)","Chris Paul","2022-23"
2022-11-26,"Suns","","• Chris Paul","placed on IL with sore right heel","Chris Paul","2022-23"
2022-12-07,"Suns","• Chris Paul","","activated from IL","Chris Paul","2022-23"
2023-01-08,"Suns","","• Chris Paul","placed on IL with sore right hip","Chris Paul","2022-23"
2023-01-22,"Suns","• Chris Paul","","activated from IL","Chris Paul","2022-23"
2023-04-07,"Suns","","• Chris Paul","placed on IL with rest","Chris Paul","2022-23"
2023-04-16,"Suns","• Chris Paul","","activated from IL","Chris Paul","2022-23"
2021-01-06,"Rockets","","• Christian Wood","sore left knee (DTD)","Christian Wood","2020-21"
2021-01-08,"Rockets","• Christian Wood","","returned to lineup","Christian Wood","2020-21"
2021-01-21,"Rockets","","• Christian Wood","placed on IL with sprained right ankle","Christian Wood","2020-21"
2021-01-28,"Rockets","• Christian Wood","","activated from IL","Christian Wood","2020-21"
2021-02-05,"Rockets","","• Christian Wood","placed on IL with sprained right ankle","Christian Wood","2020-21"
2021-03-17,"Rockets","• Christian Wood","","activated from IL","Christian Wood","2020-21"
2021-03-27,"Rockets","","• Christian Wood","sore right ankle (DTD)","Christian Wood","2020-21"
2021-03-29,"Rockets","• Christian Wood","","returned to lineup","Christian Wood","2020-21"
2021-03-29,"Rockets","","• Christian Wood","placed on IL with illness","Christian Wood","2020-21"
2021-03-31,"Rockets","• Christian Wood","","activated from IL","Christian Wood","2020-21"
2021-04-24,"Rockets","","• Christian Wood","sore right ankle (DTD)","Christian Wood","2020-21"
2021-04-26,"Rockets","• Christian Wood","","returned to lineup","Christian Wood","2020-21"
2016-10-12,"Rockets","","• Clint Capela","tightness in hamstring (DTD)","Clint Capela","2016-17"
2016-12-19,"Rockets","","• Clint Capela","fractured fibula in left leg (out indefinitely)","Clint Capela","2016-17"
2016-12-20,"Rockets","","• Clint Capela","placed on IL with fractured fibula in left leg","Clint Capela","2016-17"
2017-01-15,"Rockets","• Clint Capela","","activated from IL","Clint Capela","2016-17"
2017-01-17,"Rockets","• Clint Capela","","activated from IL","Clint Capela","2016-17"
2017-04-07,"Rockets","","• Clint Capela","placed on IL","Clint Capela","2016-17"
2017-04-09,"Rockets","• Clint Capela","","activated from IL","Clint Capela","2016-17"
2019-01-14,"Rockets","","• Clint Capela","placed on IL with right thumb injury","Clint Capela","2018-19"
2019-02-21,"Rockets","• Clint Capela","","activated from IL","Clint Capela","2018-19"
2020-12-23,"Hawks","","• Clint Capela","placed on IL with sore left Achilles","Clint Capela","2020-21"
2020-12-28,"Hawks","• Clint Capela","","activated from IL","Clint Capela","2020-21"
2021-01-24,"Hawks","","• Clint Capela","right hand injury (DTD)","Clint Capela","2020-21"
2021-01-26,"Hawks","• Clint Capela","","returned to lineup","Clint Capela","2020-21"
2021-03-03,"Hawks","","• Clint Capela","placed on IL with right foot injury","Clint Capela","2020-21"
2021-03-10,"Hawks","• Clint Capela","","activated from IL","Clint Capela","2020-21"
2021-03-14,"Hawks","","• Clint Capela","placed on IL with heel injury","Clint Capela","2020-21"
2021-03-18,"Hawks","• Clint Capela","","activated from IL","Clint Capela","2020-21"
2021-04-07,"Hawks","","• Clint Capela","placed on IL with left Achilles injury","Clint Capela","2020-21"
2021-04-09,"Hawks","• Clint Capela","","activated from IL","Clint Capela","2020-21"
2021-04-23,"Hawks","","• Clint Capela","back injury (DTD)","Clint Capela","2020-21"
2021-04-25,"Hawks","• Clint Capela","","returned to lineup","Clint Capela","2020-21"
2022-11-25,"Hawks","","• Clint Capela","placed on IL with dental ailment","Clint Capela","2022-23"
2022-11-28,"Hawks","• Clint Capela","","activated from IL","Clint Capela","2022-23"
2022-12-12,"Hawks","","• Clint Capela","left Achilles injury (DTD)","Clint Capela","2022-23"
2022-12-14,"Hawks","• Clint Capela","","returned to lineup","Clint Capela","2022-23"
2022-12-15,"Hawks","","• Clint Capela","placed on IL with strained right calf","Clint Capela","2022-23"
2022-12-23,"Hawks","• Clint Capela","","activated from IL","Clint Capela","2022-23"
2022-12-27,"Hawks","","• Clint Capela","placed on IL with strained right calf","Clint Capela","2022-23"
2023-01-16,"Hawks","• Clint Capela","","activated from IL","Clint Capela","2022-23"
2023-04-08,"Hawks","","• Clint Capela","placed on IL with right calf injury","Clint Capela","2022-23"
2023-04-11,"Hawks","• Clint Capela","","activated from IL","Clint Capela","2022-23"
2021-03-29,"Bulls","","• Coby White","placed on IL with cervical injury","Coby White","2020-21"
2021-04-02,"Bulls","• Coby White","","activated from IL","Coby White","2020-21"
2021-04-04,"Bulls","","• Coby White","placed on IL with NBA health and safety protocols","Coby White","2020-21"
2021-04-06,"Bulls","• Coby White","","activated from IL","Coby White","2020-21"
2015-01-08,"Hornets","","• Cody Zeller","strained right shoulder (DTD)","Cody Zeller","2014-15"
2015-01-10,"Hornets","• Cody Zeller","","returned to lineup","Cody Zeller","2014-15"
2015-03-11,"Hornets","","• Cody Zeller","placed on IL with shoulder injury","Cody Zeller","2014-15"
2015-03-20,"Hornets","• Cody Zeller","","activated from IL","Cody Zeller","2014-15"
2015-03-22,"Hornets","","• Cody Zeller","placed on IL with sore right shoulder (out for season)","Cody Zeller","2014-15"
2015-04-22,"Hornets","","• Cody Zeller","surgery on right shoulder to repair torn tendon (out indefinitely)","Cody Zeller","2014-15"
2016-10-06,"Hornets","","• Cody Zeller","bone bruise in right knee (out indefinitely)","Cody Zeller","2016-17"
2016-11-19,"Hornets","","• Cody Zeller","sore shoulder (DTD)","Cody Zeller","2016-17"
2016-11-21,"Hornets","","• Cody Zeller","placed on IL with sore shoulder","Cody Zeller","2016-17"
2016-11-25,"Hornets","• Cody Zeller","","activated from IL","Cody Zeller","2016-17"
2017-01-02,"Hornets","","• Cody Zeller","placed on IL with concussion (DTD)","Cody Zeller","2016-17"
2017-01-07,"Hornets","• Cody Zeller","","activated from IL","Cody Zeller","2016-17"
2017-01-09,"Hornets","","• Cody Zeller","illness (DTD)","Cody Zeller","2016-17"
2017-01-13,"Hornets","• Cody Zeller","","returned to lineup","Cody Zeller","2016-17"
2017-01-25,"Hornets","","• Cody Zeller","placed on IL with bruised quadriceps","Cody Zeller","2016-17"
2017-02-09,"Hornets","• Cody Zeller","","activated from IL","Cody Zeller","2016-17"
2017-02-11,"Hornets","","• Cody Zeller","placed on IL with sore quadriceps","Cody Zeller","2016-17"
2017-02-28,"Hornets","• Cody Zeller","","activated from IL","Cody Zeller","2016-17"
2018-12-02,"Hornets","","• Cody Zeller","placed on IL with sore ribs","Cody Zeller","2018-19"
2018-12-05,"Hornets","• Cody Zeller","","activated from IL","Cody Zeller","2018-19"
2019-01-01,"Hornets","","• Cody Zeller","fractured right hand (out indefinitely)","Cody Zeller","2018-19"
2019-01-02,"Hornets","","• Cody Zeller","placed on IL with fractured right hand","Cody Zeller","2018-19"
2019-02-05,"Hornets","• Cody Zeller","","activated from IL","Cody Zeller","2018-19"
2019-03-11,"Hornets","","• Cody Zeller","sore left knee (out for season)","Cody Zeller","2018-19"
2019-03-15,"Hornets","","• Cody Zeller","placed on IL with sore left knee (out for season)","Cody Zeller","2018-19"
2019-10-25,"Hornets","","• Cody Zeller","placed on IL for personal reasons","Cody Zeller","2019-20"
2019-10-26,"Hornets","• Cody Zeller","","activated from IL","Cody Zeller","2019-20"
2019-11-27,"Hornets","","• Cody Zeller","placed on IL with bruised left hip","Cody Zeller","2019-20"
2019-11-30,"Hornets","• Cody Zeller","","activated from IL","Cody Zeller","2019-20"
2021-02-11,"Magic","","• Cole Anthony","strained right shoulder (DTD)","Cole Anthony","2020-21"
2021-02-16,"Magic","","• Cole Anthony","placed on IL with rib injury","Cole Anthony","2020-21"
2021-04-07,"Magic","• Cole Anthony","","activated from IL","Cole Anthony","2020-21"
2021-11-20,"Magic","","• Cole Anthony","sprained right ankle (DTD)","Cole Anthony","2021-22"
2021-11-24,"Magic","","• Cole Anthony","placed on IL with sprained right ankle","Cole Anthony","2021-22"
2021-11-30,"Magic","• Cole Anthony","","activated from IL","Cole Anthony","2021-22"
2021-12-17,"Magic","","• Cole Anthony","sprained right ankle (DTD)","Cole Anthony","2021-22"
2021-12-23,"Magic","• Cole Anthony","","returned to lineup","Cole Anthony","2021-22"
2021-12-26,"Magic","","• Cole Anthony","placed on IL with sprained right ankle","Cole Anthony","2021-22"
2022-01-05,"Magic","• Cole Anthony","","activated from IL","Cole Anthony","2021-22"
2022-04-04,"Magic","","• Cole Anthony","placed on IL with sprained left toe (out for season)","Cole Anthony","2021-22"
2021-01-07,"Cavaliers","","• Collin Sexton","sprained left ankle (DTD)","Collin Sexton","2020-21"
2021-01-20,"Cavaliers","• Collin Sexton","","returned to lineup","Collin Sexton","2020-21"
2021-03-24,"Cavaliers","","• Collin Sexton","placed on IL with right hamstring injury","Collin Sexton","2020-21"
2021-03-27,"Cavaliers","• Collin Sexton","","activated from IL","Collin Sexton","2020-21"
2021-04-11,"Cavaliers","","• Collin Sexton","placed on IL with strained left groin","Collin Sexton","2020-21"
2021-04-15,"Cavaliers","• Collin Sexton","","activated from IL","Collin Sexton","2020-21"
2021-04-24,"Cavaliers","","• Collin Sexton","placed on IL with concussion","Collin Sexton","2020-21"
2021-04-30,"Cavaliers","• Collin Sexton","","activated from IL","Collin Sexton","2020-21"
2014-02-05,"Timberwolves","","• Corey Brewer","placed on IL for personal reasons","Corey Brewer","2013-14"
2014-02-07,"Timberwolves","• Corey Brewer","","activated from IL","Corey Brewer","2013-14"
2022-10-19,"Wizards","","• Corey Kispert","sprained left ankle (DTD)","Corey Kispert","2022-23"
2022-11-04,"Wizards","• Corey Kispert","","activated from IL","Corey Kispert","2022-23"
2013-11-16,"Celtics","","• Courtney Lee","sore right wrist (DNP)","Courtney Lee","2013-14"
2013-11-29,"Celtics","","• Courtney Lee","sore/sprained left knee (DNP)","Courtney Lee","2013-14"
2013-11-30,"Celtics","","• Courtney Lee","sore left knee (DNP)","Courtney Lee","2013-14"
2014-11-01,"Grizzlies","","• Courtney Lee","placed on IL with concussion","Courtney Lee","2014-15"
2014-11-05,"Grizzlies","• Courtney Lee","","activated from IL","Courtney Lee","2014-15"
2014-11-19,"Grizzlies","","• Courtney Lee","flu (DTD)","Courtney Lee","2014-15"
2014-11-21,"Grizzlies","• Courtney Lee","","returned to lineup","Courtney Lee","2014-15"
2015-03-21,"Grizzlies","","• Courtney Lee","placed on IL with right hand injury","Courtney Lee","2014-15"
2015-03-25,"Grizzlies","• Courtney Lee","","activated from IL","Courtney Lee","2014-15"
2016-01-08,"Grizzlies","","• Courtney Lee","bruised left hip (DTD)","Courtney Lee","2015-16"
2016-01-12,"Grizzlies","• Courtney Lee","","returned to lineup","Courtney Lee","2015-16"
2016-11-30,"Knicks","","• Courtney Lee","sprained left ankle (DTD)","Courtney Lee","2016-17"
2016-12-02,"Knicks","","• Courtney Lee","placed on IL with sprained left ankle (DTD)","Courtney Lee","2016-17"
2016-12-06,"Knicks","• Courtney Lee","","activated from IL","Courtney Lee","2016-17"
2016-12-27,"Knicks","","• Courtney Lee","sore right wrist (DTD)","Courtney Lee","2016-17"
2016-12-28,"Knicks","","• Courtney Lee","placed on IL with sore right wrist","Courtney Lee","2016-17"
2016-12-30,"Knicks","• Courtney Lee","","activated from IL","Courtney Lee","2016-17"
2016-12-30,"Knicks","","• Courtney Lee","sore right wrist (DTD)","Courtney Lee","2016-17"
2017-01-02,"Knicks","• Courtney Lee","","returned to lineup","Courtney Lee","2016-17"
2018-03-06,"Knicks","","• Courtney Lee","placed on IL for personal reasons","Courtney Lee","2017-18"
2018-03-10,"Knicks","• Courtney Lee","","activated from IL","Courtney Lee","2017-18"
2018-03-16,"Knicks","","• Courtney Lee","personal reasons (DTD)","Courtney Lee","2017-18"
2018-03-17,"Knicks","","• Courtney Lee","placed on IL for personal reasons","Courtney Lee","2017-18"
2018-03-19,"Knicks","• Courtney Lee","","activated from IL","Courtney Lee","2017-18"
2018-03-28,"Knicks","","• Courtney Lee","left foot injury (DTD)","Courtney Lee","2017-18"
2018-04-03,"Knicks","• Courtney Lee","","returned to lineup","Courtney Lee","2017-18"
2018-04-03,"Knicks","• Courtney Lee","","activated from IL","Courtney Lee","2017-18"
2018-04-11,"Knicks","","• Courtney Lee","sprained left ankle (out for season)","Courtney Lee","2017-18"
2016-01-04,"Lakers","","• D'Angelo Russell","placed on IL with illness","D'Angelo Russell","2015-16"
2016-01-07,"Lakers","• D'Angelo Russell","","activated from IL","D'Angelo Russell","2015-16"
2016-01-08,"Lakers","","• D'Angelo Russell","sprained right ankle (DTD)","D'Angelo Russell","2015-16"
2016-01-12,"Lakers","• D'Angelo Russell","","returned to lineup","D'Angelo Russell","2015-16"
2017-10-25,"Nets","","• D'Angelo Russell","placed on IL with sprained right knee","D'Angelo Russell","2017-18"
2017-10-27,"Nets","• D'Angelo Russell","","activated from IL","D'Angelo Russell","2017-18"
2017-11-12,"Nets","","• D'Angelo Russell","bruised left knee (DTD)","D'Angelo Russell","2017-18"
2017-11-14,"Nets","","• D'Angelo Russell","placed on IL with bruised left knee","D'Angelo Russell","2017-18"
2017-11-17,"Nets","","• D'Angelo Russell","arthroscopic surgery on left knee (out indefinitely)","D'Angelo Russell","2017-18"
2018-01-19,"Nets","• D'Angelo Russell","","activated from IL","D'Angelo Russell","2017-18"
2018-01-27,"Nets","","• D'Angelo Russell","placed on IL for rest","D'Angelo Russell","2017-18"
2018-01-30,"Nets","• D'Angelo Russell","","activated from IL","D'Angelo Russell","2017-18"
2019-11-02,"Warriors","","• D'Angelo Russell","sprained right ankle (DTD)","D'Angelo Russell","2019-20"
2019-11-08,"Warriors","• D'Angelo Russell","","returned to lineup","D'Angelo Russell","2019-20"
2019-11-16,"Warriors","","• D'Angelo Russell","sprained right thumb (DTD)","D'Angelo Russell","2019-20"
2019-11-29,"Warriors","","• D'Angelo Russell","placed on IL with sprained right thumb","D'Angelo Russell","2019-20"
2019-12-04,"Warriors","• D'Angelo Russell","","activated from IL","D'Angelo Russell","2019-20"
2019-12-31,"Warriors","","• D'Angelo Russell","right shoulder injury (DTD)","D'Angelo Russell","2019-20"
2020-01-04,"Warriors","","• D'Angelo Russell","placed on IL with right shoulder injury","D'Angelo Russell","2019-20"
2020-01-12,"Warriors","• D'Angelo Russell","","activated from IL","D'Angelo Russell","2019-20"
2020-02-03,"Warriors","","• D'Angelo Russell","bruised right quadriceps (DTD)","D'Angelo Russell","2019-20"
2020-02-04,"Warriors","• D'Angelo Russell","","returned to lineup","D'Angelo Russell","2019-20"
2020-02-08,"Timberwolves","","• D'Angelo Russell","placed on IL with bruised right quadriceps","D'Angelo Russell","2019-20"
2020-02-10,"Timberwolves","• D'Angelo Russell","","activated from IL","D'Angelo Russell","2019-20"
2021-11-02,"Timberwolves","","• D'Angelo Russell","placed on IL with sprained right ankle","D'Angelo Russell","2021-22"
2021-11-08,"Timberwolves","• D'Angelo Russell","","activated from IL","D'Angelo Russell","2021-22"
2021-12-06,"Timberwolves","","• D'Angelo Russell","placed on IL with sore right ankle","D'Angelo Russell","2021-22"
2021-12-12,"Timberwolves","• D'Angelo Russell","","activated from IL","D'Angelo Russell","2021-22"
2021-12-25,"Timberwolves","","• D'Angelo Russell","placed on IL with NBA health and safety protocols","D'Angelo Russell","2021-22"
2022-01-05,"Timberwolves","• D'Angelo Russell","","activated from IL","D'Angelo Russell","2021-22"
2022-01-28,"Timberwolves","","• D'Angelo Russell","placed on IL with bruised left shin","D'Angelo Russell","2021-22"
2022-02-06,"Timberwolves","• D'Angelo Russell","","activated from IL","D'Angelo Russell","2021-22"
2022-03-07,"Timberwolves","","• D'Angelo Russell","placed on IL with hamstring injury","D'Angelo Russell","2021-22"
2022-03-09,"Timberwolves","• D'Angelo Russell","","activated from IL","D'Angelo Russell","2021-22"
2022-04-07,"Timberwolves","","• D'Angelo Russell","placed on IL with hamstring injury (out for season)","D'Angelo Russell","2021-22"
2022-12-14,"Timberwolves","","• D'Angelo Russell","placed on IL with bruised left knee","D'Angelo Russell","2022-23"
2022-12-18,"Timberwolves","• D'Angelo Russell","","activated from IL","D'Angelo Russell","2022-23"
2023-01-02,"Timberwolves","","• D'Angelo Russell","illness (DTD)","D'Angelo Russell","2022-23"
2023-02-26,"Lakers","","• D'Angelo Russell","placed on IL with sprained right ankle","D'Angelo Russell","2022-23"
2023-03-09,"Lakers","• D'Angelo Russell","","activated from IL","D'Angelo Russell","2022-23"
2023-03-24,"Lakers","","• D'Angelo Russell","right hip injury (DTD)","D'Angelo Russell","2022-23"
2023-03-29,"Lakers","• D'Angelo Russell","","returned to lineup","D'Angelo Russell","2022-23"
2023-04-04,"Lakers","","• D'Angelo Russell","placed on IL with sore left foot","D'Angelo Russell","2022-23"
2023-04-05,"Lakers","• D'Angelo Russell","","activated from IL","D'Angelo Russell","2022-23"
2017-11-02,"Magic","","• D.J. Augustine","strained left hamstring (DTD)","D.J. Augustin","2017-18"
2017-11-08,"Magic","","• D.J. Augustine","placed on IL with strained left hamstring (DTD)","D.J. Augustin","2017-18"
2017-11-18,"Magic","• D.J. Augustine","","activated from IL","D.J. Augustin","2017-18"
2018-12-31,"Magic","","• D.J. Augustine","sprained right ankle (DTD)","D.J. Augustin","2018-19"
2019-01-02,"Magic","• D.J. Augustine","","returned to lineup","D.J. Augustin","2018-19"
2015-12-21,"Blazers","","• Damian Lillard","placed on IL with sore left plantar fascia","Damian Lillard","2015-16"
2016-01-04,"Blazers","• Damian Lillard","","activated from IL","Damian Lillard","2015-16"
2016-12-26,"Blazers","","• Damian Lillard","placed on IL with sprained left ankle","Damian Lillard","2016-17"
2017-01-05,"Blazers","• Damian Lillard","","activated from IL","Damian Lillard","2016-17"
2017-04-10,"Blazers","","• Damian Lillard","rest / right foot injury (DTD)","Damian Lillard","2016-17"
2017-04-12,"Blazers","","• Damian Lillard","rest (DTD)","Damian Lillard","2016-17"
2017-04-16,"Blazers","• Damian Lillard","","returned to lineup","Damian Lillard","2016-17"
2017-12-21,"Blazers","","• Damian Lillard","strained right hamstring (DTD)","Damian Lillard","2017-18"
2018-01-02,"Blazers","• Damian Lillard","","activated from IL","Damian Lillard","2017-18"
2018-01-07,"Blazers","","• Damian Lillard","placed on IL with strained right calf","Damian Lillard","2017-18"
2018-01-10,"Blazers","• Damian Lillard","","activated from IL","Damian Lillard","2017-18"
2018-03-28,"Blazers","","• Damian Lillard","personal reasons (DTD)","Damian Lillard","2017-18"
2018-03-30,"Blazers","• Damian Lillard","","returned to lineup","Damian Lillard","2017-18"
2018-03-30,"Blazers","• Damian Lillard","","activated from IL","Damian Lillard","2017-18"
2018-04-05,"Blazers","","• Damian Lillard","placed on IL with sprained left ankle","Damian Lillard","2017-18"
2018-04-07,"Blazers","• Damian Lillard","","activated from IL","Damian Lillard","2017-18"
2019-01-26,"Blazers","","• Damian Lillard","placed on IL with sore right knee","Damian Lillard","2018-19"
2019-01-30,"Blazers","• Damian Lillard","","activated from IL","Damian Lillard","2018-19"
2019-11-19,"Blazers","","• Damian Lillard","back spasms (DTD)","Damian Lillard","2019-20"
2019-11-23,"Blazers","","• Damian Lillard","placed on IL with back spasms","Damian Lillard","2019-20"
2019-11-23,"Blazers","• Damian Lillard","","activated from IL","Damian Lillard","2019-20"
2020-02-13,"Blazers","","• Damian Lillard","strained right groin (DTD)","Damian Lillard","2019-20"
2020-03-02,"Blazers","","• Damian Lillard","placed on IL with strained right groin","Damian Lillard","2019-20"
2020-03-04,"Blazers","• Damian Lillard","","activated from IL","Damian Lillard","2019-20"
2021-02-04,"Blazers","","• Damian Lillard","placed on IL with strained abdominal","Damian Lillard","2020-21"
2021-02-06,"Blazers","• Damian Lillard","","activated from IL","Damian Lillard","2020-21"
2021-03-26,"Blazers","","• Damian Lillard","placed on IL with bruised left knee","Damian Lillard","2020-21"
2021-03-28,"Blazers","• Damian Lillard","","activated from IL","Damian Lillard","2020-21"
2021-04-16,"Blazers","","• Damian Lillard","right hamstring injury (DTD)","Damian Lillard","2020-21"
2021-04-21,"Blazers","• Damian Lillard","","returned to lineup","Damian Lillard","2020-21"
2021-11-13,"Blazers","","• Damian Lillard","placed on IL with abdominal injury","Damian Lillard","2021-22"
2021-11-15,"Blazers","• Damian Lillard","","activated from IL","Damian Lillard","2021-22"
2021-11-30,"Blazers","","• Damian Lillard","placed on IL with abdominal injury","Damian Lillard","2021-22"
2021-12-12,"Blazers","• Damian Lillard","","activated from IL","Damian Lillard","2021-22"
2022-01-02,"Blazers","","• Damian Lillard","placed on IL with abdominal injury (out for season)","Damian Lillard","2021-22"
2022-01-12,"Blazers","","• Damian Lillard","surgery to repair abdominal injury (out for season)","Damian Lillard","2021-22"
2022-10-27,"Blazers","","• Damian Lillard","strained right calf (DTD)","Damian Lillard","2022-23"
2022-11-05,"Blazers","","• Damian Lillard","placed on IL with strained right calf","Damian Lillard","2022-23"
2022-11-07,"Blazers","• Damian Lillard","","activated from IL","Damian Lillard","2022-23"
2023-03-12,"Blazers","","• Damian Lillard","placed on IL with right calf injury","Damian Lillard","2022-23"
2023-03-14,"Blazers","• Damian Lillard","","activated from IL","Damian Lillard","2022-23"
2023-03-24,"Blazers","","• Damian Lillard","placed on IL with tightness in right calf","Damian Lillard","2022-23"
2019-11-12,"Warriors","","• Damion Lee","fractured right hand (out indefinitely)","Damion Lee","2019-20"
2019-11-12,"Warriors","","• Damion Lee","placed on IL with fractured right hand","Damion Lee","2019-20"
2019-12-11,"Warriors","• Damion Lee","","activated from IL","Damion Lee","2019-20"
2018-12-14,"Knicks","","• Damyean Dotson","sore right shoulder (DTD)","Damyean Dotson","2018-19"
2018-12-19,"Knicks","• Damyean Dotson","","returned to lineup","Damyean Dotson","2018-19"
2021-10-28,"Wizards","","• Daniel Gafford","placed on IL with bruised right quadriceps","Daniel Gafford","2021-22"
2021-11-01,"Wizards","• Daniel Gafford","","activated from IL","Daniel Gafford","2021-22"
2021-11-18,"Wizards","","• Daniel Gafford","placed on IL with sprained right thumb","Daniel Gafford","2021-22"
2021-11-20,"Wizards","• Daniel Gafford","","activated from IL","Daniel Gafford","2021-22"
2022-02-06,"Wizards","","• Daniel Gafford","placed on IL with NBA health and safety protocols","Daniel Gafford","2021-22"
2022-02-17,"Wizards","• Daniel Gafford","","activated from IL","Daniel Gafford","2021-22"
2022-03-25,"Wizards","","• Daniel Gafford","strained neck (DTD)","Daniel Gafford","2021-22"
2022-03-27,"Wizards","• Daniel Gafford","","returned to lineup","Daniel Gafford","2021-22"
2023-01-11,"Wizards","","• Daniel Gafford","placed on IL with sprained right ankle","Daniel Gafford","2022-23"
2023-01-13,"Wizards","• Daniel Gafford","","activated from IL","Daniel Gafford","2022-23"
2023-01-30,"Wizards","","• Daniel Gafford","placed on IL with illness","Daniel Gafford","2022-23"
2023-02-01,"Wizards","• Daniel Gafford","","activated from IL","Daniel Gafford","2022-23"
2023-03-28,"Wizards","","• Daniel Gafford","placed on IL with sore left foot","Daniel Gafford","2022-23"
2023-03-31,"Wizards","• Daniel Gafford","","activated from IL","Daniel Gafford","2022-23"
2023-04-08,"Wizards","","• Daniel Gafford","ankle injury (out for season)","Daniel Gafford","2022-23"
2019-10-26,"Celtics","","• Daniel Theis","placed on IL with sprained left ankle","Daniel Theis","2019-20"
2019-10-30,"Celtics","• Daniel Theis","","activated from IL","Daniel Theis","2019-20"
2019-11-13,"Celtics","","• Daniel Theis","placed on IL with finger injury","Daniel Theis","2019-20"
2019-11-15,"Celtics","• Daniel Theis","","activated from IL","Daniel Theis","2019-20"
2019-11-25,"Celtics","","• Daniel Theis","placed on IL with illness","Daniel Theis","2019-20"
2019-11-27,"Celtics","• Daniel Theis","","activated from IL","Daniel Theis","2019-20"
2020-01-13,"Celtics","","• Daniel Theis","placed on IL with sore right knee","Daniel Theis","2019-20"
2020-01-15,"Celtics","• Daniel Theis","","activated from IL","Daniel Theis","2019-20"
2020-02-04,"Celtics","","• Daniel Theis","sprained right ankle (DTD)","Daniel Theis","2019-20"
2020-02-05,"Celtics","","• Daniel Theis","placed on IL with sprained right ankle","Daniel Theis","2019-20"
2020-02-09,"Celtics","• Daniel Theis","","activated from IL","Daniel Theis","2019-20"
2021-02-16,"Celtics","","• Daniel Theis","placed on IL with right index finger injury","Daniel Theis","2020-21"
2021-02-18,"Celtics","• Daniel Theis","","activated from IL","Daniel Theis","2020-21"
2021-03-26,"Bulls","","• Daniel Theis","placed on IL forpersonal reasons","Daniel Theis","2020-21"
2021-03-29,"Bulls","• Daniel Theis","","activated from IL","Daniel Theis","2020-21"
2021-04-05,"Bulls","","• Daniel Theis","placed on IL with NBA health and safety protocols","Daniel Theis","2020-21"
2021-04-07,"Bulls","• Daniel Theis","","activated from IL","Daniel Theis","2020-21"
2014-12-10,"Nuggets","","• Danilo Gallinari","placed on IL with bone bruise in right knee","Danilo Gallinari","2014-15"
2014-12-13,"Nuggets","• Danilo Gallinari","","activated from IL","Danilo Gallinari","2014-15"
2014-12-13,"Nuggets","","• Danilo Gallinari","bruised right knee (DTD)","Danilo Gallinari","2014-15"
2014-12-17,"Nuggets","• Danilo Gallinari","","activated from IL","Danilo Gallinari","2014-15"
2014-12-21,"Nuggets","","• Danilo Gallinari","torn meniscus in right knee (out indefinitely)","Danilo Gallinari","2014-15"
2014-12-22,"Nuggets","","• Danilo Gallinari","surgery on right knee to repair torn meniscus (out indefinitely)","Danilo Gallinari","2014-15"
2014-12-22,"Nuggets","","• Danilo Gallinari","placed on IL recovering from surgery on right knee to repair torn meniscus","Danilo Gallinari","2014-15"
2015-01-23,"Nuggets","• Danilo Gallinari","","activated from IL","Danilo Gallinari","2014-15"
2015-03-16,"Nuggets","","• Danilo Gallinari","rest (DTD)","Danilo Gallinari","2014-15"
2015-03-19,"Nuggets","• Danilo Gallinari","","returned to lineup","Danilo Gallinari","2014-15"
2015-03-28,"Nuggets","","• Danilo Gallinari","shoulder injury (DTD)","Danilo Gallinari","2014-15"
2015-04-01,"Nuggets","• Danilo Gallinari","","returned to lineup","Danilo Gallinari","2014-15"
2015-04-04,"Nuggets","","• Danilo Gallinari","undisclosed (DTD)","Danilo Gallinari","2014-15"
2015-04-08,"Nuggets","• Danilo Gallinari","","returned to lineup","Danilo Gallinari","2014-15"
2015-12-22,"Nuggets","","• Danilo Gallinari","placed on IL with sprained left ankle","Danilo Gallinari","2015-16"
2016-01-02,"Nuggets","• Danilo Gallinari","","activated from IL","Danilo Gallinari","2015-16"
2016-02-29,"Nuggets","","• Danilo Gallinari","placed on IL with torn ligaments in right ankle (out for season)","Danilo Gallinari","2015-16"
2017-11-06,"Clippers","","• Danilo Gallinari","strained left gluteus muscle (DTD)","Danilo Gallinari","2017-18"
2017-11-17,"Clippers","","• Danilo Gallinari","placed on IL with strained left gluteus muscle","Danilo Gallinari","2017-18"
2017-12-06,"Clippers","• Danilo Gallinari","","activated from IL","Danilo Gallinari","2017-18"
2017-12-11,"Clippers","","• Danilo Gallinari","placed on IL with bruised left gluteus muscle","Danilo Gallinari","2017-18"
2018-01-30,"Clippers","• Danilo Gallinari","","activated from IL","Danilo Gallinari","2017-18"
2018-02-23,"Clippers","","• Danilo Gallinari","sprained right hand (DTD)","Danilo Gallinari","2017-18"
2018-03-02,"Clippers","","• Danilo Gallinari","fractured right hand (out indefinitely)","Danilo Gallinari","2017-18"
2018-03-09,"Clippers","","• Danilo Gallinari","placed on IL with fractured right hand","Danilo Gallinari","2017-18"
2018-03-30,"Clippers","• Danilo Gallinari","","activated from IL","Danilo Gallinari","2017-18"
2018-04-03,"Clippers","","• Danilo Gallinari","sore right hand (out for season)","Danilo Gallinari","2017-18"
2018-11-19,"Clippers","","• Danilo Gallinari","placed on IL with illness","Danilo Gallinari","2018-19"
2018-11-20,"Clippers","• Danilo Gallinari","","activated from IL","Danilo Gallinari","2018-19"
2019-01-20,"Clippers","","• Danilo Gallinari","placed on IL with lower back spasms","Danilo Gallinari","2018-19"
2019-02-07,"Clippers","• Danilo Gallinari","","activated from IL","Danilo Gallinari","2018-19"
2019-03-12,"Clippers","","• Danilo Gallinari","sore left ankle (DTD)","Danilo Gallinari","2018-19"
2019-03-15,"Clippers","• Danilo Gallinari","","returned to lineup","Danilo Gallinari","2018-19"
2019-03-30,"Clippers","","• Danilo Gallinari","placed on IL with sore left ankle","Danilo Gallinari","2018-19"
2019-03-31,"Clippers","• Danilo Gallinari","","activated from IL","Danilo Gallinari","2018-19"
2019-04-07,"Clippers","","• Danilo Gallinari","sore left ankle (DTD)","Danilo Gallinari","2018-19"
2019-04-10,"Clippers","• Danilo Gallinari","","returned to lineup","Danilo Gallinari","2018-19"
2019-12-09,"Thunder","","• Danilo Gallinari","placed on IL with sprained right ankle","Danilo Gallinari","2019-20"
2019-12-11,"Thunder","• Danilo Gallinari","","activated from IL","Danilo Gallinari","2019-20"
2019-12-22,"Thunder","","• Danilo Gallinari","placed on IL with sore left ankle","Danilo Gallinari","2019-20"
2019-12-31,"Thunder","• Danilo Gallinari","","activated from IL","Danilo Gallinari","2019-20"
2020-01-07,"Thunder","","• Danilo Gallinari","placed on IL with right calf injury","Danilo Gallinari","2019-20"
2020-01-09,"Thunder","• Danilo Gallinari","","activated from IL","Danilo Gallinari","2019-20"
2020-01-25,"Thunder","","• Danilo Gallinari","placed on IL with left thumb injury","Danilo Gallinari","2019-20"
2020-01-27,"Thunder","• Danilo Gallinari","","activated from IL","Danilo Gallinari","2019-20"
2020-02-27,"Thunder","","• Danilo Gallinari","sore left ankle (DTD)","Danilo Gallinari","2019-20"
2020-02-28,"Thunder","","• Danilo Gallinari","placed on IL with sore left ankle","Danilo Gallinari","2019-20"
2020-03-02,"Thunder","• Danilo Gallinari","","activated from IL","Danilo Gallinari","2019-20"
2021-10-21,"Hawks","","• Danilo Gallinari","sore left shoulder (DTD)","Danilo Gallinari","2021-22"
2021-10-27,"Hawks","• Danilo Gallinari","","returned to lineup","Danilo Gallinari","2021-22"
2021-12-21,"Hawks","","• Danilo Gallinari","placed on IL with NBA health and safety protocols","Danilo Gallinari","2021-22"
2022-01-01,"Hawks","• Danilo Gallinari","","activated from IL","Danilo Gallinari","2021-22"
2022-01-21,"Hawks","","• Danilo Gallinari","placed on IL with sore right Achilles","Danilo Gallinari","2021-22"
2022-01-23,"Hawks","• Danilo Gallinari","","activated from IL","Danilo Gallinari","2021-22"
2022-02-04,"Hawks","","• Danilo Gallinari","placed on IL with right hamstring injury","Danilo Gallinari","2021-22"
2022-02-06,"Hawks","• Danilo Gallinari","","activated from IL","Danilo Gallinari","2021-22"
2022-03-14,"Hawks","","• Danilo Gallinari","placed on IL with sore right Achilles","Danilo Gallinari","2021-22"
2022-03-16,"Hawks","• Danilo Gallinari","","activated from IL","Danilo Gallinari","2021-22"
2022-03-23,"Hawks","","• Danilo Gallinari","placed on IL with sore right Achilles","Danilo Gallinari","2021-22"
2022-03-24,"Hawks","• Danilo Gallinari","","activated from IL","Danilo Gallinari","2021-22"
2022-03-28,"Hawks","","• Danilo Gallinari","placed on IL with right elbow injury","Danilo Gallinari","2021-22"
2022-03-31,"Hawks","• Danilo Gallinari","","activated from IL","Danilo Gallinari","2021-22"
2022-04-05,"Hawks","","• Danilo Gallinari","left knee inflammation (DTD)","Danilo Gallinari","2021-22"
2022-04-06,"Hawks","• Danilo Gallinari","","returned to lineup","Danilo Gallinari","2021-22"
2014-01-13,"Spurs","","• Danny Green","fractured left index finger (DNP)","Danny Green","2013-14"
2014-01-15,"Spurs","","• Danny Green","placed on IL with fractured left index finger","Danny Green","2013-14"
2014-02-03,"Spurs","• Danny Green","","activated from IL","Danny Green","2013-14"
2014-03-24,"Spurs","","• Danny Green","foot injury (DNP)","Danny Green","2013-14"
2014-03-28,"Spurs","","• Danny Green","right foot inflammation (DNP)","Danny Green","2013-14"
2014-03-29,"Spurs","","• Danny Green","right foot inflammation (DNP)","Danny Green","2013-14"
2014-04-14,"Spurs","","• Danny Green","placed on IL","Danny Green","2013-14"
2014-04-16,"Spurs","• Danny Green","","activated from IL","Danny Green","2013-14"
2014-12-20,"Spurs","","• Danny Green","rest (DTD)","Danny Green","2014-15"
2014-12-22,"Spurs","• Danny Green","","returned to lineup","Danny Green","2014-15"
2016-03-05,"Spurs","","• Danny Green","rest (DTD)","Danny Green","2015-16"
2016-03-25,"Spurs","","• Danny Green","rest (DTD)","Danny Green","2015-16"
2016-04-08,"Spurs","","• Danny Green","rest (DTD)","Danny Green","2015-16"
2016-10-21,"Spurs","","• Danny Green","strained left quadricep (out indefinitely)","Danny Green","2016-17"
2016-10-25,"Spurs","","• Danny Green","placed on IL with strained left quadricep","Danny Green","2016-17"
2016-11-09,"Spurs","• Danny Green","","activated from IL","Danny Green","2016-17"
2016-11-11,"Spurs","","• Danny Green","placed on IL for rest","Danny Green","2016-17"
2016-11-12,"Spurs","• Danny Green","","activated from IL","Danny Green","2016-17"
2017-03-25,"Spurs","","• Danny Green","placed on IL","Danny Green","2016-17"
2017-03-27,"Spurs","• Danny Green","","activated from IL","Danny Green","2016-17"
2017-04-01,"Spurs","","• Danny Green","bruised left quadricep (DTD)","Danny Green","2016-17"
2017-04-02,"Spurs","","• Danny Green","placed on IL with bruised left quadricep","Danny Green","2016-17"
2017-04-10,"Spurs","• Danny Green","","activated from IL","Danny Green","2016-17"
2017-11-11,"Spurs","","• Danny Green","placed on IL for rest","Danny Green","2017-18"
2017-11-14,"Spurs","• Danny Green","","activated from IL","Danny Green","2017-18"
2017-12-09,"Spurs","","• Danny Green","tightness in left groin (DTD)","Danny Green","2017-18"
2017-12-12,"Spurs","• Danny Green","","returned to lineup","Danny Green","2017-18"
2017-12-16,"Spurs","","• Danny Green","tightness in left groin (DTD)","Danny Green","2017-18"
2017-12-20,"Spurs","• Danny Green","","returned to lineup","Danny Green","2017-18"
2017-12-21,"Spurs","","• Danny Green","tightness in left groin (DTD)","Danny Green","2017-18"
2017-12-23,"Spurs","","• Danny Green","placed on IL with tightness in left groin","Danny Green","2017-18"
2017-12-26,"Spurs","• Danny Green","","activated from IL","Danny Green","2017-18"
2018-01-03,"Spurs","","• Danny Green","placed on IL with tightness in left groin","Danny Green","2017-18"
2018-01-13,"Spurs","• Danny Green","","activated from IL","Danny Green","2017-18"
2018-01-15,"Spurs","• Danny Green","","activated from IL","Danny Green","2017-18"
2018-02-23,"Spurs","","• Danny Green","illness (DTD)","Danny Green","2017-18"
2018-02-25,"Spurs","• Danny Green","","returned to lineup","Danny Green","2017-18"
2018-12-21,"Raptors","","• Danny Green","bruised left knee (DTD)","Danny Green","2018-19"
2018-12-22,"Raptors","• Danny Green","","returned to lineup","Danny Green","2018-19"
2021-04-10,"76ers","","• Danny Green","sore left hip (DTD)","Danny Green","2020-21"
2021-04-11,"76ers","• Danny Green","","returned to lineup","Danny Green","2020-21"
2021-04-26,"76ers","","• Danny Green","placed on IL with left hip injury","Danny Green","2020-21"
2021-04-28,"76ers","• Danny Green","","activated from IL","Danny Green","2020-21"
2016-01-23,"Pelicans","","• Dante Cunningham","illness (DTD)","Dante Cunningham","2015-16"
2016-01-25,"Pelicans","• Dante Cunningham","","returned to lineup","Dante Cunningham","2015-16"
2016-11-02,"Pelicans","","• Dante Cunningham","sore hip (DTD)","Dante Cunningham","2016-17"
2016-11-24,"Pelicans","","• Dante Cunningham","fractured fibula in right leg (out indefinitely)","Dante Cunningham","2016-17"
2016-12-18,"Pelicans","• Dante Cunningham","","returned to lineup","Dante Cunningham","2016-17"
2017-02-13,"Pelicans","","• Dante Cunningham","personal reasons (DTD)","Dante Cunningham","2016-17"
2017-02-23,"Pelicans","• Dante Cunningham","","returned to lineup","Dante Cunningham","2016-17"
2019-11-13,"Rockets","","• Danuel House Jr.","placed on IL with back injury","Danuel House Jr.","2019-20"
2019-11-18,"Rockets","• Danuel House Jr.","","activated from IL","Danuel House Jr.","2019-20"
2019-11-22,"Rockets","","• Danuel House Jr.","placed on IL with sore left shoulder","Danuel House Jr.","2019-20"
2019-11-24,"Rockets","• Danuel House Jr.","","activated from IL","Danuel House Jr.","2019-20"
2019-11-30,"Rockets","","• Danuel House Jr.","placed on IL with illness","Danuel House Jr.","2019-20"
2019-12-05,"Rockets","• Danuel House Jr.","","activated from IL","Danuel House Jr.","2019-20"
2017-04-12,"76ers","","• Dario Saric","sore left heel (out for season)","Dario Šarić","2016-17"
2017-12-07,"76ers","","• Dario Saric","eye injury (DTD)","Dario Šarić","2017-18"
2017-12-09,"76ers","• Dario Saric","","returned to lineup","Dario Šarić","2017-18"
2018-04-01,"76ers","","• Dario Saric","placed on IL with sore right elbow","Dario Šarić","2017-18"
2018-04-06,"76ers","• Dario Saric","","activated from IL","Dario Šarić","2017-18"
2020-02-01,"Suns","","• Dario Saric","sprained left ankle (DTD)","Dario Šarić","2019-20"
2020-02-02,"Suns","","• Dario Saric","placed on IL with sprained left ankle","Dario Šarić","2019-20"
2020-02-21,"Suns","• Dario Saric","","activated from IL","Dario Šarić","2019-20"
2021-03-11,"Thunder","","• Darius Bazley","placed on IL with left shoulder injury","Darius Bazley","2020-21"
2021-04-10,"Thunder","• Darius Bazley","","activated from IL","Darius Bazley","2020-21"
2021-12-26,"Thunder","","• Darius Bazley","placed on IL with NBA health and safety protocols","Darius Bazley","2021-22"
2022-01-04,"Thunder","• Darius Bazley","","activated from IL","Darius Bazley","2021-22"
2022-03-28,"Thunder","","• Darius Bazley","placed on IL with sprained right knee (out for season)","Darius Bazley","2021-22"
2020-03-01,"Cavaliers","","• Darius Garland","placed on IL with strained left groin (out for season)","Darius Garland","2019-20"
2021-01-04,"Cavaliers","","• Darius Garland","strained right shoulder (DTD)","Darius Garland","2020-21"
2021-01-11,"Cavaliers","","• Darius Garland","placed on IL with strained right shoulder","Darius Garland","2020-21"
2021-01-22,"Cavaliers","• Darius Garland","","activated from IL","Darius Garland","2020-21"
2021-03-12,"Cavaliers","","• Darius Garland","placed on IL with strained left groin","Darius Garland","2020-21"
2021-03-14,"Cavaliers","• Darius Garland","","activated from IL","Darius Garland","2020-21"
2021-04-11,"Cavaliers","","• Darius Garland","sprained right ankle (DTD)","Darius Garland","2020-21"
2021-04-14,"Cavaliers","• Darius Garland","","returned to lineup","Darius Garland","2020-21"
2021-10-22,"Cavaliers","","• Darius Garland","placed on IL with sprained left ankle","Darius Garland","2021-22"
2021-10-25,"Cavaliers","• Darius Garland","","activated from IL","Darius Garland","2021-22"
2021-12-28,"Cavaliers","","• Darius Garland","placed on IL with NBA health and safety protocols","Darius Garland","2021-22"
2022-01-03,"Cavaliers","• Darius Garland","","activated from IL","Darius Garland","2021-22"
2022-01-31,"Cavaliers","","• Darius Garland","placed on IL with sore lower back","Darius Garland","2021-22"
2022-02-09,"Cavaliers","• Darius Garland","","activated from IL","Darius Garland","2021-22"
2022-02-11,"Cavaliers","","• Darius Garland","placed on IL with sore lower back","Darius Garland","2021-22"
2022-02-12,"Cavaliers","• Darius Garland","","activated from IL","Darius Garland","2021-22"
2022-02-23,"Cavaliers","","• Darius Garland","placed on IL with sore lower back","Darius Garland","2021-22"
2022-03-02,"Cavaliers","• Darius Garland","","activated from IL","Darius Garland","2021-22"
2022-10-23,"Cavaliers","","• Darius Garland","placed on IL with laceration in left eye","Darius Garland","2022-23"
2022-11-02,"Cavaliers","• Darius Garland","","activated from IL","Darius Garland","2022-23"
2023-02-08,"Cavaliers","","• Darius Garland","placed on IL with right thumb injury","Darius Garland","2022-23"
2023-02-09,"Cavaliers","• Darius Garland","","activated from IL","Darius Garland","2022-23"
2023-03-10,"Cavaliers","","• Darius Garland","placed on IL with bruised right quadriceps","Darius Garland","2022-23"
2023-03-12,"Cavaliers","• Darius Garland","","activated from IL","Darius Garland","2022-23"
2023-04-05,"Cavaliers","","• Darius Garland","placed on IL with bruised left leg","Darius Garland","2022-23"
2023-04-15,"Cavaliers","• Darius Garland","","activated from IL","Darius Garland","2022-23"
2014-11-11,"Kings","","• Darren Collison","shoulder injury (DTD)","Darren Collison","2014-15"
2014-11-13,"Kings","• Darren Collison","","returned to lineup","Darren Collison","2014-15"
2014-11-25,"Kings","","• Darren Collison","bruised left quadriceps (DTD)","Darren Collison","2014-15"
2014-11-28,"Kings","• Darren Collison","","returned to lineup","Darren Collison","2014-15"
2015-02-07,"Kings","","• Darren Collison","placed on IL with strained right hip flexor (out for season)","Darren Collison","2014-15"
2015-03-03,"Kings","","• Darren Collison","surgery on right hip to repair strained flexor (out for season)","Darren Collison","2014-15"
2017-12-10,"Pacers","","• Darren Collison","sore left knee (DTD)","Darren Collison","2017-18"
2017-12-13,"Pacers","• Darren Collison","","returned to lineup","Darren Collison","2017-18"
2018-01-24,"Pacers","","• Darren Collison","placed on IL for personal reasons","Darren Collison","2017-18"
2018-01-26,"Pacers","• Darren Collison","","activated from IL","Darren Collison","2017-18"
2018-02-05,"Pacers","","• Darren Collison","arthroscopic surgery on left knee (out indefinitely)","Darren Collison","2017-18"
2018-02-05,"Pacers","","• Darren Collison","placed on IL recovering from arthroscopic surgery on left knee","Darren Collison","2017-18"
2018-03-09,"Pacers","• Darren Collison","","activated from IL","Darren Collison","2017-18"
2019-03-19,"Pacers","","• Darren Collison","placed on IL with bruised right quadriceps","Darren Collison","2018-19"
2019-03-27,"Pacers","• Darren Collison","","activated from IL","Darren Collison","2018-19"
2019-04-01,"Pacers","","• Darren Collison","placed on IL with groin injury","Darren Collison","2018-19"
2019-04-07,"Pacers","• Darren Collison","","activated from IL","Darren Collison","2018-19"
2014-01-31,"Warriors","","• David Lee","sore/sprained left shoulder (DNP)","David Lee","2013-14"
2014-02-06,"Warriors","","• David Lee","placed on IL with sore shoulder","David Lee","2013-14"
2014-02-10,"Warriors","• David Lee","","activated from IL","David Lee","2013-14"
2014-02-22,"Warriors","","• David Lee","stomach flu (DNP)","David Lee","2013-14"
2014-02-24,"Warriors","","• David Lee","placed on IL with illness","David Lee","2013-14"
2014-02-26,"Warriors","• David Lee","","activated from IL","David Lee","2013-14"
2014-03-28,"Warriors","","• David Lee","strained right hamstring (DNP)","David Lee","2013-14"
2014-03-30,"Warriors","","• David Lee","strained right hamstring (DNP)","David Lee","2013-14"
2014-04-01,"Warriors","","• David Lee","strained right hamstring (DNP)","David Lee","2013-14"
2014-04-02,"Warriors","","• David Lee","strained right hamstring / right knee tendinitis (P) (DNP)","David Lee","2013-14"
2014-04-04,"Warriors","","• David Lee","strained right hamstring (DNP)","David Lee","2013-14"
2014-04-06,"Warriors","","• David Lee","strained right hamstring / nerve irritation in right leg (P) (DNP)","David Lee","2013-14"
2014-04-10,"Warriors","","• David Lee","strained right hamstring / nerve irritation in right leg (P) (DNP)","David Lee","2013-14"
2014-04-16,"Warriors","","• David Lee","rest (DNP)","David Lee","2013-14"
2014-04-09,"Pacers","","• David West","rest (DNP)","David West","2013-14"
2014-10-29,"Pacers","","• David West","sprained right ankle (DTD)","David West","2014-15"
2014-11-28,"Pacers","• David West","","returned to lineup","David West","2014-15"
2015-03-26,"Pacers","","• David West","allergic reaction / illness (DTD)","David West","2014-15"
2015-03-29,"Pacers","• David West","","returned to lineup","David West","2014-15"
2017-12-17,"Kings","","• De'Aaron Fox","bruised right quadriceps (DTD)","De'Aaron Fox","2017-18"
2017-12-17,"Kings","","• De'Aaron Fox","placed on IL with bruised right quadriceps","De'Aaron Fox","2017-18"
2017-12-19,"Kings","• De'Aaron Fox","","activated from IL","De'Aaron Fox","2017-18"
2017-12-20,"Kings","","• De'Aaron Fox","placed on IL with bruised right quadriceps","De'Aaron Fox","2017-18"
2018-01-02,"Kings","• De'Aaron Fox","","activated from IL","De'Aaron Fox","2017-18"
2018-02-22,"Kings","","• De'Aaron Fox","placed on IL with conjunctivitis / pink eye","De'Aaron Fox","2017-18"
2018-02-24,"Kings","• De'Aaron Fox","","activated from IL","De'Aaron Fox","2017-18"
2018-03-09,"Kings","","• De'Aaron Fox","placed on IL with rehab of knee / back injury","De'Aaron Fox","2017-18"
2018-03-11,"Kings","• De'Aaron Fox","","activated from IL","De'Aaron Fox","2017-18"
2019-01-22,"Kings","","• De'Aaron Fox","left big toe injury (DTD)","De'Aaron Fox","2018-19"
2019-01-25,"Kings","• De'Aaron Fox","","returned to lineup","De'Aaron Fox","2018-19"
2019-11-11,"Kings","","• De'Aaron Fox","sprained left ankle (DTD)","De'Aaron Fox","2019-20"
2019-11-12,"Kings","","• De'Aaron Fox","placed on IL with sprained left ankle","De'Aaron Fox","2019-20"
2019-12-17,"Kings","• De'Aaron Fox","","activated from IL","De'Aaron Fox","2019-20"
2019-12-27,"Kings","","• De'Aaron Fox","back spasms (DTD)","De'Aaron Fox","2019-20"
2019-12-28,"Kings","","• De'Aaron Fox","placed on IL with back spasms","De'Aaron Fox","2019-20"
2019-12-29,"Kings","• De'Aaron Fox","","activated from IL","De'Aaron Fox","2019-20"
2020-02-27,"Kings","","• De'Aaron Fox","placed on IL with abdominal injury","De'Aaron Fox","2019-20"
2020-02-27,"Kings","• De'Aaron Fox","","activated from IL","De'Aaron Fox","2019-20"
2021-02-12,"Kings","","• De'Aaron Fox","bruised left knee (DTD)","De'Aaron Fox","2020-21"
2021-02-14,"Kings","• De'Aaron Fox","","returned to lineup","De'Aaron Fox","2020-21"
2021-04-23,"Kings","","• De'Aaron Fox","placed on IL with NBA health and safety protocols (out for season)","De'Aaron Fox","2020-21"
2021-12-16,"Kings","","• De'Aaron Fox","placed on IL with NBA health and safety protocols","De'Aaron Fox","2021-22"
2021-12-26,"Kings","• De'Aaron Fox","","activated from IL","De'Aaron Fox","2021-22"
2022-01-22,"Kings","","• De'Aaron Fox","placed on IL with left ankle injury","De'Aaron Fox","2021-22"
2022-02-08,"Kings","• De'Aaron Fox","","activated from IL","De'Aaron Fox","2021-22"
2022-03-18,"Kings","","• De'Aaron Fox","placed on IL with right hand injury (out for season)","De'Aaron Fox","2021-22"
2022-11-01,"Kings","","• De'Aaron Fox","placed on IL with right knee injury","De'Aaron Fox","2022-23"
2022-11-05,"Kings","• De'Aaron Fox","","activated from IL","De'Aaron Fox","2022-23"
2023-02-02,"Kings","","• De'Aaron Fox","placed on IL with illness","De'Aaron Fox","2022-23"
2023-02-05,"Kings","• De'Aaron Fox","","activated from IL","De'Aaron Fox","2022-23"
2023-02-05,"Kings","","• De'Aaron Fox","placed on IL for personal reasons","De'Aaron Fox","2022-23"
2023-02-06,"Kings","• De'Aaron Fox","","activated from IL","De'Aaron Fox","2022-23"
2023-02-28,"Kings","","• De'Aaron Fox","placed on IL with sore left wrist","De'Aaron Fox","2022-23"
2023-03-02,"Kings","• De'Aaron Fox","","activated from IL","De'Aaron Fox","2022-23"
2023-03-06,"Kings","","• De'Aaron Fox","placed on IL with left hamstring injury","De'Aaron Fox","2022-23"
2023-03-08,"Kings","• De'Aaron Fox","","activated from IL","De'Aaron Fox","2022-23"
2023-03-25,"Kings","","• De'Aaron Fox","placed on IL with right hamstring injury","De'Aaron Fox","2022-23"
2023-03-27,"Kings","• De'Aaron Fox","","activated from IL","De'Aaron Fox","2022-23"
2023-04-07,"Kings","","• De'Aaron Fox","placed on IL with sore left ankle","De'Aaron Fox","2022-23"
2023-04-08,"Kings","• De'Aaron Fox","","activated from IL","De'Aaron Fox","2022-23"
2019-12-04,"Hawks","","• De'Andre Hunter","placed on IL with right index finger injury","De'Andre Hunter","2019-20"
2019-12-08,"Hawks","• De'Andre Hunter","","activated from IL","De'Andre Hunter","2019-20"
2020-02-01,"Hawks","","• De'Andre Hunter","sprained left ankle (DTD)","De'Andre Hunter","2019-20"
2020-02-03,"Hawks","","• De'Andre Hunter","placed on IL with sprained left ankle","De'Andre Hunter","2019-20"
2020-02-05,"Hawks","• De'Andre Hunter","","activated from IL","De'Andre Hunter","2019-20"
2020-02-21,"Hawks","","• De'Andre Hunter","personal reasons (DTD)","De'Andre Hunter","2019-20"
2020-02-22,"Hawks","","• De'Andre Hunter","placed on IL for personal reasons","De'Andre Hunter","2019-20"
2020-02-24,"Hawks","• De'Andre Hunter","","activated from IL","De'Andre Hunter","2019-20"
2021-10-25,"Hawks","","• De'Andre Hunter","placed on IL with illness","De'Andre Hunter","2021-22"
2021-10-27,"Hawks","• De'Andre Hunter","","activated from IL","De'Andre Hunter","2021-22"
2021-11-09,"Hawks","","• De'Andre Hunter","right wrist injury (DTD)","De'Andre Hunter","2021-22"
2021-11-12,"Hawks","• De'Andre Hunter","","returned to lineup","De'Andre Hunter","2021-22"
2021-11-14,"Hawks","","• De'Andre Hunter","placed on IL with surgery on right wrist","De'Andre Hunter","2021-22"
2022-01-12,"Hawks","• De'Andre Hunter","","activated from IL","De'Andre Hunter","2021-22"
2022-03-28,"Hawks","","• De'Andre Hunter","sore right knee (DTD)","De'Andre Hunter","2021-22"
2022-03-30,"Hawks","• De'Andre Hunter","","returned to lineup","De'Andre Hunter","2021-22"
2022-11-21,"Hawks","","• De'Andre Hunter","placed on IL with illness","De'Andre Hunter","2022-23"
2022-11-23,"Hawks","• De'Andre Hunter","","activated from IL","De'Andre Hunter","2022-23"
2022-12-01,"Hawks","","• De'Andre Hunter","placed on IL with thigh injury","De'Andre Hunter","2022-23"
2022-12-11,"Hawks","• De'Andre Hunter","","activated from IL","De'Andre Hunter","2022-23"
2022-12-27,"Hawks","","• De'Andre Hunter","placed on IL with sprained left ankle","De'Andre Hunter","2022-23"
2023-01-02,"Hawks","• De'Andre Hunter","","activated from IL","De'Andre Hunter","2022-23"
2023-01-23,"Hawks","","• De'Andre Hunter","shortness of breath (DTD)","De'Andre Hunter","2022-23"
2023-01-28,"Hawks","• De'Andre Hunter","","returned to lineup","De'Andre Hunter","2022-23"
2023-03-25,"Hawks","","• De'Andre Hunter","placed on IL with bruised left knee","De'Andre Hunter","2022-23"
2023-03-26,"Hawks","• De'Andre Hunter","","activated from IL","De'Andre Hunter","2022-23"
2023-03-31,"Hawks","","• De'Andre Hunter","placed on IL with left knee injury","De'Andre Hunter","2022-23"
2023-04-07,"Hawks","• De'Andre Hunter","","activated from IL","De'Andre Hunter","2022-23"
2018-10-17,"Suns","","• De'Anthony Melton","placed on IL","De'Anthony Melton","2018-19"
2018-10-22,"Suns","• De'Anthony Melton","","activated from IL","De'Anthony Melton","2018-19"
2018-10-24,"Suns","","• De'Anthony Melton","placed on IL","De'Anthony Melton","2018-19"
2018-10-31,"Suns","• De'Anthony Melton","","activated from IL","De'Anthony Melton","2018-19"
2018-11-02,"Suns","","• De'Anthony Melton","placed on IL","De'Anthony Melton","2018-19"
2018-11-04,"Suns","• De'Anthony Melton","","activated from IL","De'Anthony Melton","2018-19"
2018-11-06,"Suns","","• De'Anthony Melton","placed on IL","De'Anthony Melton","2018-19"
2018-11-14,"Suns","• De'Anthony Melton","","activated from IL","De'Anthony Melton","2018-19"
2018-11-19,"Suns","","• De'Anthony Melton","placed on IL","De'Anthony Melton","2018-19"
2018-11-30,"Suns","• De'Anthony Melton","","activated from IL","De'Anthony Melton","2018-19"
2019-01-25,"Suns","","• De'Anthony Melton","placed on IL with sprained right ankle","De'Anthony Melton","2018-19"
2019-02-20,"Suns","• De'Anthony Melton","","activated from IL","De'Anthony Melton","2018-19"
2016-01-12,"Clippers","","• DeAndre Jordan","pneumonia (DTD)","DeAndre Jordan","2015-16"
2016-01-18,"Clippers","• DeAndre Jordan","","returned to lineup","DeAndre Jordan","2015-16"
2016-03-31,"Clippers","","• DeAndre Jordan","rest (DTD)","DeAndre Jordan","2015-16"
2016-04-08,"Clippers","","• DeAndre Jordan","rest (DTD)","DeAndre Jordan","2015-16"
2016-04-13,"Clippers","","• DeAndre Jordan","rest (DTD)","DeAndre Jordan","2015-16"
2017-03-16,"Clippers","","• DeAndre Jordan","placed on IL for rest","DeAndre Jordan","2016-17"
2017-03-18,"Clippers","• DeAndre Jordan","","activated from IL","DeAndre Jordan","2016-17"
2021-02-12,"Nets","","• DeAndre Jordan","placed on IL for personal reasons","DeAndre Jordan","2020-21"
2021-02-15,"Nets","• DeAndre Jordan","","activated from IL","DeAndre Jordan","2020-21"
2022-03-04,"76ers","","• DeAndre Jordan","not with team (DTD)","DeAndre Jordan","2021-22"
2022-03-05,"76ers","• DeAndre Jordan","","returned to lineup","DeAndre Jordan","2021-22"
2014-01-27,"Raptors","","• DeMar DeRozan","sprained left ankle/foot (DNP)","DeMar DeRozan","2013-14"
2014-01-29,"Raptors","","• DeMar DeRozan","placed on IL with sprained left ankle/foot","DeMar DeRozan","2013-14"
2014-01-31,"Raptors","• DeMar DeRozan","","activated from IL","DeMar DeRozan","2013-14"
2014-04-14,"Raptors","","• DeMar DeRozan","DNP","DeMar DeRozan","2013-14"
2014-04-16,"Raptors","• DeMar DeRozan","","returned to lineup","DeMar DeRozan","2013-14"
2014-11-29,"Raptors","","• DeMar DeRozan","torn tendon in left groin (out indefinitely)","DeMar DeRozan","2014-15"
2014-11-30,"Raptors","","• DeMar DeRozan","placed on IL with torn tendon in left groin","DeMar DeRozan","2014-15"
2015-01-14,"Raptors","• DeMar DeRozan","","activated from IL","DeMar DeRozan","2014-15"
2015-04-14,"Raptors","","• DeMar DeRozan","rest (DTD)","DeMar DeRozan","2014-15"
2015-04-15,"Raptors","• DeMar DeRozan","","returned to lineup","DeMar DeRozan","2014-15"
2016-03-15,"Raptors","","• DeMar DeRozan","rest (DTD)","DeMar DeRozan","2015-16"
2016-03-17,"Raptors","• DeMar DeRozan","","returned to lineup","DeMar DeRozan","2015-16"
2016-04-08,"Raptors","","• DeMar DeRozan","placed on IL for rest","DeMar DeRozan","2015-16"
2016-04-10,"Raptors","• DeMar DeRozan","","activated from IL","DeMar DeRozan","2015-16"
2016-04-13,"Raptors","","• DeMar DeRozan","rest (DTD)","DeMar DeRozan","2015-16"
2016-04-16,"Raptors","• DeMar DeRozan","","returned to lineup","DeMar DeRozan","2015-16"
2017-01-22,"Raptors","","• DeMar DeRozan","sprained right ankle (DTD)","DeMar DeRozan","2016-17"
2017-01-24,"Raptors","","• DeMar DeRozan","placed on IL with sprained right ankle","DeMar DeRozan","2016-17"
2017-01-29,"Raptors","• DeMar DeRozan","","activated from IL","DeMar DeRozan","2016-17"
2017-01-31,"Raptors","","• DeMar DeRozan","placed on IL with sore right ankle","DeMar DeRozan","2016-17"
2017-02-06,"Raptors","• DeMar DeRozan","","activated from IL","DeMar DeRozan","2016-17"
2017-04-12,"Raptors","","• DeMar DeRozan","placed on IL for rest / flu (out for season)","DeMar DeRozan","2016-17"
2018-03-20,"Raptors","","• DeMar DeRozan","bruised left thigh (DTD)","DeMar DeRozan","2017-18"
2018-03-21,"Raptors","• DeMar DeRozan","","returned to lineup","DeMar DeRozan","2017-18"
2019-01-18,"Spurs","","• DeMar DeRozan","sore left ankle (DTD)","DeMar DeRozan","2018-19"
2019-01-20,"Spurs","• DeMar DeRozan","","returned to lineup","DeMar DeRozan","2018-19"
2019-01-25,"Spurs","","• DeMar DeRozan","sore left knee (DTD)","DeMar DeRozan","2018-19"
2019-01-27,"Spurs","","• DeMar DeRozan","placed on IL with sore left knee","DeMar DeRozan","2018-19"
2020-02-10,"Spurs","","• DeMar DeRozan","back spasms (DTD)","DeMar DeRozan","2019-20"
2020-02-11,"Spurs","","• DeMar DeRozan","placed on IL with back spasms","DeMar DeRozan","2019-20"
2020-02-21,"Spurs","• DeMar DeRozan","","activated from IL","DeMar DeRozan","2019-20"
2021-01-10,"Spurs","","• DeMar DeRozan","personal reasons (DTD)","DeMar DeRozan","2020-21"
2021-01-14,"Spurs","• DeMar DeRozan","","returned to lineup","DeMar DeRozan","2020-21"
2021-02-22,"Spurs","","• DeMar DeRozan","personal reasons (DTD)","DeMar DeRozan","2020-21"
2021-02-27,"Spurs","• DeMar DeRozan","","returned to lineup","DeMar DeRozan","2020-21"
2021-03-11,"Spurs","","• DeMar DeRozan","placed on IL for personal reasons","DeMar DeRozan","2020-21"
2021-03-19,"Spurs","• DeMar DeRozan","","activated from IL","DeMar DeRozan","2020-21"
2021-04-22,"Spurs","","• DeMar DeRozan","bruised right quadriceps (DTD)","DeMar DeRozan","2020-21"
2021-04-24,"Spurs","• DeMar DeRozan","","returned to lineup","DeMar DeRozan","2020-21"
2021-12-06,"Bulls","","• DeMar DeRozan","placed on IL with NBA health and safety protocols","DeMar DeRozan","2021-22"
2021-12-18,"Bulls","• DeMar DeRozan","","activated from IL","DeMar DeRozan","2021-22"
2022-03-24,"Bulls","","• DeMar DeRozan","placed on IL with strained left adductor","DeMar DeRozan","2021-22"
2022-03-26,"Bulls","• DeMar DeRozan","","activated from IL","DeMar DeRozan","2021-22"
2023-01-11,"Bulls","","• DeMar DeRozan","placed on IL with strained right quadriceps","DeMar DeRozan","2022-23"
2023-01-19,"Bulls","• DeMar DeRozan","","activated from IL","DeMar DeRozan","2022-23"
2023-02-07,"Bulls","","• DeMar DeRozan","placed on IL with right hip injury","DeMar DeRozan","2022-23"
2023-02-09,"Bulls","• DeMar DeRozan","","activated from IL","DeMar DeRozan","2022-23"
2023-02-14,"Bulls","","• DeMar DeRozan","placed on IL with thigh injury","DeMar DeRozan","2022-23"
2023-02-23,"Bulls","• DeMar DeRozan","","activated from IL","DeMar DeRozan","2022-23"
2023-03-24,"Bulls","","• DeMar DeRozan","placed on IL with strained right quadriceps","DeMar DeRozan","2022-23"
2023-03-26,"Bulls","• DeMar DeRozan","","activated from IL","DeMar DeRozan","2022-23"
2023-04-07,"Bulls","","• DeMar DeRozan","placed on IL","DeMar DeRozan","2022-23"
2023-04-09,"Bulls","• DeMar DeRozan","","activated from IL","DeMar DeRozan","2022-23"
2013-12-03,"Kings","","• DeMarcus Cousins","placed on IL with ankle injury","DeMarcus Cousins","2013-14"
2013-12-06,"Kings","• DeMarcus Cousins","","activated from IL","DeMarcus Cousins","2013-14"
2014-01-24,"Kings","","• DeMarcus Cousins","placed on IL with ankle injury","DeMarcus Cousins","2013-14"
2014-02-01,"Kings","• DeMarcus Cousins","","activated from IL","DeMarcus Cousins","2013-14"
2014-02-01,"Kings","","• DeMarcus Cousins","sprained left ankle (DNP)","DeMarcus Cousins","2013-14"
2014-02-19,"Kings","","• DeMarcus Cousins","placed on IL with strained left hip flexor","DeMarcus Cousins","2013-14"
2014-02-21,"Kings","• DeMarcus Cousins","","activated from IL","DeMarcus Cousins","2013-14"
2014-03-16,"Kings","","• DeMarcus Cousins","right knee tendinitis (DNP)","DeMarcus Cousins","2013-14"
2014-11-28,"Kings","","• DeMarcus Cousins","placed on IL with illness","DeMarcus Cousins","2014-15"
2014-12-18,"Kings","• DeMarcus Cousins","","activated from IL","DeMarcus Cousins","2014-15"
2014-12-26,"Kings","","• DeMarcus Cousins","placed on IL with illness / stomach flu","DeMarcus Cousins","2014-15"
2014-12-27,"Kings","• DeMarcus Cousins","","activated from IL","DeMarcus Cousins","2014-15"
2015-01-17,"Kings","","• DeMarcus Cousins","sprained right ankle (DTD)","DeMarcus Cousins","2014-15"
2015-01-19,"Kings","• DeMarcus Cousins","","returned to lineup","DeMarcus Cousins","2014-15"
2015-02-27,"Kings","","• DeMarcus Cousins","placed on IL with sprained left ankle","DeMarcus Cousins","2014-15"
2015-03-03,"Kings","• DeMarcus Cousins","","activated from IL","DeMarcus Cousins","2014-15"
2015-03-18,"Kings","","• DeMarcus Cousins","strained right calf (DTD)","DeMarcus Cousins","2014-15"
2015-03-20,"Kings","","• DeMarcus Cousins","placed on IL with strained right calf","DeMarcus Cousins","2014-15"
2015-03-21,"Kings","• DeMarcus Cousins","","activated from IL","DeMarcus Cousins","2014-15"
2015-03-30,"Kings","","• DeMarcus Cousins","rest (DTD)","DeMarcus Cousins","2014-15"
2015-04-01,"Kings","• DeMarcus Cousins","","returned to lineup","DeMarcus Cousins","2014-15"
2015-04-07,"Kings","","• DeMarcus Cousins","placed on IL with sore right foot (out for season)","DeMarcus Cousins","2014-15"
2015-11-03,"Kings","","• DeMarcus Cousins","placed on IL with strained Achilles","DeMarcus Cousins","2015-16"
2015-11-09,"Kings","• DeMarcus Cousins","","activated from IL","DeMarcus Cousins","2015-16"
2015-11-25,"Kings","","• DeMarcus Cousins","sore back (DTD)","DeMarcus Cousins","2015-16"
2015-11-28,"Kings","","• DeMarcus Cousins","placed on IL with strained lower back","DeMarcus Cousins","2015-16"
2015-11-30,"Kings","• DeMarcus Cousins","","activated from IL","DeMarcus Cousins","2015-16"
2016-01-30,"Kings","","• DeMarcus Cousins","sprained left ankle (DTD)","DeMarcus Cousins","2015-16"
2016-02-03,"Kings","• DeMarcus Cousins","","returned to lineup","DeMarcus Cousins","2015-16"
2016-03-23,"Kings","","• DeMarcus Cousins","bruised right knee (DTD)","DeMarcus Cousins","2015-16"
2016-03-25,"Kings","• DeMarcus Cousins","","returned to lineup","DeMarcus Cousins","2015-16"
2016-03-28,"Kings","","• DeMarcus Cousins","rest (DTD)","DeMarcus Cousins","2015-16"
2016-04-02,"Kings","","• DeMarcus Cousins","rest (DTD)","DeMarcus Cousins","2015-16"
2016-04-05,"Kings","• DeMarcus Cousins","","returned to lineup","DeMarcus Cousins","2015-16"
2016-04-07,"Kings","","• DeMarcus Cousins","rest (DTD)","DeMarcus Cousins","2015-16"
2016-04-09,"Kings","• DeMarcus Cousins","","returned to lineup","DeMarcus Cousins","2015-16"
2016-04-13,"Kings","","• DeMarcus Cousins","placed on IL for rest","DeMarcus Cousins","2015-16"
2018-10-16,"Warriors","","• DeMarcus Cousins","placed on IL with recovering from surgery to repair torn left Achilles tendon","DeMarcus Cousins","2018-19"
2019-01-18,"Warriors","• DeMarcus Cousins","","activated from IL","DeMarcus Cousins","2018-19"
2019-02-13,"Warriors","","• DeMarcus Cousins","placed on IL","DeMarcus Cousins","2018-19"
2019-02-21,"Warriors","• DeMarcus Cousins","","activated from IL","DeMarcus Cousins","2018-19"
2019-02-27,"Warriors","","• DeMarcus Cousins","placed on IL","DeMarcus Cousins","2018-19"
2019-02-28,"Warriors","• DeMarcus Cousins","","activated from IL","DeMarcus Cousins","2018-19"
2019-03-18,"Warriors","","• DeMarcus Cousins","placed on IL with sore right ankle","DeMarcus Cousins","2018-19"
2019-03-21,"Warriors","• DeMarcus Cousins","","activated from IL","DeMarcus Cousins","2018-19"
2019-03-24,"Warriors","","• DeMarcus Cousins","placed on IL","DeMarcus Cousins","2018-19"
2019-04-16,"Warriors","","• DeMarcus Cousins","torn left quadriceps (out indefinitely)","DeMarcus Cousins","2018-19"
2019-04-18,"Warriors","","• DeMarcus Cousins","placed on IL with torn left quadriceps","DeMarcus Cousins","2018-19"
2013-12-29,"Hawks","","• DeMarre Carroll","sprained right thumb (DNP)","DeMarre Carroll","2013-14"
2013-12-31,"Hawks","","• DeMarre Carroll","sprained right thumb (DNP)","DeMarre Carroll","2013-14"
2014-01-16,"Hawks","","• DeMarre Carroll","personal reasons (DNP)","DeMarre Carroll","2013-14"
2014-01-24,"Hawks","","• DeMarre Carroll","strained left hamstring (DNP)","DeMarre Carroll","2013-14"
2014-02-12,"Hawks","","• DeMarre Carroll","strained left hamstring (DNP)","DeMarre Carroll","2013-14"
2014-02-18,"Hawks","","• DeMarre Carroll","strained left hamstring (DNP)","DeMarre Carroll","2013-14"
2014-03-29,"Hawks","","• DeMarre Carroll","stomach virus (DNP)","DeMarre Carroll","2013-14"
2014-11-12,"Hawks","","• DeMarre Carroll","placed on IL with groin injury","DeMarre Carroll","2014-15"
2014-11-21,"Hawks","• DeMarre Carroll","","activated from IL","DeMarre Carroll","2014-15"
2015-01-13,"Hawks","","• DeMarre Carroll","placed on IL for rest","DeMarre Carroll","2014-15"
2015-01-14,"Hawks","• DeMarre Carroll","","activated from IL","DeMarre Carroll","2014-15"
2015-01-30,"Hawks","","• DeMarre Carroll","placed on IL with strained left Achilles","DeMarre Carroll","2014-15"
2015-02-02,"Hawks","• DeMarre Carroll","","activated from IL","DeMarre Carroll","2014-15"
2015-03-15,"Hawks","","• DeMarre Carroll","rest (DTD)","DeMarre Carroll","2014-15"
2015-03-16,"Hawks","• DeMarre Carroll","","returned to lineup","DeMarre Carroll","2014-15"
2015-03-28,"Hawks","","• DeMarre Carroll","rest (DTD)","DeMarre Carroll","2014-15"
2015-03-30,"Hawks","• DeMarre Carroll","","returned to lineup","DeMarre Carroll","2014-15"
2015-04-12,"Hawks","","• DeMarre Carroll","rest (DTD)","DeMarre Carroll","2014-15"
2015-04-13,"Hawks","• DeMarre Carroll","","returned to lineup","DeMarre Carroll","2014-15"
2015-11-08,"Raptors","","• DeMarre Carroll","placed on IL with sore right heel","DeMarre Carroll","2015-16"
2015-11-13,"Raptors","• DeMarre Carroll","","activated from IL","DeMarre Carroll","2015-16"
2015-12-07,"Raptors","","• DeMarre Carroll","placed on IL with bruised right knee","DeMarre Carroll","2015-16"
2015-12-13,"Raptors","• DeMarre Carroll","","activated from IL","DeMarre Carroll","2015-16"
2015-12-13,"Raptors","","• DeMarre Carroll","bruised right knee (DTD)","DeMarre Carroll","2015-16"
2015-12-14,"Raptors","","• DeMarre Carroll","bruised right knee (DTD)","DeMarre Carroll","2015-16"
2015-12-17,"Raptors","","• DeMarre Carroll","bruised right knee (DTD)","DeMarre Carroll","2015-16"
2015-12-18,"Raptors","","• DeMarre Carroll","bruised right knee (DTD)","DeMarre Carroll","2015-16"
2015-12-20,"Raptors","","• DeMarre Carroll","placed on IL with bruised right knee","DeMarre Carroll","2015-16"
2015-12-26,"Raptors","• DeMarre Carroll","","activated from IL","DeMarre Carroll","2015-16"
2016-01-04,"Raptors","","• DeMarre Carroll","placed on IL with sore right knee","DeMarre Carroll","2015-16"
2016-01-06,"Raptors","","• DeMarre Carroll","arthroscopic surgery on right knee (out indefinitely)","DeMarre Carroll","2015-16"
2016-04-07,"Raptors","• DeMarre Carroll","","activated from IL","DeMarre Carroll","2015-16"
2016-04-08,"Raptors","","• DeMarre Carroll","placed on IL for rest","DeMarre Carroll","2015-16"
2016-04-10,"Raptors","• DeMarre Carroll","","activated from IL","DeMarre Carroll","2015-16"
2017-10-29,"Nets","","• DeMarre Carroll","placed on IL with sore right ankle","DeMarre Carroll","2017-18"
2017-10-31,"Nets","• DeMarre Carroll","","activated from IL","DeMarre Carroll","2017-18"
2017-11-27,"Nets","","• DeMarre Carroll","illness (DTD)","DeMarre Carroll","2017-18"
2017-11-29,"Nets","• DeMarre Carroll","","returned to lineup","DeMarre Carroll","2017-18"
2017-12-15,"Nets","","• DeMarre Carroll","rest (DTD)","DeMarre Carroll","2017-18"
2017-12-17,"Nets","• DeMarre Carroll","","returned to lineup","DeMarre Carroll","2017-18"
2018-01-07,"Nets","","• DeMarre Carroll","sprained right knee (DTD)","DeMarre Carroll","2017-18"
2018-01-08,"Nets","","• DeMarre Carroll","placed on IL with sprained right knee","DeMarre Carroll","2017-18"
2018-01-12,"Nets","• DeMarre Carroll","","activated from IL","DeMarre Carroll","2017-18"
2018-04-04,"Nets","","• DeMarre Carroll","strained left hip (out for season)","DeMarre Carroll","2017-18"
2018-04-05,"Nets","","• DeMarre Carroll","placed on IL with strained left hip (out for season)","DeMarre Carroll","2017-18"
2019-01-20,"Suns","","• Deandre Ayton","placed on IL with sprained left ankle","Deandre Ayton","2018-19"
2019-02-02,"Suns","• Deandre Ayton","","activated from IL","Deandre Ayton","2018-19"
2019-03-31,"Suns","","• Deandre Ayton","sprained left ankle (out for season)","Deandre Ayton","2018-19"
2019-04-01,"Suns","","• Deandre Ayton","placed on IL with sprained left ankle (out for season)","Deandre Ayton","2018-19"
2019-11-27,"Suns","","• Deandre Ayton","placed on IL with sprained right ankle","Deandre Ayton","2019-20"
2019-12-17,"Suns","• Deandre Ayton","","activated from IL","Deandre Ayton","2019-20"
2019-12-19,"Suns","","• Deandre Ayton","sprained right ankle (DTD)","Deandre Ayton","2019-20"
2019-12-20,"Suns","","• Deandre Ayton","placed on IL with sprained right ankle","Deandre Ayton","2019-20"
2019-12-30,"Suns","• Deandre Ayton","","activated from IL","Deandre Ayton","2019-20"
2020-02-10,"Suns","","• Deandre Ayton","sore left ankle (DTD)","Deandre Ayton","2019-20"
2020-02-21,"Suns","• Deandre Ayton","","returned to lineup","Deandre Ayton","2019-20"
2020-03-06,"Suns","","• Deandre Ayton","sprained left ankle (DTD)","Deandre Ayton","2019-20"
2021-11-02,"Suns","","• Deandre Ayton","right leg injury (DTD)","Deandre Ayton","2021-22"
2021-11-04,"Suns","• Deandre Ayton","","returned to lineup","Deandre Ayton","2021-22"
2021-11-06,"Suns","","• Deandre Ayton","right leg injury (DTD)","Deandre Ayton","2021-22"
2021-11-15,"Suns","• Deandre Ayton","","returned to lineup","Deandre Ayton","2021-22"
2021-12-10,"Suns","","• Deandre Ayton","illness (DTD)","Deandre Ayton","2021-22"
2021-12-14,"Suns","• Deandre Ayton","","returned to lineup","Deandre Ayton","2021-22"
2021-12-27,"Suns","","• Deandre Ayton","placed on IL with NBA health and safety protocols","Deandre Ayton","2021-22"
2022-01-07,"Suns","• Deandre Ayton","","activated from IL","Deandre Ayton","2021-22"
2022-01-17,"Suns","","• Deandre Ayton","sprained right ankle (DTD)","Deandre Ayton","2021-22"
2022-01-20,"Suns","","• Deandre Ayton","placed on IL with sprained right ankle","Deandre Ayton","2021-22"
2022-02-01,"Suns","• Deandre Ayton","","activated from IL","Deandre Ayton","2021-22"
2022-04-06,"Suns","","• Deandre Ayton","sore right ankle (DTD)","Deandre Ayton","2021-22"
2022-04-07,"Suns","• Deandre Ayton","","returned to lineup","Deandre Ayton","2021-22"
2022-12-15,"Suns","","• Deandre Ayton","placed on IL with sprained left ankle","Deandre Ayton","2022-23"
2022-12-19,"Suns","• Deandre Ayton","","activated from IL","Deandre Ayton","2022-23"
2023-01-10,"Suns","","• Deandre Ayton","sprained left ankle (DTD)","Deandre Ayton","2022-23"
2023-01-10,"Suns","• Deandre Ayton","","returned to lineup","Deandre Ayton","2022-23"
2023-01-22,"Suns","","• Deandre Ayton","illness (DTD)","Deandre Ayton","2022-23"
2023-01-26,"Suns","• Deandre Ayton","","returned to lineup","Deandre Ayton","2022-23"
2023-03-19,"Suns","","• Deandre Ayton","placed on IL with bruised right hip","Deandre Ayton","2022-23"
2023-03-27,"Suns","• Deandre Ayton","","activated from IL","Deandre Ayton","2022-23"
2018-02-09,"Spurs","","• Dejounte Murray","sprained left ankle (DTD)","Dejounte Murray","2017-18"
2018-02-12,"Spurs","• Dejounte Murray","","returned to lineup","Dejounte Murray","2017-18"
2020-01-03,"Spurs","","• Dejounte Murray","personal reasons (DTD)","Dejounte Murray","2019-20"
2020-01-04,"Spurs","","• Dejounte Murray","placed on IL for personal reasons","Dejounte Murray","2019-20"
2020-01-05,"Spurs","• Dejounte Murray","","activated from IL","Dejounte Murray","2019-20"
2020-03-09,"Spurs","","• Dejounte Murray","strained right calf (DTD)","Dejounte Murray","2019-20"
2020-03-10,"Spurs","","• Dejounte Murray","placed on IL with strained right calf","Dejounte Murray","2019-20"
2021-04-05,"Spurs","","• Dejounte Murray","sore right foot (DTD)","Dejounte Murray","2020-21"
2021-04-07,"Spurs","• Dejounte Murray","","returned to lineup","Dejounte Murray","2020-21"
2021-12-26,"Spurs","","• Dejounte Murray","placed on IL with NBA health and safety protocols","Dejounte Murray","2021-22"
2022-01-05,"Spurs","• Dejounte Murray","","activated from IL","Dejounte Murray","2021-22"
2022-01-29,"Spurs","","• Dejounte Murray","placed on IL with bruised left knee","Dejounte Murray","2021-22"
2022-01-31,"Spurs","• Dejounte Murray","","activated from IL","Dejounte Murray","2021-22"
2022-02-03,"Spurs","","• Dejounte Murray","placed on IL with sprained left wrist","Dejounte Murray","2021-22"
2022-02-04,"Spurs","• Dejounte Murray","","activated from IL","Dejounte Murray","2021-22"
2022-02-26,"Spurs","","• Dejounte Murray","placed on IL with bruised left knee","Dejounte Murray","2021-22"
2022-02-27,"Spurs","• Dejounte Murray","","activated from IL","Dejounte Murray","2021-22"
2022-03-12,"Spurs","","• Dejounte Murray","placed on IL with left calf injury","Dejounte Murray","2021-22"
2022-03-13,"Spurs","• Dejounte Murray","","activated from IL","Dejounte Murray","2021-22"
2022-04-01,"Spurs","","• Dejounte Murray","illness (DTD)","Dejounte Murray","2021-22"
2022-04-03,"Spurs","","• Dejounte Murray","placed on IL with illness","Dejounte Murray","2021-22"
2022-04-10,"Spurs","• Dejounte Murray","","activated from IL","Dejounte Murray","2021-22"
2022-12-08,"Hawks","","• Dejounte Murray","placed on IL with sprained left ankle","Dejounte Murray","2022-23"
2022-12-19,"Hawks","• Dejounte Murray","","activated from IL","Dejounte Murray","2022-23"
2023-03-21,"Hawks","","• Dejounte Murray","placed on IL with illness","Dejounte Murray","2022-23"
2023-03-24,"Hawks","• Dejounte Murray","","activated from IL","Dejounte Murray","2022-23"
2023-04-08,"Hawks","","• Dejounte Murray","placed on IL with sore left ankle","Dejounte Murray","2022-23"
2023-04-11,"Hawks","• Dejounte Murray","","activated from IL","Dejounte Murray","2022-23"
2021-01-20,"Wizards","","• Deni Avdija","NBA health and safety protocols (DTD)","Deni Avdija","2020-21"
2021-01-24,"Wizards","","• Deni Avdija","placed on IL with NBA health and safety protocols","Deni Avdija","2020-21"
2021-01-30,"Wizards","• Deni Avdija","","activated from IL","Deni Avdija","2020-21"
2021-04-22,"Wizards","","• Deni Avdija","placed on IL with fractured right ankle (out for season)","Deni Avdija","2020-21"
2017-04-07,"Hawks","","• Dennis Schröder","rest / foot injury (DTD)","Dennis Schröder","2016-17"
2017-04-09,"Hawks","• Dennis Schröder","","returned to lineup","Dennis Schröder","2016-17"
2017-04-12,"Hawks","","• Dennis Schröder","rest (DTD)","Dennis Schröder","2016-17"
2017-04-16,"Hawks","• Dennis Schröder","","returned to lineup","Dennis Schröder","2016-17"
2017-10-23,"Hawks","","• Dennis Schröder","placed on IL with sprained left ankle","Dennis Schröder","2017-18"
2017-10-27,"Hawks","• Dennis Schröder","","activated from IL","Dennis Schröder","2017-18"
2017-12-22,"Hawks","","• Dennis Schröder","left ankle injury (DTD)","Dennis Schröder","2017-18"
2017-12-23,"Hawks","• Dennis Schröder","","returned to lineup","Dennis Schröder","2017-18"
2018-02-14,"Hawks","","• Dennis Schröder","tightness in lower back (DTD)","Dennis Schröder","2017-18"
2018-02-22,"Hawks","• Dennis Schröder","","returned to lineup","Dennis Schröder","2017-18"
2018-03-11,"Hawks","","• Dennis Schröder","sprained left elbow (DTD)","Dennis Schröder","2017-18"
2018-03-13,"Hawks","• Dennis Schröder","","returned to lineup","Dennis Schröder","2017-18"
2018-03-22,"Hawks","","• Dennis Schröder","rest (DTD)","Dennis Schröder","2017-18"
2018-03-23,"Hawks","• Dennis Schröder","","returned to lineup","Dennis Schröder","2017-18"
2018-03-25,"Hawks","","• Dennis Schröder","sprained left ankle (out for season)","Dennis Schröder","2017-18"
2018-04-01,"Hawks","","• Dennis Schröder","placed on IL with sprained left ankle (out for season)","Dennis Schröder","2017-18"
2021-02-18,"Lakers","","• Dennis Schröder","placed on IL with health and safety protocols / COVID-19","Dennis Schröder","2020-21"
2021-02-26,"Lakers","• Dennis Schröder","","activated from IL","Dennis Schröder","2020-21"
2022-10-16,"Lakers","","• Dennis Schröder","placed on IL with thumb injury","Dennis Schröder","2022-23"
2022-11-18,"Lakers","• Dennis Schröder","","activated from IL","Dennis Schröder","2022-23"
2023-04-07,"Lakers","","• Dennis Schröder","neck spasms (DTD)","Dennis Schröder","2022-23"
2023-04-16,"Lakers","• Dennis Schröder","","returned to lineup","Dennis Schröder","2022-23"
2017-10-20,"Mavericks","","• Dennis Smith Jr.","placed on IL with sore left knee","Dennis Smith Jr.","2017-18"
2017-10-23,"Mavericks","• Dennis Smith Jr.","","activated from IL","Dennis Smith Jr.","2017-18"
2017-12-08,"Mavericks","","• Dennis Smith Jr.","placed on IL with strained left hip","Dennis Smith Jr.","2017-18"
2017-12-18,"Mavericks","• Dennis Smith Jr.","","activated from IL","Dennis Smith Jr.","2017-18"
2017-12-20,"Mavericks","• Dennis Smith Jr.","","returned to lineup","Dennis Smith Jr.","2017-18"
2018-03-10,"Mavericks","","• Dennis Smith Jr.","placed on IL with sore left knee","Dennis Smith Jr.","2017-18"
2018-03-11,"Mavericks","• Dennis Smith Jr.","","activated from IL","Dennis Smith Jr.","2017-18"
2018-03-20,"Mavericks","","• Dennis Smith Jr.","placed on IL with sprained left ankle","Dennis Smith Jr.","2017-18"
2018-03-24,"Mavericks","• Dennis Smith Jr.","","activated from IL","Dennis Smith Jr.","2017-18"
2018-04-04,"Mavericks","","• Dennis Smith Jr.","placed on IL with sore left knee","Dennis Smith Jr.","2017-18"
2018-04-06,"Mavericks","• Dennis Smith Jr.","","activated from IL","Dennis Smith Jr.","2017-18"
2018-04-10,"Mavericks","","• Dennis Smith Jr.","placed on IL with sore left knee (out for season)","Dennis Smith Jr.","2017-18"
2018-04-03,"Bulls","","• Denzel Valentine","placed on IL recovering from surgery on left knee (out for season)","Denzel Valentine","2017-18"
2018-04-03,"Bulls","","• Denzel Valentine","surgery on left knee (out for season)","Denzel Valentine","2017-18"
2013-11-16,"Nets","","• Deron Williams","sprained left ankle (DNP)","Deron Williams","2013-14"
2013-11-18,"Nets","","• Deron Williams","sprained left ankle (DNP)","Deron Williams","2013-14"
2013-11-22,"Nets","","• Deron Williams","sprained left ankle (DNP)","Deron Williams","2013-14"
2013-11-24,"Nets","","• Deron Williams","sprained left ankle (DNP)","Deron Williams","2013-14"
2013-11-26,"Nets","","• Deron Williams","sprained left ankle (DNP)","Deron Williams","2013-14"
2013-11-27,"Nets","","• Deron Williams","sprained left ankle (DNP)","Deron Williams","2013-14"
2013-11-29,"Nets","","• Deron Williams","sprained left ankle (DNP)","Deron Williams","2013-14"
2013-11-30,"Nets","","• Deron Williams","sprained left ankle (DNP)","Deron Williams","2013-14"
2013-12-03,"Nets","","• Deron Williams","sprained left ankle (DNP)","Deron Williams","2013-14"
2013-12-05,"Nets","","• Deron Williams","sprained left ankle (DNP)","Deron Williams","2013-14"
2013-12-07,"Nets","","• Deron Williams","sprained left ankle (DNP)","Deron Williams","2013-14"
2014-01-06,"Nets","","• Deron Williams","sprained left ankle (DNP)","Deron Williams","2013-14"
2014-01-08,"Nets","","• Deron Williams","sprained left ankle (DNP)","Deron Williams","2013-14"
2014-01-10,"Nets","","• Deron Williams","sprained left ankle (DNP)","Deron Williams","2013-14"
2014-01-11,"Nets","","• Deron Williams","placed on IL with sprained left ankle","Deron Williams","2013-14"
2014-01-20,"Nets","• Deron Williams","","activated from IL","Deron Williams","2013-14"
2014-04-11,"Nets","","• Deron Williams","placed on IL with knee injury","Deron Williams","2013-14"
2014-04-13,"Nets","• Deron Williams","","activated from IL","Deron Williams","2013-14"
2014-04-16,"Nets","","• Deron Williams","right knee tendinitis (DNP)","Deron Williams","2013-14"
2014-12-21,"Nets","","• Deron Williams","placed on IL with strained right calf","Deron Williams","2014-15"
2014-12-26,"Nets","• Deron Williams","","activated from IL","Deron Williams","2014-15"
2015-01-05,"Nets","","• Deron Williams","back injury / sore left side (DTD)","Deron Williams","2014-15"
2015-01-07,"Nets","• Deron Williams","","returned to lineup","Deron Williams","2014-15"
2015-01-08,"Nets","","• Deron Williams","fractured rib (out indefinitely)","Deron Williams","2014-15"
2015-01-09,"Nets","","• Deron Williams","placed on IL with fractured rib","Deron Williams","2014-15"
2015-02-02,"Nets","• Deron Williams","","activated from IL","Deron Williams","2014-15"
2015-10-29,"Mavericks","","• Deron Williams","sprained left knee (DTD)","Deron Williams","2015-16"
2015-11-01,"Mavericks","• Deron Williams","","returned to lineup","Deron Williams","2015-16"
2015-12-12,"Mavericks","","• Deron Williams","placed on IL with illness","Deron Williams","2015-16"
2015-12-14,"Mavericks","• Deron Williams","","activated from IL","Deron Williams","2015-16"
2015-12-22,"Mavericks","","• Deron Williams","strained left hamstring (DTD)","Deron Williams","2015-16"
2015-12-23,"Mavericks","","• Deron Williams","placed on IL with strained left hamstring","Deron Williams","2015-16"
2015-12-26,"Mavericks","• Deron Williams","","activated from IL","Deron Williams","2015-16"
2015-12-26,"Mavericks","","• Deron Williams","strained left hamstring (DTD)","Deron Williams","2015-16"
2015-12-28,"Mavericks","","• Deron Williams","placed on IL with strained left hamstring","Deron Williams","2015-16"
2016-01-01,"Mavericks","• Deron Williams","","activated from IL","Deron Williams","2015-16"
2016-01-06,"Mavericks","","• Deron Williams","placed on IL for rest","Deron Williams","2015-16"
2016-01-08,"Mavericks","• Deron Williams","","activated from IL","Deron Williams","2015-16"
2016-01-13,"Mavericks","","• Deron Williams","rest (DTD)","Deron Williams","2015-16"
2016-01-15,"Mavericks","• Deron Williams","","returned to lineup","Deron Williams","2015-16"
2016-02-01,"Mavericks","","• Deron Williams","bruised hip (DTD)","Deron Williams","2015-16"
2016-02-03,"Mavericks","","• Deron Williams","placed on IL with bruised hip","Deron Williams","2015-16"
2016-02-05,"Mavericks","• Deron Williams","","activated from IL","Deron Williams","2015-16"
2016-03-25,"Mavericks","","• Deron Williams","strained left abdominal / sports hernia (DTD)","Deron Williams","2015-16"
2016-04-10,"Mavericks","• Deron Williams","","returned to lineup","Deron Williams","2015-16"
2016-04-21,"Mavericks","","• Deron Williams","sports hernia (DTD)","Deron Williams","2015-16"
2016-04-23,"Mavericks","• Deron Williams","","returned to lineup","Deron Williams","2015-16"
2016-04-24,"Mavericks","","• Deron Williams","sports hernia (out for season)","Deron Williams","2015-16"
2013-12-07,"Jazz","","• Derrick Favors","placed on IL with sore lower back","Derrick Favors","2013-14"
2013-12-11,"Jazz","• Derrick Favors","","activated from IL","Derrick Favors","2013-14"
2014-01-21,"Jazz","","• Derrick Favors","placed on IL with hip injury","Derrick Favors","2013-14"
2014-01-25,"Jazz","• Derrick Favors","","activated from IL","Derrick Favors","2013-14"
2014-01-31,"Jazz","","• Derrick Favors","placed on IL with strained hip","Derrick Favors","2013-14"
2014-02-07,"Jazz","• Derrick Favors","","activated from IL","Derrick Favors","2013-14"
2014-02-19,"Jazz","","• Derrick Favors","placed on IL with sprained right hip","Derrick Favors","2013-14"
2014-02-24,"Jazz","• Derrick Favors","","activated from IL","Derrick Favors","2013-14"
2014-12-01,"Jazz","","• Derrick Favors","flu (DTD)","Derrick Favors","2014-15"
2014-12-03,"Jazz","• Derrick Favors","","returned to lineup","Derrick Favors","2014-15"
2014-12-14,"Jazz","","• Derrick Favors","placed on IL with sprained right ankle","Derrick Favors","2014-15"
2014-12-17,"Jazz","• Derrick Favors","","activated from IL","Derrick Favors","2014-15"
2015-01-22,"Jazz","","• Derrick Favors","personal reasons (DTD)","Derrick Favors","2014-15"
2015-01-24,"Jazz","• Derrick Favors","","returned to lineup","Derrick Favors","2014-15"
2015-03-28,"Jazz","","• Derrick Favors","back spasms (DTD)","Derrick Favors","2014-15"
2015-04-01,"Jazz","• Derrick Favors","","returned to lineup","Derrick Favors","2014-15"
2015-04-13,"Jazz","","• Derrick Favors","back spasms (DTD)","Derrick Favors","2014-15"
2015-04-15,"Jazz","• Derrick Favors","","returned to lineup","Derrick Favors","2014-15"
2015-11-28,"Jazz","","• Derrick Favors","placed on IL for personal reasons","Derrick Favors","2015-16"
2015-11-30,"Jazz","• Derrick Favors","","activated from IL","Derrick Favors","2015-16"
2015-12-26,"Jazz","","• Derrick Favors","back spasms / sore lower back (DTD)","Derrick Favors","2015-16"
2016-01-25,"Jazz","• Derrick Favors","","returned to lineup","Derrick Favors","2015-16"
2016-04-01,"Jazz","","• Derrick Favors","sore right knee (DTD)","Derrick Favors","2015-16"
2016-04-03,"Jazz","• Derrick Favors","","returned to lineup","Derrick Favors","2015-16"
2016-04-10,"Jazz","","• Derrick Favors","right knee injury (DTD)","Derrick Favors","2015-16"
2016-04-11,"Jazz","• Derrick Favors","","returned to lineup","Derrick Favors","2015-16"
2016-04-13,"Jazz","","• Derrick Favors","sore right knee (out for season)","Derrick Favors","2015-16"
2018-10-28,"Jazz","","• Derrick Favors","placed on IL with sore left knee","Derrick Favors","2018-19"
2018-10-31,"Jazz","• Derrick Favors","","activated from IL","Derrick Favors","2018-19"
2019-03-31,"Jazz","","• Derrick Favors","back spasms (DTD)","Derrick Favors","2018-19"
2019-04-01,"Jazz","","• Derrick Favors","placed on IL with back spasms","Derrick Favors","2018-19"
2019-04-09,"Jazz","• Derrick Favors","","activated from IL","Derrick Favors","2018-19"
2019-10-28,"Pelicans","","• Derrick Favors","sore right knee (DTD)","Derrick Favors","2019-20"
2019-11-04,"Pelicans","• Derrick Favors","","returned to lineup","Derrick Favors","2019-20"
2019-11-17,"Pelicans","","• Derrick Favors","placed on IL with lower back spasms","Derrick Favors","2019-20"
2019-11-27,"Pelicans","","• Derrick Favors","personal reasons (DTD)","Derrick Favors","2019-20"
2019-12-13,"Pelicans","• Derrick Favors","","activated from IL","Derrick Favors","2019-20"
2020-01-11,"Pelicans","","• Derrick Favors","strained right hamstring (DTD)","Derrick Favors","2019-20"
2020-01-16,"Pelicans","• Derrick Favors","","returned to lineup","Derrick Favors","2019-20"
2020-01-20,"Pelicans","","• Derrick Favors","sore lower back (DTD)","Derrick Favors","2019-20"
2020-01-22,"Pelicans","• Derrick Favors","","returned to lineup","Derrick Favors","2019-20"
2021-01-29,"Blazers","","• Derrick Jones Jr.","placed on IL with sprained left foot","Derrick Jones Jr.","2020-21"
2021-02-06,"Blazers","• Derrick Jones Jr.","","activated from IL","Derrick Jones Jr.","2020-21"
2021-04-03,"Blazers","","• Derrick Jones Jr.","bruised right quadriceps (DTD)","Derrick Jones Jr.","2020-21"
2021-04-06,"Blazers","• Derrick Jones Jr.","","returned to lineup","Derrick Jones Jr.","2020-21"
2021-04-21,"Blazers","","• Derrick Jones Jr.","placed on IL with bruised right hip","Derrick Jones Jr.","2020-21"
2014-11-01,"Bulls","","• Derrick Rose","sprained left ankle (DTD)","Derrick Rose","2014-15"
2014-11-07,"Bulls","","• Derrick Rose","placed on IL with sprained ankles","Derrick Rose","2014-15"
2014-11-10,"Bulls","• Derrick Rose","","activated from IL","Derrick Rose","2014-15"
2014-11-13,"Bulls","• Derrick Rose","","activated from IL","Derrick Rose","2014-15"
2014-11-15,"Bulls","","• Derrick Rose","strained left hamstring (DTD)","Derrick Rose","2014-15"
2014-11-24,"Bulls","• Derrick Rose","","returned to lineup","Derrick Rose","2014-15"
2014-12-18,"Bulls","","• Derrick Rose","placed on IL with illness","Derrick Rose","2014-15"
2014-12-22,"Bulls","• Derrick Rose","","activated from IL","Derrick Rose","2014-15"
2015-01-10,"Bulls","","• Derrick Rose","placed on IL with sore left knee / right hip injury","Derrick Rose","2014-15"
2015-01-12,"Bulls","• Derrick Rose","","activated from IL","Derrick Rose","2014-15"
2015-02-24,"Bulls","","• Derrick Rose","torn medial meniscus in right knee (out indefinitely)","Derrick Rose","2014-15"
2015-02-25,"Bulls","","• Derrick Rose","placed on IL with torn medial meniscus in righ tknee","Derrick Rose","2014-15"
2015-02-27,"Bulls","","• Derrick Rose","surgery on right knee to repair torn medial meniscus (out indefinitely)","Derrick Rose","2014-15"
2015-04-08,"Bulls","• Derrick Rose","","activated from IL","Derrick Rose","2014-15"
2015-11-16,"Bulls","","• Derrick Rose","sprained left ankle (DTD)","Derrick Rose","2015-16"
2015-11-18,"Bulls","","• Derrick Rose","placed on IL with sore left ankle","Derrick Rose","2015-16"
2015-11-24,"Bulls","• Derrick Rose","","activated from IL","Derrick Rose","2015-16"
2015-12-30,"Bulls","","• Derrick Rose","right hamstring tendinitis/tightness (DTD)","Derrick Rose","2015-16"
2016-01-05,"Bulls","• Derrick Rose","","returned to lineup","Derrick Rose","2015-16"
2016-01-14,"Bulls","","• Derrick Rose","left knee patellar tendinitis (DTD)","Derrick Rose","2015-16"
2016-01-15,"Bulls","• Derrick Rose","","returned to lineup","Derrick Rose","2015-16"
2016-02-08,"Bulls","","• Derrick Rose","general soreness (DTD)","Derrick Rose","2015-16"
2016-02-10,"Bulls","• Derrick Rose","","returned to lineup","Derrick Rose","2015-16"
2016-02-24,"Bulls","","• Derrick Rose","right hamstring tendinitis (DTD)","Derrick Rose","2015-16"
2016-03-01,"Bulls","• Derrick Rose","","returned to lineup","Derrick Rose","2015-16"
2016-03-11,"Bulls","","• Derrick Rose","strained left abductor (P) / adductor (CBC Y) (DTD)","Derrick Rose","2015-16"
2016-03-16,"Bulls","• Derrick Rose","","returned to lineup","Derrick Rose","2015-16"
2016-04-02,"Bulls","","• Derrick Rose","placed on IL with bruised left elbow","Derrick Rose","2015-16"
2016-04-05,"Bulls","• Derrick Rose","","activated from IL","Derrick Rose","2015-16"
2016-04-11,"Bulls","","• Derrick Rose","rest (DTD)","Derrick Rose","2015-16"
2016-04-13,"Bulls","","• Derrick Rose","rest (DTD)","Derrick Rose","2015-16"
2018-10-12,"Spurs","","• Derrick White","plantar fascia in left foot (out indefinitely)","Derrick White","2018-19"
2018-10-17,"Spurs","","• Derrick White","placed on IL with plantar fascia in left foot","Derrick White","2018-19"
2018-11-07,"Spurs","• Derrick White","","activated from IL","Derrick White","2018-19"
2019-02-03,"Spurs","","• Derrick White","right heel injury (DTD)","Derrick White","2018-19"
2019-02-04,"Spurs","","• Derrick White","placed on IL with right heel injury","Derrick White","2018-19"
2019-02-22,"Spurs","• Derrick White","","activated from IL","Derrick White","2018-19"
2019-02-24,"Spurs","","• Derrick White","right heel injury (DTD)","Derrick White","2018-19"
2019-02-25,"Spurs","• Derrick White","","returned to lineup","Derrick White","2018-19"
2022-01-06,"Grizzlies","","• Desmond Bane","placed on IL with left quadriceps injury","Desmond Bane","2021-22"
2022-01-08,"Grizzlies","• Desmond Bane","","activated from IL","Desmond Bane","2021-22"
2022-01-18,"Grizzlies","","• Desmond Bane","placed on IL with NBA health and safety protocols","Desmond Bane","2021-22"
2022-01-26,"Grizzlies","• Desmond Bane","","activated from IL","Desmond Bane","2021-22"
2022-04-01,"Grizzlies","","• Desmond Bane","sore left ankle (DTD)","Desmond Bane","2021-22"
2022-04-04,"Grizzlies","• Desmond Bane","","returned to lineup","Desmond Bane","2021-22"
2022-10-31,"Grizzlies","","• Desmond Bane","placed on IL with right ankle injury","Desmond Bane","2022-23"
2022-11-02,"Grizzlies","• Desmond Bane","","activated from IL","Desmond Bane","2022-23"
2022-11-13,"Grizzlies","","• Desmond Bane","placed on IL with sore right toe","Desmond Bane","2022-23"
2022-12-23,"Grizzlies","• Desmond Bane","","activated from IL","Desmond Bane","2022-23"
2023-01-27,"Grizzlies","","• Desmond Bane","placed on IL with sore right knee","Desmond Bane","2022-23"
2023-02-01,"Grizzlies","• Desmond Bane","","activated from IL","Desmond Bane","2022-23"
2023-03-29,"Grizzlies","","• Desmond Bane","placed on IL with sore right foot","Desmond Bane","2022-23"
2023-03-30,"Grizzlies","• Desmond Bane","","activated from IL","Desmond Bane","2022-23"
2015-11-02,"Suns","","• Devin Booker","placed on IL with ankle injury","Devin Booker","2015-16"
2015-11-04,"Suns","• Devin Booker","","activated from IL","Devin Booker","2015-16"
2016-10-31,"Suns","","• Devin Booker","placed on IL with sore toe","Devin Booker","2016-17"
2016-11-02,"Suns","• Devin Booker","","activated from IL","Devin Booker","2016-17"
2017-03-19,"Suns","","• Devin Booker","placed on IL with sore right ankle","Devin Booker","2016-17"
2017-03-21,"Suns","• Devin Booker","","activated from IL","Devin Booker","2016-17"
2017-03-28,"Suns","","• Devin Booker","placed on IL with ankle injury","Devin Booker","2016-17"
2017-03-30,"Suns","• Devin Booker","","activated from IL","Devin Booker","2016-17"
2017-04-11,"Suns","","• Devin Booker","DNP","Devin Booker","2016-17"
2017-11-26,"Suns","","• Devin Booker","right big toe injury (DTD)","Devin Booker","2017-18"
2017-11-28,"Suns","• Devin Booker","","returned to lineup","Devin Booker","2017-18"
2017-12-06,"Suns","","• Devin Booker","strained adductor in left groin (out indefinitely)","Devin Booker","2017-18"
2017-12-07,"Suns","","• Devin Booker","placed on IL with strained adductor in left groin","Devin Booker","2017-18"
2017-12-26,"Suns","• Devin Booker","","activated from IL","Devin Booker","2017-18"
2018-01-29,"Suns","","• Devin Booker","placed on IL with bruised right rib","Devin Booker","2017-18"
2018-01-31,"Suns","• Devin Booker","","activated from IL","Devin Booker","2017-18"
2018-02-05,"Suns","","• Devin Booker","left hip pointer (DTD)","Devin Booker","2017-18"
2018-02-06,"Suns","","• Devin Booker","placed on IL with left hip pointer","Devin Booker","2017-18"
2018-02-14,"Suns","• Devin Booker","","activated from IL","Devin Booker","2017-18"
2018-03-10,"Suns","","• Devin Booker","strained left tricep (DTD)","Devin Booker","2017-18"
2018-03-13,"Suns","• Devin Booker","","returned to lineup","Devin Booker","2017-18"
2018-03-17,"Suns","","• Devin Booker","sprained right hand (out for season)","Devin Booker","2017-18"
2018-03-26,"Suns","","• Devin Booker","placed on IL with sprained right hand (out for season)","Devin Booker","2017-18"
2018-10-27,"Suns","","• Devin Booker","placed on IL with strained left hamstring","Devin Booker","2018-19"
2018-11-02,"Suns","• Devin Booker","","activated from IL","Devin Booker","2018-19"
2018-11-30,"Suns","","• Devin Booker","toe injury (DTD)","Devin Booker","2018-19"
2018-12-02,"Suns","• Devin Booker","","returned to lineup","Devin Booker","2018-19"
2018-12-03,"Suns","","• Devin Booker","strained left hamstring (out indefinitely)","Devin Booker","2018-19"
2018-12-04,"Suns","","• Devin Booker","placed on IL with strained left hamstring","Devin Booker","2018-19"
2018-12-15,"Suns","• Devin Booker","","activated from IL","Devin Booker","2018-19"
2019-01-08,"Suns","","• Devin Booker","placed on IL with back spasms","Devin Booker","2018-19"
2019-01-15,"Suns","• Devin Booker","","activated from IL","Devin Booker","2018-19"
2019-02-06,"Suns","","• Devin Booker","right hamstring injury (DTD)","Devin Booker","2018-19"
2019-02-10,"Suns","• Devin Booker","","returned to lineup","Devin Booker","2018-19"
2019-04-04,"Suns","","• Devin Booker","sprained left ankle (out for season)","Devin Booker","2018-19"
2019-12-14,"Suns","","• Devin Booker","right forearm injury (DTD)","Devin Booker","2019-20"
2019-12-20,"Suns","• Devin Booker","","returned to lineup","Devin Booker","2019-20"
2021-01-23,"Suns","","• Devin Booker","strained left hamstring (DTD)","Devin Booker","2020-21"
2021-02-01,"Suns","• Devin Booker","","returned to lineup","Devin Booker","2020-21"
2021-12-01,"Suns","","• Devin Booker","left hamstring injury (DTD)","Devin Booker","2021-22"
2021-12-19,"Suns","• Devin Booker","","returned to lineup","Devin Booker","2021-22"
2022-03-02,"Suns","","• Devin Booker","placed on IL with NBA health and safety protocols","Devin Booker","2021-22"
2022-03-09,"Suns","• Devin Booker","","activated from IL","Devin Booker","2021-22"
2022-04-06,"Suns","","• Devin Booker","sore lower back (DTD)","Devin Booker","2021-22"
2022-04-07,"Suns","• Devin Booker","","returned to lineup","Devin Booker","2021-22"
2022-04-21,"Suns","","• Devin Booker","strained right hamstring (DTD)","Devin Booker","2021-22"
2022-04-28,"Suns","• Devin Booker","","returned to lineup","Devin Booker","2021-22"
2022-12-11,"Suns","","• Devin Booker","placed on IL with left hamstring injury","Devin Booker","2022-23"
2022-12-15,"Suns","• Devin Booker","","activated from IL","Devin Booker","2022-23"
2022-12-19,"Suns","","• Devin Booker","groin injury (DTD)","Devin Booker","2022-23"
2022-12-23,"Suns","","• Devin Booker","placed on IL with groin injury","Devin Booker","2022-23"
2022-12-25,"Suns","• Devin Booker","","activated from IL","Devin Booker","2022-23"
2022-12-27,"Suns","","• Devin Booker","placed on IL with strained left groin","Devin Booker","2022-23"
2023-02-06,"Suns","• Devin Booker","","activated from IL","Devin Booker","2022-23"
2023-02-08,"Suns","","• Devin Booker","left groin injury (DTD)","Devin Booker","2022-23"
2023-02-10,"Suns","• Devin Booker","","returned to lineup","Devin Booker","2022-23"
2021-11-26,"Spurs","","• Devin Vassell","placed on IL with bruised right quadriceps","Devin Vassell","2021-22"
2021-12-02,"Spurs","• Devin Vassell","","activated from IL","Devin Vassell","2021-22"
2021-12-04,"Spurs","","• Devin Vassell","placed on IL with bruised right quadriceps","Devin Vassell","2021-22"
2021-12-09,"Spurs","• Devin Vassell","","activated from IL","Devin Vassell","2021-22"
2022-01-06,"Spurs","","• Devin Vassell","placed on IL with NBA health and safety protocols","Devin Vassell","2021-22"
2022-01-12,"Spurs","• Devin Vassell","","activated from IL","Devin Vassell","2021-22"
2022-03-07,"Spurs","","• Devin Vassell","placed on IL with sore throat","Devin Vassell","2021-22"
2022-03-09,"Spurs","• Devin Vassell","","activated from IL","Devin Vassell","2021-22"
2022-03-26,"Spurs","","• Devin Vassell","sore right Achilles (DTD)","Devin Vassell","2021-22"
2022-03-28,"Spurs","• Devin Vassell","","returned to lineup","Devin Vassell","2021-22"
2022-04-08,"Spurs","","• Devin Vassell","placed on IL with sore left heel","Devin Vassell","2021-22"
2022-04-10,"Spurs","• Devin Vassell","","activated from IL","Devin Vassell","2021-22"
2022-10-26,"Spurs","","• Devin Vassell","placed on IL with sore left knee","Devin Vassell","2022-23"
2022-11-04,"Spurs","• Devin Vassell","","activated from IL","Devin Vassell","2022-23"
2022-12-08,"Spurs","","• Devin Vassell","placed on IL with sore left knee","Devin Vassell","2022-23"
2022-12-10,"Spurs","• Devin Vassell","","activated from IL","Devin Vassell","2022-23"
2022-12-29,"Spurs","","• Devin Vassell","placed on IL with sore left knee","Devin Vassell","2022-23"
2023-01-02,"Spurs","• Devin Vassell","","activated from IL","Devin Vassell","2022-23"
2023-01-04,"Spurs","","• Devin Vassell","placed on IL with sore left knee (surgery)","Devin Vassell","2022-23"
2023-01-11,"Spurs","","• Devin Vassell","arthroscopic surgery on left knee (out indefinitely)","Devin Vassell","2022-23"
2023-03-02,"Spurs","• Devin Vassell","","activated from IL","Devin Vassell","2022-23"
2023-03-03,"Spurs","","• Devin Vassell","placed on IL with left knee injury","Devin Vassell","2022-23"
2023-03-05,"Spurs","• Devin Vassell","","activated from IL","Devin Vassell","2022-23"
2023-03-15,"Spurs","","• Devin Vassell","knee injury (DTD)","Devin Vassell","2022-23"
2023-03-16,"Spurs","• Devin Vassell","","returned to lineup","Devin Vassell","2022-23"
2023-03-24,"Spurs","","• Devin Vassell","knee injury (DTD)","Devin Vassell","2022-23"
2023-03-25,"Spurs","• Devin Vassell","","returned to lineup","Devin Vassell","2022-23"
2023-04-06,"Spurs","","• Devin Vassell","left knee injury (out for season)","Devin Vassell","2022-23"
2023-04-08,"Spurs","","• Devin Vassell","placed on IL with left knee injury","Devin Vassell","2022-23"
2020-03-03,"Hornets","","• Devonte' Graham","placed on IL with sore left ankle","Devonte' Graham","2019-20"
2020-03-05,"Hornets","• Devonte' Graham","","activated from IL","Devonte' Graham","2019-20"
2021-02-06,"Hornets","","• Devonte' Graham","strained left groin (DTD)","Devonte' Graham","2020-21"
2021-02-12,"Hornets","• Devonte' Graham","","returned to lineup","Devonte' Graham","2020-21"
2021-02-19,"Hornets","","• Devonte' Graham","sore left knee (DTD)","Devonte' Graham","2020-21"
2021-03-11,"Hornets","• Devonte' Graham","","returned to lineup","Devonte' Graham","2020-21"
2021-04-15,"Hornets","","• Devonte' Graham","placed on IL with bruised left quadricep","Devonte' Graham","2020-21"
2021-04-20,"Hornets","• Devonte' Graham","","activated from IL","Devonte' Graham","2020-21"
2017-11-29,"Hawks","","• Dewayne Dedmon","stress reaction in left tibia (DTD)","Dewayne Dedmon","2017-18"
2017-11-30,"Hawks","","• Dewayne Dedmon","placed on IL with stress reaction in left tibia","Dewayne Dedmon","2017-18"
2018-01-08,"Hawks","• Dewayne Dedmon","","activated from IL","Dewayne Dedmon","2017-18"
2018-04-03,"Hawks","","• Dewayne Dedmon","sore ribs (DTD)","Dewayne Dedmon","2017-18"
2018-04-04,"Hawks","• Dewayne Dedmon","","returned to lineup","Dewayne Dedmon","2017-18"
2018-10-16,"Hawks","","• Dewayne Dedmon","left ankle injury (DTD)","Dewayne Dedmon","2018-19"
2018-10-17,"Hawks","","• Dewayne Dedmon","placed on IL with left ankle injury","Dewayne Dedmon","2018-19"
2018-10-24,"Hawks","• Dewayne Dedmon","","activated from IL","Dewayne Dedmon","2018-19"
2018-11-11,"Hawks","","• Dewayne Dedmon","placed on IL for personal reasons","Dewayne Dedmon","2018-19"
2018-11-17,"Hawks","• Dewayne Dedmon","","activated from IL","Dewayne Dedmon","2018-19"
2018-12-29,"Hawks","","• Dewayne Dedmon","placed on IL with sore left knee","Dewayne Dedmon","2018-19"
2019-01-02,"Hawks","• Dewayne Dedmon","","activated from IL","Dewayne Dedmon","2018-19"
2019-01-13,"Hawks","","• Dewayne Dedmon","sprained left ankle (DTD)","Dewayne Dedmon","2018-19"
2019-01-15,"Hawks","","• Dewayne Dedmon","placed on IL with sprained left ankle","Dewayne Dedmon","2018-19"
2019-01-19,"Hawks","• Dewayne Dedmon","","activated from IL","Dewayne Dedmon","2018-19"
2019-03-06,"Hawks","","• Dewayne Dedmon","placed on IL with bruised right knee","Dewayne Dedmon","2018-19"
2019-03-10,"Hawks","• Dewayne Dedmon","","activated from IL","Dewayne Dedmon","2018-19"
2019-03-30,"Hawks","","• Dewayne Dedmon","sore left ankle (out for season)","Dewayne Dedmon","2018-19"
2019-03-31,"Hawks","","• Dewayne Dedmon","placed on IL with sore left ankle (out for season)","Dewayne Dedmon","2018-19"
2020-02-01,"Kings","","• Dewayne Dedmon","placed on IL with flu","Dewayne Dedmon","2019-20"
2020-02-03,"Kings","• Dewayne Dedmon","","activated from IL","Dewayne Dedmon","2019-20"
2020-02-26,"Hawks","","• Dewayne Dedmon","placed on IL with right elbow injury","Dewayne Dedmon","2019-20"
2020-03-06,"Hawks","• Dewayne Dedmon","","activated from IL","Dewayne Dedmon","2019-20"
2021-02-19,"Grizzlies","","• Dillon Brooks","placed on IL with sore right thigh","Dillon Brooks","2020-21"
2021-02-25,"Grizzlies","• Dillon Brooks","","activated from IL","Dillon Brooks","2020-21"
2021-04-19,"Grizzlies","","• Dillon Brooks","placed on IL with left thigh injury","Dillon Brooks","2020-21"
2021-04-21,"Grizzlies","• Dillon Brooks","","activated from IL","Dillon Brooks","2020-21"
2021-10-19,"Grizzlies","","• Dillon Brooks","placed on IL with fractured left hand","Dillon Brooks","2021-22"
2021-11-10,"Grizzlies","• Dillon Brooks","","activated from IL","Dillon Brooks","2021-22"
2021-11-11,"Grizzlies","","• Dillon Brooks","placed on IL with left hand injury","Dillon Brooks","2021-22"
2021-11-13,"Grizzlies","• Dillon Brooks","","activated from IL","Dillon Brooks","2021-22"
2021-11-20,"Grizzlies","","• Dillon Brooks","placed on IL with sore right hamstring","Dillon Brooks","2021-22"
2021-11-24,"Grizzlies","• Dillon Brooks","","activated from IL","Dillon Brooks","2021-22"
2021-12-09,"Grizzlies","","• Dillon Brooks","placed on IL with NBA health and safety protocols","Dillon Brooks","2021-22"
2021-12-11,"Grizzlies","• Dillon Brooks","","activated from IL","Dillon Brooks","2021-22"
2021-12-26,"Grizzlies","","• Dillon Brooks","placed on IL with NBA health and safety protocols","Dillon Brooks","2021-22"
2022-01-06,"Grizzlies","• Dillon Brooks","","activated from IL","Dillon Brooks","2021-22"
2022-01-09,"Grizzlies","","• Dillon Brooks","placed on IL with sprained left ankle","Dillon Brooks","2021-22"
2022-03-13,"Grizzlies","• Dillon Brooks","","activated from IL","Dillon Brooks","2021-22"
2022-03-24,"Grizzlies","","• Dillon Brooks","placed on IL with left ankle injury","Dillon Brooks","2021-22"
2022-03-26,"Grizzlies","• Dillon Brooks","","activated from IL","Dillon Brooks","2021-22"
2022-04-04,"Grizzlies","","• Dillon Brooks","placed on IL with right hip injury","Dillon Brooks","2021-22"
2022-04-07,"Grizzlies","• Dillon Brooks","","activated from IL","Dillon Brooks","2021-22"
2022-04-10,"Grizzlies","","• Dillon Brooks","placed on IL with right hip injury","Dillon Brooks","2021-22"
2022-04-15,"Grizzlies","• Dillon Brooks","","activated from IL","Dillon Brooks","2021-22"
2022-10-19,"Grizzlies","","• Dillon Brooks","placed on IL with left thigh injury","Dillon Brooks","2022-23"
2022-10-24,"Grizzlies","• Dillon Brooks","","activated from IL","Dillon Brooks","2022-23"
2023-01-14,"Grizzlies","","• Dillon Brooks","placed on IL with sore right ankle","Dillon Brooks","2022-23"
2023-01-16,"Grizzlies","• Dillon Brooks","","activated from IL","Dillon Brooks","2022-23"
2023-04-04,"Grizzlies","","• Dillon Brooks","placed on IL with right hip injury","Dillon Brooks","2022-23"
2023-04-05,"Grizzlies","• Dillon Brooks","","activated from IL","Dillon Brooks","2022-23"
2023-04-09,"Grizzlies","","• Dillon Brooks","placed on IL with groin injury","Dillon Brooks","2022-23"
2023-04-16,"Grizzlies","• Dillon Brooks","","activated from IL","Dillon Brooks","2022-23"
2013-12-14,"Mavericks","","• Dirk Nowitzki","placed on IL with illness","Dirk Nowitzki","2013-14"
2013-12-18,"Mavericks","• Dirk Nowitzki","","activated from IL","Dirk Nowitzki","2013-14"
2014-01-22,"Mavericks","","• Dirk Nowitzki","placed on IL for rest","Dirk Nowitzki","2013-14"
2014-01-24,"Mavericks","• Dirk Nowitzki","","activated from IL","Dirk Nowitzki","2013-14"
2014-11-29,"Mavericks","","• Dirk Nowitzki","rest (DTD)","Dirk Nowitzki","2014-15"
2014-12-02,"Mavericks","• Dirk Nowitzki","","returned to lineup","Dirk Nowitzki","2014-15"
2014-12-03,"Mavericks","","• Dirk Nowitzki","sore back (DTD)","Dirk Nowitzki","2014-15"
2014-12-05,"Mavericks","• Dirk Nowitzki","","returned to lineup","Dirk Nowitzki","2014-15"
2015-01-14,"Mavericks","","• Dirk Nowitzki","rest (DTD)","Dirk Nowitzki","2014-15"
2015-01-16,"Mavericks","• Dirk Nowitzki","","returned to lineup","Dirk Nowitzki","2014-15"
2015-02-05,"Mavericks","","• Dirk Nowitzki","rest (DTD)","Dirk Nowitzki","2014-15"
2015-02-07,"Mavericks","• Dirk Nowitzki","","returned to lineup","Dirk Nowitzki","2014-15"
2015-11-14,"Mavericks","","• Dirk Nowitzki","personal reasons (DTD)","Dirk Nowitzki","2015-16"
2015-11-16,"Mavericks","• Dirk Nowitzki","","returned to lineup","Dirk Nowitzki","2015-16"
2016-01-06,"Mavericks","","• Dirk Nowitzki","placed on IL for rest","Dirk Nowitzki","2015-16"
2016-01-08,"Mavericks","• Dirk Nowitzki","","activated from IL","Dirk Nowitzki","2015-16"
2016-01-13,"Mavericks","","• Dirk Nowitzki","rest (DTD)","Dirk Nowitzki","2015-16"
2016-01-20,"Mavericks","","• Dirk Nowitzki","placed on IL with right knee effusion","Dirk Nowitzki","2015-16"
2016-01-22,"Mavericks","• Dirk Nowitzki","","activated from IL","Dirk Nowitzki","2015-16"
2016-01-27,"Mavericks","","• Dirk Nowitzki","rest (DTD)","Dirk Nowitzki","2015-16"
2016-01-31,"Mavericks","","• Dirk Nowitzki","placed on IL for rest","Dirk Nowitzki","2015-16"
2016-02-01,"Mavericks","• Dirk Nowitzki","","activated from IL","Dirk Nowitzki","2015-16"
2016-03-25,"Mavericks","","• Dirk Nowitzki","rest (DTD)","Dirk Nowitzki","2015-16"
2016-10-28,"Mavericks","","• Dirk Nowitzki","placed on IL with stomach illness","Dirk Nowitzki","2016-17"
2016-10-30,"Mavericks","• Dirk Nowitzki","","activated from IL","Dirk Nowitzki","2016-17"
2016-10-30,"Mavericks","","• Dirk Nowitzki","illness (DTD)","Dirk Nowitzki","2016-17"
2016-11-02,"Mavericks","• Dirk Nowitzki","","returned to lineup","Dirk Nowitzki","2016-17"
2016-11-04,"Mavericks","","• Dirk Nowitzki","sore right Achilles (DTD)","Dirk Nowitzki","2016-17"
2016-11-06,"Mavericks","","• Dirk Nowitzki","placed on IL with sore right Achilles","Dirk Nowitzki","2016-17"
2016-11-23,"Mavericks","• Dirk Nowitzki","","activated from IL","Dirk Nowitzki","2016-17"
2016-11-27,"Mavericks","","• Dirk Nowitzki","sore/strained right Achilles (DTD)","Dirk Nowitzki","2016-17"
2016-11-30,"Mavericks","","• Dirk Nowitzki","placed on IL with strained right Achilles","Dirk Nowitzki","2016-17"
2016-12-23,"Mavericks","• Dirk Nowitzki","","activated from IL","Dirk Nowitzki","2016-17"
2016-12-29,"Mavericks","","• Dirk Nowitzki","placed on IL with illness","Dirk Nowitzki","2016-17"
2016-12-30,"Mavericks","• Dirk Nowitzki","","activated from IL","Dirk Nowitzki","2016-17"
2017-01-26,"Mavericks","","• Dirk Nowitzki","rest (DTD)","Dirk Nowitzki","2016-17"
2017-01-29,"Mavericks","• Dirk Nowitzki","","returned to lineup","Dirk Nowitzki","2016-17"
2017-04-04,"Mavericks","","• Dirk Nowitzki","sore right Achilles (DTD)","Dirk Nowitzki","2016-17"
2017-04-05,"Mavericks","• Dirk Nowitzki","","returned to lineup","Dirk Nowitzki","2016-17"
2017-04-12,"Mavericks","","• Dirk Nowitzki","rest (out for season)","Dirk Nowitzki","2016-17"
2018-10-17,"Mavericks","","• Dirk Nowitzki","surgery on left ankle (out indefinitely)","Dirk Nowitzki","2018-19"
2018-12-13,"Mavericks","• Dirk Nowitzki","","returned to lineup","Dirk Nowitzki","2018-19"
2019-01-09,"Mavericks","","• Dirk Nowitzki","illness (DTD)","Dirk Nowitzki","2018-19"
2019-01-11,"Mavericks","• Dirk Nowitzki","","returned to lineup","Dirk Nowitzki","2018-19"
2019-11-03,"Pacers","","• Domantas Sabonis","placed on IL with left calf injury","Domantas Sabonis","2019-20"
2019-11-06,"Pacers","• Domantas Sabonis","","activated from IL","Domantas Sabonis","2019-20"
2020-01-10,"Pacers","","• Domantas Sabonis","placed on IL with sore left knee","Domantas Sabonis","2019-20"
2020-01-13,"Pacers","• Domantas Sabonis","","activated from IL","Domantas Sabonis","2019-20"
2021-04-03,"Pacers","","• Domantas Sabonis","placed on IL with sprained left ankle","Domantas Sabonis","2020-21"
2021-04-09,"Pacers","• Domantas Sabonis","","activated from IL","Domantas Sabonis","2020-21"
2021-04-19,"Pacers","","• Domantas Sabonis","placed on IL with lower back injury","Domantas Sabonis","2020-21"
2021-12-23,"Pacers","","• Domantas Sabonis","placed on IL with right calf injury","Domantas Sabonis","2021-22"
2021-12-26,"Pacers","• Domantas Sabonis","","activated from IL","Domantas Sabonis","2021-22"
2022-01-20,"Pacers","","• Domantas Sabonis","placed on IL with sprained left ankle","Domantas Sabonis","2021-22"
2022-01-28,"Pacers","• Domantas Sabonis","","activated from IL","Domantas Sabonis","2021-22"
2022-01-31,"Pacers","","• Domantas Sabonis","placed on IL with NBA health and safety protocols","Domantas Sabonis","2021-22"
2022-02-06,"Pacers","• Domantas Sabonis","","activated from IL","Domantas Sabonis","2021-22"
2022-03-12,"Kings","","• Domantas Sabonis","placed on IL for personal reasons","Domantas Sabonis","2021-22"
2022-03-13,"Kings","• Domantas Sabonis","","activated from IL","Domantas Sabonis","2021-22"
2022-03-22,"Kings","","• Domantas Sabonis","placed on IL with bruised left knee (out for season)","Domantas Sabonis","2021-22"
2022-12-27,"Kings","","• Domantas Sabonis","placed on IL with right thumb injury","Domantas Sabonis","2022-23"
2022-12-28,"Kings","• Domantas Sabonis","","activated from IL","Domantas Sabonis","2022-23"
2023-01-18,"Kings","","• Domantas Sabonis","placed on IL with illness","Domantas Sabonis","2022-23"
2023-01-20,"Kings","• Domantas Sabonis","","activated from IL","Domantas Sabonis","2022-23"
2023-04-07,"Kings","","• Domantas Sabonis","placed on IL with sore left ankle","Domantas Sabonis","2022-23"
2023-04-08,"Kings","• Domantas Sabonis","","activated from IL","Domantas Sabonis","2022-23"
2015-11-28,"Nets","","• Donald Sloan","placed on IL with illness","Donald Sloan","2015-16"
2015-11-29,"Nets","• Donald Sloan","","activated from IL","Donald Sloan","2015-16"
2016-04-03,"Nets","","• Donald Sloan","upper respiratory infection (DTD)","Donald Sloan","2015-16"
2016-04-06,"Nets","• Donald Sloan","","returned to lineup","Donald Sloan","2015-16"
2015-03-27,"Rockets","","• Donatas Motiejunas","sore lower back (out for season)","Donatas Motiejunas","2014-15"
2015-04-01,"Rockets","","• Donatas Motiejunas","placed on IL with sore lower back (out for season)","Donatas Motiejunas","2014-15"
2015-04-09,"Rockets","","• Donatas Motiejunas","surgery on back (out for season)","Donatas Motiejunas","2014-15"
2017-12-20,"Jazz","","• Donovan Mitchell","bruised right big toe (DTD)","Donovan Mitchell","2017-18"
2017-12-23,"Jazz","• Donovan Mitchell","","returned to lineup","Donovan Mitchell","2017-18"
2018-02-03,"Jazz","","• Donovan Mitchell","flu (DTD)","Donovan Mitchell","2017-18"
2018-02-05,"Jazz","• Donovan Mitchell","","returned to lineup","Donovan Mitchell","2017-18"
2018-11-01,"Jazz","","• Donovan Mitchell","right hamstring injury (DTD)","Donovan Mitchell","2018-19"
2018-11-02,"Jazz","","• Donovan Mitchell","placed on IL with right hamstring injury","Donovan Mitchell","2018-19"
2018-11-03,"Jazz","• Donovan Mitchell","","activated from IL","Donovan Mitchell","2018-19"
2018-11-04,"Jazz","","• Donovan Mitchell","sprained left ankle (DTD)","Donovan Mitchell","2018-19"
2018-11-05,"Jazz","","• Donovan Mitchell","placed on IL with sprained left ankle","Donovan Mitchell","2018-19"
2018-11-07,"Jazz","• Donovan Mitchell","","returned to lineup","Donovan Mitchell","2018-19"
2018-11-07,"Jazz","• Donovan Mitchell","","activated from IL","Donovan Mitchell","2018-19"
2018-11-25,"Jazz","","• Donovan Mitchell","placed on IL with rib injury","Donovan Mitchell","2018-19"
2018-11-28,"Jazz","• Donovan Mitchell","","activated from IL","Donovan Mitchell","2018-19"
2019-04-10,"Jazz","","• Donovan Mitchell","placed on IL with thoracic spasm (out for season)","Donovan Mitchell","2018-19"
2019-04-14,"Jazz","• Donovan Mitchell","","activated from IL","Donovan Mitchell","2018-19"
2020-01-12,"Jazz","","• Donovan Mitchell","placed on IL with illness","Donovan Mitchell","2019-20"
2020-01-14,"Jazz","• Donovan Mitchell","","activated from IL","Donovan Mitchell","2019-20"
2020-03-12,"Jazz","","• Donovan Mitchell","COVID-19 coronavirus (DTD)","Donovan Mitchell","2019-20"
2021-01-27,"Jazz","","• Donovan Mitchell","placed on IL with concussion","Donovan Mitchell","2020-21"
2021-01-31,"Jazz","• Donovan Mitchell","","activated from IL","Donovan Mitchell","2020-21"
2021-03-30,"Jazz","","• Donovan Mitchell","placed on IL for personal reasons","Donovan Mitchell","2020-21"
2021-04-02,"Jazz","• Donovan Mitchell","","activated from IL","Donovan Mitchell","2020-21"
2021-04-17,"Jazz","","• Donovan Mitchell","placed on IL with sprained right ankle","Donovan Mitchell","2020-21"
2021-11-04,"Jazz","","• Donovan Mitchell","sprained right ankle (DTD)","Donovan Mitchell","2021-22"
2021-11-06,"Jazz","• Donovan Mitchell","","returned to lineup","Donovan Mitchell","2021-22"
2021-12-26,"Jazz","","• Donovan Mitchell","placed on IL with strained lower back","Donovan Mitchell","2021-22"
2021-12-30,"Jazz","• Donovan Mitchell","","activated from IL","Donovan Mitchell","2021-22"
2022-01-06,"Jazz","","• Donovan Mitchell","placed on IL with strained lower back","Donovan Mitchell","2021-22"
2022-01-08,"Jazz","• Donovan Mitchell","","activated from IL","Donovan Mitchell","2021-22"
2022-01-18,"Jazz","","• Donovan Mitchell","placed on IL with concussion","Donovan Mitchell","2021-22"
2022-02-03,"Jazz","• Donovan Mitchell","","activated from IL","Donovan Mitchell","2021-22"
2022-03-17,"Jazz","","• Donovan Mitchell","placed on IL with right calf injury","Donovan Mitchell","2021-22"
2022-03-19,"Jazz","• Donovan Mitchell","","activated from IL","Donovan Mitchell","2021-22"
2022-04-10,"Jazz","","• Donovan Mitchell","placed on IL with illness","Donovan Mitchell","2021-22"
2022-04-16,"Jazz","• Donovan Mitchell","","activated from IL","Donovan Mitchell","2021-22"
2022-11-04,"Cavaliers","","• Donovan Mitchell","placed on IL with sprained left ankle","Donovan Mitchell","2022-23"
2022-11-06,"Cavaliers","• Donovan Mitchell","","activated from IL","Donovan Mitchell","2022-23"
2022-11-13,"Cavaliers","","• Donovan Mitchell","placed on IL with right ankle injury","Donovan Mitchell","2022-23"
2022-12-10,"Cavaliers","","• Donovan Mitchell","placed on IL","Donovan Mitchell","2022-23"
2022-12-12,"Cavaliers","• Donovan Mitchell","","activated from IL","Donovan Mitchell","2022-23"
2023-01-18,"Cavaliers","","• Donovan Mitchell","placed on IL with strained left groin","Donovan Mitchell","2022-23"
2023-01-24,"Cavaliers","• Donovan Mitchell","","activated from IL","Donovan Mitchell","2022-23"
2023-01-26,"Cavaliers","","• Donovan Mitchell","placed on IL with left groin injury","Donovan Mitchell","2022-23"
2023-01-29,"Cavaliers","• Donovan Mitchell","","activated from IL","Donovan Mitchell","2022-23"
2023-02-08,"Cavaliers","","• Donovan Mitchell","placed on IL with left groin injury","Donovan Mitchell","2022-23"
2023-02-09,"Cavaliers","• Donovan Mitchell","","activated from IL","Donovan Mitchell","2022-23"
2023-03-14,"Cavaliers","","• Donovan Mitchell","placed on IL with finger injury","Donovan Mitchell","2022-23"
2023-03-15,"Cavaliers","• Donovan Mitchell","","activated from IL","Donovan Mitchell","2022-23"
2023-04-05,"Cavaliers","","• Donovan Mitchell","placed on IL with left finger injury","Donovan Mitchell","2022-23"
2023-04-15,"Cavaliers","• Donovan Mitchell","","activated from IL","Donovan Mitchell","2022-23"
2021-03-27,"Bucks","","• Donte DiVincenzo","left foot injury (DTD)","Donte DiVincenzo","2020-21"
2021-03-28,"Bucks","• Donte DiVincenzo","","returned to lineup","Donte DiVincenzo","2020-21"
2021-04-09,"Bucks","","• Donte DiVincenzo","bruised right hip (DTD)","Donte DiVincenzo","2020-21"
2021-04-11,"Bucks","• Donte DiVincenzo","","returned to lineup","Donte DiVincenzo","2020-21"
2021-04-15,"Bucks","","• Donte DiVincenzo","placed on IL with toe injury","Donte DiVincenzo","2020-21"
2021-04-19,"Bucks","• Donte DiVincenzo","","activated from IL","Donte DiVincenzo","2020-21"
2021-04-30,"Bucks","","• Donte DiVincenzo","placed on IL with toe injury","Donte DiVincenzo","2020-21"
2019-04-03,"Mavericks","","• Dorian Finney-Smith","placed on IL with mouth injury","Dorian Finney-Smith","2018-19"
2019-04-05,"Mavericks","• Dorian Finney-Smith","","activated from IL","Dorian Finney-Smith","2018-19"
2020-03-06,"Mavericks","","• Dorian Finney-Smith","placed on IL with right hip injury","Dorian Finney-Smith","2019-20"
2020-03-10,"Mavericks","• Dorian Finney-Smith","","activated from IL","Dorian Finney-Smith","2019-20"
2020-03-11,"Mavericks","","• Dorian Finney-Smith","placed on IL with right hip injury","Dorian Finney-Smith","2019-20"
2021-01-08,"Mavericks","","• Dorian Finney-Smith","placed on IL with NBA health and safety protocols","Dorian Finney-Smith","2020-21"
2021-01-27,"Mavericks","• Dorian Finney-Smith","","activated from IL","Dorian Finney-Smith","2020-21"
2021-03-17,"Mavericks","","• Dorian Finney-Smith","placed on IL for personal reasons","Dorian Finney-Smith","2020-21"
2021-03-20,"Mavericks","• Dorian Finney-Smith","","activated from IL","Dorian Finney-Smith","2020-21"
2021-04-29,"Mavericks","","• Dorian Finney-Smith","left leg injury (DTD)","Dorian Finney-Smith","2020-21"
2021-04-30,"Mavericks","• Dorian Finney-Smith","","returned to lineup","Dorian Finney-Smith","2020-21"
2021-12-25,"Mavericks","","• Dorian Finney-Smith","placed on IL with illness","Dorian Finney-Smith","2021-22"
2021-12-26,"Mavericks","• Dorian Finney-Smith","","activated from IL","Dorian Finney-Smith","2021-22"
2022-03-11,"Mavericks","","• Dorian Finney-Smith","right arm injury (DTD)","Dorian Finney-Smith","2021-22"
2022-03-13,"Mavericks","• Dorian Finney-Smith","","returned to lineup","Dorian Finney-Smith","2021-22"
2022-12-21,"Mavericks","","• Dorian Finney-Smith","strained right adductor (DTD)","Dorian Finney-Smith","2022-23"
2023-04-05,"Nets","","• Dorian Finney-Smith","right wrist injury (DTD)","Dorian Finney-Smith","2022-23"
2021-10-27,"Spurs","","• Doug McDermott","placed on IL with right knee inflammation","Doug McDermott","2021-22"
2021-11-03,"Spurs","• Doug McDermott","","activated from IL","Doug McDermott","2021-22"
2021-11-22,"Spurs","","• Doug McDermott","placed on IL with right knee inflammation","Doug McDermott","2021-22"
2021-12-02,"Spurs","• Doug McDermott","","activated from IL","Doug McDermott","2021-22"
2021-12-19,"Spurs","","• Doug McDermott","placed on IL with tooth infection","Doug McDermott","2021-22"
2021-12-20,"Spurs","• Doug McDermott","","activated from IL","Doug McDermott","2021-22"
2022-01-01,"Spurs","","• Doug McDermott","placed on IL with NBA health and safety protocols","Doug McDermott","2021-22"
2022-01-13,"Spurs","• Doug McDermott","","activated from IL","Doug McDermott","2021-22"
2022-02-03,"Spurs","","• Doug McDermott","placed on IL with sprained right ankle","Doug McDermott","2021-22"
2022-02-04,"Spurs","• Doug McDermott","","activated from IL","Doug McDermott","2021-22"
2022-03-11,"Spurs","","• Doug McDermott","placed on IL with illness","Doug McDermott","2021-22"
2022-03-12,"Spurs","• Doug McDermott","","activated from IL","Doug McDermott","2021-22"
2022-03-13,"Spurs","","• Doug McDermott","placed on IL with sprained right ankle (out for season)","Doug McDermott","2021-22"
2015-03-31,"Warriors","","• Draymond Green","placed on IL with shin injury","Draymond Green","2014-15"
2015-04-03,"Warriors","• Draymond Green","","activated from IL","Draymond Green","2014-15"
2016-11-26,"Warriors","","• Draymond Green","bruised left ankle (DTD)","Draymond Green","2016-17"
2016-11-28,"Warriors","• Draymond Green","","returned to lineup","Draymond Green","2016-17"
2016-12-22,"Warriors","","• Draymond Green","placed on IL with birth of child","Draymond Green","2016-17"
2016-12-23,"Warriors","• Draymond Green","","activated from IL","Draymond Green","2016-17"
2017-02-02,"Warriors","","• Draymond Green","bruised left shoulder (DTD)","Draymond Green","2016-17"
2017-02-04,"Warriors","• Draymond Green","","returned to lineup","Draymond Green","2016-17"
2017-03-11,"Warriors","","• Draymond Green","placed on IL for rest","Draymond Green","2016-17"
2017-03-14,"Warriors","• Draymond Green","","activated from IL","Draymond Green","2016-17"
2017-04-05,"Warriors","","• Draymond Green","rest (DTD)","Draymond Green","2016-17"
2017-11-24,"Warriors","","• Draymond Green","placed on IL for rest","Draymond Green","2017-18"
2017-11-25,"Warriors","• Draymond Green","","activated from IL","Draymond Green","2017-18"
2017-12-06,"Warriors","","• Draymond Green","placed on IL with sore right shoulder","Draymond Green","2017-18"
2017-12-08,"Warriors","• Draymond Green","","activated from IL","Draymond Green","2017-18"
2017-12-11,"Warriors","","• Draymond Green","placed on IL with sore right shoulder","Draymond Green","2017-18"
2017-12-22,"Warriors","• Draymond Green","","activated from IL","Draymond Green","2017-18"
2018-01-17,"Warriors","","• Draymond Green","placed on IL with sore right shoulder","Draymond Green","2017-18"
2018-01-20,"Warriors","• Draymond Green","","activated from IL","Draymond Green","2017-18"
2018-02-12,"Warriors","","• Draymond Green","placed on IL with sprained left index finger","Draymond Green","2017-18"
2018-02-14,"Warriors","• Draymond Green","","activated from IL","Draymond Green","2017-18"
2018-03-13,"Warriors","","• Draymond Green","sore right shoulder (DTD)","Draymond Green","2017-18"
2018-03-14,"Warriors","","• Draymond Green","placed on IL with sore right shoulder","Draymond Green","2017-18"
2018-03-16,"Warriors","• Draymond Green","","activated from IL","Draymond Green","2017-18"
2018-03-22,"Warriors","","• Draymond Green","bruised pelvis (DTD)","Draymond Green","2017-18"
2018-03-23,"Warriors","","• Draymond Green","placed on IL with bruised pelvis","Draymond Green","2017-18"
2018-03-25,"Warriors","","• Draymond Green","flu (DTD)","Draymond Green","2017-18"
2018-03-29,"Warriors","• Draymond Green","","returned to lineup","Draymond Green","2017-18"
2018-03-29,"Warriors","• Draymond Green","","activated from IL","Draymond Green","2017-18"
2018-11-07,"Warriors","","• Draymond Green","toe injury (DTD)","Draymond Green","2018-19"
2018-11-08,"Warriors","","• Draymond Green","placed on IL with toe injury","Draymond Green","2018-19"
2018-11-12,"Warriors","• Draymond Green","","activated from IL","Draymond Green","2018-19"
2018-11-13,"Warriors","","• Draymond Green","placed on IL for suspension","Draymond Green","2018-19"
2018-11-15,"Warriors","• Draymond Green","","activated from IL","Draymond Green","2018-19"
2018-11-16,"Warriors","","• Draymond Green","toe injury (DTD)","Draymond Green","2018-19"
2018-11-17,"Warriors","","• Draymond Green","placed on IL with toe injury","Draymond Green","2018-19"
2018-12-10,"Warriors","• Draymond Green","","activated from IL","Draymond Green","2018-19"
2019-01-28,"Warriors","","• Draymond Green","placed on IL","Draymond Green","2018-19"
2019-01-31,"Warriors","• Draymond Green","","activated from IL","Draymond Green","2018-19"
2019-04-10,"Warriors","","• Draymond Green","placed on IL with sore left knee","Draymond Green","2018-19"
2019-04-12,"Warriors","• Draymond Green","","activated from IL","Draymond Green","2018-19"
2019-11-02,"Warriors","","• Draymond Green","left index finger injury (DTD)","Draymond Green","2019-20"
2019-11-06,"Warriors","","• Draymond Green","placed on IL with left index finger injury","Draymond Green","2019-20"
2019-11-11,"Warriors","• Draymond Green","","activated from IL","Draymond Green","2019-20"
2019-11-20,"Warriors","","• Draymond Green","right heel injury (DTD)","Draymond Green","2019-20"
2019-11-27,"Warriors","• Draymond Green","","returned to lineup","Draymond Green","2019-20"
2019-12-02,"Warriors","","• Draymond Green","right heel injury (DTD)","Draymond Green","2019-20"
2019-12-04,"Warriors","• Draymond Green","","returned to lineup","Draymond Green","2019-20"
2019-12-13,"Warriors","","• Draymond Green","placed on IL","Draymond Green","2019-20"
2019-12-15,"Warriors","• Draymond Green","","activated from IL","Draymond Green","2019-20"
2020-01-05,"Warriors","","• Draymond Green","sprained right ankle (DTD)","Draymond Green","2019-20"
2020-01-06,"Warriors","","• Draymond Green","placed on IL with sprained right ankle","Draymond Green","2019-20"
2020-01-07,"Warriors","• Draymond Green","","activated from IL","Draymond Green","2019-20"
2020-01-17,"Warriors","","• Draymond Green","left finger injury (DTD)","Draymond Green","2019-20"
2020-01-20,"Warriors","","• Draymond Green","illness (DTD)","Draymond Green","2019-20"
2020-01-22,"Warriors","• Draymond Green","","returned to lineup","Draymond Green","2019-20"
2020-02-08,"Warriors","","• Draymond Green","tightness in lower back (DTD)","Draymond Green","2019-20"
2020-02-10,"Warriors","• Draymond Green","","returned to lineup","Draymond Green","2019-20"
2020-02-22,"Warriors","","• Draymond Green","bruised pelvis (DTD)","Draymond Green","2019-20"
2020-02-27,"Warriors","• Draymond Green","","returned to lineup","Draymond Green","2019-20"
2020-02-29,"Warriors","","• Draymond Green","sore left knee (DTD)","Draymond Green","2019-20"
2020-03-07,"Warriors","","• Draymond Green","placed on IL with sore left knee","Draymond Green","2019-20"
2020-12-21,"Warriors","","• Draymond Green","placed on IL with sore right foot","Draymond Green","2020-21"
2021-01-01,"Warriors","• Draymond Green","","activated from IL","Draymond Green","2020-21"
2021-02-17,"Warriors","","• Draymond Green","sore right ankle (DTD)","Draymond Green","2020-21"
2021-02-19,"Warriors","• Draymond Green","","returned to lineup","Draymond Green","2020-21"
2021-03-04,"Warriors","","• Draymond Green","placed on IL with sore left ankle","Draymond Green","2020-21"
2021-03-10,"Warriors","• Draymond Green","","activated from IL","Draymond Green","2020-21"
2021-03-25,"Warriors","","• Draymond Green","illness (DTD)","Draymond Green","2020-21"
2021-03-26,"Warriors","• Draymond Green","","returned to lineup","Draymond Green","2020-21"
2021-04-02,"Warriors","","• Draymond Green","finger injury (DTD)","Draymond Green","2020-21"
2021-04-04,"Warriors","• Draymond Green","","returned to lineup","Draymond Green","2020-21"
2021-11-19,"Warriors","","• Draymond Green","placed on IL with bruised right thigh","Draymond Green","2021-22"
2021-11-20,"Warriors","• Draymond Green","","activated from IL","Draymond Green","2021-22"
2021-12-18,"Warriors","","• Draymond Green","placed on IL with right hip injury","Draymond Green","2021-22"
2021-12-19,"Warriors","• Draymond Green","","activated from IL","Draymond Green","2021-22"
2021-12-26,"Warriors","","• Draymond Green","placed on IL with NBA health and safety protocols","Draymond Green","2021-22"
2022-01-02,"Warriors","• Draymond Green","","activated from IL","Draymond Green","2021-22"
2022-01-06,"Warriors","","• Draymond Green","placed on IL with sore left hip","Draymond Green","2021-22"
2022-01-08,"Warriors","• Draymond Green","","activated from IL","Draymond Green","2021-22"
2022-01-10,"Warriors","","• Draymond Green","placed on IL with tightness in left calf","Draymond Green","2021-22"
2022-03-14,"Warriors","• Draymond Green","","activated from IL","Draymond Green","2021-22"
2022-03-23,"Warriors","","• Draymond Green","placed on IL with lower back injury","Draymond Green","2021-22"
2022-03-24,"Warriors","• Draymond Green","","activated from IL","Draymond Green","2021-22"
2022-03-28,"Warriors","","• Draymond Green","placed on IL with lower back injury","Draymond Green","2021-22"
2022-03-29,"Warriors","• Draymond Green","","activated from IL","Draymond Green","2021-22"
2022-11-21,"Warriors","","• Draymond Green","placed on IL with back injury","Draymond Green","2022-23"
2022-11-23,"Warriors","• Draymond Green","","activated from IL","Draymond Green","2022-23"
2022-12-07,"Warriors","","• Draymond Green","placed on IL with left hip injury","Draymond Green","2022-23"
2022-12-10,"Warriors","• Draymond Green","","activated from IL","Draymond Green","2022-23"
2023-02-24,"Warriors","","• Draymond Green","placed on IL with bruised right knee","Draymond Green","2022-23"
2023-02-28,"Warriors","• Draymond Green","","activated from IL","Draymond Green","2022-23"
2022-11-25,"Blazers","","• Drew Eubanks","placed on IL with back injury","Drew Eubanks","2022-23"
2022-11-27,"Blazers","• Drew Eubanks","","activated from IL","Drew Eubanks","2022-23"
2023-04-08,"Blazers","","• Drew Eubanks","sprained right ankle (out for season)","Drew Eubanks","2022-23"
2014-11-08,"Rockets","","• Dwight Howard","flu (DTD)","Dwight Howard","2014-15"
2014-11-12,"Rockets","• Dwight Howard","","returned to lineup","Dwight Howard","2014-15"
2014-11-19,"Rockets","","• Dwight Howard","strained right knee (DTD)","Dwight Howard","2014-15"
2014-12-13,"Rockets","• Dwight Howard","","returned to lineup","Dwight Howard","2014-15"
2015-01-25,"Rockets","","• Dwight Howard","sprained right ankle/ right knee injury (DTD)","Dwight Howard","2014-15"
2015-01-28,"Rockets","","• Dwight Howard","placed on IL with sprained right ankle","Dwight Howard","2014-15"
2015-03-25,"Rockets","• Dwight Howard","","activated from IL","Dwight Howard","2014-15"
2015-03-30,"Rockets","","• Dwight Howard","rest / sore right knee (DTD)","Dwight Howard","2014-15"
2015-04-02,"Rockets","• Dwight Howard","","returned to lineup","Dwight Howard","2014-15"
2015-11-01,"Rockets","","• Dwight Howard","rest (DTD)","Dwight Howard","2015-16"
2015-11-02,"Rockets","• Dwight Howard","","returned to lineup","Dwight Howard","2015-16"
2015-11-06,"Rockets","","• Dwight Howard","rest / back injury (DTD)","Dwight Howard","2015-16"
2015-11-07,"Rockets","• Dwight Howard","","returned to lineup","Dwight Howard","2015-16"
2015-11-14,"Rockets","","• Dwight Howard","back injury (DTD)","Dwight Howard","2015-16"
2015-11-16,"Rockets","• Dwight Howard","","returned to lineup","Dwight Howard","2015-16"
2015-11-21,"Rockets","","• Dwight Howard","rest (DTD)","Dwight Howard","2015-16"
2015-11-25,"Rockets","• Dwight Howard","","returned to lineup","Dwight Howard","2015-16"
2015-12-04,"Rockets","","• Dwight Howard","rest (DTD)","Dwight Howard","2015-16"
2015-12-05,"Rockets","• Dwight Howard","","returned to lineup","Dwight Howard","2015-16"
2016-01-07,"Rockets","","• Dwight Howard","soreness/stiffness in lower back (DTD)","Dwight Howard","2015-16"
2016-01-10,"Rockets","• Dwight Howard","","returned to lineup","Dwight Howard","2015-16"
2016-01-21,"Rockets","","• Dwight Howard","sprained left ankle (DTD)","Dwight Howard","2015-16"
2016-01-27,"Rockets","• Dwight Howard","","returned to lineup","Dwight Howard","2015-16"
2016-11-16,"Hawks","","• Dwight Howard","bruised left quadricep (DTD)","Dwight Howard","2016-17"
2016-11-18,"Hawks","• Dwight Howard","","returned to lineup","Dwight Howard","2016-17"
2016-12-19,"Hawks","","• Dwight Howard","placed on IL with sore back","Dwight Howard","2016-17"
2016-12-26,"Hawks","• Dwight Howard","","activated from IL","Dwight Howard","2016-17"
2017-01-16,"Hawks","","• Dwight Howard","rest (DTD)","Dwight Howard","2016-17"
2017-03-11,"Hawks","","• Dwight Howard","placed on IL for rest","Dwight Howard","2016-17"
2017-03-13,"Hawks","• Dwight Howard","","activated from IL","Dwight Howard","2016-17"
2017-04-07,"Hawks","","• Dwight Howard","rest (DTD)","Dwight Howard","2016-17"
2017-04-12,"Hawks","","• Dwight Howard","rest (DTD)","Dwight Howard","2016-17"
2018-03-27,"Mavericks","","• Dwight Powell","left knee injury (DTD)","Dwight Powell","2017-18"
2018-03-27,"Mavericks","","• Dwight Powell","bursitis in knee (DTD)","Dwight Powell","2017-18"
2018-03-28,"Mavericks","• Dwight Powell","","returned to lineup","Dwight Powell","2017-18"
2018-04-04,"Mavericks","","• Dwight Powell","placed on IL with bursitis in left knee","Dwight Powell","2017-18"
2018-04-06,"Mavericks","• Dwight Powell","","activated from IL","Dwight Powell","2017-18"
2018-11-19,"Mavericks","","• Dwight Powell","left knee injury (DTD)","Dwight Powell","2018-19"
2018-11-28,"Mavericks","• Dwight Powell","","returned to lineup","Dwight Powell","2018-19"
2019-10-22,"Mavericks","","• Dwight Powell","strained left hamstring (DTD)","Dwight Powell","2019-20"
2019-10-23,"Mavericks","","• Dwight Powell","placed on IL with strained left hamstring","Dwight Powell","2019-20"
2019-10-29,"Mavericks","• Dwight Powell","","activated from IL","Dwight Powell","2019-20"
2020-01-22,"Mavericks","","• Dwight Powell","placed on IL with torn right Achilles tendon (out for season)","Dwight Powell","2019-20"
2022-12-19,"Mavericks","","• Dwight Powell","bruised left thigh (DTD)","Dwight Powell","2022-23"
2022-12-21,"Mavericks","• Dwight Powell","","returned to lineup","Dwight Powell","2022-23"
2013-10-30,"Heat","","• Dwyane Wade","placed on IL with sore knees","Dwyane Wade","2013-14"
2013-11-01,"Heat","• Dwyane Wade","","activated from IL","Dwyane Wade","2013-14"
2013-11-19,"Heat","","• Dwyane Wade","placed on IL with sore left knee","Dwyane Wade","2013-14"
2013-11-23,"Heat","• Dwyane Wade","","activated from IL","Dwyane Wade","2013-14"
2013-12-03,"Heat","","• Dwyane Wade","knee injury (DTD)","Dwyane Wade","2013-14"
2013-12-03,"Heat","","• Dwyane Wade","placed on IL with illness/flu","Dwyane Wade","2013-14"
2013-12-07,"Heat","• Dwyane Wade","","activated from IL","Dwyane Wade","2013-14"
2013-12-08,"Heat","","• Dwyane Wade","placed on IL with resting knees","Dwyane Wade","2013-14"
2013-12-10,"Heat","• Dwyane Wade","","activated from IL","Dwyane Wade","2013-14"
2013-12-23,"Heat","","• Dwyane Wade","placed on IL with sore knee","Dwyane Wade","2013-14"
2013-12-25,"Heat","• Dwyane Wade","","activated from IL","Dwyane Wade","2013-14"
2013-12-27,"Heat","","• Dwyane Wade","placed on IL with sore knee","Dwyane Wade","2013-14"
2013-12-28,"Heat","• Dwyane Wade","","activated from IL","Dwyane Wade","2013-14"
2014-01-10,"Heat","","• Dwyane Wade","knee injury / rest (DNP)","Dwyane Wade","2013-14"
2014-01-18,"Heat","","• Dwyane Wade","rest (DNP)","Dwyane Wade","2013-14"
2014-01-20,"Heat","","• Dwyane Wade","placed on IL with sore knees","Dwyane Wade","2013-14"
2014-01-26,"Heat","• Dwyane Wade","","activated from IL","Dwyane Wade","2013-14"
2014-02-11,"Heat","","• Dwyane Wade","placed on IL with migraine headache","Dwyane Wade","2013-14"
2014-02-12,"Heat","• Dwyane Wade","","activated from IL","Dwyane Wade","2013-14"
2014-02-18,"Heat","• Dwyane Wade","","activated from IL (CBC)","Dwyane Wade","2013-14"
2014-03-03,"Heat","","• Dwyane Wade","placed on IL with sore knees","Dwyane Wade","2013-14"
2014-03-04,"Heat","• Dwyane Wade","","activated from IL","Dwyane Wade","2013-14"
2014-03-18,"Heat","","• Dwyane Wade","placed on IL for rest","Dwyane Wade","2013-14"
2014-03-19,"Heat","• Dwyane Wade","","activated from IL","Dwyane Wade","2013-14"
2014-03-22,"Heat","","• Dwyane Wade","placed on IL","Dwyane Wade","2013-14"
2014-03-24,"Heat","","• Dwyane Wade","ankle injury (DNP)","Dwyane Wade","2013-14"
2014-03-28,"Heat","• Dwyane Wade","","activated from IL","Dwyane Wade","2013-14"
2014-03-28,"Heat","","• Dwyane Wade","strained left hamstring (DNP)","Dwyane Wade","2013-14"
2014-03-29,"Heat","","• Dwyane Wade","strained left hamstring (DNP)","Dwyane Wade","2013-14"
2014-03-31,"Heat","","• Dwyane Wade","strained left hamstring (DNP)","Dwyane Wade","2013-14"
2014-04-02,"Heat","","• Dwyane Wade","placed on IL with strained left hamstring","Dwyane Wade","2013-14"
2014-04-12,"Heat","• Dwyane Wade","","activated from IL","Dwyane Wade","2013-14"
2014-11-14,"Heat","","• Dwyane Wade","placed on IL with strained left hamstring","Dwyane Wade","2014-15"
2014-11-30,"Heat","• Dwyane Wade","","activated from IL","Dwyane Wade","2014-15"
2014-12-21,"Heat","","• Dwyane Wade","bruised right knee (DTD)","Dwyane Wade","2014-15"
2014-12-23,"Heat","• Dwyane Wade","","returned to lineup","Dwyane Wade","2014-15"
2015-01-14,"Heat","","• Dwyane Wade","placed on IL with strained hamstring","Dwyane Wade","2014-15"
2015-01-20,"Heat","• Dwyane Wade","","activated from IL","Dwyane Wade","2014-15"
2015-01-30,"Heat","","• Dwyane Wade","placed on IL with strained hamstring","Dwyane Wade","2014-15"
2015-02-20,"Heat","• Dwyane Wade","","activated from IL","Dwyane Wade","2014-15"
2015-03-06,"Heat","","• Dwyane Wade","hip injury (DTD)","Dwyane Wade","2014-15"
2015-03-07,"Heat","• Dwyane Wade","","returned to lineup","Dwyane Wade","2014-15"
2015-03-25,"Heat","","• Dwyane Wade","placed on IL with swelling in left knee","Dwyane Wade","2014-15"
2015-03-27,"Heat","• Dwyane Wade","","activated from IL","Dwyane Wade","2014-15"
2015-04-15,"Heat","","• Dwyane Wade","undisclosed (DTD)","Dwyane Wade","2014-15"
2015-11-12,"Heat","","• Dwyane Wade","placed on IL for personal reasons","Dwyane Wade","2015-16"
2015-11-17,"Heat","• Dwyane Wade","","activated from IL","Dwyane Wade","2015-16"
2016-01-15,"Heat","","• Dwyane Wade","sore shoulder (DTD)","Dwyane Wade","2015-16"
2016-01-17,"Heat","• Dwyane Wade","","returned to lineup","Dwyane Wade","2015-16"
2016-01-20,"Heat","","• Dwyane Wade","sore shoulder (DTD)","Dwyane Wade","2015-16"
2016-01-22,"Heat","• Dwyane Wade","","returned to lineup","Dwyane Wade","2015-16"
2016-02-19,"Heat","","• Dwyane Wade","sore left knee (DTD)","Dwyane Wade","2015-16"
2016-02-22,"Heat","• Dwyane Wade","","returned to lineup","Dwyane Wade","2015-16"
2016-03-12,"Heat","","• Dwyane Wade","thigh injury (DTD)","Dwyane Wade","2015-16"
2016-03-14,"Heat","• Dwyane Wade","","returned to lineup","Dwyane Wade","2015-16"
2016-04-01,"Heat","","• Dwyane Wade","sore neck (DTD)","Dwyane Wade","2015-16"
2016-04-05,"Heat","• Dwyane Wade","","returned to lineup","Dwyane Wade","2015-16"
2016-11-20,"Bulls","","• Dwyane Wade","rest (DTD)","Dwyane Wade","2016-17"
2016-11-22,"Bulls","• Dwyane Wade","","returned to lineup","Dwyane Wade","2016-17"
2016-12-03,"Bulls","","• Dwyane Wade","DNP","Dwyane Wade","2016-17"
2016-12-05,"Bulls","• Dwyane Wade","","returned to lineup","Dwyane Wade","2016-17"
2017-01-02,"Bulls","","• Dwyane Wade","placed on IL with swelling in knee","Dwyane Wade","2016-17"
2017-01-04,"Bulls","• Dwyane Wade","","activated from IL","Dwyane Wade","2016-17"
2017-01-10,"Bulls","","• Dwyane Wade","rest (DTD)","Dwyane Wade","2016-17"
2017-01-12,"Bulls","• Dwyane Wade","","returned to lineup","Dwyane Wade","2016-17"
2017-01-15,"Bulls","","• Dwyane Wade","rest (DTD)","Dwyane Wade","2016-17"
2017-01-17,"Bulls","• Dwyane Wade","","returned to lineup","Dwyane Wade","2016-17"
2017-02-08,"Bulls","","• Dwyane Wade","placed on IL with upper respiratory illness","Dwyane Wade","2016-17"
2017-02-10,"Bulls","• Dwyane Wade","","activated from IL","Dwyane Wade","2016-17"
2017-02-12,"Bulls","","• Dwyane Wade","bruised right wrist (DTD)","Dwyane Wade","2016-17"
2017-02-16,"Bulls","","• Dwyane Wade","placed on IL with illness","Dwyane Wade","2016-17"
2017-02-24,"Bulls","• Dwyane Wade","","returned to lineup","Dwyane Wade","2016-17"
2017-02-24,"Bulls","• Dwyane Wade","","activated from IL","Dwyane Wade","2016-17"
2017-03-06,"Bulls","","• Dwyane Wade","placed on IL with strained left quadricep","Dwyane Wade","2016-17"
2017-03-10,"Bulls","• Dwyane Wade","","activated from IL","Dwyane Wade","2016-17"
2017-03-15,"Bulls","","• Dwyane Wade","fractured right elbow (out indefinitely)","Dwyane Wade","2016-17"
2017-03-17,"Bulls","","• Dwyane Wade","placed on IL with fractured right elbow","Dwyane Wade","2016-17"
2017-04-08,"Bulls","• Dwyane Wade","","activated from IL","Dwyane Wade","2016-17"
2018-12-02,"Pelicans","","• E'Twaun Moore","tibia injury (DTD)","E'Twaun Moore","2018-19"
2018-12-03,"Pelicans","• E'Twaun Moore","","returned to lineup","E'Twaun Moore","2018-19"
2018-12-10,"Pelicans","","• E'Twaun Moore","placed on IL with lower leg injury","E'Twaun Moore","2018-19"
2018-12-16,"Pelicans","• E'Twaun Moore","","activated from IL","E'Twaun Moore","2018-19"
2019-01-07,"Pelicans","","• E'Twaun Moore","placed on IL with bruised left quadricep","E'Twaun Moore","2018-19"
2019-01-12,"Pelicans","• E'Twaun Moore","","activated from IL","E'Twaun Moore","2018-19"
2019-02-01,"Pelicans","","• E'Twaun Moore","bruised left quadricep (DTD)","E'Twaun Moore","2018-19"
2019-02-09,"Pelicans","• E'Twaun Moore","","returned to lineup","E'Twaun Moore","2018-19"
2019-03-07,"Pelicans","","• E'Twaun Moore","bruised left quadricep (out for season)","E'Twaun Moore","2018-19"
2019-03-10,"Pelicans","","• E'Twaun Moore","placed on IL with bruised left quadricep (out for season)","E'Twaun Moore","2018-19"
2016-01-04,"Magic","","• Elfrid Payton","bruised left ankle (DTD)","Elfrid Payton","2015-16"
2016-01-14,"Magic","• Elfrid Payton","","returned to lineup","Elfrid Payton","2015-16"
2016-03-11,"Magic","","• Elfrid Payton","sprained right elbow (DTD)","Elfrid Payton","2015-16"
2016-03-20,"Magic","• Elfrid Payton","","returned to lineup","Elfrid Payton","2015-16"
2018-10-28,"Pelicans","","• Elfrid Payton","sprained right ankle (DTD)","Elfrid Payton","2018-19"
2018-10-29,"Pelicans","","• Elfrid Payton","placed on IL with sprained right ankle","Elfrid Payton","2018-19"
2018-11-16,"Pelicans","• Elfrid Payton","","activated from IL","Elfrid Payton","2018-19"
2018-11-17,"Pelicans","","• Elfrid Payton","placed on IL with fractured finger","Elfrid Payton","2018-19"
2018-12-31,"Pelicans","• Elfrid Payton","","activated from IL","Elfrid Payton","2018-19"
2019-01-29,"Pelicans","","• Elfrid Payton","sprained right ankle (DTD)","Elfrid Payton","2018-19"
2019-02-06,"Pelicans","","• Elfrid Payton","placed on IL with sprained right ankle","Elfrid Payton","2018-19"
2019-02-22,"Pelicans","• Elfrid Payton","","activated from IL","Elfrid Payton","2018-19"
2021-02-25,"Knicks","","• Elfrid Payton","placed on IL with right hamstring injury","Elfrid Payton","2020-21"
2021-03-04,"Knicks","• Elfrid Payton","","activated from IL","Elfrid Payton","2020-21"
2021-03-13,"Knicks","","• Elfrid Payton","placed on IL with right hamstring injury","Elfrid Payton","2020-21"
2021-03-23,"Knicks","• Elfrid Payton","","activated from IL","Elfrid Payton","2020-21"
2018-03-04,"Pelicans","","• Emeka Okafor","sprained right ankle (DTD)","Emeka Okafor","2017-18"
2018-03-06,"Pelicans","• Emeka Okafor","","returned to lineup","Emeka Okafor","2017-18"
2015-12-14,"Nuggets","","• Emmanuel Mudiay","placed on IL with sprained right ankle","Emmanuel Mudiay","2015-16"
2016-01-10,"Nuggets","• Emmanuel Mudiay","","activated from IL","Emmanuel Mudiay","2015-16"
2018-10-16,"Knicks","","• Emmanuel Mudiay","sprained right ankle (DTD)","Emmanuel Mudiay","2018-19"
2018-10-17,"Knicks","","• Emmanuel Mudiay","placed on IL with sprained right ankle","Emmanuel Mudiay","2018-19"
2018-10-29,"Knicks","• Emmanuel Mudiay","","activated from IL","Emmanuel Mudiay","2018-19"
2019-01-25,"Knicks","","• Emmanuel Mudiay","placed on IL with strained left shoulder","Emmanuel Mudiay","2018-19"
2019-02-22,"Knicks","• Emmanuel Mudiay","","activated from IL","Emmanuel Mudiay","2018-19"
2019-04-05,"Knicks","","• Emmanuel Mudiay","sore left shoulder (out for season)","Emmanuel Mudiay","2018-19"
2019-04-07,"Knicks","","• Emmanuel Mudiay","placed on IL with sore left shoulder (out for season)","Emmanuel Mudiay","2018-19"
2017-11-24,"Knicks","","• Enes Kanter / Enes Freedom","placed on IL with back spasms","Enes Freedom","2017-18"
2017-11-29,"Knicks","• Enes Kanter / Enes Freedom","","activated from IL","Enes Freedom","2017-18"
2018-02-08,"Knicks","","• Enes Kanter / Enes Freedom","oral surgery (DTD)","Enes Freedom","2017-18"
2018-02-11,"Knicks","• Enes Kanter / Enes Freedom","","returned to lineup","Enes Freedom","2017-18"
2018-03-11,"Knicks","","• Enes Kanter / Enes Freedom","back spasms (DTD)","Enes Freedom","2017-18"
2018-03-13,"Knicks","• Enes Kanter / Enes Freedom","","returned to lineup","Enes Freedom","2017-18"
2018-03-31,"Knicks","","• Enes Kanter / Enes Freedom","placed on IL with sore lower back (out for season)","Enes Freedom","2017-18"
2015-02-08,"Suns","","• Eric Bledsoe","personal reasons (DTD)","Eric Bledsoe","2014-15"
2015-02-10,"Suns","• Eric Bledsoe","","returned to lineup","Eric Bledsoe","2014-15"
2019-02-02,"Bucks","","• Eric Bledsoe","left Achilles injury (DTD)","Eric Bledsoe","2018-19"
2019-02-04,"Bucks","• Eric Bledsoe","","returned to lineup","Eric Bledsoe","2018-19"
2019-03-02,"Bucks","","• Eric Bledsoe","sore back (DTD)","Eric Bledsoe","2018-19"
2019-03-04,"Bucks","• Eric Bledsoe","","returned to lineup","Eric Bledsoe","2018-19"
2019-10-11,"Bucks","","• Eric Bledsoe","rib injury (out indefinitely)","Eric Bledsoe","2019-20"
2019-10-24,"Bucks","• Eric Bledsoe","","returned to lineup","Eric Bledsoe","2019-20"
2019-12-14,"Bucks","","• Eric Bledsoe","placed on IL with right fibula injury","Eric Bledsoe","2019-20"
2019-12-30,"Bucks","• Eric Bledsoe","","activated from IL","Eric Bledsoe","2019-20"
2020-03-09,"Bucks","","• Eric Bledsoe","placed on IL with right knee injury","Eric Bledsoe","2019-20"
2020-03-11,"Bucks","• Eric Bledsoe","","activated from IL","Eric Bledsoe","2019-20"
2021-01-13,"Pelicans","","• Eric Bledsoe","placed on IL with right eye injury","Eric Bledsoe","2020-21"
2021-01-15,"Pelicans","• Eric Bledsoe","","activated from IL","Eric Bledsoe","2020-21"
2013-12-27,"Pelicans","","• Eric Gordon","placed on IL with bruised right hip","Eric Gordon","2013-14"
2014-01-01,"Pelicans","• Eric Gordon","","activated from IL","Eric Gordon","2013-14"
2014-03-12,"Pelicans","","• Eric Gordon","illness (DNP)","Eric Gordon","2013-14"
2014-03-22,"Pelicans","","• Eric Gordon","left knee tendinitis (DNP)","Eric Gordon","2013-14"
2014-03-24,"Pelicans","","• Eric Gordon","left knee tendinitis (DNP)","Eric Gordon","2013-14"
2014-03-28,"Pelicans","","• Eric Gordon","left knee tendinitis (DNP)","Eric Gordon","2013-14"
2014-03-29,"Pelicans","","• Eric Gordon","left knee tendinitis (DNP)","Eric Gordon","2013-14"
2014-03-31,"Pelicans","","• Eric Gordon","left knee tendinitis (DNP)","Eric Gordon","2013-14"
2014-04-02,"Pelicans","","• Eric Gordon","left knee tendinitis (DNP)","Eric Gordon","2013-14"
2014-04-04,"Pelicans","","• Eric Gordon","left knee tendinitis (DNP)","Eric Gordon","2013-14"
2014-04-06,"Pelicans","","• Eric Gordon","left knee tendinitis (DNP)","Eric Gordon","2013-14"
2014-04-09,"Pelicans","","• Eric Gordon","left knee tendinitis (DNP)","Eric Gordon","2013-14"
2014-04-11,"Pelicans","","• Eric Gordon","left knee tendinitis (DNP)","Eric Gordon","2013-14"
2014-04-12,"Pelicans","","• Eric Gordon","left knee tendinitis (surgery) (DNP)","Eric Gordon","2013-14"
2014-04-14,"Pelicans","","• Eric Gordon","left knee tendinitis (DNP)","Eric Gordon","2013-14"
2014-04-16,"Pelicans","","• Eric Gordon","left knee tendinitis (DNP)","Eric Gordon","2013-14"
2014-11-25,"Pelicans","","• Eric Gordon","placed on IL with torn labrum in left shoulder","Eric Gordon","2014-15"
2015-01-05,"Pelicans","• Eric Gordon","","activated from IL","Eric Gordon","2014-15"
2016-01-19,"Pelicans","","• Eric Gordon","fractured right ring finger (DTD)","Eric Gordon","2015-16"
2016-01-20,"Pelicans","","• Eric Gordon","surgery to repair fractured right ring finger (out indefinitely)","Eric Gordon","2015-16"
2016-01-23,"Pelicans","","• Eric Gordon","placed on IL recovering from surgery to repair fractured right ring finger","Eric Gordon","2015-16"
2016-02-27,"Pelicans","• Eric Gordon","","activated from IL","Eric Gordon","2015-16"
2016-03-07,"Pelicans","","• Eric Gordon","fractured right ring finger (out for season)","Eric Gordon","2015-16"
2016-03-08,"Pelicans","","• Eric Gordon","surgery to repair fractured right ring finger (out for season)","Eric Gordon","2015-16"
2016-03-30,"Pelicans","","• Eric Gordon","placed on IL with recovering from surgery to repair fractured right ring finger (out for season)","Eric Gordon","2015-16"
2017-10-28,"Rockets","","• Eric Gordon","placed on IL with stomach virus","Eric Gordon","2017-18"
2017-10-30,"Rockets","• Eric Gordon","","activated from IL","Eric Gordon","2017-18"
2017-11-22,"Rockets","","• Eric Gordon","tightness in right calf (DTD)","Eric Gordon","2017-18"
2017-11-25,"Rockets","• Eric Gordon","","returned to lineup","Eric Gordon","2017-18"
2018-02-01,"Rockets","","• Eric Gordon","placed on IL with sore lower back","Eric Gordon","2017-18"
2018-02-06,"Rockets","• Eric Gordon","","activated from IL","Eric Gordon","2017-18"
2018-02-07,"Rockets","","• Eric Gordon","sore lower back (DTD)","Eric Gordon","2017-18"
2018-02-09,"Rockets","• Eric Gordon","","returned to lineup","Eric Gordon","2017-18"
2018-02-14,"Rockets","","• Eric Gordon","bruised right knee (DTD)","Eric Gordon","2017-18"
2018-02-23,"Rockets","","• Eric Gordon","illness (DTD)","Eric Gordon","2017-18"
2018-02-28,"Rockets","• Eric Gordon","","returned to lineup","Eric Gordon","2017-18"
2018-03-30,"Rockets","","• Eric Gordon","sore left / right knee (DTD)","Eric Gordon","2017-18"
2018-04-01,"Rockets","• Eric Gordon","","returned to lineup","Eric Gordon","2017-18"
2018-04-05,"Rockets","","• Eric Gordon","placed on IL with sore left ankle / foot","Eric Gordon","2017-18"
2018-04-10,"Rockets","• Eric Gordon","","activated from IL","Eric Gordon","2017-18"
2018-04-11,"Rockets","","• Eric Gordon","ankle injury / rest (DTD)","Eric Gordon","2017-18"
2018-04-15,"Rockets","• Eric Gordon","","returned to lineup","Eric Gordon","2017-18"
2018-11-03,"Rockets","","• Eric Gordon","strained right adductor (DTD)","Eric Gordon","2018-19"
2018-11-05,"Rockets","","• Eric Gordon","placed on IL with strained right adductor","Eric Gordon","2018-19"
2018-11-10,"Rockets","• Eric Gordon","","activated from IL","Eric Gordon","2018-19"
2018-12-30,"Rockets","","• Eric Gordon","bruised right knee (DTD)","Eric Gordon","2018-19"
2018-12-31,"Rockets","","• Eric Gordon","placed on IL with bruised right knee","Eric Gordon","2018-19"
2019-01-16,"Rockets","• Eric Gordon","","activated from IL","Eric Gordon","2018-19"
2019-02-04,"Rockets","","• Eric Gordon","placed on IL with sore right knee","Eric Gordon","2018-19"
2019-02-06,"Rockets","• Eric Gordon","","activated from IL","Eric Gordon","2018-19"
2019-02-28,"Rockets","","• Eric Gordon","sore right knee (DTD)","Eric Gordon","2018-19"
2019-03-03,"Rockets","• Eric Gordon","","returned to lineup","Eric Gordon","2018-19"
2021-11-02,"Rockets","","• Eric Gordon","nausea (DTD)","Eric Gordon","2021-22"
2021-11-04,"Rockets","• Eric Gordon","","returned to lineup","Eric Gordon","2021-22"
2021-11-07,"Rockets","","• Eric Gordon","placed on IL with right groin injury","Eric Gordon","2021-22"
2021-11-09,"Rockets","• Eric Gordon","","activated from IL","Eric Gordon","2021-22"
2021-11-15,"Rockets","","• Eric Gordon","placed on IL with right groin injury","Eric Gordon","2021-22"
2021-11-16,"Rockets","• Eric Gordon","","activated from IL","Eric Gordon","2021-22"
2021-12-11,"Rockets","","• Eric Gordon","placed on IL with right groin injury","Eric Gordon","2021-22"
2021-12-12,"Rockets","• Eric Gordon","","activated from IL","Eric Gordon","2021-22"
2021-12-14,"Rockets","","• Eric Gordon","placed on IL with right groin injury","Eric Gordon","2021-22"
2021-12-16,"Rockets","• Eric Gordon","","activated from IL","Eric Gordon","2021-22"
2022-01-01,"Rockets","","• Eric Gordon","placed on IL with right groin injury","Eric Gordon","2021-22"
2022-01-03,"Rockets","• Eric Gordon","","activated from IL","Eric Gordon","2021-22"
2022-01-10,"Rockets","","• Eric Gordon","placed on IL with right groin injury","Eric Gordon","2021-22"
2022-01-11,"Rockets","• Eric Gordon","","activated from IL","Eric Gordon","2021-22"
2022-02-06,"Rockets","","• Eric Gordon","placed on IL with sore left heel","Eric Gordon","2021-22"
2022-02-14,"Rockets","• Eric Gordon","","activated from IL","Eric Gordon","2021-22"
2022-02-17,"Rockets","","• Eric Gordon","placed on IL with right groin injury","Eric Gordon","2021-22"
2022-02-24,"Rockets","• Eric Gordon","","activated from IL","Eric Gordon","2021-22"
2022-03-02,"Rockets","","• Eric Gordon","placed on IL with right groin injury","Eric Gordon","2021-22"
2022-03-04,"Rockets","• Eric Gordon","","activated from IL","Eric Gordon","2021-22"
2022-03-07,"Rockets","","• Eric Gordon","placed on IL with right hamstring injury","Eric Gordon","2021-22"
2022-03-08,"Rockets","• Eric Gordon","","activated from IL","Eric Gordon","2021-22"
2022-03-13,"Rockets","","• Eric Gordon","right knee tendinitis (DTD)","Eric Gordon","2021-22"
2022-03-16,"Rockets","","• Eric Gordon","placed on IL with right knee tendinitis","Eric Gordon","2021-22"
2022-03-21,"Rockets","• Eric Gordon","","activated from IL","Eric Gordon","2021-22"
2022-03-26,"Rockets","","• Eric Gordon","placed on IL with right groin injury (out for season)","Eric Gordon","2021-22"
2022-10-22,"Rockets","","• Eric Gordon","placed on IL","Eric Gordon","2022-23"
2022-10-24,"Rockets","• Eric Gordon","","activated from IL","Eric Gordon","2022-23"
2022-10-30,"Rockets","","• Eric Gordon","placed on IL with groin injury","Eric Gordon","2022-23"
2022-10-31,"Rockets","• Eric Gordon","","activated from IL","Eric Gordon","2022-23"
2022-12-23,"Rockets","","• Eric Gordon","placed on IL with bruised left thumb","Eric Gordon","2022-23"
2022-12-26,"Rockets","• Eric Gordon","","activated from IL","Eric Gordon","2022-23"
2022-12-27,"Rockets","","• Eric Gordon","placed on IL with right groin injury","Eric Gordon","2022-23"
2022-12-29,"Rockets","• Eric Gordon","","activated from IL","Eric Gordon","2022-23"
2023-01-26,"Rockets","","• Eric Gordon","placed on IL with sore right knee","Eric Gordon","2022-23"
2023-04-01,"Clippers","","• Eric Gordon","placed on IL with right hip injury","Eric Gordon","2022-23"
2023-04-05,"Clippers","• Eric Gordon","","activated from IL","Eric Gordon","2022-23"
2019-11-09,"Warriors","","• Eric Paschall","bruised right hip (DTD)","Eric Paschall","2019-20"
2019-11-11,"Warriors","• Eric Paschall","","returned to lineup","Eric Paschall","2019-20"
2019-12-13,"Warriors","","• Eric Paschall","sore left hip (DTD)","Eric Paschall","2019-20"
2019-12-15,"Warriors","","• Eric Paschall","placed on IL with sore left hip","Eric Paschall","2019-20"
2019-12-17,"Warriors","• Eric Paschall","","activated from IL","Eric Paschall","2019-20"
2019-12-27,"Warriors","","• Eric Paschall","placed on IL with bruised right hip","Eric Paschall","2019-20"
2019-12-31,"Warriors","• Eric Paschall","","activated from IL","Eric Paschall","2019-20"
2013-11-06,"Bucks","","• Ersan Ilyasova","sore/aprained right ankle (DNP)","Ersan Ilyasova","2013-14"
2013-11-09,"Bucks","","• Ersan Ilyasova","sore/aprained right ankle (DNP)","Ersan Ilyasova","2013-14"
2013-11-12,"Bucks","","• Ersan Ilyasova","sore/aprained right ankle (DNP)","Ersan Ilyasova","2013-14"
2013-11-13,"Bucks","","• Ersan Ilyasova","sore/aprained right ankle (DNP)","Ersan Ilyasova","2013-14"
2013-11-15,"Bucks","","• Ersan Ilyasova","sore/aprained right ankle (DNP)","Ersan Ilyasova","2013-14"
2013-11-16,"Bucks","","• Ersan Ilyasova","sore/aprained right ankle (DNP)","Ersan Ilyasova","2013-14"
2013-11-30,"Bucks","","• Ersan Ilyasova","sore left hamstring (DNP)","Ersan Ilyasova","2013-14"
2013-12-20,"Bucks","","• Ersan Ilyasova","sprained right ankle (DNP)","Ersan Ilyasova","2013-14"
2013-12-21,"Bucks","","• Ersan Ilyasova","sprained right ankle (DNP)","Ersan Ilyasova","2013-14"
2013-12-23,"Bucks","","• Ersan Ilyasova","sprained right ankle (DNP)","Ersan Ilyasova","2013-14"
2014-02-08,"Bucks","","• Ersan Ilyasova","back injury (DNP)","Ersan Ilyasova","2013-14"
2014-02-10,"Bucks","","• Ersan Ilyasova","back injury (DNP)","Ersan Ilyasova","2013-14"
2014-03-11,"Bucks","","• Ersan Ilyasova","right ankle injury (DNP)","Ersan Ilyasova","2013-14"
2014-03-16,"Bucks","","• Ersan Ilyasova","right ankle injury (DNP)","Ersan Ilyasova","2013-14"
2014-03-24,"Bucks","","• Ersan Ilyasova","right ankle injury (DNP)","Ersan Ilyasova","2013-14"
2014-03-27,"Bucks","","• Ersan Ilyasova","right ankle injury (DNP)","Ersan Ilyasova","2013-14"
2014-03-29,"Bucks","","• Ersan Ilyasova","right ankle injury (DNP)","Ersan Ilyasova","2013-14"
2014-03-31,"Bucks","","• Ersan Ilyasova","right ankle injury (DNP)","Ersan Ilyasova","2013-14"
2014-04-02,"Bucks","","• Ersan Ilyasova","right ankle injury (DNP)","Ersan Ilyasova","2013-14"
2014-04-04,"Bucks","","• Ersan Ilyasova","right ankle injury (DNP)","Ersan Ilyasova","2013-14"
2014-04-05,"Bucks","","• Ersan Ilyasova","right ankle injury (DNP)","Ersan Ilyasova","2013-14"
2014-04-09,"Bucks","","• Ersan Ilyasova","placed on IL with right ankle injury (out for season)","Ersan Ilyasova","2013-14"
2014-12-03,"Bucks","","• Ersan Ilyasova","fractured nose (DTD)","Ersan Ilyasova","2014-15"
2014-12-13,"Bucks","","• Ersan Ilyasova","placed on IL with fractured nose","Ersan Ilyasova","2014-15"
2014-12-23,"Bucks","• Ersan Ilyasova","","activated from IL","Ersan Ilyasova","2014-15"
2014-12-26,"Bucks","","• Ersan Ilyasova","concussion (DTD)","Ersan Ilyasova","2014-15"
2015-01-15,"Bucks","• Ersan Ilyasova","","returned to lineup","Ersan Ilyasova","2014-15"
2015-01-29,"Bucks","","• Ersan Ilyasova","groin injury (DTD)","Ersan Ilyasova","2014-15"
2015-02-06,"Bucks","• Ersan Ilyasova","","returned to lineup","Ersan Ilyasova","2014-15"
2015-02-20,"Bucks","","• Ersan Ilyasova","illness (DTD)","Ersan Ilyasova","2014-15"
2015-02-21,"Bucks","• Ersan Ilyasova","","returned to lineup","Ersan Ilyasova","2014-15"
2016-02-28,"Magic","","• Evan Fournier","placed on IL with right hip injury / right wrist injury (CBC) (out for season)","Evan Fournier","2015-16"
2016-03-04,"Magic","• Evan Fournier","","activated from IL","Evan Fournier","2015-16"
2016-12-23,"Magic","","• Evan Fournier","placed on IL with right heel injury","Evan Fournier","2016-17"
2017-01-04,"Magic","• Evan Fournier","","activated from IL","Evan Fournier","2016-17"
2017-01-14,"Magic","","• Evan Fournier","sore right foot / heel (DTD)","Evan Fournier","2016-17"
2017-01-27,"Magic","","• Evan Fournier","sore right foot (DTD)","Evan Fournier","2016-17"
2017-01-30,"Magic","• Evan Fournier","","returned to lineup","Evan Fournier","2016-17"
2017-04-06,"Magic","","• Evan Fournier","placed on IL with sore right wrist","Evan Fournier","2016-17"
2017-04-07,"Magic","• Evan Fournier","","activated from IL","Evan Fournier","2016-17"
2017-12-07,"Magic","","• Evan Fournier","sprained right ankle (DTD)","Evan Fournier","2017-18"
2017-12-09,"Magic","","• Evan Fournier","placed on IL with sprained right ankle (DTD)","Evan Fournier","2017-18"
2017-12-26,"Magic","• Evan Fournier","","activated from IL","Evan Fournier","2017-18"
2018-03-08,"Magic","","• Evan Fournier","sprained MCL in left knee (out for season)","Evan Fournier","2017-18"
2018-03-09,"Magic","","• Evan Fournier","placed on IL with sprained MCL in left knee (out for season)","Evan Fournier","2017-18"
2018-12-10,"Magic","","• Evan Fournier","personal reasons (DTD)","Evan Fournier","2018-19"
2018-12-13,"Magic","• Evan Fournier","","returned to lineup","Evan Fournier","2018-19"
2020-01-15,"Magic","","• Evan Fournier","bruised right quadriceps (DTD)","Evan Fournier","2019-20"
2020-01-16,"Magic","• Evan Fournier","","returned to lineup","Evan Fournier","2019-20"
2020-03-06,"Magic","","• Evan Fournier","placed on IL with sprained right elbow","Evan Fournier","2019-20"
2021-12-29,"Knicks","","• Evan Fournier","sore right ankle (DTD)","Evan Fournier","2021-22"
2021-12-31,"Knicks","• Evan Fournier","","returned to lineup","Evan Fournier","2021-22"
2022-01-08,"Knicks","","• Evan Fournier","placed on IL with left thigh injury","Evan Fournier","2021-22"
2022-01-10,"Knicks","• Evan Fournier","","activated from IL","Evan Fournier","2021-22"
2021-11-16,"Cavaliers","","• Evan Mobley","placed on IL with sprained right elbow","Evan Mobley","2021-22"
2021-11-27,"Cavaliers","• Evan Mobley","","activated from IL","Evan Mobley","2021-22"
2021-12-15,"Cavaliers","","• Evan Mobley","right hip injury (DTD)","Evan Mobley","2021-22"
2021-12-18,"Cavaliers","","• Evan Mobley","placed on IL with NBA health and safety protocols","Evan Mobley","2021-22"
2021-12-28,"Cavaliers","• Evan Mobley","","activated from IL","Evan Mobley","2021-22"
2022-03-29,"Cavaliers","","• Evan Mobley","placed on IL with sprained left ankle","Evan Mobley","2021-22"
2022-04-08,"Cavaliers","• Evan Mobley","","activated from IL","Evan Mobley","2021-22"
2016-04-05,"Celtics","","• Evan Turner","eye injury (DTD)","Evan Turner","2015-16"
2016-04-06,"Celtics","","• Evan Turner","placed on IL with eye injury","Evan Turner","2015-16"
2016-04-08,"Celtics","• Evan Turner","","activated from IL","Evan Turner","2015-16"
2016-12-20,"Blazers","","• Evan Turner","sprained left ankle (DTD)","Evan Turner","2016-17"
2016-12-21,"Blazers","","• Evan Turner","placed on IL with sprained left ankle","Evan Turner","2016-17"
2016-12-26,"Blazers","• Evan Turner","","activated from IL","Evan Turner","2016-17"
2017-02-07,"Blazers","","• Evan Turner","fractured right hand (out indefinitely)","Evan Turner","2016-17"
2017-02-08,"Blazers","","• Evan Turner","surgery on right hand to repair fracture (out indefinitely)","Evan Turner","2016-17"
2017-02-09,"Blazers","","• Evan Turner","recovering from surgery on right hand to repair fracture (out indefinitely)","Evan Turner","2016-17"
2017-02-13,"Blazers","","• Evan Turner","placed on IL recovering from surgery on right hand to repair fracture","Evan Turner","2016-17"
2017-03-18,"Blazers","• Evan Turner","","activated from IL","Evan Turner","2016-17"
2018-01-12,"Blazers","","• Evan Turner","illness (DTD)","Evan Turner","2017-18"
2018-01-14,"Blazers","• Evan Turner","","returned to lineup","Evan Turner","2017-18"
2018-01-26,"Blazers","","• Evan Turner","placed on IL for personal reasons","Evan Turner","2017-18"
2018-01-30,"Blazers","• Evan Turner","","activated from IL","Evan Turner","2017-18"
2018-02-05,"Blazers","","• Evan Turner","placed on IL with left calf injury","Evan Turner","2017-18"
2018-02-08,"Blazers","• Evan Turner","","activated from IL","Evan Turner","2017-18"
2018-04-19,"Blazers","","• Evan Turner","placed on IL with toe injury","Evan Turner","2017-18"
2018-04-21,"Blazers","• Evan Turner","","activated from IL","Evan Turner","2017-18"
2013-11-11,"Rockets","","• Francisco Garcia","flu (DNP)","Francisco Garcia","2013-14"
2014-01-18,"Rockets","","• Francisco Garcia","placed on IL with left knee tendinitis","Francisco Garcia","2013-14"
2014-01-22,"Rockets","• Francisco Garcia","","activated from IL","Francisco Garcia","2013-14"
2014-01-22,"Rockets","","• Francisco Garcia","sore left knee (DNP)","Francisco Garcia","2013-14"
2014-01-24,"Rockets","","• Francisco Garcia","sore left knee (DNP)","Francisco Garcia","2013-14"
2014-01-25,"Rockets","","• Francisco Garcia","sore left knee (DNP)","Francisco Garcia","2013-14"
2014-01-28,"Rockets","","• Francisco Garcia","sore left knee (DNP)","Francisco Garcia","2013-14"
2014-01-29,"Rockets","","• Francisco Garcia","sore left knee (DNP)","Francisco Garcia","2013-14"
2014-02-01,"Rockets","","• Francisco Garcia","sore left knee (DNP)","Francisco Garcia","2013-14"
2014-02-05,"Rockets","","• Francisco Garcia","sore left knee (DNP)","Francisco Garcia","2013-14"
2014-02-08,"Rockets","","• Francisco Garcia","sore left knee (DNP)","Francisco Garcia","2013-14"
2014-03-22,"Rockets","","• Francisco Garcia","personal reasons (DNP)","Francisco Garcia","2013-14"
2014-03-24,"Rockets","","• Francisco Garcia","personal reasons (DNP)","Francisco Garcia","2013-14"
2014-03-27,"Rockets","","• Francisco Garcia","personal reasons (DNP)","Francisco Garcia","2013-14"
2014-04-12,"Rockets","","• Francisco Garcia","placed on IL with back injury","Francisco Garcia","2013-14"
2014-04-14,"Rockets","• Francisco Garcia","","activated from IL","Francisco Garcia","2013-14"
2014-04-16,"Rockets","","• Francisco Garcia","placed on IL (out for season)","Francisco Garcia","2013-14"
2019-12-02,"Knicks","","• Frank Ntilikina","sore back (DTD)","Frank Ntilikina","2019-20"
2019-12-05,"Knicks","• Frank Ntilikina","","returned to lineup","Frank Ntilikina","2019-20"
2020-01-12,"Knicks","","• Frank Ntilikina","placed on IL with groin injury","Frank Ntilikina","2019-20"
2020-01-16,"Knicks","• Frank Ntilikina","","activated from IL","Frank Ntilikina","2019-20"
2020-01-29,"Knicks","","• Frank Ntilikina","groin injury (DTD)","Frank Ntilikina","2019-20"
2020-02-01,"Knicks","","• Frank Ntilikina","placed on IL with groin injury","Frank Ntilikina","2019-20"
2020-02-03,"Knicks","• Frank Ntilikina","","activated from IL","Frank Ntilikina","2019-20"
2020-02-24,"Knicks","","• Frank Ntilikina","placed on IL with groin injury","Frank Ntilikina","2019-20"
2020-02-29,"Knicks","• Frank Ntilikina","","activated from IL","Frank Ntilikina","2019-20"
2022-04-03,"Magic","","• Franz Wagner","placed on IL with sprained left ankle","Franz Wagner","2021-22"
2022-04-04,"Magic","• Franz Wagner","","activated from IL","Franz Wagner","2021-22"
2022-04-06,"Magic","","• Franz Wagner","placed on IL with sprained right ankle (out for season)","Franz Wagner","2021-22"
2023-04-06,"Magic","","• Franz Wagner","sprained left ankle (DTD)","Franz Wagner","2022-23"
2019-12-09,"Raptors","","• Fred VanVleet","bruised right knee (DTD)","Fred VanVleet","2019-20"
2019-12-11,"Raptors","","• Fred VanVleet","placed on IL with bruised right knee","Fred VanVleet","2019-20"
2019-12-20,"Raptors","• Fred VanVleet","","activated from IL","Fred VanVleet","2019-20"
2020-01-07,"Raptors","","• Fred VanVleet","strained right hamstring (DTD)","Fred VanVleet","2019-20"
2020-01-18,"Raptors","","• Fred VanVleet","placed on IL with strained right hamstring","Fred VanVleet","2019-20"
2020-01-18,"Raptors","• Fred VanVleet","","activated from IL","Fred VanVleet","2019-20"
2020-02-27,"Raptors","","• Fred VanVleet","left shoulder injury (DTD)","Fred VanVleet","2019-20"
2020-02-28,"Raptors","","• Fred VanVleet","placed on IL with left shoulder injury","Fred VanVleet","2019-20"
2020-03-01,"Raptors","• Fred VanVleet","","activated from IL","Fred VanVleet","2019-20"
2020-03-03,"Raptors","","• Fred VanVleet","placed on IL with left shoulder injury","Fred VanVleet","2019-20"
2021-03-02,"Raptors","","• Fred VanVleet","placed on IL with NBA health and safety protocols","Fred VanVleet","2020-21"
2021-03-17,"Raptors","• Fred VanVleet","","activated from IL","Fred VanVleet","2020-21"
2021-04-05,"Raptors","","• Fred VanVleet","placed on IL with left hip flexor injury","Fred VanVleet","2020-21"
2021-04-14,"Raptors","• Fred VanVleet","","activated from IL","Fred VanVleet","2020-21"
2021-04-18,"Raptors","","• Fred VanVleet","placed on IL with left hip flexor injury","Fred VanVleet","2020-21"
2021-04-20,"Raptors","• Fred VanVleet","","activated from IL","Fred VanVleet","2020-21"
2021-04-29,"Raptors","","• Fred VanVleet","placed on IL with left hip flexor injury","Fred VanVleet","2020-21"
2021-04-30,"Raptors","• Fred VanVleet","","activated from IL","Fred VanVleet","2020-21"
2021-11-13,"Raptors","","• Fred VanVleet","placed on IL with left groin injury","Fred VanVleet","2021-22"
2021-11-15,"Raptors","• Fred VanVleet","","activated from IL","Fred VanVleet","2021-22"
2021-12-21,"Raptors","","• Fred VanVleet","placed on IL with NBA health and safety protocols","Fred VanVleet","2021-22"
2021-12-30,"Raptors","• Fred VanVleet","","activated from IL","Fred VanVleet","2021-22"
2022-01-25,"Raptors","","• Fred VanVleet","placed on IL with sore right knee","Fred VanVleet","2021-22"
2022-01-29,"Raptors","• Fred VanVleet","","activated from IL","Fred VanVleet","2021-22"
2022-02-10,"Raptors","","• Fred VanVleet","placed on IL with left groin injury","Fred VanVleet","2021-22"
2022-02-12,"Raptors","• Fred VanVleet","","activated from IL","Fred VanVleet","2021-22"
2022-02-16,"Raptors","","• Fred VanVleet","placed on IL with bruised right knee","Fred VanVleet","2021-22"
2022-02-25,"Raptors","• Fred VanVleet","","activated from IL","Fred VanVleet","2021-22"
2022-02-28,"Raptors","","• Fred VanVleet","sore right knee (DTD)","Fred VanVleet","2021-22"
2022-03-01,"Raptors","","• Fred VanVleet","placed on IL with sore right knee","Fred VanVleet","2021-22"
2022-03-09,"Raptors","• Fred VanVleet","","activated from IL","Fred VanVleet","2021-22"
2022-03-12,"Raptors","","• Fred VanVleet","placed on IL with sore right knee","Fred VanVleet","2021-22"
2022-03-14,"Raptors","• Fred VanVleet","","activated from IL","Fred VanVleet","2021-22"
2022-03-20,"Raptors","","• Fred VanVleet","placed on IL with right knee injury","Fred VanVleet","2021-22"
2022-03-21,"Raptors","• Fred VanVleet","","activated from IL","Fred VanVleet","2021-22"
2022-04-07,"Raptors","","• Fred VanVleet","placed on IL with sore right knee","Fred VanVleet","2021-22"
2022-04-15,"Raptors","• Fred VanVleet","","activated from IL","Fred VanVleet","2021-22"
2022-04-26,"Raptors","","• Fred VanVleet","placed on IL with left hip flexor injury (out for season)","Fred VanVleet","2021-22"
2022-10-31,"Raptors","","• Fred VanVleet","placed on IL with stiffness in lower back","Fred VanVleet","2022-23"
2022-11-06,"Raptors","• Fred VanVleet","","activated from IL","Fred VanVleet","2022-23"
2022-11-12,"Raptors","","• Fred VanVleet","placed on IL with illness","Fred VanVleet","2022-23"
2022-11-16,"Raptors","• Fred VanVleet","","activated from IL","Fred VanVleet","2022-23"
2022-11-23,"Raptors","","• Fred VanVleet","placed on IL with illness","Fred VanVleet","2022-23"
2022-11-23,"Raptors","• Fred VanVleet","","activated from IL","Fred VanVleet","2022-23"
2022-12-29,"Raptors","","• Fred VanVleet","placed on IL with lower back injury","Fred VanVleet","2022-23"
2023-01-02,"Raptors","• Fred VanVleet","","activated from IL","Fred VanVleet","2022-23"
2023-02-23,"Raptors","","• Fred VanVleet","personal reasons (DTD)","Fred VanVleet","2022-23"
2023-02-25,"Raptors","","• Fred VanVleet","placed on IL for personal reasons","Fred VanVleet","2022-23"
2023-02-28,"Raptors","• Fred VanVleet","","activated from IL","Fred VanVleet","2022-23"
2023-04-08,"Raptors","","• Fred VanVleet","placed on IL with left thumb injury","Fred VanVleet","2022-23"
2023-04-12,"Raptors","• Fred VanVleet","","activated from IL","Fred VanVleet","2022-23"
2022-11-18,"Heat","","• Gabe Vincent","left knee injury (DTD)","Gabe Vincent","2022-23"
2022-11-23,"Heat","• Gabe Vincent","","returned to lineup","Gabe Vincent","2022-23"
2022-11-27,"Heat","","• Gabe Vincent","left knee injury (DTD)","Gabe Vincent","2022-23"
2022-11-30,"Heat","• Gabe Vincent","","returned to lineup","Gabe Vincent","2022-23"
2022-12-06,"Heat","","• Gabe Vincent","placed on IL with left knee injury","Gabe Vincent","2022-23"
2022-12-23,"Heat","• Gabe Vincent","","activated from IL","Gabe Vincent","2022-23"
2020-01-02,"Nets","","• Garrett Temple","placed on IL with bruised right knee","Garrett Temple","2019-20"
2020-01-04,"Nets","• Garrett Temple","","activated from IL","Garrett Temple","2019-20"
2020-01-10,"Nets","","• Garrett Temple","placed on IL with bruised right knee","Garrett Temple","2019-20"
2020-01-12,"Nets","• Garrett Temple","","activated from IL","Garrett Temple","2019-20"
2020-01-13,"Nets","","• Garrett Temple","bruised right knee (DTD)","Garrett Temple","2019-20"
2020-01-14,"Nets","","• Garrett Temple","placed on IL with bruised right knee","Garrett Temple","2019-20"
2020-01-19,"Nets","• Garrett Temple","","activated from IL","Garrett Temple","2019-20"
2020-03-04,"Nets","","• Garrett Temple","placed on IL with sprained left ankle","Garrett Temple","2019-20"
2021-10-19,"Rockets","","• Garrison Mathews","player not with team (DTD)","Garrison Mathews","2021-22"
2021-10-20,"Rockets","","• Garrison Mathews","placed on IL","Garrison Mathews","2021-22"
2021-10-26,"Rockets","• Garrison Mathews","","returned to lineup","Garrison Mathews","2021-22"
2021-11-15,"Rockets","• Garrison Mathews","","activated from IL","Garrison Mathews","2021-22"
2021-12-26,"Rockets","","• Garrison Mathews","placed on IL with NBA health and safety protocols","Garrison Mathews","2021-22"
2022-01-03,"Rockets","• Garrison Mathews","","activated from IL","Garrison Mathews","2021-22"
2015-11-28,"Nuggets","","• Gary Harris","concussion (DTD)","Gary Harris","2015-16"
2015-12-03,"Nuggets","","• Gary Harris","placed on IL with concussion","Gary Harris","2015-16"
2015-12-11,"Nuggets","• Gary Harris","","activated from IL","Gary Harris","2015-16"
2016-10-05,"Nuggets","","• Gary Harris","partially torn right groin muscle (out indefinitely)","Gary Harris","2016-17"
2016-10-26,"Nuggets","","• Gary Harris","placed on IL with strained right groin","Gary Harris","2016-17"
2016-11-05,"Nuggets","• Gary Harris","","activated from IL","Gary Harris","2016-17"
2016-11-13,"Nuggets","","• Gary Harris","sprained right ankle (DTD)","Gary Harris","2016-17"
2016-11-16,"Nuggets","","• Gary Harris","placed on IL with sprained right ankle","Gary Harris","2016-17"
2016-11-25,"Nuggets","• Gary Harris","","activated from IL","Gary Harris","2016-17"
2016-11-25,"Nuggets","","• Gary Harris","right foot injury (DTD)","Gary Harris","2016-17"
2016-11-27,"Nuggets","","• Gary Harris","placed on IL with right foot injury (DTD)","Gary Harris","2016-17"
2016-12-15,"Nuggets","• Gary Harris","","activated from IL","Gary Harris","2016-17"
2017-01-07,"Nuggets","","• Gary Harris","sore groin (DTD)","Gary Harris","2016-17"
2017-01-12,"Nuggets","• Gary Harris","","returned to lineup","Gary Harris","2016-17"
2017-01-16,"Nuggets","","• Gary Harris","sprained right ankle (DTD)","Gary Harris","2016-17"
2017-01-17,"Nuggets","","• Gary Harris","placed on IL","Gary Harris","2016-17"
2017-01-19,"Nuggets","• Gary Harris","","activated from IL","Gary Harris","2016-17"
2017-01-21,"Nuggets","","• Gary Harris","placed on IL","Gary Harris","2016-17"
2017-01-22,"Nuggets","• Gary Harris","","activated from IL","Gary Harris","2016-17"
2017-04-12,"Nuggets","","• Gary Harris","sore right knee (out for season)","Gary Harris","2016-17"
2017-11-11,"Nuggets","","• Gary Harris","placed on IL with sore right shoulder","Gary Harris","2017-18"
2017-11-17,"Nuggets","• Gary Harris","","activated from IL","Gary Harris","2017-18"
2017-12-20,"Nuggets","","• Gary Harris","placed on IL with right elbow injury","Gary Harris","2017-18"
2017-12-22,"Nuggets","• Gary Harris","","activated from IL","Gary Harris","2017-18"
2018-01-12,"Nuggets","","• Gary Harris","personal reasons (DTD)","Gary Harris","2017-18"
2018-01-13,"Nuggets","• Gary Harris","","returned to lineup","Gary Harris","2017-18"
2018-03-17,"Nuggets","","• Gary Harris","right knee injury (DTD)","Gary Harris","2017-18"
2018-04-09,"Nuggets","• Gary Harris","","activated from IL","Gary Harris","2017-18"
2018-11-24,"Nuggets","","• Gary Harris","sore left ankle (DTD)","Gary Harris","2018-19"
2018-11-30,"Nuggets","• Gary Harris","","returned to lineup","Gary Harris","2018-19"
2018-12-05,"Nuggets","","• Gary Harris","placed on IL with right hip injury","Gary Harris","2018-19"
2019-01-01,"Nuggets","• Gary Harris","","activated from IL","Gary Harris","2018-19"
2019-01-08,"Nuggets","","• Gary Harris","placed on IL with left hamstring injury","Gary Harris","2018-19"
2019-01-10,"Nuggets","• Gary Harris","","activated from IL","Gary Harris","2018-19"
2019-01-12,"Nuggets","","• Gary Harris","placed on IL with left hamstring injury","Gary Harris","2018-19"
2019-01-17,"Nuggets","• Gary Harris","","activated from IL","Gary Harris","2018-19"
2019-02-01,"Nuggets","","• Gary Harris","placed on IL with right adductor injury","Gary Harris","2018-19"
2019-02-22,"Nuggets","• Gary Harris","","activated from IL","Gary Harris","2018-19"
2019-12-29,"Nuggets","","• Gary Harris","bruised left shin (DTD)","Gary Harris","2019-20"
2019-12-31,"Nuggets","","• Gary Harris","placed on IL with bruised left shin","Gary Harris","2019-20"
2020-01-02,"Nuggets","• Gary Harris","","activated from IL","Gary Harris","2019-20"
2020-01-15,"Nuggets","","• Gary Harris","placed on IL with strained right adductor","Gary Harris","2019-20"
2020-01-24,"Nuggets","• Gary Harris","","activated from IL","Gary Harris","2019-20"
2020-01-30,"Nuggets","","• Gary Harris","placed on IL for personal reasons","Gary Harris","2019-20"
2020-02-01,"Nuggets","• Gary Harris","","activated from IL","Gary Harris","2019-20"
2021-01-12,"Nuggets","","• Gary Harris","placed on IL for personal reasons","Gary Harris","2020-21"
2021-01-16,"Nuggets","• Gary Harris","","activated from IL","Gary Harris","2020-21"
2021-02-01,"Nuggets","","• Gary Harris","placed on IL with strained left adductor","Gary Harris","2020-21"
2021-02-17,"Nuggets","• Gary Harris","","activated from IL","Gary Harris","2020-21"
2021-02-18,"Nuggets","","• Gary Harris","placed on IL with strained left adductor","Gary Harris","2020-21"
2021-04-08,"Magic","• Gary Harris","","activated from IL","Gary Harris","2020-21"
2021-04-12,"Magic","","• Gary Harris","placed on IL with strained left adductor","Gary Harris","2020-21"
2021-04-14,"Magic","• Gary Harris","","activated from IL","Gary Harris","2020-21"
2022-10-03,"Magic","","• Gary Harris","surgery on left knee to repair meniscus (out indefinitely)","Gary Harris","2022-23"
2022-10-19,"Magic","","• Gary Harris","placed on IL with left knee injury","Gary Harris","2022-23"
2022-11-18,"Magic","• Gary Harris","","activated from IL","Gary Harris","2022-23"
2022-12-02,"Magic","","• Gary Harris","placed on IL","Gary Harris","2022-23"
2022-12-23,"Magic","• Gary Harris","","activated from IL","Gary Harris","2022-23"
2023-02-09,"Magic","","• Gary Harris","placed on IL with right adductor injury","Gary Harris","2022-23"
2023-02-11,"Magic","• Gary Harris","","activated from IL","Gary Harris","2022-23"
2023-03-05,"Magic","","• Gary Harris","placed on IL with left adductor injury","Gary Harris","2022-23"
2023-03-08,"Magic","• Gary Harris","","activated from IL","Gary Harris","2022-23"
2023-04-06,"Magic","","• Gary Harris","placed on IL with left adductor injury","Gary Harris","2022-23"
2023-04-07,"Magic","• Gary Harris","","activated from IL","Gary Harris","2022-23"
2022-10-13,"Blazers","","• Gary Payton II","placed on IL with surgery to repair core muscle injury","Gary Payton II","2022-23"
2023-01-02,"Blazers","• Gary Payton II","","activated from IL","Gary Payton II","2022-23"
2023-01-04,"Blazers","","• Gary Payton II","placed on IL with surgery to repair core muscle injury","Gary Payton II","2022-23"
2023-01-10,"Blazers","• Gary Payton II","","activated from IL","Gary Payton II","2022-23"
2023-01-19,"Blazers","","• Gary Payton II","placed on IL with left calf injury","Gary Payton II","2022-23"
2023-01-22,"Blazers","• Gary Payton II","","activated from IL","Gary Payton II","2022-23"
2023-04-20,"Warriors","","• Gary Payton II","placed on IL with illness","Gary Payton II","2022-23"
2023-04-23,"Warriors","• Gary Payton II","","activated from IL","Gary Payton II","2022-23"
2020-12-30,"Blazers","","• Gary Trent Jr.","placed on IL with strained right calf","Gary Trent Jr.","2020-21"
2021-01-02,"Blazers","• Gary Trent Jr.","","activated from IL","Gary Trent Jr.","2020-21"
2021-04-14,"Raptors","","• Gary Trent Jr.","placed on IL with sore right ankle","Gary Trent Jr.","2020-21"
2021-04-18,"Raptors","• Gary Trent Jr.","","activated from IL","Gary Trent Jr.","2020-21"
2021-04-26,"Raptors","","• Gary Trent Jr.","placed on IL with bruised left leg","Gary Trent Jr.","2020-21"
2021-11-28,"Raptors","","• Gary Trent Jr.","placed on IL with right calf injury","Gary Trent Jr.","2021-22"
2021-12-02,"Raptors","• Gary Trent Jr.","","activated from IL","Gary Trent Jr.","2021-22"
2021-12-20,"Raptors","","• Gary Trent Jr.","placed on IL with NBA health and safety protocols","Gary Trent Jr.","2021-22"
2021-12-28,"Raptors","• Gary Trent Jr.","","activated from IL","Gary Trent Jr.","2021-22"
2022-01-09,"Raptors","","• Gary Trent Jr.","placed on IL with left ankle injury","Gary Trent Jr.","2021-22"
2022-01-21,"Raptors","• Gary Trent Jr.","","activated from IL","Gary Trent Jr.","2021-22"
2022-03-21,"Raptors","","• Gary Trent Jr.","placed on IL with left big toe injury","Gary Trent Jr.","2021-22"
2022-03-28,"Raptors","• Gary Trent Jr.","","activated from IL","Gary Trent Jr.","2021-22"
2013-11-01,"Pacers","","• George Hill","sore left hip (DNP)","George Hill","2013-14"
2013-11-05,"Pacers","","• George Hill","sore left hip (DNP)","George Hill","2013-14"
2013-11-06,"Pacers","","• George Hill","sore left hip (DNP)","George Hill","2013-14"
2014-03-01,"Pacers","","• George Hill","bruised left shoulder (DNP)","George Hill","2013-14"
2014-03-02,"Pacers","","• George Hill","bruised left shoulder (DNP)","George Hill","2013-14"
2014-04-09,"Pacers","","• George Hill","rest (DNP)","George Hill","2013-14"
2014-10-29,"Pacers","","• George Hill","placed on IL with bruised left knee","George Hill","2014-15"
2014-12-23,"Pacers","• George Hill","","activated from IL","George Hill","2014-15"
2015-01-02,"Pacers","","• George Hill","sore/strained left groin (DTD)","George Hill","2014-15"
2015-01-10,"Pacers","","• George Hill","placed on IL with sore/strained left groin","George Hill","2014-15"
2015-01-23,"Pacers","• George Hill","","activated from IL","George Hill","2014-15"
2015-11-16,"Pacers","","• George Hill","upper respiratory infection (DTD)","George Hill","2015-16"
2015-11-24,"Pacers","• George Hill","","returned to lineup","George Hill","2015-16"
2016-01-04,"Pacers","","• George Hill","food poisoning (DTD)","George Hill","2015-16"
2016-01-06,"Pacers","• George Hill","","returned to lineup","George Hill","2015-16"
2016-01-17,"Pacers","","• George Hill","personal reasons (DTD)","George Hill","2015-16"
2016-01-23,"Pacers","• George Hill","","returned to lineup","George Hill","2015-16"
2016-04-13,"Pacers","","• George Hill","rest (DTD)","George Hill","2015-16"
2016-04-16,"Pacers","• George Hill","","returned to lineup","George Hill","2015-16"
2014-03-03,"Bobcats","","• Gerald Henderson Jr.","strained right calf (DNP)","Gerald Henderson","2013-14"
2014-03-05,"Bobcats","","• Gerald Henderson Jr.","strained right calf (DNP)","Gerald Henderson","2013-14"
2014-03-07,"Bobcats","","• Gerald Henderson Jr.","strained right calf (DNP)","Gerald Henderson","2013-14"
2014-03-08,"Bobcats","","• Gerald Henderson Jr.","strained right calf (DNP)","Gerald Henderson","2013-14"
2014-03-10,"Bobcats","","• Gerald Henderson Jr.","strained right calf (DNP)","Gerald Henderson","2013-14"
2015-04-08,"Bucks","","• Giannis Antetokounmpo","undisclosed (DTD)","Giannis Antetokounmpo","2014-15"
2015-04-10,"Bucks","• Giannis Antetokounmpo","","returned to lineup","Giannis Antetokounmpo","2014-15"
2015-12-20,"Bucks","","• Giannis Antetokounmpo","sore knee (DTD)","Giannis Antetokounmpo","2015-16"
2015-12-23,"Bucks","• Giannis Antetokounmpo","","returned to lineup","Giannis Antetokounmpo","2015-16"
2017-01-08,"Bucks","","• Giannis Antetokounmpo","illness (DTD)","Giannis Antetokounmpo","2016-17"
2017-01-10,"Bucks","• Giannis Antetokounmpo","","returned to lineup","Giannis Antetokounmpo","2016-17"
2017-04-12,"Bucks","","• Giannis Antetokounmpo","rest (DTD)","Giannis Antetokounmpo","2016-17"
2017-04-15,"Bucks","• Giannis Antetokounmpo","","returned to lineup","Giannis Antetokounmpo","2016-17"
2017-11-22,"Bucks","","• Giannis Antetokounmpo","sore right knee (DTD)","Giannis Antetokounmpo","2017-18"
2017-11-25,"Bucks","• Giannis Antetokounmpo","","returned to lineup","Giannis Antetokounmpo","2017-18"
2017-12-23,"Bucks","","• Giannis Antetokounmpo","placed on IL with sore right knee","Giannis Antetokounmpo","2017-18"
2017-12-26,"Bucks","• Giannis Antetokounmpo","","activated from IL","Giannis Antetokounmpo","2017-18"
2018-01-19,"Bucks","","• Giannis Antetokounmpo","sore right knee (DTD)","Giannis Antetokounmpo","2017-18"
2018-01-20,"Bucks","","• Giannis Antetokounmpo","placed on IL with sore right knee","Giannis Antetokounmpo","2017-18"
2018-01-26,"Bucks","• Giannis Antetokounmpo","","activated from IL","Giannis Antetokounmpo","2017-18"
2018-03-23,"Bucks","","• Giannis Antetokounmpo","placed on IL with sprained right ankle","Giannis Antetokounmpo","2017-18"
2018-03-25,"Bucks","• Giannis Antetokounmpo","","activated from IL","Giannis Antetokounmpo","2017-18"
2018-04-07,"Bucks","","• Giannis Antetokounmpo","placed on IL with sore right ankle","Giannis Antetokounmpo","2017-18"
2018-04-11,"Bucks","• Giannis Antetokounmpo","","activated from IL","Giannis Antetokounmpo","2017-18"
2018-10-29,"Bucks","","• Giannis Antetokounmpo","placed on IL with concussion","Giannis Antetokounmpo","2018-19"
2018-11-01,"Bucks","• Giannis Antetokounmpo","","activated from IL","Giannis Antetokounmpo","2018-19"
2018-12-10,"Bucks","","• Giannis Antetokounmpo","sore neck (DTD)","Giannis Antetokounmpo","2018-19"
2018-12-12,"Bucks","• Giannis Antetokounmpo","","returned to lineup","Giannis Antetokounmpo","2018-19"
2019-01-11,"Bucks","","• Giannis Antetokounmpo","placed on IL with bruised left hip","Giannis Antetokounmpo","2018-19"
2019-01-13,"Bucks","• Giannis Antetokounmpo","","activated from IL","Giannis Antetokounmpo","2018-19"
2019-02-09,"Bucks","","• Giannis Antetokounmpo","placed on IL with sore right knee","Giannis Antetokounmpo","2018-19"
2019-02-11,"Bucks","• Giannis Antetokounmpo","","activated from IL","Giannis Antetokounmpo","2018-19"
2019-02-25,"Bucks","","• Giannis Antetokounmpo","placed on IL with sore right knee","Giannis Antetokounmpo","2018-19"
2019-02-27,"Bucks","• Giannis Antetokounmpo","","activated from IL","Giannis Antetokounmpo","2018-19"
2019-03-19,"Bucks","","• Giannis Antetokounmpo","sprained right ankle (DTD)","Giannis Antetokounmpo","2018-19"
2019-03-22,"Bucks","• Giannis Antetokounmpo","","returned to lineup","Giannis Antetokounmpo","2018-19"
2019-03-31,"Bucks","","• Giannis Antetokounmpo","sprained right ankle (DTD)","Giannis Antetokounmpo","2018-19"
2019-04-01,"Bucks","• Giannis Antetokounmpo","","returned to lineup","Giannis Antetokounmpo","2018-19"
2019-04-06,"Bucks","","• Giannis Antetokounmpo","left calf injury (DTD)","Giannis Antetokounmpo","2018-19"
2019-04-07,"Bucks","• Giannis Antetokounmpo","","returned to lineup","Giannis Antetokounmpo","2018-19"
2019-12-11,"Bucks","","• Giannis Antetokounmpo","placed on IL with right quadricep injury","Giannis Antetokounmpo","2019-20"
2019-12-13,"Bucks","• Giannis Antetokounmpo","","activated from IL","Giannis Antetokounmpo","2019-20"
2019-12-27,"Bucks","","• Giannis Antetokounmpo","placed on IL with sore back","Giannis Antetokounmpo","2019-20"
2019-12-30,"Bucks","• Giannis Antetokounmpo","","activated from IL","Giannis Antetokounmpo","2019-20"
2020-01-28,"Bucks","","• Giannis Antetokounmpo","placed on IL with sore right shoulder","Giannis Antetokounmpo","2019-20"
2020-01-31,"Bucks","• Giannis Antetokounmpo","","activated from IL","Giannis Antetokounmpo","2019-20"
2020-02-10,"Bucks","","• Giannis Antetokounmpo","placed on IL for personal reasons","Giannis Antetokounmpo","2019-20"
2020-02-20,"Bucks","• Giannis Antetokounmpo","","activated from IL","Giannis Antetokounmpo","2019-20"
2020-03-08,"Bucks","","• Giannis Antetokounmpo","placed on IL with sprained left knee","Giannis Antetokounmpo","2019-20"
2021-01-09,"Bucks","","• Giannis Antetokounmpo","placed on IL with back spasms","Giannis Antetokounmpo","2020-21"
2021-01-11,"Bucks","• Giannis Antetokounmpo","","activated from IL","Giannis Antetokounmpo","2020-21"
2021-03-22,"Bucks","","• Giannis Antetokounmpo","placed on IL with sprained left knee","Giannis Antetokounmpo","2020-21"
2021-03-24,"Bucks","• Giannis Antetokounmpo","","activated from IL","Giannis Antetokounmpo","2020-21"
2021-03-27,"Bucks","","• Giannis Antetokounmpo","sprained left knee (DTD)","Giannis Antetokounmpo","2020-21"
2021-03-28,"Bucks","• Giannis Antetokounmpo","","returned to lineup","Giannis Antetokounmpo","2020-21"
2021-04-03,"Bucks","","• Giannis Antetokounmpo","placed on IL with sore left knee","Giannis Antetokounmpo","2020-21"
2021-04-15,"Bucks","• Giannis Antetokounmpo","","activated from IL","Giannis Antetokounmpo","2020-21"
2021-04-30,"Bucks","","• Giannis Antetokounmpo","placed on IL with sprained right ankle","Giannis Antetokounmpo","2020-21"
2021-11-12,"Bucks","","• Giannis Antetokounmpo","placed on IL with sprained right ankle","Giannis Antetokounmpo","2021-22"
2021-11-14,"Bucks","• Giannis Antetokounmpo","","activated from IL","Giannis Antetokounmpo","2021-22"
2021-12-02,"Bucks","","• Giannis Antetokounmpo","right calf injury (DTD)","Giannis Antetokounmpo","2021-22"
2021-12-04,"Bucks","","• Giannis Antetokounmpo","placed on IL with right calf injury","Giannis Antetokounmpo","2021-22"
2021-12-06,"Bucks","• Giannis Antetokounmpo","","activated from IL","Giannis Antetokounmpo","2021-22"
2021-12-14,"Bucks","","• Giannis Antetokounmpo","placed on IL with NBA health and safety protocols","Giannis Antetokounmpo","2021-22"
2021-12-24,"Bucks","• Giannis Antetokounmpo","","activated from IL","Giannis Antetokounmpo","2021-22"
2022-01-05,"Bucks","","• Giannis Antetokounmpo","placed on IL with illness","Giannis Antetokounmpo","2021-22"
2022-01-07,"Bucks","• Giannis Antetokounmpo","","activated from IL","Giannis Antetokounmpo","2021-22"
2022-01-22,"Bucks","","• Giannis Antetokounmpo","placed on IL with sore right knee","Giannis Antetokounmpo","2021-22"
2022-01-26,"Bucks","• Giannis Antetokounmpo","","activated from IL","Giannis Antetokounmpo","2021-22"
2022-02-14,"Bucks","","• Giannis Antetokounmpo","placed on IL with sore left ankle","Giannis Antetokounmpo","2021-22"
2022-02-15,"Bucks","• Giannis Antetokounmpo","","activated from IL","Giannis Antetokounmpo","2021-22"
2022-03-19,"Bucks","","• Giannis Antetokounmpo","placed on IL with sore right knee","Giannis Antetokounmpo","2021-22"
2022-03-22,"Bucks","• Giannis Antetokounmpo","","activated from IL","Giannis Antetokounmpo","2021-22"
2022-03-24,"Bucks","","• Giannis Antetokounmpo","placed on IL with sore right knee","Giannis Antetokounmpo","2021-22"
2022-03-26,"Bucks","• Giannis Antetokounmpo","","activated from IL","Giannis Antetokounmpo","2021-22"
2022-04-01,"Bucks","","• Giannis Antetokounmpo","placed on IL with sore right knee","Giannis Antetokounmpo","2021-22"
2022-04-03,"Bucks","• Giannis Antetokounmpo","","activated from IL","Giannis Antetokounmpo","2021-22"
2022-04-10,"Bucks","","• Giannis Antetokounmpo","placed on IL with sore right knee","Giannis Antetokounmpo","2021-22"
2022-04-16,"Bucks","• Giannis Antetokounmpo","","activated from IL","Giannis Antetokounmpo","2021-22"
2022-11-05,"Bucks","","• Giannis Antetokounmpo","placed on IL","Giannis Antetokounmpo","2022-23"
2022-11-07,"Bucks","• Giannis Antetokounmpo","","activated from IL","Giannis Antetokounmpo","2022-23"
2022-11-09,"Bucks","","• Giannis Antetokounmpo","placed on IL with sore left knee","Giannis Antetokounmpo","2022-23"
2022-11-14,"Bucks","• Giannis Antetokounmpo","","activated from IL","Giannis Antetokounmpo","2022-23"
2022-12-03,"Bucks","","• Giannis Antetokounmpo","placed on IL with sore left knee","Giannis Antetokounmpo","2022-23"
2022-12-05,"Bucks","• Giannis Antetokounmpo","","activated from IL","Giannis Antetokounmpo","2022-23"
2023-01-01,"Bucks","","• Giannis Antetokounmpo","placed on IL with sore left knee","Giannis Antetokounmpo","2022-23"
2023-01-03,"Bucks","• Giannis Antetokounmpo","","activated from IL","Giannis Antetokounmpo","2022-23"
2023-01-12,"Bucks","","• Giannis Antetokounmpo","placed on IL with sore left knee","Giannis Antetokounmpo","2022-23"
2023-01-23,"Bucks","• Giannis Antetokounmpo","","activated from IL","Giannis Antetokounmpo","2022-23"
2023-02-26,"Bucks","","• Giannis Antetokounmpo","placed on IL with bruised right quadriceps","Giannis Antetokounmpo","2022-23"
2023-02-28,"Bucks","• Giannis Antetokounmpo","","activated from IL","Giannis Antetokounmpo","2022-23"
2023-03-07,"Bucks","","• Giannis Antetokounmpo","placed on IL with illness","Giannis Antetokounmpo","2022-23"
2023-03-09,"Bucks","• Giannis Antetokounmpo","","activated from IL","Giannis Antetokounmpo","2022-23"
2023-03-09,"Bucks","","• Giannis Antetokounmpo","placed on IL with right hand injury","Giannis Antetokounmpo","2022-23"
2023-03-13,"Bucks","• Giannis Antetokounmpo","","activated from IL","Giannis Antetokounmpo","2022-23"
2023-03-27,"Bucks","","• Giannis Antetokounmpo","placed on IL with sore right knee","Giannis Antetokounmpo","2022-23"
2023-03-29,"Bucks","• Giannis Antetokounmpo","","activated from IL","Giannis Antetokounmpo","2022-23"
2023-04-05,"Bucks","","• Giannis Antetokounmpo","placed on IL with sore right knee","Giannis Antetokounmpo","2022-23"
2023-04-16,"Bucks","• Giannis Antetokounmpo","","activated from IL","Giannis Antetokounmpo","2022-23"
2023-04-19,"Bucks","","• Giannis Antetokounmpo","placed on IL with bruised lower back","Giannis Antetokounmpo","2022-23"
2023-04-24,"Bucks","• Giannis Antetokounmpo","","activated from IL","Giannis Antetokounmpo","2022-23"
2019-12-23,"Warriors","","• Glenn Robinson III","placed on IL with sprained right ankle","Glenn Robinson III","2019-20"
2019-12-25,"Warriors","• Glenn Robinson III","","activated from IL","Glenn Robinson III","2019-20"
2020-01-18,"Warriors","","• Glenn Robinson III","sprained right ankle (DTD)","Glenn Robinson III","2019-20"
2020-01-22,"Warriors","• Glenn Robinson III","","returned to lineup","Glenn Robinson III","2019-20"
2013-11-05,"Suns","","• Goran Dragic","sprained left ankle (DNP)","Goran Dragic","2013-14"
2013-11-06,"Suns","","• Goran Dragic","sprained left ankle (DNP)","Goran Dragic","2013-14"
2013-11-08,"Suns","","• Goran Dragic","sprained left ankle (DNP)","Goran Dragic","2013-14"
2014-02-26,"Suns","","• Goran Dragic","ankle injury (DNP)","Goran Dragic","2013-14"
2014-04-11,"Suns","","• Goran Dragic","sprained ankle (DNP)","Goran Dragic","2013-14"
2014-04-16,"Suns","","• Goran Dragic","ankle injury (DNP)","Goran Dragic","2013-14"
2015-12-22,"Heat","","• Goran Dragic","placed on IL with sore left calf (P) / wrist injury (CBC)","Goran Dragic","2015-16"
2015-12-25,"Heat","• Goran Dragic","","activated from IL","Goran Dragic","2015-16"
2016-01-13,"Heat","","• Goran Dragic","placed on IL with strained left calf","Goran Dragic","2015-16"
2016-01-29,"Heat","• Goran Dragic","","activated from IL","Goran Dragic","2015-16"
2016-03-28,"Heat","","• Goran Dragic","illness (DTD)","Goran Dragic","2015-16"
2016-03-30,"Heat","• Goran Dragic","","returned to lineup","Goran Dragic","2015-16"
2016-11-11,"Heat","","• Goran Dragic","sprained left ankle (DTD)","Goran Dragic","2016-17"
2016-11-17,"Heat","• Goran Dragic","","returned to lineup","Goran Dragic","2016-17"
2016-11-25,"Heat","","• Goran Dragic","strained left elbow (DTD)","Goran Dragic","2016-17"
2016-11-28,"Heat","• Goran Dragic","","returned to lineup","Goran Dragic","2016-17"
2016-12-27,"Heat","","• Goran Dragic","back spasms (DTD)","Goran Dragic","2016-17"
2016-12-29,"Heat","• Goran Dragic","","returned to lineup","Goran Dragic","2016-17"
2016-12-30,"Heat","","• Goran Dragic","back spasms (DTD)","Goran Dragic","2016-17"
2017-01-03,"Heat","• Goran Dragic","","returned to lineup","Goran Dragic","2016-17"
2017-03-12,"Heat","","• Goran Dragic","bruised right orbital bone (DTD)","Goran Dragic","2016-17"
2017-03-12,"Heat","","• Goran Dragic","eye injury (DTD)","Goran Dragic","2016-17"
2017-03-15,"Heat","• Goran Dragic","","returned to lineup","Goran Dragic","2016-17"
2017-12-18,"Heat","","• Goran Dragic","sore left elbow (DTD)","Goran Dragic","2017-18"
2017-12-23,"Heat","• Goran Dragic","","returned to lineup","Goran Dragic","2017-18"
2018-01-20,"Heat","","• Goran Dragic","bruised left knee (DTD)","Goran Dragic","2017-18"
2018-01-25,"Heat","• Goran Dragic","","returned to lineup","Goran Dragic","2017-18"
2018-04-04,"Heat","","• Goran Dragic","placed on IL with sprained right ankle","Goran Dragic","2017-18"
2018-04-06,"Heat","• Goran Dragic","","activated from IL","Goran Dragic","2017-18"
2018-04-11,"Heat","","• Goran Dragic","placed on IL with sore right knee (out for season)","Goran Dragic","2017-18"
2018-04-14,"Heat","• Goran Dragic","","activated from IL","Goran Dragic","2017-18"
2014-01-10,"Jazz","","• Gordon Hayward","strained left hip flexor (DNP)","Gordon Hayward","2013-14"
2014-01-13,"Jazz","","• Gordon Hayward","placed on IL with strained left hip flexor","Gordon Hayward","2013-14"
2014-01-21,"Jazz","• Gordon Hayward","","activated from IL","Gordon Hayward","2013-14"
2015-03-10,"Jazz","","• Gordon Hayward","strained lower back (DTD)","Gordon Hayward","2014-15"
2015-03-12,"Jazz","• Gordon Hayward","","returned to lineup","Gordon Hayward","2014-15"
2015-03-23,"Jazz","","• Gordon Hayward","placed on IL with sprained left shoulder","Gordon Hayward","2014-15"
2015-03-27,"Jazz","• Gordon Hayward","","activated from IL","Gordon Hayward","2014-15"
2015-04-13,"Jazz","","• Gordon Hayward","Achilles injury (out for season)","Gordon Hayward","2014-15"
2015-04-15,"Jazz","","• Gordon Hayward","placed on IL with Achilles injury (out for season)","Gordon Hayward","2014-15"
2016-03-14,"Jazz","","• Gordon Hayward","plantar faciitis in right foot (DTD)","Gordon Hayward","2015-16"
2016-03-19,"Jazz","• Gordon Hayward","","returned to lineup","Gordon Hayward","2015-16"
2016-10-07,"Jazz","","• Gordon Hayward","fractured left ring finger (out indefinitely)","Gordon Hayward","2016-17"
2016-10-25,"Jazz","","• Gordon Hayward","placed on IL with fractured left ring finger","Gordon Hayward","2016-17"
2016-11-06,"Jazz","• Gordon Hayward","","activated from IL","Gordon Hayward","2016-17"
2016-12-08,"Jazz","","• Gordon Hayward","left finger injury (DTD)","Gordon Hayward","2016-17"
2016-12-10,"Jazz","• Gordon Hayward","","returned to lineup","Gordon Hayward","2016-17"
2017-03-27,"Jazz","","• Gordon Hayward","bruised left quadricep (DTD)","Gordon Hayward","2016-17"
2017-03-29,"Jazz","• Gordon Hayward","","returned to lineup","Gordon Hayward","2016-17"
2017-04-10,"Jazz","","• Gordon Hayward","bruised left quadricep (DTD)","Gordon Hayward","2016-17"
2017-04-12,"Jazz","• Gordon Hayward","","returned to lineup","Gordon Hayward","2016-17"
2017-04-23,"Jazz","","• Gordon Hayward","food poisoning (DTD)","Gordon Hayward","2016-17"
2017-04-24,"Jazz","• Gordon Hayward","","returned to lineup","Gordon Hayward","2016-17"
2019-11-11,"Celtics","","• Gordon Hayward","placed on IL with fractured left hand","Gordon Hayward","2019-20"
2019-11-11,"Celtics","","• Gordon Hayward","surgery on left hand to repair fracture (out indefinitely)","Gordon Hayward","2019-20"
2019-12-09,"Celtics","• Gordon Hayward","","activated from IL","Gordon Hayward","2019-20"
2019-12-18,"Celtics","","• Gordon Hayward","placed on IL with sore left foot","Gordon Hayward","2019-20"
2019-12-25,"Celtics","• Gordon Hayward","","activated from IL","Gordon Hayward","2019-20"
2020-02-07,"Celtics","","• Gordon Hayward","placed on IL with sore left foot","Gordon Hayward","2019-20"
2020-02-09,"Celtics","• Gordon Hayward","","activated from IL","Gordon Hayward","2019-20"
2020-03-04,"Celtics","","• Gordon Hayward","placed on IL with bruised right knee","Gordon Hayward","2019-20"
2020-03-08,"Celtics","• Gordon Hayward","","activated from IL","Gordon Hayward","2019-20"
2021-01-14,"Hornets","","• Gordon Hayward","left hip injury (DTD)","Gordon Hayward","2020-21"
2021-01-16,"Hornets","• Gordon Hayward","","returned to lineup","Gordon Hayward","2020-21"
2021-02-14,"Hornets","","• Gordon Hayward","sore lower back (DTD)","Gordon Hayward","2020-21"
2021-02-20,"Hornets","• Gordon Hayward","","returned to lineup","Gordon Hayward","2020-21"
2021-02-28,"Hornets","","• Gordon Hayward","right hand injury (DTD)","Gordon Hayward","2020-21"
2021-03-03,"Hornets","• Gordon Hayward","","returned to lineup","Gordon Hayward","2020-21"
2021-04-03,"Hornets","","• Gordon Hayward","placed on IL with sprained right foot","Gordon Hayward","2020-21"
2021-12-20,"Hornets","","• Gordon Hayward","back injury (DTD)","Gordon Hayward","2021-22"
2021-12-22,"Hornets","• Gordon Hayward","","returned to lineup","Gordon Hayward","2021-22"
2022-01-23,"Hornets","","• Gordon Hayward","right foot injury (DTD)","Gordon Hayward","2021-22"
2022-01-26,"Hornets","","• Gordon Hayward","placed on IL with NBA health and safety protocols","Gordon Hayward","2021-22"
2022-02-04,"Hornets","• Gordon Hayward","","activated from IL","Gordon Hayward","2021-22"
2022-02-08,"Hornets","","• Gordon Hayward","placed on IL with sprained left ankle","Gordon Hayward","2021-22"
2022-04-01,"Hornets","• Gordon Hayward","","activated from IL","Gordon Hayward","2021-22"
2022-04-04,"Hornets","","• Gordon Hayward","placed on IL with sore left foot (out for season)","Gordon Hayward","2021-22"
2022-11-04,"Hornets","","• Gordon Hayward","placed on IL with bruised left shoulder","Gordon Hayward","2022-23"
2022-11-18,"Hornets","• Gordon Hayward","","activated from IL","Gordon Hayward","2022-23"
2022-11-28,"Hornets","","• Gordon Hayward","placed on IL with left shoulder injury","Gordon Hayward","2022-23"
2022-12-16,"Hornets","• Gordon Hayward","","activated from IL","Gordon Hayward","2022-23"
2023-01-04,"Hornets","","• Gordon Hayward","placed on IL with sore left hamstring","Gordon Hayward","2022-23"
2023-01-21,"Hornets","• Gordon Hayward","","activated from IL","Gordon Hayward","2022-23"
2023-01-24,"Hornets","","• Gordon Hayward","placed on IL with strained left hamstring","Gordon Hayward","2022-23"
2023-01-26,"Hornets","• Gordon Hayward","","activated from IL","Gordon Hayward","2022-23"
2023-03-27,"Hornets","","• Gordon Hayward","placed on IL with sprained left thumb (out for season)","Gordon Hayward","2022-23"
2015-03-30,"Timberwolves","","• Gorgui Dieng","concussion (out for season)","Gorgui Dieng","2014-15"
2021-01-01,"Grizzlies","","• Grayson Allen","sprained left ankle (DTD)","Grayson Allen","2020-21"
2021-01-03,"Grizzlies","• Grayson Allen","","returned to lineup","Grayson Allen","2020-21"
2021-01-29,"Grizzlies","","• Grayson Allen","placed on IL with NBA health and safety protocols","Grayson Allen","2020-21"
2021-02-06,"Grizzlies","• Grayson Allen","","activated from IL","Grayson Allen","2020-21"
2021-02-27,"Grizzlies","","• Grayson Allen","placed on IL with concussion","Grayson Allen","2020-21"
2021-03-11,"Grizzlies","• Grayson Allen","","activated from IL","Grayson Allen","2020-21"
2021-03-31,"Grizzlies","","• Grayson Allen","placed on IL with sore left hip","Grayson Allen","2020-21"
2021-04-02,"Grizzlies","• Grayson Allen","","activated from IL","Grayson Allen","2020-21"
2021-04-30,"Grizzlies","","• Grayson Allen","placed on IL with left hand injury","Grayson Allen","2020-21"
2021-12-04,"Bucks","","• Grayson Allen","placed on IL with illness","Grayson Allen","2021-22"
2021-12-06,"Bucks","• Grayson Allen","","activated from IL","Grayson Allen","2021-22"
2021-12-22,"Bucks","","• Grayson Allen","illness (DTD)","Grayson Allen","2021-22"
2021-12-23,"Bucks","• Grayson Allen","","returned to lineup","Grayson Allen","2021-22"
2022-01-04,"Bucks","","• Grayson Allen","placed on IL with NBA health and safety protocols","Grayson Allen","2021-22"
2022-01-12,"Bucks","• Grayson Allen","","activated from IL","Grayson Allen","2021-22"
2022-01-22,"Bucks","","• Grayson Allen","sore left hip (DTD)","Grayson Allen","2021-22"
2022-02-06,"Bucks","","• Grayson Allen","placed on IL with right hip injury","Grayson Allen","2021-22"
2022-02-08,"Bucks","• Grayson Allen","","activated from IL","Grayson Allen","2021-22"
2022-02-17,"Bucks","","• Grayson Allen","placed on IL with sore left hip","Grayson Allen","2021-22"
2022-02-25,"Bucks","• Grayson Allen","","activated from IL","Grayson Allen","2021-22"
2022-03-07,"Bucks","","• Grayson Allen","placed on IL with sore left hip","Grayson Allen","2021-22"
2022-03-09,"Bucks","• Grayson Allen","","activated from IL","Grayson Allen","2021-22"
2022-04-07,"Bucks","","• Grayson Allen","placed on IL with sore left hip","Grayson Allen","2021-22"
2022-04-16,"Bucks","• Grayson Allen","","activated from IL","Grayson Allen","2021-22"
2022-11-11,"Bucks","","• Grayson Allen","placed on IL with illness","Grayson Allen","2022-23"
2022-11-14,"Bucks","• Grayson Allen","","activated from IL","Grayson Allen","2022-23"
2022-11-16,"Bucks","","• Grayson Allen","placed on IL with sprained right ankle","Grayson Allen","2022-23"
2022-11-18,"Bucks","• Grayson Allen","","activated from IL","Grayson Allen","2022-23"
2022-12-05,"Bucks","","• Grayson Allen","placed on IL with right foot injury","Grayson Allen","2022-23"
2022-12-07,"Bucks","• Grayson Allen","","activated from IL","Grayson Allen","2022-23"
2023-01-12,"Bucks","","• Grayson Allen","placed on IL with sprained right ankle","Grayson Allen","2022-23"
2023-01-14,"Bucks","• Grayson Allen","","activated from IL","Grayson Allen","2022-23"
2023-03-14,"Bucks","","• Grayson Allen","placed on IL with sore right foot","Grayson Allen","2022-23"
2023-03-19,"Bucks","• Grayson Allen","","activated from IL","Grayson Allen","2022-23"
2023-04-03,"Bucks","","• Grayson Allen","placed on IL with sprained right ankle","Grayson Allen","2022-23"
2023-04-16,"Bucks","• Grayson Allen","","activated from IL","Grayson Allen","2022-23"
2015-03-17,"Pistons","","• Greg Monroe","placed on IL with strained right knee","Greg Monroe","2014-15"
2015-04-08,"Pistons","• Greg Monroe","","activated from IL","Greg Monroe","2014-15"
2015-12-15,"Bucks","","• Greg Monroe","knee injury (DTD)","Greg Monroe","2015-16"
2015-12-18,"Bucks","• Greg Monroe","","returned to lineup","Greg Monroe","2015-16"
2015-11-28,"Warriors","","• Harrison Barnes","placed on IL with sprained left ankle","Harrison Barnes","2015-16"
2016-01-02,"Warriors","• Harrison Barnes","","activated from IL (P)","Harrison Barnes","2015-16"
2016-01-02,"Warriors","","• Harrison Barnes","sprained left ankle (DTD) (P)","Harrison Barnes","2015-16"
2016-01-04,"Warriors","• Harrison Barnes","","activated from IL","Harrison Barnes","2015-16"
2018-02-05,"Mavericks","","• Harrison Barnes","placed on IL with sprained left ankle","Harrison Barnes","2017-18"
2018-02-10,"Mavericks","• Harrison Barnes","","activated from IL","Harrison Barnes","2017-18"
2018-03-17,"Mavericks","","• Harrison Barnes","placed on IL for rest","Harrison Barnes","2017-18"
2018-03-20,"Mavericks","• Harrison Barnes","","activated from IL","Harrison Barnes","2017-18"
2018-04-04,"Mavericks","","• Harrison Barnes","placed on IL for rest","Harrison Barnes","2017-18"
2018-04-06,"Mavericks","• Harrison Barnes","","activated from IL","Harrison Barnes","2017-18"
2018-04-10,"Mavericks","","• Harrison Barnes","placed on IL for rest","Harrison Barnes","2017-18"
2018-10-14,"Mavericks","","• Harrison Barnes","strained right hamstring (DTD)","Harrison Barnes","2018-19"
2018-10-26,"Mavericks","• Harrison Barnes","","returned to lineup","Harrison Barnes","2018-19"
2021-02-17,"Kings","","• Harrison Barnes","placed on IL with left foot injury","Harrison Barnes","2020-21"
2021-02-23,"Kings","• Harrison Barnes","","activated from IL","Harrison Barnes","2020-21"
2021-04-28,"Kings","","• Harrison Barnes","placed on IL with tightness in left adductor (out for season)","Harrison Barnes","2020-21"
2021-11-26,"Kings","","• Harrison Barnes","placed on IL with sprained right foot","Harrison Barnes","2021-22"
2021-12-08,"Kings","• Harrison Barnes","","activated from IL","Harrison Barnes","2021-22"
2014-12-14,"Heat","","• Hassan Whiteside","placed on IL","Hassan Whiteside","2014-15"
2014-12-16,"Heat","• Hassan Whiteside","","activated from IL","Hassan Whiteside","2014-15"
2014-12-21,"Heat","","• Hassan Whiteside","left toe injury (DTD)","Hassan Whiteside","2014-15"
2014-12-23,"Heat","• Hassan Whiteside","","returned to lineup","Hassan Whiteside","2014-15"
2015-01-21,"Heat","","• Hassan Whiteside","sprained right ankle (DTD)","Hassan Whiteside","2014-15"
2015-01-25,"Heat","• Hassan Whiteside","","returned to lineup","Hassan Whiteside","2014-15"
2015-02-06,"Heat","","• Hassan Whiteside","sprained ankle (DTD)","Hassan Whiteside","2014-15"
2015-02-09,"Heat","• Hassan Whiteside","","returned to lineup","Hassan Whiteside","2014-15"
2015-03-07,"Heat","","• Hassan Whiteside","ankle injury (DTD)","Hassan Whiteside","2014-15"
2015-03-09,"Heat","• Hassan Whiteside","","returned to lineup","Hassan Whiteside","2014-15"
2015-03-25,"Heat","","• Hassan Whiteside","hand injury (DTD)","Hassan Whiteside","2014-15"
2015-03-27,"Heat","","• Hassan Whiteside","placed on IL with hand injury","Hassan Whiteside","2014-15"
2015-03-31,"Heat","• Hassan Whiteside","","activated from IL","Hassan Whiteside","2014-15"
2015-04-05,"Heat","","• Hassan Whiteside","lacerated right hand (DTD)","Hassan Whiteside","2014-15"
2015-04-07,"Heat","• Hassan Whiteside","","returned to lineup","Hassan Whiteside","2014-15"
2015-04-15,"Heat","","• Hassan Whiteside","undisclosed (out for season)","Hassan Whiteside","2014-15"
2016-01-04,"Heat","","• Hassan Whiteside","knee injury (DTD)","Hassan Whiteside","2015-16"
2016-01-04,"Heat","","• Hassan Whiteside","placed on IL with sore right knee","Hassan Whiteside","2015-16"
2016-01-06,"Heat","• Hassan Whiteside","","activated from IL","Hassan Whiteside","2015-16"
2016-01-11,"Heat","","• Hassan Whiteside","knee injury (DTD)","Hassan Whiteside","2015-16"
2016-01-13,"Heat","• Hassan Whiteside","","returned to lineup","Hassan Whiteside","2015-16"
2016-01-20,"Heat","","• Hassan Whiteside","strained oblique (DTD)","Hassan Whiteside","2015-16"
2016-01-21,"Heat","","• Hassan Whiteside","hip injury (DTD)","Hassan Whiteside","2015-16"
2016-01-22,"Heat","","• Hassan Whiteside","strained left hip (DTD)","Hassan Whiteside","2015-16"
2016-01-29,"Heat","","• Hassan Whiteside","placed on IL with strained left hip","Hassan Whiteside","2015-16"
2016-02-03,"Heat","• Hassan Whiteside","","activated from IL","Hassan Whiteside","2015-16"
2017-01-01,"Heat","","• Hassan Whiteside","right eye injury (DTD)","Hassan Whiteside","2016-17"
2017-01-08,"Heat","• Hassan Whiteside","","returned to lineup","Hassan Whiteside","2016-17"
2017-01-27,"Heat","","• Hassan Whiteside","ankle injury (DTD)","Hassan Whiteside","2016-17"
2017-01-28,"Heat","• Hassan Whiteside","","returned to lineup","Hassan Whiteside","2016-17"
2017-10-20,"Heat","","• Hassan Whiteside","bruised left knee (DTD)","Hassan Whiteside","2017-18"
2017-10-21,"Heat","","• Hassan Whiteside","placed on IL with bruised left knee","Hassan Whiteside","2017-18"
2017-11-01,"Heat","• Hassan Whiteside","","activated from IL","Hassan Whiteside","2017-18"
2017-11-29,"Heat","","• Hassan Whiteside","bone bruise in left knee (DTD)","Hassan Whiteside","2017-18"
2017-12-20,"Heat","","• Hassan Whiteside","placed on IL with bone bruise in left knee","Hassan Whiteside","2017-18"
2017-12-26,"Heat","• Hassan Whiteside","","activated from IL","Hassan Whiteside","2017-18"
2018-02-03,"Heat","","• Hassan Whiteside","illness (DTD)","Hassan Whiteside","2017-18"
2018-02-05,"Heat","• Hassan Whiteside","","returned to lineup","Hassan Whiteside","2017-18"
2018-03-10,"Heat","","• Hassan Whiteside","placed on IL with sore left hip","Hassan Whiteside","2017-18"
2018-03-29,"Heat","• Hassan Whiteside","","activated from IL","Hassan Whiteside","2017-18"
2018-11-05,"Heat","","• Hassan Whiteside","right knee injury (DTD)","Hassan Whiteside","2018-19"
2018-11-07,"Heat","• Hassan Whiteside","","returned to lineup","Hassan Whiteside","2018-19"
2018-12-06,"Heat","","• Hassan Whiteside","personal reasons (DTD)","Hassan Whiteside","2018-19"
2018-12-10,"Heat","","• Hassan Whiteside","placed on IL for personal reasons","Hassan Whiteside","2018-19"
2018-12-14,"Heat","• Hassan Whiteside","","returned to lineup","Hassan Whiteside","2018-19"
2019-01-12,"Heat","","• Hassan Whiteside","illness (DTD)","Hassan Whiteside","2018-19"
2019-01-15,"Heat","• Hassan Whiteside","","returned to lineup","Hassan Whiteside","2018-19"
2019-02-27,"Heat","","• Hassan Whiteside","strained left hip (DTD)","Hassan Whiteside","2018-19"
2019-03-02,"Heat","","• Hassan Whiteside","placed on IL with strained left hip","Hassan Whiteside","2018-19"
2019-03-04,"Heat","• Hassan Whiteside","","activated from IL","Hassan Whiteside","2018-19"
2019-11-02,"Blazers","","• Hassan Whiteside","left knee injury (DTD)","Hassan Whiteside","2019-20"
2019-11-04,"Blazers","• Hassan Whiteside","","returned to lineup","Hassan Whiteside","2019-20"
2019-11-21,"Blazers","","• Hassan Whiteside","placed on IL with right hip injury","Hassan Whiteside","2019-20"
2019-11-25,"Blazers","• Hassan Whiteside","","activated from IL","Hassan Whiteside","2019-20"
2020-01-11,"Blazers","","• Hassan Whiteside","illness (DTD)","Hassan Whiteside","2019-20"
2020-01-13,"Blazers","• Hassan Whiteside","","returned to lineup","Hassan Whiteside","2019-20"
2020-02-07,"Blazers","","• Hassan Whiteside","bruised left leg (DTD)","Hassan Whiteside","2019-20"
2020-02-11,"Blazers","• Hassan Whiteside","","returned to lineup","Hassan Whiteside","2019-20"
2021-11-03,"Pelicans","","• Herbert Jones / Herb Jones (Keyshawn)","placed on IL with concussion protocol","Herbert Jones","2021-22"
2021-11-05,"Pelicans","","• Herbert Jones / Herb Jones (Keyshawn)","placed on IL with sprained left ankle","Herbert Jones","2021-22"
2021-11-10,"Pelicans","• Herbert Jones / Herb Jones (Keyshawn)","","activated from IL","Herbert Jones","2021-22"
2022-04-10,"Pelicans","","• Herbert Jones / Herb Jones (Keyshawn)","placed on IL with tibia injury","Herbert Jones","2021-22"
2022-04-12,"Pelicans","• Herbert Jones / Herb Jones (Keyshawn)","","activated from IL","Herbert Jones","2021-22"
2022-10-25,"Pelicans","","• Herbert Jones / Herb Jones (Keyshawn)","placed on IL with hyperextended right knee","Herbert Jones","2022-23"
2022-11-04,"Pelicans","• Herbert Jones / Herb Jones (Keyshawn)","","activated from IL","Herbert Jones","2022-23"
2022-12-01,"Pelicans","","• Herbert Jones / Herb Jones (Keyshawn)","placed on IL with sore left ankle","Herbert Jones","2022-23"
2022-12-13,"Pelicans","• Herbert Jones / Herb Jones (Keyshawn)","","activated from IL","Herbert Jones","2022-23"
2022-12-26,"Pelicans","","• Herbert Jones / Herb Jones (Keyshawn)","placed on IL with NBA health and safety protocols","Herbert Jones","2022-23"
2022-12-30,"Pelicans","• Herbert Jones / Herb Jones (Keyshawn)","","activated from IL","Herbert Jones","2022-23"
2023-01-11,"Pelicans","","• Herbert Jones / Herb Jones (Keyshawn)","placed on IL with bruised lower back","Herbert Jones","2022-23"
2023-01-20,"Pelicans","• Herbert Jones / Herb Jones (Keyshawn)","","activated from IL","Herbert Jones","2022-23"
2014-02-10,"76ers","","• Hollis Thompson","sprained right ankle (DNP)","Hollis Thompson","2013-14"
2014-02-12,"76ers","","• Hollis Thompson","sprained right ankle (DNP)","Hollis Thompson","2013-14"
2014-02-18,"76ers","","• Hollis Thompson","sprained right ankle (DNP)","Hollis Thompson","2013-14"
2015-11-03,"Pacers","","• Ian Mahinmi","sore lower back (DTD)","Ian Mahinmi","2015-16"
2015-11-06,"Pacers","• Ian Mahinmi","","returned to lineup","Ian Mahinmi","2015-16"
2015-12-31,"Pacers","","• Ian Mahinmi","placed on IL with knee injury","Ian Mahinmi","2015-16"
2016-01-02,"Pacers","• Ian Mahinmi","","activated from IL","Ian Mahinmi","2015-16"
2016-01-17,"Pacers","","• Ian Mahinmi","sore left heel (DTD)","Ian Mahinmi","2015-16"
2016-01-19,"Pacers","• Ian Mahinmi","","returned to lineup","Ian Mahinmi","2015-16"
2016-01-22,"Pacers","","• Ian Mahinmi","sprained left ankle (DTD)","Ian Mahinmi","2015-16"
2016-01-26,"Pacers","• Ian Mahinmi","","returned to lineup","Ian Mahinmi","2015-16"
2016-01-30,"Pacers","","• Ian Mahinmi","sore lower back (DTD)","Ian Mahinmi","2015-16"
2016-02-06,"Pacers","• Ian Mahinmi","","returned to lineup","Ian Mahinmi","2015-16"
2016-03-17,"Pacers","","• Ian Mahinmi","placed on IL with sore lower back","Ian Mahinmi","2015-16"
2016-03-19,"Pacers","• Ian Mahinmi","","activated from IL","Ian Mahinmi","2015-16"
2016-04-13,"Pacers","","• Ian Mahinmi","placed on IL","Ian Mahinmi","2015-16"
2019-10-23,"Wizards","","• Ian Mahinmi","placed on IL with right Achilles injury","Ian Mahinmi","2019-20"
2019-12-05,"Wizards","• Ian Mahinmi","","activated from IL","Ian Mahinmi","2019-20"
2019-12-06,"Wizards","","• Ian Mahinmi","right Achilles injury (DTD)","Ian Mahinmi","2019-20"
2014-01-30,"Knicks","","• Iman Shumpert","sprained right shoulder (DNP)","Iman Shumpert","2013-14"
2014-02-01,"Knicks","","• Iman Shumpert","placed on IL with sprained right shoulder","Iman Shumpert","2013-14"
2014-02-03,"Knicks","• Iman Shumpert","","activated from IL","Iman Shumpert","2013-14"
2014-02-21,"Knicks","","• Iman Shumpert","placed on IL with sprained MCL in knee","Iman Shumpert","2013-14"
2014-03-02,"Knicks","• Iman Shumpert","","activated from IL","Iman Shumpert","2013-14"
2014-03-23,"Knicks","","• Iman Shumpert","illness (DNP)","Iman Shumpert","2013-14"
2014-11-16,"Knicks","","• Iman Shumpert","bruised right hip (DTD)","Iman Shumpert","2014-15"
2014-11-18,"Knicks","• Iman Shumpert","","returned to lineup","Iman Shumpert","2014-15"
2014-12-14,"Knicks","","• Iman Shumpert","placed on IL with dislocated left shoulder","Iman Shumpert","2014-15"
2015-01-07,"Cavaliers","","• Iman Shumpert","dislocated left shoulder (DTD)","Iman Shumpert","2014-15"
2015-01-13,"Cavaliers","","• Iman Shumpert","placed on IL with dislocated left shoulder","Iman Shumpert","2014-15"
2015-01-23,"Cavaliers","• Iman Shumpert","","activated from IL","Iman Shumpert","2014-15"
2015-04-10,"Cavaliers","","• Iman Shumpert","placed on IL with sore right quadriceps","Iman Shumpert","2014-15"
2015-04-12,"Cavaliers","• Iman Shumpert","","activated from IL","Iman Shumpert","2014-15"
2020-03-10,"Wizards","","• Isaac Bonga","placed on IL with groin injury","Isaac Bonga","2019-20"
2020-12-27,"Cavaliers","","• Isaac Okoro","placed on IL with sprained left foot","Isaac Okoro","2020-21"
2021-01-05,"Cavaliers","• Isaac Okoro","","activated from IL","Isaac Okoro","2020-21"
2021-10-27,"Cavaliers","","• Isaac Okoro","placed on IL with strained left hamstring","Isaac Okoro","2021-22"
2021-11-10,"Cavaliers","• Isaac Okoro","","activated from IL","Isaac Okoro","2021-22"
2021-12-16,"Cavaliers","","• Isaac Okoro","placed on IL with NBA health and safety protocols","Isaac Okoro","2021-22"
2021-12-28,"Cavaliers","• Isaac Okoro","","activated from IL","Isaac Okoro","2021-22"
2022-01-03,"Cavaliers","","• Isaac Okoro","placed on IL with sprained left elbow","Isaac Okoro","2021-22"
2022-01-14,"Cavaliers","• Isaac Okoro","","activated from IL","Isaac Okoro","2021-22"
2016-04-08,"76ers","","• Isaiah Canaan","torn labrum in left shoulder (out for season)","Isaiah Canaan","2015-16"
2017-01-20,"Bulls","","• Isaiah Canaan","placed on IL","Isaiah Canaan","2016-17"
2017-01-29,"Bulls","• Isaiah Canaan","","activated from IL","Isaiah Canaan","2016-17"
2017-03-08,"Bulls","","• Isaiah Canaan","placed on IL","Isaiah Canaan","2016-17"
2017-03-12,"Bulls","• Isaiah Canaan","","activated from IL","Isaiah Canaan","2016-17"
2017-03-13,"Bulls","","• Isaiah Canaan","placed on IL","Isaiah Canaan","2016-17"
2017-03-15,"Bulls","• Isaiah Canaan","","activated from IL","Isaiah Canaan","2016-17"
2017-04-12,"Bulls","","• Isaiah Canaan","placed on IL","Isaiah Canaan","2016-17"
2017-04-16,"Bulls","","• Isaiah Canaan","placed on IL","Isaiah Canaan","2016-17"
2017-04-23,"Bulls","• Isaiah Canaan","","activated from IL","Isaiah Canaan","2016-17"
2021-12-23,"Pistons","","• Isaiah Stewart","placed on IL with NBA health and safety protocols","Isaiah Stewart","2021-22"
2022-01-06,"Pistons","• Isaiah Stewart","","activated from IL","Isaiah Stewart","2021-22"
2022-03-08,"Pistons","","• Isaiah Stewart","placed on IL with right knee injury","Isaiah Stewart","2021-22"
2022-03-14,"Pistons","• Isaiah Stewart","","activated from IL","Isaiah Stewart","2021-22"
2022-11-17,"Pistons","","• Isaiah Stewart","placed on IL with right big toe injury","Isaiah Stewart","2022-23"
2022-11-29,"Pistons","• Isaiah Stewart","","activated from IL","Isaiah Stewart","2022-23"
2023-01-10,"Pistons","","• Isaiah Stewart","sore left shoulder (DTD)","Isaiah Stewart","2022-23"
2023-01-11,"Pistons","","• Isaiah Stewart","placed on IL with sore left shoulder","Isaiah Stewart","2022-23"
2023-01-13,"Pistons","• Isaiah Stewart","","activated from IL","Isaiah Stewart","2022-23"
2023-01-23,"Pistons","","• Isaiah Stewart","placed on IL with sore left shoulder","Isaiah Stewart","2022-23"
2023-01-26,"Pistons","• Isaiah Stewart","","activated from IL","Isaiah Stewart","2022-23"
2023-02-28,"Pistons","","• Isaiah Stewart","sore right hip (DTD)","Isaiah Stewart","2022-23"
2023-03-01,"Pistons","","• Isaiah Stewart","placed on IL with sore right hip","Isaiah Stewart","2022-23"
2023-03-09,"Pistons","","• Isaiah Stewart","placed on IL with left shoulder injury","Isaiah Stewart","2022-23"
2014-03-26,"Kings","","• Isaiah Thomas","bruised right quadriceps (DNP)","Isaiah Thomas","2013-14"
2014-03-29,"Kings","","• Isaiah Thomas","bruised right quadriceps (DNP)","Isaiah Thomas","2013-14"
2014-03-31,"Kings","","• Isaiah Thomas","bruised right quadriceps (DNP)","Isaiah Thomas","2013-14"
2014-04-02,"Kings","","• Isaiah Thomas","bruised right quadriceps (DNP)","Isaiah Thomas","2013-14"
2014-04-04,"Kings","","• Isaiah Thomas","bruised right quadriceps (DNP)","Isaiah Thomas","2013-14"
2014-04-06,"Kings","","• Isaiah Thomas","bruised right quadriceps (DNP)","Isaiah Thomas","2013-14"
2014-04-08,"Kings","","• Isaiah Thomas","bruised right quadriceps (DNP)","Isaiah Thomas","2013-14"
2014-04-09,"Kings","","• Isaiah Thomas","bruised right quadriceps (DNP)","Isaiah Thomas","2013-14"
2014-04-12,"Kings","","• Isaiah Thomas","bruised right quadriceps (DNP)","Isaiah Thomas","2013-14"
2016-04-16,"Celtics","• Isaiah Thomas","","activated from IL","Isaiah Thomas","2015-16"
2021-12-30,"Clippers","","• Ivica Zubac","placed on IL with NBA health and safety protocols","Ivica Zubac","2021-22"
2022-01-08,"Clippers","• Ivica Zubac","","activated from IL","Ivica Zubac","2021-22"
2022-01-31,"Clippers","","• Ivica Zubac","placed on IL with right calf injury","Ivica Zubac","2021-22"
2022-02-06,"Clippers","• Ivica Zubac","","activated from IL","Ivica Zubac","2021-22"
2022-12-15,"Clippers","","• Ivica Zubac","placed on IL with bruised left knee / discomfort in left knee","Ivica Zubac","2022-23"
2022-12-21,"Clippers","• Ivica Zubac","","activated from IL","Ivica Zubac","2022-23"
2023-02-23,"Clippers","","• Ivica Zubac","placed on IL with strained right calf","Ivica Zubac","2022-23"
2023-02-28,"Clippers","• Ivica Zubac","","activated from IL","Ivica Zubac","2022-23"
2023-03-02,"Clippers","","• Ivica Zubac","placed on IL with strained right calf","Ivica Zubac","2022-23"
2023-03-05,"Clippers","• Ivica Zubac","","activated from IL","Ivica Zubac","2022-23"
2022-10-29,"Grizzlies","","• Ja Morant","placed on IL","Ja Morant","2022-23"
2022-10-31,"Grizzlies","• Ja Morant","","activated from IL","Ja Morant","2022-23"
2022-11-13,"Grizzlies","","• Ja Morant","placed on IL with sore left ankle","Ja Morant","2022-23"
2022-11-15,"Grizzlies","• Ja Morant","","activated from IL","Ja Morant","2022-23"
2022-12-05,"Grizzlies","","• Ja Morant","sore left ankle (DTD)","Ja Morant","2022-23"
2022-12-12,"Grizzlies","","• Ja Morant","placed on IL with right thigh injury","Ja Morant","2022-23"
2022-12-15,"Grizzlies","• Ja Morant","","activated from IL","Ja Morant","2022-23"
2023-01-09,"Grizzlies","","• Ja Morant","placed on IL with right thigh injury","Ja Morant","2022-23"
2023-01-11,"Grizzlies","• Ja Morant","","activated from IL","Ja Morant","2022-23"
2023-01-23,"Grizzlies","","• Ja Morant","placed on IL with sore left ankle","Ja Morant","2022-23"
2023-01-24,"Grizzlies","• Ja Morant","","activated from IL","Ja Morant","2022-23"
2023-02-05,"Grizzlies","","• Ja Morant","placed on IL with sore right wrist","Ja Morant","2022-23"
2023-02-06,"Grizzlies","• Ja Morant","","activated from IL","Ja Morant","2022-23"
2023-03-28,"Grizzlies","","• Ja Morant","placed on IL with right thigh injury","Ja Morant","2022-23"
2023-03-29,"Grizzlies","• Ja Morant","","activated from IL","Ja Morant","2022-23"
2023-04-09,"Grizzlies","","• Ja Morant","placed on IL with right hand injury","Ja Morant","2022-23"
2023-04-16,"Grizzlies","• Ja Morant","","activated from IL","Ja Morant","2022-23"
2023-04-19,"Grizzlies","","• Ja Morant","placed on IL with right hand injury","Ja Morant","2022-23"
2023-04-22,"Grizzlies","• Ja Morant","","activated from IL","Ja Morant","2022-23"
2014-11-21,"76ers","","• JaKarr Sampson","placed on IL","JaKarr Sampson","2014-15"
2014-11-24,"76ers","• JaKarr Sampson","","activated from IL","JaKarr Sampson","2014-15"
2017-10-19,"Grizzlies","","• JaMychal Green","sprained left ankle (DTD)","JaMychal Green","2017-18"
2017-10-21,"Grizzlies","","• JaMychal Green","placed on IL with sprained left ankle","JaMychal Green","2017-18"
2017-11-14,"Grizzlies","• JaMychal Green","","activated from IL","JaMychal Green","2017-18"
2017-12-23,"Grizzlies","","• JaMychal Green","placed on IL with sore right knee","JaMychal Green","2017-18"
2017-12-30,"Grizzlies","• JaMychal Green","","activated from IL","JaMychal Green","2017-18"
2018-01-21,"Grizzlies","","• JaMychal Green","right ankle injury (DTD)","JaMychal Green","2017-18"
2018-01-22,"Grizzlies","","• JaMychal Green","placed on IL with right ankle injury","JaMychal Green","2017-18"
2018-02-01,"Grizzlies","• JaMychal Green","","activated from IL","JaMychal Green","2017-18"
2018-03-02,"Grizzlies","","• JaMychal Green","illness (DTD)","JaMychal Green","2017-18"
2018-03-03,"Grizzlies","• JaMychal Green","","returned to lineup","JaMychal Green","2017-18"
2018-04-01,"Grizzlies","","• JaMychal Green","sore left knee (out for season)","JaMychal Green","2017-18"
2018-12-16,"Lakers","","• JaVale McGee","flu (DTD)","JaVale McGee","2018-19"
2018-12-30,"Lakers","• JaVale McGee","","returned to lineup","JaVale McGee","2018-19"
2020-01-23,"Lakers","","• JaVale McGee","placed on IL with flu","JaVale McGee","2019-20"
2020-01-31,"Lakers","• JaVale McGee","","activated from IL","JaVale McGee","2019-20"
2015-10-26,"Bucks","","• Jabari Parker","sore left knee (DTD)","Jabari Parker","2015-16"
2015-10-28,"Bucks","","• Jabari Parker","placed on IL recovering from surgery on left knee to repair torn ACL","Jabari Parker","2015-16"
2015-11-04,"Bucks","• Jabari Parker","","activated from IL","Jabari Parker","2015-16"
2015-11-11,"Bucks","","• Jabari Parker","rest (DTD)","Jabari Parker","2015-16"
2015-11-16,"Bucks","","• Jabari Parker","sprained right foot (DTD)","Jabari Parker","2015-16"
2015-11-17,"Bucks","","• Jabari Parker","placed on IL with sprained right foot","Jabari Parker","2015-16"
2015-11-19,"Bucks","• Jabari Parker","","activated from IL","Jabari Parker","2015-16"
2023-01-21,"Rockets","","• Jabari Smith Jr.","placed on IL with sprained right ankle","Jabari Smith Jr.","2022-23"
2023-01-25,"Rockets","• Jabari Smith Jr.","","activated from IL","Jabari Smith Jr.","2022-23"
2022-10-26,"Pistons","","• Jaden Ivey","illness (DTD)","Jaden Ivey","2022-23"
2022-10-28,"Pistons","• Jaden Ivey","","returned to lineup","Jaden Ivey","2022-23"
2022-11-25,"Pistons","","• Jaden Ivey","sore right knee (DTD)","Jaden Ivey","2022-23"
2022-11-27,"Pistons","","• Jaden Ivey","placed on IL with sore right knee","Jaden Ivey","2022-23"
2022-12-01,"Pistons","• Jaden Ivey","","activated from IL","Jaden Ivey","2022-23"
2023-02-27,"Pistons","","• Jaden Ivey","personal reasons (DTD)","Jaden Ivey","2022-23"
2023-02-28,"Pistons","• Jaden Ivey","","returned to lineup","Jaden Ivey","2022-23"
2023-03-10,"Pistons","","• Jaden Ivey","placed on IL with NBA health and safety protocols","Jaden Ivey","2022-23"
2023-03-16,"Pistons","• Jaden Ivey","","activated from IL","Jaden Ivey","2022-23"
2016-03-14,"Celtics","","• Jae Crowder","sprained right ankle (DTD)","Jae Crowder","2015-16"
2016-03-15,"Celtics","","• Jae Crowder","placed on IL with sprained right ankle","Jae Crowder","2015-16"
2016-03-31,"Celtics","• Jae Crowder","","activated from IL","Jae Crowder","2015-16"
2016-04-01,"Celtics","","• Jae Crowder","rest (DTD)","Jae Crowder","2015-16"
2016-04-03,"Celtics","• Jae Crowder","","returned to lineup","Jae Crowder","2015-16"
2016-11-02,"Celtics","","• Jae Crowder","sprained left ankle (DTD)","Jae Crowder","2016-17"
2016-11-03,"Celtics","","• Jae Crowder","placed on IL with sprained left ankle","Jae Crowder","2016-17"
2016-11-19,"Celtics","• Jae Crowder","","activated from IL","Jae Crowder","2016-17"
2017-02-09,"Celtics","","• Jae Crowder","placed on IL for personal reasons","Jae Crowder","2016-17"
2017-02-13,"Celtics","• Jae Crowder","","activated from IL","Jae Crowder","2016-17"
2019-12-14,"Grizzlies","","• Jae Crowder","sore left ankle (DTD)","Jae Crowder","2019-20"
2019-12-16,"Grizzlies","• Jae Crowder","","returned to lineup","Jae Crowder","2019-20"
2019-12-29,"Grizzlies","","• Jae Crowder","placed on IL with sore left ankle","Jae Crowder","2019-20"
2020-01-02,"Grizzlies","• Jae Crowder","","activated from IL","Jae Crowder","2019-20"
2020-01-14,"Grizzlies","","• Jae Crowder","right hip injury (DTD)","Jae Crowder","2019-20"
2020-01-17,"Grizzlies","• Jae Crowder","","returned to lineup","Jae Crowder","2019-20"
2020-01-26,"Grizzlies","","• Jae Crowder","placed on IL with sore right knee","Jae Crowder","2019-20"
2020-01-29,"Grizzlies","• Jae Crowder","","activated from IL","Jae Crowder","2019-20"
2020-03-07,"Heat","","• Jae Crowder","concussion (DTD)","Jae Crowder","2019-20"
2020-03-11,"Heat","• Jae Crowder","","returned to lineup","Jae Crowder","2019-20"
2021-02-05,"Suns","","• Jae Crowder","sore right foot / sore left knee (DTD)","Jae Crowder","2020-21"
2021-02-10,"Suns","• Jae Crowder","","returned to lineup","Jae Crowder","2020-21"
2021-04-22,"Suns","","• Jae Crowder","sprained right ankle (DTD)","Jae Crowder","2020-21"
2021-12-26,"Suns","","• Jae Crowder","placed on IL with NBA health and safety protocols","Jae Crowder","2021-22"
2022-01-07,"Suns","• Jae Crowder","","activated from IL","Jae Crowder","2021-22"
2022-01-23,"Suns","","• Jae Crowder","left wrist injury (DTD)","Jae Crowder","2021-22"
2022-02-01,"Suns","• Jae Crowder","","returned to lineup","Jae Crowder","2021-22"
2022-03-16,"Suns","","• Jae Crowder","left groin injury (DTD)","Jae Crowder","2021-22"
2022-03-20,"Suns","• Jae Crowder","","returned to lineup","Jae Crowder","2021-22"
2022-04-03,"Suns","","• Jae Crowder","sore right ankle (DTD)","Jae Crowder","2021-22"
2022-04-04,"Suns","• Jae Crowder","","returned to lineup","Jae Crowder","2021-22"
2022-04-06,"Suns","","• Jae Crowder","sore right ankle (DTD)","Jae Crowder","2021-22"
2022-04-07,"Suns","• Jae Crowder","","returned to lineup","Jae Crowder","2021-22"
2022-04-10,"Suns","","• Jae Crowder","sore right ankle (DTD)","Jae Crowder","2021-22"
2022-04-17,"Suns","• Jae Crowder","","returned to lineup","Jae Crowder","2021-22"
2021-12-27,"Rockets","","• Jae'Sean Tate","placed on IL with NBA health and safety protocols","Jae'Sean Tate","2021-22"
2021-12-31,"Rockets","• Jae'Sean Tate","","activated from IL","Jae'Sean Tate","2021-22"
2022-03-09,"Rockets","","• Jae'Sean Tate","placed on IL with sore left ankle","Jae'Sean Tate","2021-22"
2022-03-12,"Rockets","• Jae'Sean Tate","","activated from IL","Jae'Sean Tate","2021-22"
2015-12-26,"76ers","","• Jahlil Okafor","sore right knee (DTD)","Jahlil Okafor","2015-16"
2015-12-30,"76ers","• Jahlil Okafor","","returned to lineup","Jahlil Okafor","2015-16"
2016-01-26,"76ers","","• Jahlil Okafor","placed on IL with illness","Jahlil Okafor","2015-16"
2016-01-30,"76ers","• Jahlil Okafor","","activated from IL","Jahlil Okafor","2015-16"
2016-02-03,"76ers","","• Jahlil Okafor","placed on IL","Jahlil Okafor","2015-16"
2016-02-29,"76ers","","• Jahlil Okafor","bruised right shin (DTD)","Jahlil Okafor","2015-16"
2016-03-22,"76ers","","• Jahlil Okafor","arthroscopic surgery on right knee to repair torn meniscus (out for season)","Jahlil Okafor","2015-16"
2021-11-27,"Mavericks","","• Jalen Brunson","placed on IL with left foot injury","Jalen Brunson","2021-22"
2021-11-29,"Mavericks","• Jalen Brunson","","activated from IL","Jalen Brunson","2021-22"
2022-03-07,"Mavericks","","• Jalen Brunson","placed on IL with bruised right foot","Jalen Brunson","2021-22"
2022-03-09,"Mavericks","• Jalen Brunson","","activated from IL","Jalen Brunson","2021-22"
2022-03-11,"Mavericks","","• Jalen Brunson","placed on IL with bruised right thigh","Jalen Brunson","2021-22"
2022-03-13,"Mavericks","• Jalen Brunson","","activated from IL","Jalen Brunson","2021-22"
2022-12-27,"Knicks","","• Jalen Brunson","sore right hip (DTD)","Jalen Brunson","2022-23"
2022-12-29,"Knicks","","• Jalen Brunson","placed on IL with sore right hip","Jalen Brunson","2022-23"
2023-01-02,"Knicks","• Jalen Brunson","","activated from IL","Jalen Brunson","2022-23"
2023-02-02,"Knicks","","• Jalen Brunson","illness (DTD)","Jalen Brunson","2022-23"
2023-02-04,"Knicks","• Jalen Brunson","","returned to lineup","Jalen Brunson","2022-23"
2023-03-05,"Knicks","","• Jalen Brunson","placed on IL with sore left foot","Jalen Brunson","2022-23"
2023-03-09,"Knicks","• Jalen Brunson","","activated from IL","Jalen Brunson","2022-23"
2023-03-23,"Knicks","","• Jalen Brunson","sprained right hand (DTD)","Jalen Brunson","2022-23"
2023-03-27,"Knicks","","• Jalen Brunson","placed on IL with sprained right hand","Jalen Brunson","2022-23"
2023-03-29,"Knicks","• Jalen Brunson","","activated from IL","Jalen Brunson","2022-23"
2023-04-05,"Knicks","","• Jalen Brunson","placed on IL with right hand injury","Jalen Brunson","2022-23"
2023-04-15,"Knicks","• Jalen Brunson","","activated from IL","Jalen Brunson","2022-23"
2022-10-31,"Pistons","","• Jalen Duren","placed on IL with sprained left ankle","Jalen Duren","2022-23"
2022-11-07,"Pistons","• Jalen Duren","","activated from IL","Jalen Duren","2022-23"
2023-01-08,"Pistons","","• Jalen Duren","sore right ankle (DTD)","Jalen Duren","2022-23"
2023-01-10,"Pistons","","• Jalen Duren","placed on IL with sore right ankle","Jalen Duren","2022-23"
2023-01-11,"Pistons","• Jalen Duren","","activated from IL","Jalen Duren","2022-23"
2023-02-24,"Pistons","","• Jalen Duren","placed on IL with sore ankle","Jalen Duren","2022-23"
2023-03-09,"Pistons","• Jalen Duren","","activated from IL","Jalen Duren","2022-23"
2023-03-21,"Pistons","","• Jalen Duren","cervical injury (DTD)","Jalen Duren","2022-23"
2023-03-23,"Pistons","• Jalen Duren","","returned to lineup","Jalen Duren","2022-23"
2021-11-26,"Rockets","","• Jalen Green","placed on IL with strained left hamstring","Jalen Green","2021-22"
2021-12-23,"Rockets","• Jalen Green","","activated from IL","Jalen Green","2021-22"
2023-01-27,"Rockets","","• Jalen Green","placed on IL with bruised right calf","Jalen Green","2022-23"
2023-02-02,"Rockets","• Jalen Green","","activated from IL","Jalen Green","2022-23"
2023-02-17,"Rockets","","• Jalen Green","strained left groin (DTD)","Jalen Green","2022-23"
2021-11-15,"Magic","","• Jalen Suggs","placed on IL with sprained right ankle","Jalen Suggs","2021-22"
2021-11-17,"Magic","• Jalen Suggs","","activated from IL","Jalen Suggs","2021-22"
2021-11-30,"Magic","","• Jalen Suggs","placed on IL with fractured right thumb","Jalen Suggs","2021-22"
2022-01-13,"Magic","• Jalen Suggs","","activated from IL","Jalen Suggs","2021-22"
2022-03-05,"Magic","","• Jalen Suggs","placed on IL with sprained right ankle","Jalen Suggs","2021-22"
2022-03-09,"Magic","• Jalen Suggs","","activated from IL","Jalen Suggs","2021-22"
2022-03-15,"Magic","","• Jalen Suggs","placed on IL with right ankle injury","Jalen Suggs","2021-22"
2022-04-04,"Magic","• Jalen Suggs","","activated from IL","Jalen Suggs","2021-22"
2022-04-10,"Magic","","• Jalen Suggs","placed on IL with right ankle injury (out for season)","Jalen Suggs","2021-22"
2023-03-07,"Thunder","","• Jalen Williams","placed on IL with sprained right wrist","Jalen Williams","2022-23"
2023-03-11,"Thunder","• Jalen Williams","","activated from IL","Jalen Williams","2022-23"
2016-12-07,"Nuggets","","• Jamal Murray","bruised left quadricep (DTD)","Jamal Murray","2016-17"
2017-04-27,"Nuggets","","• Jamal Murray","surgery to repair core muscle related injuries (out indefinitely)","Jamal Murray","2016-17"
2018-01-17,"Nuggets","","• Jamal Murray","placed on IL with concussion","Jamal Murray","2017-18"
2018-01-19,"Nuggets","• Jamal Murray","","activated from IL","Jamal Murray","2017-18"
2019-01-26,"Nuggets","","• Jamal Murray","placed on IL with sprained left ankle","Jamal Murray","2018-19"
2019-02-06,"Nuggets","• Jamal Murray","","activated from IL","Jamal Murray","2018-19"
2020-01-16,"Nuggets","","• Jamal Murray","placed on IL with sprained left ankle","Jamal Murray","2019-20"
2020-02-04,"Nuggets","• Jamal Murray","","activated from IL","Jamal Murray","2019-20"
2020-12-29,"Nuggets","","• Jamal Murray","right elbow injury (DTD)","Jamal Murray","2020-21"
2021-01-01,"Nuggets","• Jamal Murray","","returned to lineup","Jamal Murray","2020-21"
2021-02-06,"Nuggets","","• Jamal Murray","placed on IL with sore left knee","Jamal Murray","2020-21"
2021-02-08,"Nuggets","• Jamal Murray","","activated from IL","Jamal Murray","2020-21"
2021-04-06,"Nuggets","","• Jamal Murray","placed on IL with sore right knee","Jamal Murray","2020-21"
2021-04-12,"Nuggets","• Jamal Murray","","activated from IL","Jamal Murray","2020-21"
2021-04-13,"Nuggets","","• Jamal Murray","placed on IL with torn ACL in left knee (out for season)","Jamal Murray","2020-21"
2022-11-18,"Nuggets","","• Jamal Murray","placed on IL with NBA health and safety protocols","Jamal Murray","2022-23"
2022-11-22,"Nuggets","• Jamal Murray","","activated from IL","Jamal Murray","2022-23"
2022-12-20,"Nuggets","","• Jamal Murray","placed on IL with left knee injury","Jamal Murray","2022-23"
2022-12-23,"Nuggets","• Jamal Murray","","activated from IL","Jamal Murray","2022-23"
2022-12-28,"Nuggets","","• Jamal Murray","placed on IL with left knee injury","Jamal Murray","2022-23"
2022-12-30,"Nuggets","• Jamal Murray","","activated from IL","Jamal Murray","2022-23"
2023-01-25,"Nuggets","","• Jamal Murray","placed on IL with left knee injury","Jamal Murray","2022-23"
2023-01-28,"Nuggets","• Jamal Murray","","activated from IL","Jamal Murray","2022-23"
2023-02-07,"Nuggets","","• Jamal Murray","placed on IL with right knee inflammation","Jamal Murray","2022-23"
2023-02-22,"Nuggets","• Jamal Murray","","activated from IL","Jamal Murray","2022-23"
2023-04-06,"Nuggets","","• Jamal Murray","placed on IL with sprained right thumb","Jamal Murray","2022-23"
2023-04-08,"Nuggets","• Jamal Murray","","activated from IL","Jamal Murray","2022-23"
2013-11-29,"Magic","","• Jameer Nelson (Sr.)","sprained left foot (DNP)","Jameer Nelson","2013-14"
2013-12-02,"Magic","","• Jameer Nelson (Sr.)","sprained left foot (DNP)","Jameer Nelson","2013-14"
2013-12-03,"Magic","","• Jameer Nelson (Sr.)","sprained left foot (DNP)","Jameer Nelson","2013-14"
2014-02-02,"Magic","","• Jameer Nelson (Sr.)","sore left knee (DNP)","Jameer Nelson","2013-14"
2014-02-03,"Magic","","• Jameer Nelson (Sr.)","sore left knee (DNP)","Jameer Nelson","2013-14"
2014-03-02,"Magic","","• Jameer Nelson (Sr.)","sore calf (DTD)","Jameer Nelson","2013-14"
2014-03-05,"Magic","","• Jameer Nelson (Sr.)","placed on IL with illness","Jameer Nelson","2013-14"
2014-03-08,"Magic","• Jameer Nelson (Sr.)","","activated from IL","Jameer Nelson","2013-14"
2014-03-19,"Magic","","• Jameer Nelson (Sr.)","sore left knee (DNP)","Jameer Nelson","2013-14"
2014-03-22,"Magic","","• Jameer Nelson (Sr.)","sore left knee (DNP)","Jameer Nelson","2013-14"
2014-03-23,"Magic","","• Jameer Nelson (Sr.)","sore left knee (DNP)","Jameer Nelson","2013-14"
2014-03-25,"Magic","","• Jameer Nelson (Sr.)","sore left knee (DNP)","Jameer Nelson","2013-14"
2014-04-13,"Magic","","• Jameer Nelson (Sr.)","strained left groin (DNP)","Jameer Nelson","2013-14"
2014-04-14,"Magic","","• Jameer Nelson (Sr.)","strained left groin (DNP)","Jameer Nelson","2013-14"
2014-04-16,"Magic","","• Jameer Nelson (Sr.)","strained left groin (DNP)","Jameer Nelson","2013-14"
2014-03-17,"76ers","","• James Anderson","bruised right quadriceps (DNP)","James Anderson","2013-14"
2014-03-19,"76ers","","• James Anderson","bruised right quadriceps (DNP)","James Anderson","2013-14"
2016-11-23,"Grizzlies","","• James Ennis III","right calf injury (DTD)","James Ennis III","2016-17"
2016-12-18,"Grizzlies","• James Ennis III","","returned to lineup","James Ennis III","2016-17"
2017-04-12,"Grizzlies","","• James Ennis III","placed on IL with right knee injury (out for season)","James Ennis III","2016-17"
2017-04-22,"Grizzlies","• James Ennis III","","activated from IL","James Ennis III","2016-17"
2020-12-22,"Magic","","• James Ennis III","placed on IL with right hamstring injury","James Ennis III","2020-21"
2021-01-05,"Magic","• James Ennis III","","activated from IL","James Ennis III","2020-21"
2021-02-14,"Magic","","• James Ennis III","strained right groin (DTD)","James Ennis III","2020-21"
2021-02-19,"Magic","• James Ennis III","","returned to lineup","James Ennis III","2020-21"
2021-02-26,"Magic","","• James Ennis III","left calf injury (DTD)","James Ennis III","2020-21"
2021-03-11,"Magic","","• James Ennis III","placed on IL with left calf injury","James Ennis III","2020-21"
2021-03-21,"Magic","• James Ennis III","","activated from IL","James Ennis III","2020-21"
2021-04-18,"Magic","","• James Ennis III","placed on IL with right calf injury","James Ennis III","2020-21"
2021-04-28,"Magic","• James Ennis III","","activated from IL","James Ennis III","2020-21"
2013-11-13,"Rockets","","• James Harden","bruised left foot (DNP)","James Harden","2013-14"
2013-11-23,"Rockets","","• James Harden","sore left foot (DNP)","James Harden","2013-14"
2013-11-25,"Rockets","","• James Harden","sore left foot (DNP)","James Harden","2013-14"
2013-11-27,"Rockets","","• James Harden","sore left foot (DNP)","James Harden","2013-14"
2013-12-21,"Rockets","","• James Harden","sprained left ankle (DNP)","James Harden","2013-14"
2013-12-23,"Rockets","","• James Harden","sprained left ankle (DNP)","James Harden","2013-14"
2014-01-28,"Rockets","","• James Harden","bruised left thumb (DNP)","James Harden","2013-14"
2014-01-29,"Rockets","","• James Harden","bruised left thumb (DNP)","James Harden","2013-14"
2014-04-16,"Rockets","","• James Harden","placed on IL (out for season)","James Harden","2013-14"
2017-04-02,"Rockets","","• James Harden","placed on IL with illness","James Harden","2016-17"
2017-04-05,"Rockets","• James Harden","","activated from IL","James Harden","2016-17"
2018-01-01,"Rockets","","• James Harden","strained left hamstring (DTD)","James Harden","2017-18"
2018-01-03,"Rockets","","• James Harden","placed on IL with strained left hamstring","James Harden","2017-18"
2018-01-18,"Rockets","• James Harden","","activated from IL","James Harden","2017-18"
2018-03-11,"Rockets","","• James Harden","sore left knee (DTD)","James Harden","2017-18"
2018-03-12,"Rockets","• James Harden","","returned to lineup","James Harden","2017-18"
2018-03-27,"Rockets","","• James Harden","placed on IL with sore right hand","James Harden","2017-18"
2018-03-30,"Rockets","• James Harden","","activated from IL","James Harden","2017-18"
2018-04-11,"Rockets","","• James Harden","rest (DTD)","James Harden","2017-18"
2018-04-15,"Rockets","• James Harden","","returned to lineup","James Harden","2017-18"
2018-10-25,"Rockets","","• James Harden","strained left hamstring (DTD)","James Harden","2018-19"
2018-10-26,"Rockets","","• James Harden","placed on IL with strained left hamstring","James Harden","2018-19"
2018-11-03,"Rockets","• James Harden","","IL","James Harden","2018-19"
2019-02-23,"Rockets","","• James Harden","placed on IL with cervical strain","James Harden","2018-19"
2019-02-25,"Rockets","• James Harden","","activated from IL","James Harden","2018-19"
2019-12-29,"Rockets","","• James Harden","sprained toe (DTD)","James Harden","2019-20"
2019-12-31,"Rockets","• James Harden","","returned to lineup","James Harden","2019-20"
2020-01-26,"Rockets","","• James Harden","placed on IL with bruised left thigh","James Harden","2019-20"
2020-01-29,"Rockets","• James Harden","","activated from IL","James Harden","2019-20"
2021-01-02,"Rockets","","• James Harden","sprained right ankle (DTD)","James Harden","2020-21"
2021-01-04,"Rockets","• James Harden","","returned to lineup","James Harden","2020-21"
2021-01-31,"Nets","","• James Harden","placed on IL with left thigh injury","James Harden","2020-21"
2021-02-01,"Nets","• James Harden","","activated from IL","James Harden","2020-21"
2021-03-24,"Nets","","• James Harden","sore neck (DTD)","James Harden","2020-21"
2021-03-26,"Nets","• James Harden","","returned to lineup","James Harden","2020-21"
2021-04-01,"Nets","","• James Harden","placed on IL with right hamstring injury","James Harden","2020-21"
2021-04-05,"Nets","• James Harden","","activated from IL","James Harden","2020-21"
2021-04-06,"Nets","","• James Harden","placed on IL with strained right hamstring","James Harden","2020-21"
2021-12-14,"Nets","","• James Harden","placed on IL with NBA health and safety protocols","James Harden","2021-22"
2021-12-23,"Nets","• James Harden","","activated from IL","James Harden","2021-22"
2022-01-10,"Nets","","• James Harden","placed on IL with hyperextended left knee","James Harden","2021-22"
2022-01-12,"Nets","• James Harden","","activated from IL","James Harden","2021-22"
2022-01-26,"Nets","","• James Harden","left hamstring injury (DTD)","James Harden","2021-22"
2022-01-28,"Nets","• James Harden","","returned to lineup","James Harden","2021-22"
2022-01-29,"Nets","","• James Harden","right hand injury (DTD)","James Harden","2021-22"
2022-02-01,"Nets","• James Harden","","returned to lineup","James Harden","2021-22"
2022-02-04,"Nets","","• James Harden","tightness in left hamstring (DTD)","James Harden","2021-22"
2022-02-10,"Nets","","• James Harden","placed on IL with tightness in left hamstring","James Harden","2021-22"
2022-02-24,"76ers","• James Harden","","activated from IL","James Harden","2021-22"
2022-03-05,"76ers","","• James Harden","placed on IL with left hamstring injury","James Harden","2021-22"
2022-03-06,"76ers","• James Harden","","activated from IL","James Harden","2021-22"
2022-03-21,"76ers","","• James Harden","placed on IL with left hamstring injury","James Harden","2021-22"
2022-03-22,"76ers","• James Harden","","activated from IL","James Harden","2021-22"
2022-04-10,"76ers","","• James Harden","placed on IL with left hamstring injury","James Harden","2021-22"
2022-04-15,"76ers","• James Harden","","activated from IL","James Harden","2021-22"
2022-11-03,"76ers","","• James Harden","placed on IL with strained tendon in right foot","James Harden","2022-23"
2022-12-05,"76ers","• James Harden","","activated from IL","James Harden","2022-23"
2023-01-21,"76ers","","• James Harden","placed on IL with strained tendon in right foot","James Harden","2022-23"
2023-01-25,"76ers","• James Harden","","activated from IL","James Harden","2022-23"
2023-03-07,"76ers","","• James Harden","sore left foot (DTD)","James Harden","2022-23"
2023-03-09,"76ers","• James Harden","","returned to lineup","James Harden","2022-23"
2023-03-18,"76ers","","• James Harden","placed on IL with sore left foot","James Harden","2022-23"
2023-03-19,"76ers","• James Harden","","activated from IL","James Harden","2022-23"
2023-03-22,"76ers","","• James Harden","placed on IL with sore left Achilles","James Harden","2022-23"
2023-03-29,"76ers","• James Harden","","activated from IL","James Harden","2022-23"
2023-04-07,"76ers","","• James Harden","placed on IL with left Achilles injury","James Harden","2022-23"
2023-04-15,"76ers","• James Harden","","activated from IL","James Harden","2022-23"
2016-12-05,"Heat","","• James Johnson","strained rotator cuff in right shoulder (DTD)","James Johnson","2016-17"
2016-12-12,"Heat","• James Johnson","","returned to lineup","James Johnson","2016-17"
2017-01-03,"Heat","","• James Johnson","illness (DTD)","James Johnson","2016-17"
2017-01-04,"Heat","• James Johnson","","returned to lineup","James Johnson","2016-17"
2017-03-06,"Heat","","• James Johnson","right elbow injury (DTD)","James Johnson","2016-17"
2017-03-06,"Heat","","• James Johnson","lacerated right elbow (DTD)","James Johnson","2016-17"
2017-03-08,"Heat","• James Johnson","","returned to lineup","James Johnson","2016-17"
2017-11-01,"Heat","","• James Johnson","tendinitis in right knee (DTD)","James Johnson","2017-18"
2017-11-03,"Heat","• James Johnson","","returned to lineup","James Johnson","2017-18"
2017-12-17,"Heat","","• James Johnson","right ankle injury (DTD)","James Johnson","2017-18"
2017-12-18,"Heat","","• James Johnson","bursitis in right ankle (DTD)","James Johnson","2017-18"
2017-12-23,"Heat","• James Johnson","","returned to lineup","James Johnson","2017-18"
2017-12-26,"Heat","","• James Johnson","bursitis in right ankle (DTD)","James Johnson","2017-18"
2018-01-03,"Heat","• James Johnson","","returned to lineup","James Johnson","2017-18"
2018-04-04,"Heat","","• James Johnson","placed on IL with sprained left ankle","James Johnson","2017-18"
2018-04-06,"Heat","• James Johnson","","activated from IL","James Johnson","2017-18"
2018-10-17,"Heat","","• James Johnson","placed on IL with sports hernia","James Johnson","2018-19"
2018-11-18,"Heat","• James Johnson","","activated from IL","James Johnson","2018-19"
2018-12-30,"Heat","","• James Johnson","illness (DTD)","James Johnson","2018-19"
2019-01-02,"Heat","• James Johnson","","returned to lineup","James Johnson","2018-19"
2019-02-23,"Heat","","• James Johnson","placed on IL with sprained left shoulder","James Johnson","2018-19"
2019-03-02,"Heat","• James Johnson","","activated from IL","James Johnson","2018-19"
2013-11-13,"Celtics","","• Jared Sullinger","bruised right knee (DNP)","Jared Sullinger","2013-14"
2014-02-22,"Celtics","","• Jared Sullinger","concussion (DNP)","Jared Sullinger","2013-14"
2014-02-24,"Celtics","","• Jared Sullinger","concussion (DNP)","Jared Sullinger","2013-14"
2014-02-26,"Celtics","","• Jared Sullinger","concussion (DNP)","Jared Sullinger","2013-14"
2014-04-12,"Celtics","","• Jared Sullinger","sprained left ankle (DNP)","Jared Sullinger","2013-14"
2014-04-14,"Celtics","","• Jared Sullinger","sprained left ankle (DNP)","Jared Sullinger","2013-14"
2014-04-16,"Celtics","","• Jared Sullinger","sprained left ankle (DNP)","Jared Sullinger","2013-14"
2018-01-24,"Grizzlies","","• Jarell Martin","left knee injury (DTD)","Jarell Martin","2017-18"
2018-01-26,"Grizzlies","• Jarell Martin","","returned to lineup","Jarell Martin","2017-18"
2018-03-05,"Grizzlies","","• Jarell Martin","right knee injury (DTD)","Jarell Martin","2017-18"
2018-03-09,"Grizzlies","• Jarell Martin","","returned to lineup","Jarell Martin","2017-18"
2018-04-05,"Grizzlies","","• Jarell Martin","left ankle injury (out for season)","Jarell Martin","2017-18"
2019-02-01,"Grizzlies","","• Jaren Jackson Jr.","right quadricep injury (DTD)","Jaren Jackson Jr.","2018-19"
2019-02-03,"Grizzlies","• Jaren Jackson Jr.","","returned to lineup","Jaren Jackson Jr.","2018-19"
2019-02-22,"Grizzlies","","• Jaren Jackson Jr.","placed on IL with right quadricep injury (out for season)","Jaren Jackson Jr.","2018-19"
2019-11-04,"Grizzlies","","• Jaren Jackson Jr.","placed on IL with sore right knee","Jaren Jackson Jr.","2019-20"
2019-11-06,"Grizzlies","• Jaren Jackson Jr.","","activated from IL","Jaren Jackson Jr.","2019-20"
2020-02-23,"Grizzlies","","• Jaren Jackson Jr.","sprained left knee (DTD)","Jaren Jackson Jr.","2019-20"
2020-02-24,"Grizzlies","","• Jaren Jackson Jr.","placed on IL with sprained left knee","Jaren Jackson Jr.","2019-20"
2021-12-11,"Grizzlies","","• Jaren Jackson Jr.","placed on IL with sore left knee","Jaren Jackson Jr.","2021-22"
2021-12-13,"Grizzlies","• Jaren Jackson Jr.","","activated from IL","Jaren Jackson Jr.","2021-22"
2022-03-28,"Grizzlies","","• Jaren Jackson Jr.","placed on IL with right thigh injury","Jaren Jackson Jr.","2021-22"
2022-03-30,"Grizzlies","• Jaren Jackson Jr.","","activated from IL","Jaren Jackson Jr.","2021-22"
2022-04-01,"Grizzlies","","• Jaren Jackson Jr.","placed on IL with right thigh injury","Jaren Jackson Jr.","2021-22"
2022-04-04,"Grizzlies","• Jaren Jackson Jr.","","activated from IL","Jaren Jackson Jr.","2021-22"
2022-04-10,"Grizzlies","","• Jaren Jackson Jr.","placed on IL with left thigh injury","Jaren Jackson Jr.","2021-22"
2022-04-15,"Grizzlies","• Jaren Jackson Jr.","","activated from IL","Jaren Jackson Jr.","2021-22"
2022-10-17,"Grizzlies","","• Jaren Jackson Jr.","placed on IL with recovering from surgery on right foot to repair stress fracture","Jaren Jackson Jr.","2022-23"
2022-11-15,"Grizzlies","• Jaren Jackson Jr.","","activated from IL","Jaren Jackson Jr.","2022-23"
2022-11-20,"Grizzlies","","• Jaren Jackson Jr.","placed on IL with right foot injury","Jaren Jackson Jr.","2022-23"
2022-11-22,"Grizzlies","• Jaren Jackson Jr.","","activated from IL","Jaren Jackson Jr.","2022-23"
2022-12-05,"Grizzlies","","• Jaren Jackson Jr.","placed on IL with right foot injury","Jaren Jackson Jr.","2022-23"
2022-12-07,"Grizzlies","• Jaren Jackson Jr.","","activated from IL","Jaren Jackson Jr.","2022-23"
2023-02-02,"Grizzlies","","• Jaren Jackson Jr.","placed on IL with right thigh injury","Jaren Jackson Jr.","2022-23"
2023-02-05,"Grizzlies","• Jaren Jackson Jr.","","activated from IL","Jaren Jackson Jr.","2022-23"
2023-03-29,"Grizzlies","","• Jaren Jackson Jr.","placed on IL with calf injury","Jaren Jackson Jr.","2022-23"
2023-03-30,"Grizzlies","• Jaren Jackson Jr.","","activated from IL","Jaren Jackson Jr.","2022-23"
2023-04-09,"Grizzlies","","• Jaren Jackson Jr.","placed on IL with sore left elbow","Jaren Jackson Jr.","2022-23"
2023-04-16,"Grizzlies","• Jaren Jackson Jr.","","activated from IL","Jaren Jackson Jr.","2022-23"
2021-11-29,"Timberwolves","","• Jarred Vanderbilt","flu (DTD)","Jarred Vanderbilt","2021-22"
2021-12-01,"Timberwolves","• Jarred Vanderbilt","","returned to lineup","Jarred Vanderbilt","2021-22"
2021-12-20,"Timberwolves","","• Jarred Vanderbilt","placed on IL with NBA health and safety protocols","Jarred Vanderbilt","2021-22"
2021-12-31,"Timberwolves","• Jarred Vanderbilt","","activated from IL","Jarred Vanderbilt","2021-22"
2022-03-09,"Timberwolves","","• Jarred Vanderbilt","placed on IL with bruised left quadricep","Jarred Vanderbilt","2021-22"
2022-03-11,"Timberwolves","• Jarred Vanderbilt","","activated from IL","Jarred Vanderbilt","2021-22"
2022-03-12,"Timberwolves","","• Jarred Vanderbilt","placed on IL with bruised left quadricep","Jarred Vanderbilt","2021-22"
2022-03-16,"Timberwolves","• Jarred Vanderbilt","","activated from IL","Jarred Vanderbilt","2021-22"
2018-11-12,"Nets","","• Jarrett Allen","illness (DTD)","Jarrett Allen","2018-19"
2018-11-16,"Nets","• Jarrett Allen","","returned to lineup","Jarrett Allen","2018-19"
2021-01-13,"Nets","","• Jarrett Allen","placed on IL","Jarrett Allen","2020-21"
2021-01-20,"Cavaliers","• Jarrett Allen","","activated from IL","Jarrett Allen","2020-21"
2021-03-27,"Cavaliers","","• Jarrett Allen","placed on IL with concussion","Jarrett Allen","2020-21"
2021-04-13,"Cavaliers","• Jarrett Allen","","activated from IL","Jarrett Allen","2020-21"
2021-11-15,"Cavaliers","","• Jarrett Allen","illness (DTD)","Jarrett Allen","2021-22"
2021-11-17,"Cavaliers","","• Jarrett Allen","placed on IL with illness","Jarrett Allen","2021-22"
2021-11-21,"Cavaliers","• Jarrett Allen","","activated from IL","Jarrett Allen","2021-22"
2021-12-19,"Cavaliers","","• Jarrett Allen","placed on IL with NBA health and safety protocols","Jarrett Allen","2021-22"
2021-12-31,"Cavaliers","• Jarrett Allen","","activated from IL","Jarrett Allen","2021-22"
2022-01-24,"Cavaliers","","• Jarrett Allen","placed on IL with illness","Jarrett Allen","2021-22"
2022-01-26,"Cavaliers","• Jarrett Allen","","activated from IL","Jarrett Allen","2021-22"
2022-03-07,"Cavaliers","","• Jarrett Allen","placed on IL with fractured finger (out for season)","Jarrett Allen","2021-22"
2022-11-13,"Cavaliers","","• Jarrett Allen","placed on IL with sore left ankle","Jarrett Allen","2022-23"
2022-11-18,"Cavaliers","• Jarrett Allen","","activated from IL","Jarrett Allen","2022-23"
2022-11-27,"Cavaliers","","• Jarrett Allen","placed on IL with bruised lower back","Jarrett Allen","2022-23"
2022-12-06,"Cavaliers","• Jarrett Allen","","activated from IL","Jarrett Allen","2022-23"
2023-03-12,"Cavaliers","","• Jarrett Allen","placed on IL with right eye injury","Jarrett Allen","2022-23"
2023-03-21,"Cavaliers","• Jarrett Allen","","activated from IL","Jarrett Allen","2022-23"
2023-03-28,"Cavaliers","","• Jarrett Allen","strained right groin (DTD)","Jarrett Allen","2022-23"
2023-03-31,"Cavaliers","","• Jarrett Allen","placed on IL with strained right groin","Jarrett Allen","2022-23"
2023-04-02,"Cavaliers","• Jarrett Allen","","activated from IL","Jarrett Allen","2022-23"
2023-04-05,"Cavaliers","","• Jarrett Allen","placed on IL with strained right groin","Jarrett Allen","2022-23"
2023-04-09,"Cavaliers","• Jarrett Allen","","activated from IL","Jarrett Allen","2022-23"
2019-12-18,"Timberwolves","","• Jarrett Culver","illness (DTD)","Jarrett Culver","2019-20"
2019-12-20,"Timberwolves","• Jarrett Culver","","returned to lineup","Jarrett Culver","2019-20"
2014-01-05,"Cavaliers","","• Jarrett Jack","back spasms (DNP)","Jarrett Jack","2013-14"
2014-01-07,"Cavaliers","","• Jarrett Jack","placed on IL with back spasms","Jarrett Jack","2013-14"
2014-01-10,"Cavaliers","• Jarrett Jack","","activated from IL","Jarrett Jack","2013-14"
2017-11-25,"Celtics","","• Jaylen Brown","placed on IL for personal reasons","Jaylen Brown","2017-18"
2017-11-27,"Celtics","• Jaylen Brown","","activated from IL","Jaylen Brown","2017-18"
2017-12-06,"Celtics","","• Jaylen Brown","placed on IL with right eye inflammation","Jaylen Brown","2017-18"
2017-12-08,"Celtics","• Jaylen Brown","","activated from IL","Jaylen Brown","2017-18"
2017-12-21,"Celtics","","• Jaylen Brown","sore left Achilles (DTD)","Jaylen Brown","2017-18"
2017-12-23,"Celtics","• Jaylen Brown","","returned to lineup","Jaylen Brown","2017-18"
2017-12-27,"Celtics","","• Jaylen Brown","placed on IL","Jaylen Brown","2017-18"
2017-12-27,"Celtics","","• Jaylen Brown","sore right knee (DTD)","Jaylen Brown","2017-18"
2017-12-31,"Celtics","• Jaylen Brown","","activated from IL","Jaylen Brown","2017-18"
2018-03-09,"Celtics","","• Jaylen Brown","concussion (out indefinitely)","Jaylen Brown","2017-18"
2018-03-11,"Celtics","","• Jaylen Brown","placed on IL with concussion","Jaylen Brown","2017-18"
2018-03-25,"Celtics","• Jaylen Brown","","activated from IL","Jaylen Brown","2017-18"
2018-04-30,"Celtics","","• Jaylen Brown","strained right hamstring (DTD)","Jaylen Brown","2017-18"
2019-10-30,"Celtics","","• Jaylen Brown","placed on IL with illness","Jaylen Brown","2019-20"
2019-11-07,"Celtics","• Jaylen Brown","","activated from IL","Jaylen Brown","2019-20"
2019-12-30,"Celtics","","• Jaylen Brown","illness (DTD)","Jaylen Brown","2019-20"
2019-12-31,"Celtics","","• Jaylen Brown","placed on IL with illness","Jaylen Brown","2019-20"
2020-01-03,"Celtics","• Jaylen Brown","","activated from IL","Jaylen Brown","2019-20"
2020-01-16,"Celtics","","• Jaylen Brown","placed on IL with sprained right thumb","Jaylen Brown","2019-20"
2020-01-20,"Celtics","• Jaylen Brown","","activated from IL","Jaylen Brown","2019-20"
2020-01-22,"Celtics","","• Jaylen Brown","placed on IL with sprained right ankle","Jaylen Brown","2019-20"
2020-01-26,"Celtics","• Jaylen Brown","","activated from IL","Jaylen Brown","2019-20"
2020-02-07,"Celtics","","• Jaylen Brown","placed on IL with sprained right ankle","Jaylen Brown","2019-20"
2020-02-09,"Celtics","• Jaylen Brown","","activated from IL","Jaylen Brown","2019-20"
2020-02-13,"Celtics","","• Jaylen Brown","placed on IL with left calf injury","Jaylen Brown","2019-20"
2020-02-20,"Celtics","• Jaylen Brown","","activated from IL","Jaylen Brown","2019-20"
2020-03-04,"Celtics","","• Jaylen Brown","placed on IL with strained right hamstring","Jaylen Brown","2019-20"
2021-01-10,"Celtics","","• Jaylen Brown","NBA health and safety protocols (DTD)","Jaylen Brown","2020-21"
2021-02-05,"Celtics","","• Jaylen Brown","placed on IL with sore left knee","Jaylen Brown","2020-21"
2021-02-09,"Celtics","• Jaylen Brown","","activated from IL","Jaylen Brown","2020-21"
2021-02-28,"Celtics","","• Jaylen Brown","placed on IL with sore left knee","Jaylen Brown","2020-21"
2021-03-02,"Celtics","• Jaylen Brown","","activated from IL","Jaylen Brown","2020-21"
2021-03-29,"Celtics","","• Jaylen Brown","placed on IL with bruised left hip","Jaylen Brown","2020-21"
2021-03-31,"Celtics","• Jaylen Brown","","activated from IL","Jaylen Brown","2020-21"
2021-04-17,"Celtics","","• Jaylen Brown","placed on IL with illness","Jaylen Brown","2020-21"
2021-04-19,"Celtics","• Jaylen Brown","","activated from IL","Jaylen Brown","2020-21"
2021-04-22,"Celtics","","• Jaylen Brown","placed on IL with bursitis in left shoulder","Jaylen Brown","2020-21"
2021-04-24,"Celtics","• Jaylen Brown","","activated from IL","Jaylen Brown","2020-21"
2021-10-24,"Celtics","","• Jaylen Brown","placed on IL with patella tendinopathy in left knee","Jaylen Brown","2021-22"
2021-10-25,"Celtics","• Jaylen Brown","","activated from IL","Jaylen Brown","2021-22"
2021-11-06,"Celtics","","• Jaylen Brown","placed on IL with tightness in right hamstring","Jaylen Brown","2021-22"
2021-11-22,"Celtics","• Jaylen Brown","","activated from IL","Jaylen Brown","2021-22"
2021-12-03,"Celtics","","• Jaylen Brown","placed on IL with right hamstring injury","Jaylen Brown","2021-22"
2021-12-12,"Celtics","• Jaylen Brown","","activated from IL","Jaylen Brown","2021-22"
2022-03-02,"Celtics","","• Jaylen Brown","placed on IL with sprained right ankle","Jaylen Brown","2021-22"
2022-03-06,"Celtics","• Jaylen Brown","","activated from IL","Jaylen Brown","2021-22"
2022-03-28,"Celtics","","• Jaylen Brown","placed on IL with right knee injury","Jaylen Brown","2021-22"
2022-03-30,"Celtics","• Jaylen Brown","","activated from IL","Jaylen Brown","2021-22"
2022-11-28,"Celtics","","• Jaylen Brown","placed on IL with stiff neck","Jaylen Brown","2022-23"
2022-11-30,"Celtics","• Jaylen Brown","","activated from IL","Jaylen Brown","2022-23"
2023-01-12,"Celtics","","• Jaylen Brown","placed on IL with tightness in right adductor","Jaylen Brown","2022-23"
2023-01-19,"Celtics","• Jaylen Brown","","activated from IL","Jaylen Brown","2022-23"
2023-01-24,"Celtics","","• Jaylen Brown","placed on IL with left adductor injury","Jaylen Brown","2022-23"
2023-01-25,"Celtics","• Jaylen Brown","","activated from IL","Jaylen Brown","2022-23"
2023-02-06,"Celtics","","• Jaylen Brown","placed on IL with illness","Jaylen Brown","2022-23"
2023-02-08,"Celtics","• Jaylen Brown","","activated from IL","Jaylen Brown","2022-23"
2023-02-09,"Celtics","","• Jaylen Brown","placed on IL with facial fracture","Jaylen Brown","2022-23"
2023-02-23,"Celtics","• Jaylen Brown","","activated from IL","Jaylen Brown","2022-23"
2023-02-26,"Celtics","","• Jaylen Brown","placed on IL for personal reasons","Jaylen Brown","2022-23"
2023-02-28,"Celtics","• Jaylen Brown","","activated from IL","Jaylen Brown","2022-23"
2023-04-04,"Celtics","","• Jaylen Brown","placed on IL with sore lower back","Jaylen Brown","2022-23"
2023-04-05,"Celtics","• Jaylen Brown","","activated from IL","Jaylen Brown","2022-23"
2023-04-07,"Celtics","","• Jaylen Brown","placed on IL with lacerated finger","Jaylen Brown","2022-23"
2023-04-11,"Celtics","• Jaylen Brown","","activated from IL","Jaylen Brown","2022-23"
2023-04-08,"Thunder","","• Jaylin Williams (Michael)","placed on IL with sore lower back (out for season)","Jaylin Williams","2022-23"
2018-04-06,"Celtics","","• Jayson Tatum","placed on IL for rest","Jayson Tatum","2017-18"
2018-04-08,"Celtics","• Jayson Tatum","","activated from IL","Jayson Tatum","2017-18"
2019-03-11,"Celtics","","• Jayson Tatum","placed on IL with sore right shoulder","Jayson Tatum","2018-19"
2019-03-14,"Celtics","• Jayson Tatum","","activated from IL","Jayson Tatum","2018-19"
2019-03-24,"Celtics","","• Jayson Tatum","placed on IL with bruised lower back","Jayson Tatum","2018-19"
2019-03-26,"Celtics","• Jayson Tatum","","activated from IL","Jayson Tatum","2018-19"
2019-04-08,"Celtics","","• Jayson Tatum","bruised left shin (DTD)","Jayson Tatum","2018-19"
2019-04-13,"Celtics","• Jayson Tatum","","returned to lineup","Jayson Tatum","2018-19"
2020-01-15,"Celtics","","• Jayson Tatum","placed on IL with sore right knee","Jayson Tatum","2019-20"
2020-01-16,"Celtics","• Jayson Tatum","","activated from IL","Jayson Tatum","2019-20"
2020-01-24,"Celtics","","• Jayson Tatum","strained right groin (DTD)","Jayson Tatum","2019-20"
2020-01-30,"Celtics","• Jayson Tatum","","returned to lineup","Jayson Tatum","2019-20"
2020-03-03,"Celtics","","• Jayson Tatum","placed on IL with illness","Jayson Tatum","2019-20"
2020-03-04,"Celtics","• Jayson Tatum","","activated from IL","Jayson Tatum","2019-20"
2021-01-10,"Celtics","","• Jayson Tatum","NBA health and safety protocols (DTD)","Jayson Tatum","2020-21"
2021-01-15,"Celtics","","• Jayson Tatum","placed on IL with NBA health and safety protocols","Jayson Tatum","2020-21"
2021-01-25,"Celtics","• Jayson Tatum","","activated from IL","Jayson Tatum","2020-21"
2021-03-22,"Celtics","","• Jayson Tatum","illness (DTD)","Jayson Tatum","2020-21"
2021-03-23,"Celtics","• Jayson Tatum","","returned to lineup","Jayson Tatum","2020-21"
2021-04-26,"Celtics","","• Jayson Tatum","placed on IL with left ankle injury","Jayson Tatum","2020-21"
2021-04-28,"Celtics","• Jayson Tatum","","activated from IL","Jayson Tatum","2020-21"
2021-12-27,"Celtics","","• Jayson Tatum","placed on IL with NBA health and safety protocols","Jayson Tatum","2021-22"
2022-01-04,"Celtics","• Jayson Tatum","","activated from IL","Jayson Tatum","2021-22"
2022-03-28,"Celtics","","• Jayson Tatum","placed on IL with right patella tendinopathy","Jayson Tatum","2021-22"
2022-03-30,"Celtics","• Jayson Tatum","","activated from IL","Jayson Tatum","2021-22"
2022-04-07,"Celtics","","• Jayson Tatum","placed on IL with right patella tendinopathy","Jayson Tatum","2021-22"
2022-04-09,"Celtics","• Jayson Tatum","","activated from IL","Jayson Tatum","2021-22"
2022-12-18,"Celtics","","• Jayson Tatum","placed on IL for personal reasons","Jayson Tatum","2022-23"
2022-12-21,"Celtics","• Jayson Tatum","","activated from IL","Jayson Tatum","2022-23"
2023-02-14,"Celtics","","• Jayson Tatum","placed on IL with illness","Jayson Tatum","2022-23"
2023-02-15,"Celtics","• Jayson Tatum","","activated from IL","Jayson Tatum","2022-23"
2023-03-06,"Celtics","","• Jayson Tatum","placed on IL with bruised left knee","Jayson Tatum","2022-23"
2023-03-07,"Celtics","• Jayson Tatum","","activated from IL","Jayson Tatum","2022-23"
2023-03-26,"Celtics","","• Jayson Tatum","placed on IL with bruised left hip","Jayson Tatum","2022-23"
2023-03-27,"Celtics","• Jayson Tatum","","activated from IL","Jayson Tatum","2022-23"
2023-04-05,"Celtics","","• Jayson Tatum","placed on IL with bruised left hip","Jayson Tatum","2022-23"
2023-04-06,"Celtics","• Jayson Tatum","","activated from IL","Jayson Tatum","2022-23"
2018-12-01,"Wizards","","• Jeff Green","lower back spasms (DTD)","Jeff Green","2018-19"
2018-12-03,"Wizards","• Jeff Green","","returned to lineup","Jeff Green","2018-19"
2018-12-05,"Wizards","","• Jeff Green","back injury (DTD)","Jeff Green","2018-19"
2018-12-08,"Wizards","• Jeff Green","","returned to lineup","Jeff Green","2018-19"
2021-02-23,"Nets","","• Jeff Green","bruised right shoulder (DTD)","Jeff Green","2020-21"
2021-02-27,"Nets","• Jeff Green","","returned to lineup","Jeff Green","2020-21"
2021-03-01,"Nets","","• Jeff Green","placed on IL with right shoulder injury","Jeff Green","2020-21"
2021-03-11,"Nets","• Jeff Green","","activated from IL","Jeff Green","2020-21"
2014-01-25,"Hawks","","• Jeff Teague","sprained left ankle (DNP)","Jeff Teague","2013-14"
2014-01-27,"Hawks","","• Jeff Teague","sprained left ankle (DNP)","Jeff Teague","2013-14"
2014-02-21,"Hawks","","• Jeff Teague","sprained left ankle (DNP)","Jeff Teague","2013-14"
2014-04-19,"Hawks","","• Jeff Teague","placed on IL (out for season)","Jeff Teague","2013-14"
2014-12-17,"Hawks","","• Jeff Teague","placed on IL with hamstring injury","Jeff Teague","2014-15"
2014-12-23,"Hawks","• Jeff Teague","","activated from IL","Jeff Teague","2014-15"
2015-03-15,"Hawks","","• Jeff Teague","rest (DTD)","Jeff Teague","2014-15"
2015-03-16,"Hawks","• Jeff Teague","","returned to lineup","Jeff Teague","2014-15"
2015-03-27,"Hawks","","• Jeff Teague","placed on IL with sprained left ankle","Jeff Teague","2014-15"
2015-03-30,"Hawks","• Jeff Teague","","activated from IL","Jeff Teague","2014-15"
2015-04-12,"Hawks","","• Jeff Teague","rest (DTD)","Jeff Teague","2014-15"
2015-04-13,"Hawks","• Jeff Teague","","returned to lineup","Jeff Teague","2014-15"
2015-11-15,"Hawks","","• Jeff Teague","placed on IL with sore left ankle","Jeff Teague","2015-16"
2015-11-21,"Hawks","• Jeff Teague","","activated from IL","Jeff Teague","2015-16"
2016-01-09,"Hawks","","• Jeff Teague","ankle injury (DTD)","Jeff Teague","2015-16"
2017-11-24,"Timberwolves","","• Jeff Teague","sore right Achilles (DTD)","Jeff Teague","2017-18"
2017-12-01,"Timberwolves","• Jeff Teague","","returned to lineup","Jeff Teague","2017-18"
2017-12-28,"Timberwolves","","• Jeff Teague","placed on IL with sprained MCL in left knee","Jeff Teague","2017-18"
2018-01-10,"Timberwolves","• Jeff Teague","","activated from IL","Jeff Teague","2017-18"
2018-04-01,"Timberwolves","","• Jeff Teague","knee injury (DTD)","Jeff Teague","2017-18"
2018-04-05,"Timberwolves","• Jeff Teague","","returned to lineup","Jeff Teague","2017-18"
2018-10-31,"Timberwolves","","• Jeff Teague","bruised left knee (DTD)","Jeff Teague","2018-19"
2018-11-02,"Timberwolves","","• Jeff Teague","placed on IL with bruised left knee","Jeff Teague","2018-19"
2018-11-12,"Timberwolves","• Jeff Teague","","activated from IL","Jeff Teague","2018-19"
2018-12-17,"Timberwolves","","• Jeff Teague","left ankle injury (DTD)","Jeff Teague","2018-19"
2018-12-19,"Timberwolves","","• Jeff Teague","placed on IL with left ankle injury","Jeff Teague","2018-19"
2019-01-04,"Timberwolves","• Jeff Teague","","activated from IL","Jeff Teague","2018-19"
2019-01-22,"Timberwolves","","• Jeff Teague","placed on IL with sore left foot","Jeff Teague","2018-19"
2019-01-24,"Timberwolves","• Jeff Teague","","activated from IL","Jeff Teague","2018-19"
2019-01-25,"Timberwolves","","• Jeff Teague","placed on IL with sore left foot","Jeff Teague","2018-19"
2019-01-30,"Timberwolves","• Jeff Teague","","activated from IL","Jeff Teague","2018-19"
2019-02-08,"Timberwolves","• Jeff Teague","","returned to lineup","Jeff Teague","2018-19"
2019-02-25,"Timberwolves","","• Jeff Teague","sore left knee (DTD)","Jeff Teague","2018-19"
2019-02-27,"Timberwolves","","• Jeff Teague","placed on IL with sore left knee","Jeff Teague","2018-19"
2019-02-28,"Timberwolves","• Jeff Teague","","activated from IL","Jeff Teague","2018-19"
2019-03-12,"Timberwolves","","• Jeff Teague","placed on IL with left foot injury (out for season)","Jeff Teague","2018-19"
2016-01-14,"76ers","","• Jerami Grant","strained left calf (DTD)","Jerami Grant","2015-16"
2016-01-18,"76ers","• Jerami Grant","","returned to lineup","Jerami Grant","2015-16"
2016-03-12,"76ers","","• Jerami Grant","concussion (DTD)","Jerami Grant","2015-16"
2016-03-17,"76ers","• Jerami Grant","","returned to lineup","Jerami Grant","2015-16"
2016-03-28,"76ers","","• Jerami Grant","sore knee (DTD)","Jerami Grant","2015-16"
2016-03-29,"76ers","","• Jerami Grant","bruised right knee (DTD)","Jerami Grant","2015-16"
2016-04-01,"76ers","• Jerami Grant","","returned to lineup","Jerami Grant","2015-16"
2019-02-10,"Thunder","","• Jerami Grant","sprained right ankle (DTD)","Jerami Grant","2018-19"
2019-02-11,"Thunder","","• Jerami Grant","placed on IL with sprained right ankle","Jerami Grant","2018-19"
2019-02-22,"Thunder","• Jerami Grant","","activated from IL","Jerami Grant","2018-19"
2021-02-24,"Pistons","","• Jerami Grant","placed on IL","Jerami Grant","2020-21"
2021-02-26,"Pistons","• Jerami Grant","","activated from IL","Jerami Grant","2020-21"
2021-03-03,"Pistons","","• Jerami Grant","placed on IL with bruised left quadricep","Jerami Grant","2020-21"
2021-03-10,"Pistons","• Jerami Grant","","activated from IL","Jerami Grant","2020-21"
2021-04-07,"Pistons","","• Jerami Grant","placed on IL with sore right knee","Jerami Grant","2020-21"
2021-04-13,"Pistons","• Jerami Grant","","activated from IL","Jerami Grant","2020-21"
2021-04-16,"Pistons","","• Jerami Grant","placed on IL with sore right knee","Jerami Grant","2020-21"
2021-04-17,"Pistons","• Jerami Grant","","activated from IL","Jerami Grant","2020-21"
2021-04-18,"Pistons","","• Jerami Grant","placed on IL with bruised left quadricep","Jerami Grant","2020-21"
2021-04-20,"Pistons","• Jerami Grant","","activated from IL","Jerami Grant","2020-21"
2021-04-22,"Pistons","","• Jerami Grant","placed on IL with bruised left quadricep","Jerami Grant","2020-21"
2021-04-24,"Pistons","• Jerami Grant","","activated from IL","Jerami Grant","2020-21"
2021-04-28,"Pistons","","• Jerami Grant","placed on IL with sore right knee","Jerami Grant","2020-21"
2021-10-25,"Pistons","","• Jerami Grant","left elbow injury (DTD)","Jerami Grant","2021-22"
2021-10-28,"Pistons","• Jerami Grant","","returned to lineup","Jerami Grant","2021-22"
2021-12-12,"Pistons","","• Jerami Grant","placed on IL with sprained right thumb","Jerami Grant","2021-22"
2022-01-31,"Pistons","• Jerami Grant","","activated from IL","Jerami Grant","2021-22"
2022-03-16,"Pistons","","• Jerami Grant","placed on IL with right knee inflammation","Jerami Grant","2021-22"
2022-03-18,"Pistons","• Jerami Grant","","activated from IL","Jerami Grant","2021-22"
2022-03-20,"Pistons","","• Jerami Grant","placed on IL with right knee inflammation","Jerami Grant","2021-22"
2022-03-22,"Pistons","• Jerami Grant","","activated from IL","Jerami Grant","2021-22"
2022-03-26,"Pistons","","• Jerami Grant","placed on IL with strained left calf (out for season)","Jerami Grant","2021-22"
2022-11-09,"Blazers","","• Jerami Grant","placed on IL with sprained left ankle","Jerami Grant","2022-23"
2022-11-10,"Blazers","• Jerami Grant","","activated from IL","Jerami Grant","2022-23"
2023-02-14,"Blazers","","• Jerami Grant","placed on IL with concussion protocols","Jerami Grant","2022-23"
2023-02-22,"Blazers","• Jerami Grant","","activated from IL","Jerami Grant","2022-23"
2023-03-14,"Blazers","","• Jerami Grant","placed on IL with bruised left quadriceps (out for season)","Jerami Grant","2022-23"
2021-12-27,"Thunder","","• Jeremiah Robinson-Earl","placed on IL with NBA health and safety protocols","Jeremiah Robinson-Earl","2021-22"
2022-01-05,"Thunder","• Jeremiah Robinson-Earl","","activated from IL","Jeremiah Robinson-Earl","2021-22"
2022-02-02,"Thunder","","• Jeremiah Robinson-Earl","placed on IL with fractured right foot","Jeremiah Robinson-Earl","2021-22"
2022-03-28,"Thunder","• Jeremiah Robinson-Earl","","activated from IL","Jeremiah Robinson-Earl","2021-22"
2019-01-02,"Hornets","","• Jeremy Lamb","strained right hamstring (DTD)","Jeremy Lamb","2018-19"
2019-01-08,"Hornets","• Jeremy Lamb","","returned to lineup","Jeremy Lamb","2018-19"
2019-10-26,"Pacers","","• Jeremy Lamb","placed on IL with right hip pointer","Jeremy Lamb","2019-20"
2019-10-30,"Pacers","• Jeremy Lamb","","activated from IL","Jeremy Lamb","2019-20"
2019-11-06,"Pacers","","• Jeremy Lamb","placed on IL with sprained left ankle","Jeremy Lamb","2019-20"
2019-11-23,"Pacers","• Jeremy Lamb","","activated from IL","Jeremy Lamb","2019-20"
2019-12-20,"Pacers","","• Jeremy Lamb","right groin injury (DTD)","Jeremy Lamb","2019-20"
2019-12-23,"Pacers","• Jeremy Lamb","","returned to lineup","Jeremy Lamb","2019-20"
2020-02-24,"Pacers","","• Jeremy Lamb","torn ACL in left knee (out for season)","Jeremy Lamb","2019-20"
2020-02-25,"Pacers","","• Jeremy Lamb","placed on IL with torn ACL in left knee (out for season)","Jeremy Lamb","2019-20"
2013-11-29,"Rockets","","• Jeremy Lin","sprained right knee (DNP)","Jeremy Lin","2013-14"
2013-11-30,"Rockets","","• Jeremy Lin","sprained right knee (DNP)","Jeremy Lin","2013-14"
2013-12-02,"Rockets","","• Jeremy Lin","sprained right knee (DNP)","Jeremy Lin","2013-14"
2013-12-04,"Rockets","","• Jeremy Lin","sprained right knee (DNP)","Jeremy Lin","2013-14"
2013-12-06,"Rockets","","• Jeremy Lin","sprained right knee (DNP)","Jeremy Lin","2013-14"
2013-12-08,"Rockets","","• Jeremy Lin","sprained right knee (DNP)","Jeremy Lin","2013-14"
2013-12-15,"Rockets","","• Jeremy Lin","sprained right knee (P) / back injury (CBC) (DNP)","Jeremy Lin","2013-14"
2013-12-18,"Rockets","","• Jeremy Lin","bruised right thigh / back spasms (DNP)","Jeremy Lin","2013-14"
2013-12-20,"Rockets","","• Jeremy Lin","back spasms (DNP)","Jeremy Lin","2013-14"
2013-12-21,"Rockets","","• Jeremy Lin","back spasms (DNP)","Jeremy Lin","2013-14"
2014-04-16,"Rockets","","• Jeremy Lin","rest (DNP)","Jeremy Lin","2013-14"
2016-11-02,"Nets","","• Jeremy Lin","strained left hamstring (DTD)","Jeremy Lin","2016-17"
2016-11-04,"Nets","","• Jeremy Lin","placed on IL with strained left hamstring","Jeremy Lin","2016-17"
2016-12-12,"Nets","• Jeremy Lin","","activated from IL","Jeremy Lin","2016-17"
2016-12-14,"Nets","","• Jeremy Lin","placed on IL with sore back / tightness in back","Jeremy Lin","2016-17"
2016-12-16,"Nets","• Jeremy Lin","","activated from IL","Jeremy Lin","2016-17"
2016-12-27,"Nets","","• Jeremy Lin","strained left hamstring (DTD)","Jeremy Lin","2016-17"
2016-12-28,"Nets","","• Jeremy Lin","placed on IL with strained left hamstring","Jeremy Lin","2016-17"
2017-02-24,"Nets","• Jeremy Lin","","activated from IL","Jeremy Lin","2016-17"
2017-03-21,"Nets","","• Jeremy Lin","ankle injury (DTD)","Jeremy Lin","2016-17"
2017-03-23,"Nets","• Jeremy Lin","","returned to lineup","Jeremy Lin","2016-17"
2017-04-12,"Nets","","• Jeremy Lin","rest (out for season)","Jeremy Lin","2016-17"
2022-10-30,"Spurs","","• Jeremy Sochan","placed on IL with illness","Jeremy Sochan","2022-23"
2022-11-02,"Spurs","• Jeremy Sochan","","activated from IL","Jeremy Sochan","2022-23"
2022-11-30,"Spurs","","• Jeremy Sochan","placed on IL with bruised right quadriceps","Jeremy Sochan","2022-23"
2022-12-12,"Spurs","• Jeremy Sochan","","activated from IL","Jeremy Sochan","2022-23"
2023-01-26,"Spurs","","• Jeremy Sochan","placed on IL with bruised left quadriceps","Jeremy Sochan","2022-23"
2023-01-28,"Spurs","• Jeremy Sochan","","activated from IL","Jeremy Sochan","2022-23"
2023-02-02,"Spurs","","• Jeremy Sochan","placed on IL with sore lower back","Jeremy Sochan","2022-23"
2023-02-11,"Spurs","• Jeremy Sochan","","activated from IL","Jeremy Sochan","2022-23"
2023-02-23,"Spurs","","• Jeremy Sochan","left quadriceps injury (DTD)","Jeremy Sochan","2022-23"
2023-02-25,"Spurs","• Jeremy Sochan","","returned to lineup","Jeremy Sochan","2022-23"
2023-03-05,"Spurs","","• Jeremy Sochan","placed on IL with sore right knee","Jeremy Sochan","2022-23"
2023-03-10,"Spurs","• Jeremy Sochan","","activated from IL","Jeremy Sochan","2022-23"
2023-03-12,"Spurs","","• Jeremy Sochan","placed on IL with sore right knee","Jeremy Sochan","2022-23"
2023-03-14,"Spurs","• Jeremy Sochan","","activated from IL","Jeremy Sochan","2022-23"
2023-03-15,"Spurs","","• Jeremy Sochan","placed on IL with right knee injury","Jeremy Sochan","2022-23"
2023-03-16,"Spurs","• Jeremy Sochan","","activated from IL","Jeremy Sochan","2022-23"
2023-03-19,"Spurs","","• Jeremy Sochan","placed on IL with sore right knee","Jeremy Sochan","2022-23"
2023-03-22,"Spurs","• Jeremy Sochan","","activated from IL","Jeremy Sochan","2022-23"
2023-03-28,"Spurs","","• Jeremy Sochan","placed on IL with sore right knee","Jeremy Sochan","2022-23"
2016-10-27,"Bulls","","• Jerian Grant","placed on IL","Jerian Grant","2016-17"
2016-11-02,"Bulls","• Jerian Grant","","activated from IL","Jerian Grant","2016-17"
2017-11-06,"76ers","","• Jerryd Bayless","bruised left wrist (DTD)","Jerryd Bayless","2017-18"
2017-11-09,"76ers","","• Jerryd Bayless","placed on IL with bruised left wrist","Jerryd Bayless","2017-18"
2017-11-18,"76ers","• Jerryd Bayless","","activated from IL","Jerryd Bayless","2017-18"
2017-11-20,"76ers","• Jerryd Bayless","","returned to lineup","Jerryd Bayless","2017-18"
2018-01-20,"76ers","","• Jerryd Bayless","placed on IL with sore left wrist","Jerryd Bayless","2017-18"
2018-01-31,"76ers","• Jerryd Bayless","","activated from IL","Jerryd Bayless","2017-18"
2018-02-02,"76ers","• Jerryd Bayless","","activated from IL","Jerryd Bayless","2017-18"
2018-02-03,"76ers","• Jerryd Bayless","","activated from IL","Jerryd Bayless","2017-18"
2018-03-13,"76ers","","• Jerryd Bayless","placed on IL","Jerryd Bayless","2017-18"
2018-03-26,"76ers","• Jerryd Bayless","","activated from IL","Jerryd Bayless","2017-18"
2018-04-16,"76ers","","• Jerryd Bayless","placed on IL","Jerryd Bayless","2017-18"
2018-04-30,"76ers","• Jerryd Bayless","","activated from IL","Jerryd Bayless","2017-18"
2013-11-21,"Bulls","","• Jimmy Butler","placed on IL with turf toe","Jimmy Butler","2013-14"
2013-12-13,"Bulls","• Jimmy Butler","","activated from IL","Jimmy Butler","2013-14"
2013-12-21,"Bulls","","• Jimmy Butler","sprained right ankle (DNP)","Jimmy Butler","2013-14"
2014-01-11,"Bulls","","• Jimmy Butler","bruised thigh (DNP)","Jimmy Butler","2013-14"
2014-02-23,"Bulls","","• Jimmy Butler","bruised ribs (DNP)","Jimmy Butler","2013-14"
2014-02-25,"Bulls","","• Jimmy Butler","bruised ribs (DNP)","Jimmy Butler","2013-14"
2014-10-29,"Bulls","","• Jimmy Butler","placed on IL with sprained left thumb","Jimmy Butler","2014-15"
2014-11-01,"Bulls","• Jimmy Butler","","activated from IL","Jimmy Butler","2014-15"
2015-01-03,"Bulls","","• Jimmy Butler","placed on IL for personal reasons","Jimmy Butler","2014-15"
2015-01-05,"Bulls","• Jimmy Butler","","activated from IL","Jimmy Butler","2014-15"
2015-01-27,"Bulls","","• Jimmy Butler","placed on IL with illness","Jimmy Butler","2014-15"
2015-01-29,"Bulls","• Jimmy Butler","","activated from IL","Jimmy Butler","2014-15"
2015-02-12,"Bulls","","• Jimmy Butler","placed on IL with strained right shoulder","Jimmy Butler","2014-15"
2015-02-20,"Bulls","• Jimmy Butler","","activated from IL","Jimmy Butler","2014-15"
2015-03-02,"Bulls","","• Jimmy Butler","sprained left elbow (DTD)","Jimmy Butler","2014-15"
2015-03-03,"Bulls","","• Jimmy Butler","placed on IL with sprained left elbow","Jimmy Butler","2014-15"
2015-03-23,"Bulls","• Jimmy Butler","","activated from IL","Jimmy Butler","2014-15"
2015-04-09,"Bulls","","• Jimmy Butler","placed on IL with calf injury","Jimmy Butler","2014-15"
2015-04-11,"Bulls","• Jimmy Butler","","activated from IL","Jimmy Butler","2014-15"
2016-02-03,"Bulls","","• Jimmy Butler","left knee tendinitis (DTD)","Jimmy Butler","2015-16"
2016-02-05,"Bulls","• Jimmy Butler","","returned to lineup","Jimmy Butler","2015-16"
2016-02-06,"Bulls","","• Jimmy Butler","sprained left knee (DTD)","Jimmy Butler","2015-16"
2016-03-05,"Bulls","• Jimmy Butler","","returned to lineup","Jimmy Butler","2015-16"
2016-03-07,"Bulls","","• Jimmy Butler","strained/swollen left knee (DTD)","Jimmy Butler","2015-16"
2016-03-14,"Bulls","• Jimmy Butler","","returned to lineup","Jimmy Butler","2015-16"
2017-10-24,"Timberwolves","","• Jimmy Butler","upper respiratory illness (DTD)","Jimmy Butler","2017-18"
2017-10-25,"Timberwolves","","• Jimmy Butler","placed on IL with upper respiratory illness","Jimmy Butler","2017-18"
2017-10-27,"Timberwolves","• Jimmy Butler","","activated from IL","Jimmy Butler","2017-18"
2018-01-20,"Timberwolves","","• Jimmy Butler","sore right knee (DTD)","Jimmy Butler","2017-18"
2018-01-27,"Timberwolves","• Jimmy Butler","","returned to lineup","Jimmy Butler","2017-18"
2018-02-24,"Timberwolves","","• Jimmy Butler","placed on IL with meniscus injury in right knee","Jimmy Butler","2017-18"
2018-02-25,"Timberwolves","","• Jimmy Butler","surgery on right knee to repair meniscus injury","Jimmy Butler","2017-18"
2018-04-06,"Timberwolves","• Jimmy Butler","","activated from IL","Jimmy Butler","2017-18"
2018-10-20,"Timberwolves","","• Jimmy Butler","placed on IL","Jimmy Butler","2018-19"
2018-10-22,"Timberwolves","• Jimmy Butler","","activated from IL","Jimmy Butler","2018-19"
2018-10-31,"Timberwolves","","• Jimmy Butler","placed on IL","Jimmy Butler","2018-19"
2018-11-02,"Timberwolves","• Jimmy Butler","","activated from IL","Jimmy Butler","2018-19"
2018-11-04,"Timberwolves","","• Jimmy Butler","placed on IL","Jimmy Butler","2018-19"
2018-11-05,"Timberwolves","• Jimmy Butler","","activated from IL","Jimmy Butler","2018-19"
2018-11-12,"76ers","","• Jimmy Butler","placed on IL","Jimmy Butler","2018-19"
2018-11-14,"76ers","• Jimmy Butler","","activated from IL","Jimmy Butler","2018-19"
2018-12-12,"76ers","","• Jimmy Butler","placed on IL with strained groin","Jimmy Butler","2018-19"
2018-12-16,"76ers","• Jimmy Butler","","activated from IL","Jimmy Butler","2018-19"
2019-01-02,"76ers","","• Jimmy Butler","placed on IL with upper respiratory infection","Jimmy Butler","2018-19"
2019-01-08,"76ers","• Jimmy Butler","","activated from IL","Jimmy Butler","2018-19"
2019-01-21,"76ers","","• Jimmy Butler","placed on IL with sprained right wrist","Jimmy Butler","2018-19"
2019-01-29,"76ers","• Jimmy Butler","","activated from IL","Jimmy Butler","2018-19"
2019-04-01,"76ers","","• Jimmy Butler","placed on IL with back injury","Jimmy Butler","2018-19"
2019-04-03,"76ers","• Jimmy Butler","","activated from IL","Jimmy Butler","2018-19"
2019-04-04,"76ers","","• Jimmy Butler","placed on IL with back injury","Jimmy Butler","2018-19"
2019-04-09,"76ers","• Jimmy Butler","","activated from IL","Jimmy Butler","2018-19"
2019-04-10,"76ers","","• Jimmy Butler","placed on IL with tightness in lower back","Jimmy Butler","2018-19"
2019-04-12,"76ers","• Jimmy Butler","","activated from IL","Jimmy Butler","2018-19"
2019-10-23,"Heat","","• Jimmy Butler","personal reasons (DTD)","Jimmy Butler","2019-20"
2019-10-29,"Heat","• Jimmy Butler","","returned to lineup","Jimmy Butler","2019-20"
2019-11-27,"Heat","","• Jimmy Butler","illness (DTD)","Jimmy Butler","2019-20"
2019-11-29,"Heat","• Jimmy Butler","","returned to lineup","Jimmy Butler","2019-20"
2020-01-05,"Heat","","• Jimmy Butler","sore lower back (DTD)","Jimmy Butler","2019-20"
2020-01-08,"Heat","• Jimmy Butler","","returned to lineup","Jimmy Butler","2019-20"
2020-01-20,"Heat","","• Jimmy Butler","right hip injury (DTD)","Jimmy Butler","2019-20"
2020-01-22,"Heat","• Jimmy Butler","","returned to lineup","Jimmy Butler","2019-20"
2020-02-07,"Heat","","• Jimmy Butler","strained right shoulder (DTD)","Jimmy Butler","2019-20"
2020-02-09,"Heat","","• Jimmy Butler","placed on IL with strained right shoulder","Jimmy Butler","2019-20"
2020-02-10,"Heat","• Jimmy Butler","","activated from IL","Jimmy Butler","2019-20"
2020-02-22,"Heat","","• Jimmy Butler","personal reasons (DTD)","Jimmy Butler","2019-20"
2020-02-26,"Heat","• Jimmy Butler","","returned to lineup","Jimmy Butler","2019-20"
2020-03-11,"Heat","","• Jimmy Butler","placed on IL with left big toe injury","Jimmy Butler","2019-20"
2020-12-26,"Heat","","• Jimmy Butler","placed on IL with sprained right ankle","Jimmy Butler","2020-21"
2021-01-01,"Heat","• Jimmy Butler","","activated from IL","Jimmy Butler","2020-21"
2021-01-11,"Heat","","• Jimmy Butler","NBA health and safety protocols (DTD)","Jimmy Butler","2020-21"
2021-01-16,"Heat","","• Jimmy Butler","placed on IL with NBA health and safety protocols","Jimmy Butler","2020-21"
2021-01-30,"Heat","• Jimmy Butler","","activated from IL","Jimmy Butler","2020-21"
2021-02-28,"Heat","","• Jimmy Butler","right knee inflammation (DTD)","Jimmy Butler","2020-21"
2021-03-04,"Heat","• Jimmy Butler","","returned to lineup","Jimmy Butler","2020-21"
2021-03-25,"Heat","","• Jimmy Butler","illness (DTD)","Jimmy Butler","2020-21"
2021-03-26,"Heat","• Jimmy Butler","","returned to lineup","Jimmy Butler","2020-21"
2021-04-18,"Heat","","• Jimmy Butler","sprained right ankle (DTD)","Jimmy Butler","2020-21"
2021-04-21,"Heat","• Jimmy Butler","","returned to lineup","Jimmy Butler","2020-21"
2021-11-11,"Heat","","• Jimmy Butler","placed on IL with sprained right ankle","Jimmy Butler","2021-22"
2021-11-17,"Heat","• Jimmy Butler","","activated from IL","Jimmy Butler","2021-22"
2021-11-29,"Heat","","• Jimmy Butler","placed on IL with tailbone injury","Jimmy Butler","2021-22"
2021-12-06,"Heat","• Jimmy Butler","","activated from IL","Jimmy Butler","2021-22"
2021-12-07,"Heat","","• Jimmy Butler","placed on IL with tailbone injury","Jimmy Butler","2021-22"
2021-12-26,"Heat","• Jimmy Butler","","activated from IL","Jimmy Butler","2021-22"
2022-01-04,"Heat","","• Jimmy Butler","placed on IL with sprained right ankle","Jimmy Butler","2021-22"
2022-01-14,"Heat","• Jimmy Butler","","activated from IL","Jimmy Butler","2021-22"
2022-01-31,"Heat","","• Jimmy Butler","placed on IL with right big toe","Jimmy Butler","2021-22"
2022-02-01,"Heat","• Jimmy Butler","","activated from IL","Jimmy Butler","2021-22"
2022-03-03,"Heat","","• Jimmy Butler","placed on IL with left big toe injury","Jimmy Butler","2021-22"
2022-03-05,"Heat","• Jimmy Butler","","activated from IL","Jimmy Butler","2021-22"
2022-03-09,"Heat","","• Jimmy Butler","placed on IL with sinus ailment","Jimmy Butler","2021-22"
2022-03-11,"Heat","• Jimmy Butler","","activated from IL","Jimmy Butler","2021-22"
2022-03-12,"Heat","","• Jimmy Butler","placed on IL with left big toe injury","Jimmy Butler","2021-22"
2022-03-14,"Heat","• Jimmy Butler","","activated from IL","Jimmy Butler","2021-22"
2022-03-18,"Heat","","• Jimmy Butler","placed on IL with sprained right ankle","Jimmy Butler","2021-22"
2022-03-21,"Heat","• Jimmy Butler","","activated from IL","Jimmy Butler","2021-22"
2022-04-03,"Heat","","• Jimmy Butler","placed on IL with left big toe injury","Jimmy Butler","2021-22"
2022-04-04,"Heat","• Jimmy Butler","","activated from IL","Jimmy Butler","2021-22"
2022-04-09,"Heat","","• Jimmy Butler","placed on IL","Jimmy Butler","2021-22"
2022-04-16,"Heat","• Jimmy Butler","","activated from IL","Jimmy Butler","2021-22"
2022-04-26,"Heat","","• Jimmy Butler","placed on IL with right knee inflammation","Jimmy Butler","2021-22"
2022-11-02,"Heat","","• Jimmy Butler","placed on IL with left hip injury","Jimmy Butler","2022-23"
2022-11-07,"Heat","• Jimmy Butler","","activated from IL","Jimmy Butler","2022-23"
2022-11-18,"Heat","","• Jimmy Butler","placed on IL with knee injury","Jimmy Butler","2022-23"
2022-12-02,"Heat","• Jimmy Butler","","activated from IL","Jimmy Butler","2022-23"
2022-12-06,"Heat","","• Jimmy Butler","placed on IL with right knee injury","Jimmy Butler","2022-23"
2022-12-08,"Heat","• Jimmy Butler","","activated from IL","Jimmy Butler","2022-23"
2022-12-14,"Heat","","• Jimmy Butler","placed on IL with right knee injury","Jimmy Butler","2022-23"
2022-12-15,"Heat","• Jimmy Butler","","activated from IL","Jimmy Butler","2022-23"
2022-12-20,"Heat","","• Jimmy Butler","placed on IL with gastrointestinal ailment","Jimmy Butler","2022-23"
2022-12-23,"Heat","• Jimmy Butler","","activated from IL","Jimmy Butler","2022-23"
2022-12-26,"Heat","","• Jimmy Butler","placed on IL with sprained right ankle","Jimmy Butler","2022-23"
2022-12-28,"Heat","• Jimmy Butler","","activated from IL","Jimmy Butler","2022-23"
2023-01-24,"Heat","","• Jimmy Butler","placed on IL with tightness in lower back","Jimmy Butler","2022-23"
2023-01-26,"Heat","• Jimmy Butler","","activated from IL","Jimmy Butler","2022-23"
2023-03-28,"Heat","","• Jimmy Butler","placed on IL with sore neck","Jimmy Butler","2022-23"
2023-03-29,"Heat","• Jimmy Butler","","activated from IL","Jimmy Butler","2022-23"
2023-04-07,"Heat","","• Jimmy Butler","placed on IL with right hand injury","Jimmy Butler","2022-23"
2023-04-16,"Heat","• Jimmy Butler","","activated from IL","Jimmy Butler","2022-23"
2013-12-10,"Bulls","","• Joakim Noah","bruised right thigh (DNP)","Joakim Noah","2013-14"
2014-01-27,"Bulls","","• Joakim Noah","illness (DNP)","Joakim Noah","2013-14"
2014-11-04,"Bulls","","• Joakim Noah","placed on IL with illness","Joakim Noah","2014-15"
2014-11-07,"Bulls","• Joakim Noah","","activated from IL","Joakim Noah","2014-15"
2014-11-25,"Bulls","","• Joakim Noah","placed on IL with eye abrasion","Joakim Noah","2014-15"
2014-11-28,"Bulls","• Joakim Noah","","activated from IL","Joakim Noah","2014-15"
2014-12-10,"Bulls","","• Joakim Noah","placed on IL with sprained right ankle","Joakim Noah","2014-15"
2014-12-18,"Bulls","• Joakim Noah","","activated from IL","Joakim Noah","2014-15"
2015-01-16,"Bulls","","• Joakim Noah","placed on IL with sprained right ankle","Joakim Noah","2014-15"
2015-01-23,"Bulls","• Joakim Noah","","activated from IL","Joakim Noah","2014-15"
2015-03-11,"Bulls","","• Joakim Noah","left knee injury (DTD)","Joakim Noah","2014-15"
2015-03-13,"Bulls","• Joakim Noah","","returned to lineup","Joakim Noah","2014-15"
2015-03-23,"Bulls","","• Joakim Noah","placed on IL with general soreness","Joakim Noah","2014-15"
2015-03-25,"Bulls","• Joakim Noah","","activated from IL","Joakim Noah","2014-15"
2015-04-13,"Bulls","","• Joakim Noah","sore left knee (DTD)","Joakim Noah","2014-15"
2015-04-15,"Bulls","","• Joakim Noah","placed on IL with sore left knee","Joakim Noah","2014-15"
2015-04-18,"Bulls","• Joakim Noah","","activated from IL","Joakim Noah","2014-15"
2014-02-05,"Lakers","","• Jodie Meeks","sprained right ankle (DNP)","Jodie Meeks","2013-14"
2014-02-07,"Lakers","","• Jodie Meeks","sprained right ankle (DNP)","Jodie Meeks","2013-14"
2014-02-09,"Lakers","","• Jodie Meeks","sprained right ankle (DNP)","Jodie Meeks","2013-14"
2014-02-11,"Lakers","","• Jodie Meeks","sprained right ankle (DNP)","Jodie Meeks","2013-14"
2014-02-13,"Lakers","","• Jodie Meeks","sprained right ankle (DNP)","Jodie Meeks","2013-14"
2018-11-30,"Nets","","• Joe Harris","placed on IL with adductor injury","Joe Harris","2018-19"
2018-12-03,"Nets","• Joe Harris","","activated from IL","Joe Harris","2018-19"
2018-12-03,"Nets","","• Joe Harris","adductor injury (DTD)","Joe Harris","2018-19"
2018-12-05,"Nets","• Joe Harris","","returned to lineup","Joe Harris","2018-19"
2019-01-07,"Nets","","• Joe Harris","placed on IL with sprained right ankle","Joe Harris","2018-19"
2019-01-09,"Nets","• Joe Harris","","activated from IL","Joe Harris","2018-19"
2019-02-04,"Nets","","• Joe Harris","right hip injury (DTD)","Joe Harris","2018-19"
2019-02-06,"Nets","• Joe Harris","","returned to lineup","Joe Harris","2018-19"
2019-04-10,"Nets","","• Joe Harris","placed on IL with sore right foot","Joe Harris","2018-19"
2019-04-12,"Nets","• Joe Harris","","activated from IL","Joe Harris","2018-19"
2020-01-17,"Nets","","• Joe Harris","sore lower back (DTD)","Joe Harris","2019-20"
2020-01-18,"Nets","","• Joe Harris","placed on IL with sore lower back","Joe Harris","2019-20"
2020-01-19,"Nets","• Joe Harris","","activated from IL","Joe Harris","2019-20"
2020-03-11,"Nets","","• Joe Harris","sprained right ankle (DTD)","Joe Harris","2019-20"
2013-12-20,"Nets","","• Joe Johnson","personal reasons (DNP)","Joe Johnson","2013-14"
2014-02-03,"Nets","","• Joe Johnson","right knee tendinitis (DNP)","Joe Johnson","2013-14"
2014-04-16,"Nets","","• Joe Johnson","right calf injury (DNP)","Joe Johnson","2013-14"
2014-12-08,"Nets","","• Joe Johnson","flu (DTD)","Joe Johnson","2014-15"
2014-12-10,"Nets","","• Joe Johnson","placed on IL with flu","Joe Johnson","2014-15"
2014-12-12,"Nets","• Joe Johnson","","activated from IL","Joe Johnson","2014-15"
2017-10-21,"76ers","","• Joel Embiid","placed on IL with rehab of left knee","Joel Embiid","2017-18"
2017-10-23,"76ers","• Joel Embiid","","activated from IL","Joel Embiid","2017-18"
2017-11-07,"76ers","","• Joel Embiid","placed on IL for rest","Joel Embiid","2017-18"
2017-11-09,"76ers","• Joel Embiid","","activated from IL","Joel Embiid","2017-18"
2017-11-30,"76ers","","• Joel Embiid","placed on IL","Joel Embiid","2017-18"
2017-12-02,"76ers","• Joel Embiid","","activated from IL","Joel Embiid","2017-18"
2017-12-09,"76ers","","• Joel Embiid","placed on IL for rest","Joel Embiid","2017-18"
2017-12-10,"76ers","","• Joel Embiid","back injury (DTD)","Joel Embiid","2017-18"
2017-12-12,"76ers","• Joel Embiid","","activated from IL","Joel Embiid","2017-18"
2017-12-17,"76ers","","• Joel Embiid","back injury (DTD)","Joel Embiid","2017-18"
2017-12-18,"76ers","","• Joel Embiid","placed on IL for rest","Joel Embiid","2017-18"
2017-12-23,"76ers","• Joel Embiid","","activated from IL","Joel Embiid","2017-18"
2017-12-30,"76ers","","• Joel Embiid","back injury (DTD)","Joel Embiid","2017-18"
2017-12-31,"76ers","• Joel Embiid","","returned to lineup","Joel Embiid","2017-18"
2018-01-29,"76ers","","• Joel Embiid","placed on IL for rest","Joel Embiid","2017-18"
2018-01-31,"76ers","• Joel Embiid","","activated from IL","Joel Embiid","2017-18"
2018-02-14,"76ers","","• Joel Embiid","sore right ankle (DTD)","Joel Embiid","2017-18"
2018-02-22,"76ers","• Joel Embiid","","returned to lineup","Joel Embiid","2017-18"
2018-03-29,"76ers","","• Joel Embiid","fractured left orbital bone (out indefinitely)","Joel Embiid","2017-18"
2018-03-30,"76ers","","• Joel Embiid","placed on IL with fractured left orbital bone / concussion","Joel Embiid","2017-18"
2018-03-31,"76ers","","• Joel Embiid","surgery to repair fractured left orbital bone (out indefinitely)","Joel Embiid","2017-18"
2018-04-19,"76ers","• Joel Embiid","","activated from IL","Joel Embiid","2017-18"
2018-12-07,"76ers","","• Joel Embiid","placed on IL","Joel Embiid","2018-19"
2018-12-10,"76ers","• Joel Embiid","","activated from IL","Joel Embiid","2018-19"
2018-12-30,"76ers","","• Joel Embiid","sore left knee (DTD)","Joel Embiid","2018-19"
2019-01-01,"76ers","• Joel Embiid","","returned to lineup","Joel Embiid","2018-19"
2019-01-11,"76ers","","• Joel Embiid","placed on IL with sore left ankle","Joel Embiid","2018-19"
2019-01-13,"76ers","• Joel Embiid","","activated from IL","Joel Embiid","2018-19"
2019-01-26,"76ers","","• Joel Embiid","placed on IL","Joel Embiid","2018-19"
2019-01-29,"76ers","• Joel Embiid","","activated from IL","Joel Embiid","2018-19"
2019-02-20,"76ers","","• Joel Embiid","sore left knee (DTD)","Joel Embiid","2018-19"
2019-02-21,"76ers","","• Joel Embiid","placed on IL with sore left knee","Joel Embiid","2018-19"
2019-03-10,"76ers","• Joel Embiid","","activated from IL","Joel Embiid","2018-19"
2019-04-08,"76ers","","• Joel Embiid","sore left knee (DTD)","Joel Embiid","2018-19"
2019-04-09,"76ers","","• Joel Embiid","placed on IL with sore left knee","Joel Embiid","2018-19"
2019-04-13,"76ers","• Joel Embiid","","activated from IL","Joel Embiid","2018-19"
2019-04-18,"76ers","","• Joel Embiid","sore left knee (DTD)","Joel Embiid","2018-19"
2019-04-20,"76ers","• Joel Embiid","","returned to lineup","Joel Embiid","2018-19"
2019-10-26,"76ers","","• Joel Embiid","placed on IL with sprained right ankle","Joel Embiid","2019-20"
2019-10-28,"76ers","• Joel Embiid","","activated from IL","Joel Embiid","2019-20"
2019-12-06,"76ers","","• Joel Embiid","bruised left hip (DTD)","Joel Embiid","2019-20"
2019-12-07,"76ers","","• Joel Embiid","placed on IL with bruised left hip","Joel Embiid","2019-20"
2019-12-08,"76ers","• Joel Embiid","","activated from IL","Joel Embiid","2019-20"
2019-12-15,"76ers","","• Joel Embiid","placed on IL with illness","Joel Embiid","2019-20"
2019-12-17,"76ers","• Joel Embiid","","activated from IL","Joel Embiid","2019-20"
2019-12-31,"76ers","","• Joel Embiid","placed on IL with sore left knee","Joel Embiid","2019-20"
2020-01-02,"76ers","• Joel Embiid","","activated from IL","Joel Embiid","2019-20"
2020-01-09,"76ers","","• Joel Embiid","placed on IL with left hand injury","Joel Embiid","2019-20"
2020-01-28,"76ers","• Joel Embiid","","activated from IL","Joel Embiid","2019-20"
2020-02-27,"76ers","","• Joel Embiid","placed on IL with sprained left shoulder","Joel Embiid","2019-20"
2020-03-11,"76ers","• Joel Embiid","","activated from IL","Joel Embiid","2019-20"
2020-12-27,"76ers","","• Joel Embiid","back injury (DTD)","Joel Embiid","2020-21"
2020-12-29,"76ers","• Joel Embiid","","returned to lineup","Joel Embiid","2020-21"
2021-01-09,"76ers","","• Joel Embiid","placed on IL with back injury","Joel Embiid","2020-21"
2021-01-11,"76ers","• Joel Embiid","","activated from IL","Joel Embiid","2020-21"
2021-01-15,"76ers","","• Joel Embiid","placed on IL with sore right knee","Joel Embiid","2020-21"
2021-01-19,"76ers","• Joel Embiid","","activated from IL","Joel Embiid","2020-21"
2021-01-25,"76ers","","• Joel Embiid","placed on IL with back injury","Joel Embiid","2020-21"
2021-01-26,"76ers","• Joel Embiid","","activated from IL","Joel Embiid","2020-21"
2021-01-31,"76ers","","• Joel Embiid","back injury (DTD)","Joel Embiid","2020-21"
2021-02-02,"76ers","• Joel Embiid","","returned to lineup","Joel Embiid","2020-21"
2021-02-15,"76ers","","• Joel Embiid","back injury (DTD)","Joel Embiid","2020-21"
2021-02-17,"76ers","• Joel Embiid","","returned to lineup","Joel Embiid","2020-21"
2021-03-11,"76ers","","• Joel Embiid","placed on IL with NBA health and safety protocols","Joel Embiid","2020-21"
2021-03-12,"76ers","• Joel Embiid","","activated from IL","Joel Embiid","2020-21"
2021-03-13,"76ers","","• Joel Embiid","placed on IL with bone bruise in left knee","Joel Embiid","2020-21"
2021-04-03,"76ers","• Joel Embiid","","activated from IL","Joel Embiid","2020-21"
2021-04-04,"76ers","","• Joel Embiid","placed on IL with left knee injury","Joel Embiid","2020-21"
2021-04-05,"76ers","• Joel Embiid","","activated from IL","Joel Embiid","2020-21"
2021-04-24,"76ers","","• Joel Embiid","sore right shoulder (DTD)","Joel Embiid","2020-21"
2021-04-26,"76ers","• Joel Embiid","","returned to lineup","Joel Embiid","2020-21"
2021-11-01,"76ers","","• Joel Embiid","placed on IL","Joel Embiid","2021-22"
2021-11-03,"76ers","• Joel Embiid","","activated from IL","Joel Embiid","2021-22"
2021-11-08,"76ers","","• Joel Embiid","placed on IL with NBA health and safety protocols","Joel Embiid","2021-22"
2021-11-27,"76ers","• Joel Embiid","","activated from IL","Joel Embiid","2021-22"
2021-12-13,"76ers","","• Joel Embiid","sore ribs (DTD)","Joel Embiid","2021-22"
2021-12-15,"76ers","• Joel Embiid","","returned to lineup","Joel Embiid","2021-22"
2022-03-21,"76ers","","• Joel Embiid","placed on IL with sore back","Joel Embiid","2021-22"
2022-03-22,"76ers","• Joel Embiid","","activated from IL","Joel Embiid","2021-22"
2022-04-10,"76ers","","• Joel Embiid","sore right knee (DTD)","Joel Embiid","2021-22"
2022-04-15,"76ers","• Joel Embiid","","returned to lineup","Joel Embiid","2021-22"
2022-04-29,"76ers","","• Joel Embiid","placed on IL with orbital fracture, concussion","Joel Embiid","2021-22"
2022-10-31,"76ers","","• Joel Embiid","placed on IL with illness","Joel Embiid","2022-23"
2022-11-07,"76ers","• Joel Embiid","","activated from IL","Joel Embiid","2022-23"
2022-11-22,"76ers","","• Joel Embiid","placed on IL with sprained left foot","Joel Embiid","2022-23"
2022-11-28,"76ers","• Joel Embiid","","activated from IL","Joel Embiid","2022-23"
2023-01-04,"76ers","","• Joel Embiid","placed on IL with sore left foot","Joel Embiid","2022-23"
2023-01-10,"76ers","• Joel Embiid","","activated from IL","Joel Embiid","2022-23"
2023-01-21,"76ers","","• Joel Embiid","left foot injury (DTD)","Joel Embiid","2022-23"
2023-01-25,"76ers","• Joel Embiid","","returned to lineup","Joel Embiid","2022-23"
2023-03-01,"76ers","","• Joel Embiid","placed on IL with sore left foot","Joel Embiid","2022-23"
2023-03-02,"76ers","• Joel Embiid","","activated from IL","Joel Embiid","2022-23"
2023-03-27,"76ers","","• Joel Embiid","placed on IL with right calf injury","Joel Embiid","2022-23"
2023-03-29,"76ers","• Joel Embiid","","activated from IL","Joel Embiid","2022-23"
2023-04-21,"76ers","","• Joel Embiid","placed on IL with sprained right knee","Joel Embiid","2022-23"
2018-10-17,"Hawks","","• John Collins (Martin)","placed on IL with left ankle injury","John Collins","2018-19"
2018-11-17,"Hawks","• John Collins (Martin)","","activated from IL","John Collins","2018-19"
2018-12-23,"Hawks","","• John Collins (Martin)","placed on IL with sprained left ankle","John Collins","2018-19"
2018-12-26,"Hawks","• John Collins (Martin)","","activated from IL","John Collins","2018-19"
2019-03-01,"Hawks","","• John Collins (Martin)","placed on IL with flu","John Collins","2018-19"
2019-03-06,"Hawks","• John Collins (Martin)","","activated from IL","John Collins","2018-19"
2020-01-04,"Hawks","","• John Collins (Martin)","placed on IL with back injury","John Collins","2019-20"
2020-01-06,"Hawks","• John Collins (Martin)","","activated from IL","John Collins","2019-20"
2021-03-31,"Hawks","","• John Collins (Martin)","placed on IL with sprained left ankle","John Collins","2020-21"
2021-04-18,"Hawks","• John Collins (Martin)","","activated from IL","John Collins","2020-21"
2021-12-26,"Hawks","","• John Collins (Martin)","placed on IL with NBA health and safety protocols","John Collins","2021-22"
2022-01-07,"Hawks","• John Collins (Martin)","","activated from IL","John Collins","2021-22"
2022-02-13,"Hawks","","• John Collins (Martin)","placed on IL with right foot injury","John Collins","2021-22"
2022-03-04,"Hawks","• John Collins (Martin)","","activated from IL","John Collins","2021-22"
2022-03-13,"Hawks","","• John Collins (Martin)","placed on IL with strained right foot","John Collins","2021-22"
2022-04-17,"Hawks","• John Collins (Martin)","","activated from IL","John Collins","2021-22"
2022-12-01,"Hawks","","• John Collins (Martin)","placed on IL with sprained left ankle","John Collins","2022-23"
2022-12-19,"Hawks","• John Collins (Martin)","","activated from IL","John Collins","2022-23"
2023-02-13,"Hawks","","• John Collins (Martin)","placed on IL with left hip flexor injury","John Collins","2022-23"
2023-02-15,"Hawks","• John Collins (Martin)","","activated from IL","John Collins","2022-23"
2023-02-23,"Hawks","","• John Collins (Martin)","placed on IL with concussion protocols","John Collins","2022-23"
2023-02-26,"Hawks","• John Collins (Martin)","","activated from IL","John Collins","2022-23"
2023-04-08,"Hawks","","• John Collins (Martin)","placed on IL with back injury","John Collins","2022-23"
2023-04-11,"Hawks","• John Collins (Martin)","","activated from IL","John Collins","2022-23"
2017-11-21,"Bucks","","• John Henson","eye injury (DTD)","John Henson","2017-18"
2017-11-22,"Bucks","","• John Henson","placed on IL with eye procedure","John Henson","2017-18"
2017-11-25,"Bucks","• John Henson","","activated from IL","John Henson","2017-18"
2018-02-06,"Bucks","","• John Henson","sore right hamstring (DTD)","John Henson","2017-18"
2018-02-09,"Bucks","• John Henson","","returned to lineup","John Henson","2017-18"
2018-02-10,"Bucks","","• John Henson","sore right hamstring (DTD)","John Henson","2017-18"
2018-02-13,"Bucks","","• John Henson","placed on IL with sore right hamstring","John Henson","2017-18"
2018-02-23,"Bucks","• John Henson","","activated from IL","John Henson","2017-18"
2018-03-30,"Bucks","","• John Henson","right index finger injury (DTD)","John Henson","2017-18"
2018-03-30,"Bucks","","• John Henson","placed on IL with sprained right finger","John Henson","2017-18"
2018-04-01,"Bucks","• John Henson","","activated from IL","John Henson","2017-18"
2018-04-20,"Bucks","","• John Henson","placed on IL with sore back (out for season)","John Henson","2017-18"
2015-04-08,"Wizards","","• John Wall (Hildred)","placed on IL for rest","John Wall","2014-15"
2015-04-12,"Wizards","• John Wall (Hildred)","","activated from IL","John Wall","2014-15"
2015-04-15,"Wizards","","• John Wall (Hildred)","rest (DTD)","John Wall","2014-15"
2015-04-18,"Wizards","• John Wall (Hildred)","","returned to lineup","John Wall","2014-15"
2016-04-06,"Wizards","","• John Wall (Hildred)","placed on IL with sore/swollen right knee (out for season)","John Wall","2015-16"
2016-11-05,"Wizards","","• John Wall (Hildred)","placed on IL for rest","John Wall","2016-17"
2016-11-07,"Wizards","• John Wall (Hildred)","","activated from IL","John Wall","2016-17"
2016-11-12,"Wizards","","• John Wall (Hildred)","placed on IL for rest","John Wall","2016-17"
2016-11-16,"Wizards","• John Wall (Hildred)","","activated from IL","John Wall","2016-17"
2017-04-10,"Wizards","","• John Wall (Hildred)","rest / quadriceps injury (DTD)","John Wall","2016-17"
2017-04-12,"Wizards","• John Wall (Hildred)","","activated from IL","John Wall","2016-17"
2017-04-12,"Wizards","","• John Wall (Hildred)","rest (DTD)","John Wall","2016-17"
2017-04-16,"Wizards","• John Wall (Hildred)","","returned to lineup","John Wall","2016-17"
2017-11-05,"Wizards","","• John Wall (Hildred)","placed on IL with sprained left shoulder","John Wall","2017-18"
2017-11-07,"Wizards","• John Wall (Hildred)","","activated from IL","John Wall","2017-18"
2017-11-19,"Wizards","","• John Wall (Hildred)","sore left knee / left knee inflammation (DTD)","John Wall","2017-18"
2017-11-20,"Wizards","• John Wall (Hildred)","","returned to lineup","John Wall","2017-18"
2017-11-25,"Wizards","","• John Wall (Hildred)","placed on IL with sore left knee / left knee inflammation","John Wall","2017-18"
2017-12-13,"Wizards","• John Wall (Hildred)","","activated from IL","John Wall","2017-18"
2018-01-27,"Wizards","","• John Wall (Hildred)","placed on IL with sore left knee","John Wall","2017-18"
2018-01-31,"Wizards","","• John Wall (Hildred)","arthroscopic surgery on left knee (out indefinitely)","John Wall","2017-18"
2018-03-31,"Wizards","• John Wall (Hildred)","","activated from IL","John Wall","2017-18"
2018-04-01,"Wizards","","• John Wall (Hildred)","rest (DTD)","John Wall","2017-18"
2018-04-06,"Wizards","","• John Wall (Hildred)","placed on IL for rest","John Wall","2017-18"
2018-04-10,"Wizards","• John Wall (Hildred)","","activated from IL","John Wall","2017-18"
2018-04-11,"Wizards","","• John Wall (Hildred)","placed on IL for rest","John Wall","2017-18"
2018-04-14,"Wizards","• John Wall (Hildred)","","activated from IL","John Wall","2017-18"
2020-12-25,"Rockets","","• John Wall (Hildred)","COVID-19 protocols","John Wall","2020-21"
2020-12-30,"Rockets","• John Wall (Hildred)","","returned to lineup","John Wall","2020-21"
2021-01-13,"Rockets","","• John Wall (Hildred)","sore left knee (DTD)","John Wall","2020-21"
2021-01-18,"Rockets","","• John Wall (Hildred)","placed on IL with sore left knee","John Wall","2020-21"
2021-01-23,"Rockets","• John Wall (Hildred)","","activated from IL","John Wall","2020-21"
2021-02-02,"Rockets","","• John Wall (Hildred)","placed on IL with left Achilles injury","John Wall","2020-21"
2021-02-04,"Rockets","• John Wall (Hildred)","","activated from IL","John Wall","2020-21"
2021-02-08,"Rockets","","• John Wall (Hildred)","left Achilles injury (DTD)","John Wall","2020-21"
2021-02-09,"Rockets","• John Wall (Hildred)","","returned to lineup","John Wall","2020-21"
2021-03-11,"Rockets","","• John Wall (Hildred)","placed on IL with bruised left knee","John Wall","2020-21"
2021-03-16,"Rockets","• John Wall (Hildred)","","activated from IL","John Wall","2020-21"
2021-03-19,"Rockets","• John Wall (Hildred)","","returned to lineup","John Wall","2020-21"
2021-03-31,"Rockets","","• John Wall (Hildred)","placed on IL with left knee injury","John Wall","2020-21"
2021-04-04,"Rockets","• John Wall (Hildred)","","activated from IL","John Wall","2020-21"
2021-04-04,"Rockets","","• John Wall (Hildred)","left knee injury (DTD)","John Wall","2020-21"
2021-04-07,"Rockets","• John Wall (Hildred)","","returned to lineup","John Wall","2020-21"
2021-04-08,"Rockets","","• John Wall (Hildred)","placed on IL with left Achilles injury","John Wall","2020-21"
2021-04-10,"Rockets","• John Wall (Hildred)","","activated from IL","John Wall","2020-21"
2021-04-17,"Rockets","","• John Wall (Hildred)","left Achilles injury (DTD)","John Wall","2020-21"
2021-04-19,"Rockets","• John Wall (Hildred)","","returned to lineup","John Wall","2020-21"
2021-04-24,"Rockets","","• John Wall (Hildred)","left Achilles injury (DTD)","John Wall","2020-21"
2021-04-26,"Rockets","","• John Wall (Hildred)","placed on IL with strained right hamstring (out for season)","John Wall","2020-21"
2016-12-17,"Pistons","","• Jon Leuer","placed on IL with back spasms","Jon Leuer","2016-17"
2016-12-19,"Pistons","• Jon Leuer","","activated from IL","Jon Leuer","2016-17"
2017-01-10,"Pistons","","• Jon Leuer","sore right knee (DTD)","Jon Leuer","2016-17"
2017-01-18,"Pistons","","• Jon Leuer","placed on IL with bone bruise in right knee","Jon Leuer","2016-17"
2017-01-21,"Pistons","• Jon Leuer","","activated from IL","Jon Leuer","2016-17"
2016-03-16,"Celtics","","• Jonas Jerebko","placed on IL with sore left ankle","Jonas Jerebko","2015-16"
2016-03-21,"Celtics","• Jonas Jerebko","","activated from IL","Jonas Jerebko","2015-16"
2014-03-19,"Raptors","","• Jonas Valanciunas","placed on IL with back injury","Jonas Valančiūnas","2013-14"
2014-03-21,"Raptors","• Jonas Valanciunas","","activated from IL","Jonas Valančiūnas","2013-14"
2014-11-05,"Raptors","","• Jonas Valanciunas","placed on IL with hand injury","Jonas Valančiūnas","2014-15"
2014-11-07,"Raptors","• Jonas Valanciunas","","activated from IL","Jonas Valančiūnas","2014-15"
2015-03-13,"Raptors","","• Jonas Valanciunas","placed on IL for birth of child","Jonas Valančiūnas","2014-15"
2015-03-14,"Raptors","• Jonas Valanciunas","","activated from IL","Jonas Valančiūnas","2014-15"
2015-11-21,"Raptors","","• Jonas Valanciunas","fractured left hand (out indefinitely)","Jonas Valančiūnas","2015-16"
2015-11-22,"Raptors","","• Jonas Valanciunas","placed on IL with fractured left hand","Jonas Valančiūnas","2015-16"
2015-12-28,"Raptors","• Jonas Valanciunas","","activated from IL","Jonas Valančiūnas","2015-16"
2016-03-15,"Raptors","","• Jonas Valanciunas","bruised left hand (DTD)","Jonas Valančiūnas","2015-16"
2016-03-17,"Raptors","","• Jonas Valanciunas","placed on IL","Jonas Valančiūnas","2015-16"
2016-03-18,"Raptors","• Jonas Valanciunas","","activated from IL","Jonas Valančiūnas","2015-16"
2016-03-20,"Raptors","• Jonas Valanciunas","","returned to lineup","Jonas Valančiūnas","2015-16"
2016-04-13,"Raptors","","• Jonas Valanciunas","rest (DTD)","Jonas Valančiūnas","2015-16"
2016-11-06,"Raptors","","• Jonas Valanciunas","bruised left knee (DTD)","Jonas Valančiūnas","2016-17"
2016-11-11,"Raptors","• Jonas Valanciunas","","returned to lineup","Jonas Valančiūnas","2016-17"
2017-10-21,"Raptors","","• Jonas Valanciunas","sore/sprained left ankle (DTD)","Jonas Valančiūnas","2017-18"
2017-10-23,"Raptors","","• Jonas Valanciunas","placed on IL with sprained left ankle","Jonas Valančiūnas","2017-18"
2017-11-01,"Raptors","• Jonas Valanciunas","","activated from IL","Jonas Valančiūnas","2017-18"
2018-04-08,"Raptors","","• Jonas Valanciunas","placed on IL for rest","Jonas Valančiūnas","2017-18"
2018-04-09,"Raptors","• Jonas Valanciunas","","activated from IL","Jonas Valančiūnas","2017-18"
2019-12-01,"Grizzlies","","• Jonas Valanciunas","placed on IL with illness","Jonas Valančiūnas","2019-20"
2019-12-02,"Grizzlies","• Jonas Valanciunas","","activated from IL","Jonas Valančiūnas","2019-20"
2019-12-21,"Grizzlies","","• Jonas Valanciunas","placed on IL with sore right foot","Jonas Valančiūnas","2019-20"
2019-12-23,"Grizzlies","• Jonas Valanciunas","","activated from IL","Jonas Valančiūnas","2019-20"
2021-01-17,"Grizzlies","","• Jonas Valanciunas","placed on IL with NBA health and safety protocols","Jonas Valančiūnas","2020-21"
2021-02-05,"Grizzlies","• Jonas Valanciunas","","activated from IL","Jonas Valančiūnas","2020-21"
2021-04-18,"Grizzlies","","• Jonas Valanciunas","placed on IL with concussion","Jonas Valančiūnas","2020-21"
2021-04-25,"Grizzlies","• Jonas Valanciunas","","activated from IL","Jonas Valančiūnas","2020-21"
2021-12-22,"Pelicans","","• Jonas Valanciunas","illness (DTD)","Jonas Valančiūnas","2021-22"
2021-12-26,"Pelicans","","• Jonas Valanciunas","placed on IL with illness","Jonas Valančiūnas","2021-22"
2021-12-28,"Pelicans","• Jonas Valanciunas","","activated from IL","Jonas Valančiūnas","2021-22"
2021-12-31,"Pelicans","","• Jonas Valanciunas","placed on IL with NBA health and safety protocols","Jonas Valančiūnas","2021-22"
2022-01-03,"Pelicans","• Jonas Valanciunas","","activated from IL","Jonas Valančiūnas","2021-22"
2022-01-25,"Pelicans","","• Jonas Valanciunas","placed on IL","Jonas Valančiūnas","2021-22"
2022-01-28,"Pelicans","","• Jonas Valanciunas","placed on IL with illness","Jonas Valančiūnas","2021-22"
2022-01-31,"Pelicans","• Jonas Valanciunas","","activated from IL","Jonas Valančiūnas","2021-22"
2022-04-04,"Pelicans","","• Jonas Valanciunas","placed on IL with sore right ankle","Jonas Valančiūnas","2021-22"
2022-04-07,"Pelicans","• Jonas Valanciunas","","activated from IL","Jonas Valančiūnas","2021-22"
2022-04-10,"Pelicans","","• Jonas Valanciunas","placed on IL with sore right ankle","Jonas Valančiūnas","2021-22"
2022-04-12,"Pelicans","• Jonas Valanciunas","","activated from IL","Jonas Valančiūnas","2021-22"
2023-02-05,"Pelicans","","• Jonas Valanciunas","placed on IL with right quadriceps injury","Jonas Valančiūnas","2022-23"
2023-02-06,"Pelicans","• Jonas Valanciunas","","activated from IL","Jonas Valančiūnas","2022-23"
2023-03-01,"Pelicans","","• Jonas Valanciunas","placed on IL with left calf injury","Jonas Valančiūnas","2022-23"
2023-03-06,"Pelicans","• Jonas Valanciunas","","activated from IL","Jonas Valančiūnas","2022-23"
2018-11-04,"Magic","","• Jonathan Isaac","placed on IL with sprained right ankle","Jonathan Isaac","2018-19"
2018-11-14,"Magic","• Jonathan Isaac","","activated from IL","Jonathan Isaac","2018-19"
2019-04-09,"Magic","","• Jonathan Isaac","concussion (DTD)","Jonathan Isaac","2018-19"
2019-04-10,"Magic","","• Jonathan Isaac","placed on IL with concussion","Jonathan Isaac","2018-19"
2019-04-13,"Magic","• Jonathan Isaac","","activated from IL","Jonathan Isaac","2018-19"
2019-11-15,"Magic","","• Jonathan Isaac","placed on IL with sprained right ankle","Jonathan Isaac","2019-20"
2019-11-20,"Magic","• Jonathan Isaac","","activated from IL","Jonathan Isaac","2019-20"
2020-01-02,"Magic","","• Jonathan Isaac","left knee injury (out for season)","Jonathan Isaac","2019-20"
2020-01-03,"Magic","","• Jonathan Isaac","placed on IL with left knee injury","Jonathan Isaac","2019-20"
2017-01-24,"Spurs","","• Jonathon Simmons","sprained right wrist (DTD)","Jonathon Simmons","2016-17"
2017-01-27,"Spurs","","• Jonathon Simmons","placed on IL with sprained right wrist","Jonathon Simmons","2016-17"
2017-01-31,"Spurs","• Jonathon Simmons","","returned to lineup","Jonathon Simmons","2016-17"
2017-02-12,"Spurs","","• Jonathon Simmons","placed on IL with illness","Jonathon Simmons","2016-17"
2017-02-13,"Spurs","• Jonathon Simmons","","activated from IL","Jonathon Simmons","2016-17"
2018-01-06,"Magic","","• Jonathon Simmons","back spasms (DTD)","Jonathon Simmons","2017-18"
2018-01-09,"Magic","• Jonathon Simmons","","returned to lineup","Jonathon Simmons","2017-18"
2018-03-20,"Magic","","• Jonathon Simmons","bruised right wrist (out for season)","Jonathon Simmons","2017-18"
2018-03-22,"Magic","","• Jonathon Simmons","placed on IL with bruised right wrist (out for season)","Jonathon Simmons","2017-18"
2017-10-27,"Warriors","","• Jordan Bell","placed on IL","Jordan Bell","2017-18"
2017-10-30,"Warriors","• Jordan Bell","","activated from IL","Jordan Bell","2017-18"
2017-11-13,"Warriors","","• Jordan Bell","placed on IL","Jordan Bell","2017-18"
2017-11-19,"Warriors","• Jordan Bell","","activated from IL","Jordan Bell","2017-18"
2017-11-22,"Warriors","","• Jordan Bell","placed on IL","Jordan Bell","2017-18"
2017-11-24,"Warriors","• Jordan Bell","","activated from IL","Jordan Bell","2017-18"
2018-01-19,"Warriors","","• Jordan Bell","left ankle injury (out indefinitely)","Jordan Bell","2017-18"
2018-01-20,"Warriors","","• Jordan Bell","placed on IL with left ankle inflammation","Jordan Bell","2017-18"
2018-02-26,"Warriors","• Jordan Bell","","activated from IL","Jordan Bell","2017-18"
2018-03-07,"Warriors","","• Jordan Bell","sprained right ankle (DTD)","Jordan Bell","2017-18"
2018-03-08,"Warriors","","• Jordan Bell","placed on IL with sprained right ankle","Jordan Bell","2017-18"
2018-03-14,"Warriors","• Jordan Bell","","activated from IL","Jordan Bell","2017-18"
2015-04-15,"Lakers","","• Jordan Clarkson","sprained left ankle (DTD)","Jordan Clarkson","2014-15"
2015-12-11,"Lakers","","• Jordan Clarkson","placed on IL with sprained right ankle","Jordan Clarkson","2015-16"
2015-12-15,"Lakers","• Jordan Clarkson","","activated from IL","Jordan Clarkson","2015-16"
2016-03-04,"Lakers","","• Jordan Clarkson","knee injury (DTD)","Jordan Clarkson","2015-16"
2016-03-06,"Lakers","• Jordan Clarkson","","returned to lineup","Jordan Clarkson","2015-16"
2023-02-28,"Jazz","","• Jordan Clarkson","placed on IL with sprained right thumb","Jordan Clarkson","2022-23"
2023-03-04,"Jazz","• Jordan Clarkson","","activated from IL","Jordan Clarkson","2022-23"
2023-03-07,"Jazz","","• Jordan Clarkson","placed on IL with sprained finger","Jordan Clarkson","2022-23"
2014-02-05,"Lakers","","• Jordan Hill","cervical strain (DNP)","Jordan Hill","2013-14"
2014-03-06,"Lakers","","• Jordan Hill","sore right knee (DNP)","Jordan Hill","2013-14"
2014-03-07,"Lakers","","• Jordan Hill","sore right knee (DNP)","Jordan Hill","2013-14"
2014-03-09,"Lakers","","• Jordan Hill","sore right knee (DNP)","Jordan Hill","2013-14"
2014-03-13,"Lakers","","• Jordan Hill","sore right knee (DNP)","Jordan Hill","2013-14"
2014-03-14,"Lakers","","• Jordan Hill","sore right knee (DNP)","Jordan Hill","2013-14"
2014-03-19,"Lakers","","• Jordan Hill","sore right knee (DNP)","Jordan Hill","2013-14"
2013-11-30,"Mavericks","","• Jose Calderon","bone bruise in right ankle (DNP)","Jose Calderon","2013-14"
2014-10-29,"Knicks","","• Jose Calderon","placed on IL with strained right calf","Jose Calderon","2014-15"
2014-11-22,"Knicks","• Jose Calderon","","activated from IL","Jose Calderon","2014-15"
2015-01-24,"Knicks","","• Jose Calderon","placed on IL with bruised left knee","Jose Calderon","2014-15"
2015-01-28,"Knicks","• Jose Calderon","","activated from IL","Jose Calderon","2014-15"
2015-02-27,"Knicks","","• Jose Calderon","sore/strained left Achilles (out for season)","Jose Calderon","2014-15"
2015-03-03,"Knicks","","• Jose Calderon","placed on IL with sore/strained left Achilles (out for season)","Jose Calderon","2014-15"
2016-01-28,"Knicks","","• Jose Calderon","sore right groin (DTD)","Jose Calderon","2015-16"
2016-01-29,"Knicks","","• Jose Calderon","placed on IL with sore right groin","Jose Calderon","2015-16"
2016-02-04,"Knicks","• Jose Calderon","","activated from IL","Jose Calderon","2015-16"
2016-03-30,"Knicks","","• Jose Calderon","bruised right quadriceps (out for season)","Jose Calderon","2015-16"
2016-04-01,"Knicks","","• Jose Calderon","placed on IL with bruised right quadriceps (out for season)","Jose Calderon","2015-16"
2021-12-01,"Thunder","","• Josh Giddey","placed on IL with illness","Josh Giddey","2021-22"
2021-12-05,"Thunder","• Josh Giddey","","activated from IL","Josh Giddey","2021-22"
2021-12-28,"Thunder","","• Josh Giddey","placed on IL with NBA health and safety protocols","Josh Giddey","2021-22"
2022-01-01,"Thunder","• Josh Giddey","","activated from IL","Josh Giddey","2021-22"
2022-02-25,"Thunder","","• Josh Giddey","placed on IL with sore right hip (out for season)","Josh Giddey","2021-22"
2022-10-24,"Thunder","","• Josh Giddey","placed on IL with ankle injury","Josh Giddey","2022-23"
2022-11-01,"Thunder","• Josh Giddey","","activated from IL","Josh Giddey","2022-23"
2022-12-19,"Thunder","","• Josh Giddey","illness (DTD)","Josh Giddey","2022-23"
2017-10-19,"Lakers","","• Josh Hart","placed on IL with bursitis in left heel","Josh Hart","2017-18"
2017-10-20,"Lakers","• Josh Hart","","activated from IL","Josh Hart","2017-18"
2017-11-15,"Lakers","","• Josh Hart","placed on IL","Josh Hart","2017-18"
2017-11-19,"Lakers","• Josh Hart","","activated from IL","Josh Hart","2017-18"
2018-02-28,"Lakers","","• Josh Hart","fractured left hand (out indefinitely)","Josh Hart","2017-18"
2018-03-01,"Lakers","","• Josh Hart","placed on IL with fractured left hand","Josh Hart","2017-18"
2018-03-02,"Lakers","","• Josh Hart","surgery on left hand to repair fracture (out indefinitely)","Josh Hart","2017-18"
2018-03-30,"Lakers","• Josh Hart","","activated from IL","Josh Hart","2017-18"
2021-10-22,"Pelicans","","• Josh Hart","right quadriceps tendinosis (DTD)","Josh Hart","2021-22"
2021-10-29,"Pelicans","• Josh Hart","","returned to lineup","Josh Hart","2021-22"
2021-12-01,"Pelicans","","• Josh Hart","sore left knee (DTD)","Josh Hart","2021-22"
2021-12-03,"Pelicans","","• Josh Hart","placed on IL with sore left knee","Josh Hart","2021-22"
2021-12-08,"Pelicans","• Josh Hart","","activated from IL","Josh Hart","2021-22"
2021-12-28,"Pelicans","","• Josh Hart","placed on IL with sprained left ankle","Josh Hart","2021-22"
2022-01-01,"Pelicans","• Josh Hart","","activated from IL","Josh Hart","2021-22"
2022-01-08,"Pelicans","","• Josh Hart","placed on IL","Josh Hart","2021-22"
2022-01-25,"Pelicans","","• Josh Hart","placed on IL with sprained left ankle","Josh Hart","2021-22"
2022-01-28,"Pelicans","• Josh Hart","","activated from IL","Josh Hart","2021-22"
2022-02-01,"Pelicans","","• Josh Hart","placed on IL with bruised left knee","Josh Hart","2021-22"
2022-02-06,"Pelicans","• Josh Hart","","activated from IL","Josh Hart","2021-22"
2022-03-21,"Blazers","","• Josh Hart","placed on IL with left knee injury (out for season)","Josh Hart","2021-22"
2021-01-04,"Pistons","","• Josh Jackson","placed on IL with sprained right ankle","Josh Jackson","2020-21"
2021-01-08,"Pistons","• Josh Jackson","","activated from IL","Josh Jackson","2020-21"
2021-03-03,"Pistons","","• Josh Jackson","illness (DTD)","Josh Jackson","2020-21"
2021-03-10,"Pistons","• Josh Jackson","","returned to lineup","Josh Jackson","2020-21"
2021-04-26,"Pistons","","• Josh Jackson","placed on IL with illness","Josh Jackson","2020-21"
2021-04-28,"Pistons","• Josh Jackson","","activated from IL","Josh Jackson","2020-21"
2013-11-13,"Bobcats","","• Josh McRoberts","placed on IL for personal reasons","Josh McRoberts","2013-14"
2013-11-15,"Bobcats","• Josh McRoberts","","activated from IL","Josh McRoberts","2013-14"
2014-04-02,"Bobcats","","• Josh McRoberts","sprained left ankle (DNP)","Josh McRoberts","2013-14"
2014-04-04,"Bobcats","","• Josh McRoberts","sprained left ankle (DNP)","Josh McRoberts","2013-14"
2014-04-05,"Bobcats","","• Josh McRoberts","sprained left ankle (DNP)","Josh McRoberts","2013-14"
2014-04-30,"Bobcats","","• Josh McRoberts","surgery on left big toe to remove bone spurs (out indefinitely)","Josh McRoberts","2013-14"
2019-11-16,"Timberwolves","","• Josh Okogie","sore left knee (DTD)","Josh Okogie","2019-20"
2019-11-18,"Timberwolves","• Josh Okogie","","returned to lineup","Josh Okogie","2019-20"
2019-11-23,"Timberwolves","","• Josh Okogie","sore left knee (DTD)","Josh Okogie","2019-20"
2019-11-25,"Timberwolves","• Josh Okogie","","returned to lineup","Josh Okogie","2019-20"
2020-12-29,"Timberwolves","","• Josh Okogie","placed on IL with strained left hamstring","Josh Okogie","2020-21"
2021-01-10,"Timberwolves","• Josh Okogie","","activated from IL","Josh Okogie","2020-21"
2021-03-24,"Timberwolves","","• Josh Okogie","NBA health and safety protocols (DTD)","Josh Okogie","2020-21"
2021-03-26,"Timberwolves","","• Josh Okogie","placed on IL with NBA health and safety protocols","Josh Okogie","2020-21"
2021-04-02,"Timberwolves","• Josh Okogie","","activated from IL","Josh Okogie","2020-21"
2021-04-07,"Timberwolves","","• Josh Okogie","personal reasons (DTD)","Josh Okogie","2020-21"
2021-04-09,"Timberwolves","• Josh Okogie","","returned to lineup","Josh Okogie","2020-21"
2022-12-20,"Suns","","• Josh Okogie","placed on IL with right hip injury","Josh Okogie","2022-23"
2022-12-23,"Suns","• Josh Okogie","","activated from IL","Josh Okogie","2022-23"
2023-01-19,"Suns","","• Josh Okogie","placed on IL with fractured nose","Josh Okogie","2022-23"
2023-01-21,"Suns","• Josh Okogie","","activated from IL","Josh Okogie","2022-23"
2016-11-04,"Heat","• Josh Richardson","","returned to lineup","Josh Richardson","2016-17"
2016-11-30,"Heat","","• Josh Richardson","sore/sprained right ankle (DTD)","Josh Richardson","2016-17"
2016-12-10,"Heat","• Josh Richardson","","returned to lineup","Josh Richardson","2016-17"
2017-01-07,"Heat","","• Josh Richardson","sprained left foot (DTD)","Josh Richardson","2016-17"
2017-02-24,"Heat","• Josh Richardson","","returned to lineup","Josh Richardson","2016-17"
2018-03-14,"Heat","","• Josh Richardson","sore left foot (DTD)","Josh Richardson","2017-18"
2018-03-16,"Heat","• Josh Richardson","","returned to lineup","Josh Richardson","2017-18"
2018-12-08,"Heat","","• Josh Richardson","right shoulder injury (DTD)","Josh Richardson","2018-19"
2018-12-10,"Heat","• Josh Richardson","","returned to lineup","Josh Richardson","2018-19"
2019-01-18,"Heat","","• Josh Richardson","illness (DTD)","Josh Richardson","2018-19"
2019-01-19,"Heat","• Josh Richardson","","returned to lineup","Josh Richardson","2018-19"
2019-03-28,"Heat","","• Josh Richardson","bruised left heel (DTD)","Josh Richardson","2018-19"
2019-04-03,"Heat","• Josh Richardson","","returned to lineup","Josh Richardson","2018-19"
2019-04-04,"Heat","","• Josh Richardson","strained left hip (out for season)","Josh Richardson","2018-19"
2019-04-05,"Heat","","• Josh Richardson","placed on IL with strained left hip (out for season)","Josh Richardson","2018-19"
2021-01-08,"Mavericks","","• Josh Richardson","placed on IL with NBA health and safety protocols","Josh Richardson","2020-21"
2021-01-27,"Mavericks","• Josh Richardson","","activated from IL","Josh Richardson","2020-21"
2021-04-03,"Mavericks","","• Josh Richardson","left calf injury (DTD)","Josh Richardson","2020-21"
2021-04-05,"Mavericks","• Josh Richardson","","returned to lineup","Josh Richardson","2020-21"
2021-04-24,"Mavericks","","• Josh Richardson","placed on IL with tightness in right hamstring","Josh Richardson","2020-21"
2021-04-29,"Mavericks","• Josh Richardson","","activated from IL","Josh Richardson","2020-21"
2014-04-08,"Pistons","","• Josh Smith","knee injury (DNP)","Josh Smith","2013-14"
2014-04-09,"Pistons","","• Josh Smith","patellar tendinitis in left knee (DNP)","Josh Smith","2013-14"
2014-04-11,"Pistons","","• Josh Smith","patellar tendinitis in left knee (DNP)","Josh Smith","2013-14"
2014-04-13,"Pistons","","• Josh Smith","patellar tendinitis in left knee (DNP)","Josh Smith","2013-14"
2014-04-16,"Pistons","","• Josh Smith","patellar tendinitis in left knee (DNP)","Josh Smith","2013-14"
2014-01-10,"Pelicans","","• Jrue Holiday","stress fracture in right ankle/tibia (DNP)","Jrue Holiday","2013-14"
2014-01-11,"Pelicans","","• Jrue Holiday","stress fracture in right ankle/tibia (DNP)","Jrue Holiday","2013-14"
2014-01-13,"Pelicans","","• Jrue Holiday","stress fracture in right ankle/tibia (DNP)","Jrue Holiday","2013-14"
2014-01-15,"Pelicans","","• Jrue Holiday","stress fracture in right ankle/tibia (DNP)","Jrue Holiday","2013-14"
2014-01-18,"Pelicans","","• Jrue Holiday","stress fracture in right ankle/tibia (DNP)","Jrue Holiday","2013-14"
2014-01-20,"Pelicans","","• Jrue Holiday","stress fracture in right ankle/tibia (DNP)","Jrue Holiday","2013-14"
2014-01-21,"Pelicans","","• Jrue Holiday","stress fracture in right ankle/tibia (DNP)","Jrue Holiday","2013-14"
2014-01-24,"Pelicans","","• Jrue Holiday","stress fracture in right ankle/tibia (DNP)","Jrue Holiday","2013-14"
2014-01-26,"Pelicans","","• Jrue Holiday","stress fracture in right ankle/tibia (DNP)","Jrue Holiday","2013-14"
2014-01-28,"Pelicans","","• Jrue Holiday","stress fracture in right ankle/tibia (DNP)","Jrue Holiday","2013-14"
2014-01-29,"Pelicans","","• Jrue Holiday","stress fracture in right ankle/tibia (DNP)","Jrue Holiday","2013-14"
2014-02-01,"Pelicans","","• Jrue Holiday","stress fracture in right ankle/tibia (DNP)","Jrue Holiday","2013-14"
2014-02-03,"Pelicans","","• Jrue Holiday","stress fracture in right ankle/tibia (DNP)","Jrue Holiday","2013-14"
2014-02-05,"Pelicans","","• Jrue Holiday","placed on IL with stress fracture in right ankle/tibia (out for season)","Jrue Holiday","2013-14"
2014-02-28,"Pelicans","","• Jrue Holiday","surgery on right tibia to repair stress fracture (out for season)","Jrue Holiday","2013-14"
2016-10-24,"Pelicans","","• Jrue Holiday","personal reasons (DTD)","Jrue Holiday","2016-17"
2016-11-18,"Pelicans","• Jrue Holiday","","returned to lineup","Jrue Holiday","2016-17"
2016-12-05,"Pelicans","","• Jrue Holiday","turf toe (DTD)","Jrue Holiday","2016-17"
2016-12-11,"Pelicans","• Jrue Holiday","","returned to lineup","Jrue Holiday","2016-17"
2018-03-20,"Pelicans","","• Jrue Holiday","illness (DTD)","Jrue Holiday","2017-18"
2018-03-21,"Pelicans","• Jrue Holiday","","returned to lineup","Jrue Holiday","2017-18"
2019-03-07,"Pelicans","","• Jrue Holiday","strained lower abdominal (out for season)","Jrue Holiday","2018-19"
2019-03-08,"Pelicans","","• Jrue Holiday","placed on IL with strained lower abdominal (out for season)","Jrue Holiday","2018-19"
2019-10-26,"Pelicans","","• Jrue Holiday","placed on IL with sprained left knee","Jrue Holiday","2019-20"
2019-10-31,"Pelicans","• Jrue Holiday","","activated from IL","Jrue Holiday","2019-20"
2020-01-06,"Pelicans","","• Jrue Holiday","left elbow injury (DTD)","Jrue Holiday","2019-20"
2020-01-13,"Pelicans","","• Jrue Holiday","placed on IL with left elbow injury","Jrue Holiday","2019-20"
2020-01-20,"Pelicans","• Jrue Holiday","","activated from IL","Jrue Holiday","2019-20"
2021-02-08,"Bucks","","• Jrue Holiday","placed on IL with NBA health and safety protocols","Jrue Holiday","2020-21"
2021-02-28,"Bucks","• Jrue Holiday","","activated from IL","Jrue Holiday","2020-21"
2021-03-27,"Bucks","","• Jrue Holiday","bruised left knee (DTD)","Jrue Holiday","2020-21"
2021-03-28,"Bucks","• Jrue Holiday","","returned to lineup","Jrue Holiday","2020-21"
2021-04-09,"Bucks","","• Jrue Holiday","bruised left knee (DTD)","Jrue Holiday","2020-21"
2021-04-11,"Bucks","• Jrue Holiday","","returned to lineup","Jrue Holiday","2020-21"
2021-10-21,"Bucks","","• Jrue Holiday","bruised right heel (DTD)","Jrue Holiday","2021-22"
2021-10-23,"Bucks","• Jrue Holiday","","returned to lineup","Jrue Holiday","2021-22"
2021-10-25,"Bucks","","• Jrue Holiday","sprained left ankle (DTD)","Jrue Holiday","2021-22"
2021-11-05,"Bucks","• Jrue Holiday","","returned to lineup","Jrue Holiday","2021-22"
2022-01-06,"Bucks","","• Jrue Holiday","NBA health and safety protocols (DTD)","Jrue Holiday","2021-22"
2022-01-12,"Bucks","","• Jrue Holiday","placed on IL with sore left ankle","Jrue Holiday","2021-22"
2022-01-19,"Bucks","• Jrue Holiday","","activated from IL","Jrue Holiday","2021-22"
2022-03-25,"Bucks","","• Jrue Holiday","placed on IL with sore left ankle","Jrue Holiday","2021-22"
2022-03-28,"Bucks","• Jrue Holiday","","activated from IL","Jrue Holiday","2021-22"
2022-04-01,"Bucks","","• Jrue Holiday","placed on IL with sprained left ankle","Jrue Holiday","2021-22"
2022-04-02,"Bucks","• Jrue Holiday","","activated from IL","Jrue Holiday","2021-22"
2022-11-09,"Bucks","","• Jrue Holiday","placed on IL with sprained right ankle","Jrue Holiday","2022-23"
2022-11-18,"Bucks","• Jrue Holiday","","activated from IL","Jrue Holiday","2022-23"
2022-12-03,"Bucks","","• Jrue Holiday","placed on IL","Jrue Holiday","2022-23"
2022-12-05,"Bucks","• Jrue Holiday","","activated from IL","Jrue Holiday","2022-23"
2022-12-13,"Bucks","","• Jrue Holiday","placed on IL with illness","Jrue Holiday","2022-23"
2022-12-17,"Bucks","• Jrue Holiday","","activated from IL","Jrue Holiday","2022-23"
2022-12-28,"Bucks","","• Jrue Holiday","placed on IL with illness","Jrue Holiday","2022-23"
2023-01-03,"Bucks","• Jrue Holiday","","activated from IL","Jrue Holiday","2022-23"
2023-03-07,"Bucks","","• Jrue Holiday","placed on IL with sore neck","Jrue Holiday","2022-23"
2023-03-09,"Bucks","• Jrue Holiday","","activated from IL","Jrue Holiday","2022-23"
2023-03-27,"Bucks","","• Jrue Holiday","placed on IL for personal reasons","Jrue Holiday","2022-23"
2023-03-28,"Bucks","• Jrue Holiday","","activated from IL","Jrue Holiday","2022-23"
2015-12-23,"Lakers","","• Julius Randle","sprained left ankle (DTD)","Julius Randle","2015-16"
2015-12-25,"Lakers","• Julius Randle","","returned to lineup","Julius Randle","2015-16"
2016-11-23,"Lakers","","• Julius Randle","hip pointer (DTD)","Julius Randle","2016-17"
2016-11-29,"Lakers","• Julius Randle","","returned to lineup","Julius Randle","2016-17"
2016-12-22,"Lakers","","• Julius Randle","personal reasons (DTD)","Julius Randle","2016-17"
2016-12-23,"Lakers","","• Julius Randle","placed on IL for personal reasons","Julius Randle","2016-17"
2016-12-25,"Lakers","• Julius Randle","","activated from IL","Julius Randle","2016-17"
2017-01-26,"Lakers","","• Julius Randle","illness (DTD)","Julius Randle","2016-17"
2017-01-30,"Lakers","","• Julius Randle","pneumonia (DTD)","Julius Randle","2016-17"
2017-01-31,"Lakers","","• Julius Randle","placed on IL with pneumonia","Julius Randle","2016-17"
2017-02-02,"Lakers","• Julius Randle","","activated from IL","Julius Randle","2016-17"
2017-02-03,"Lakers","","• Julius Randle","illness (DTD)","Julius Randle","2016-17"
2017-02-06,"Lakers","• Julius Randle","","returned to lineup","Julius Randle","2016-17"
2018-12-18,"Pelicans","","• Julius Randle","sprained right ankle (DTD)","Julius Randle","2018-19"
2018-12-19,"Pelicans","","• Julius Randle","placed on IL with sprained right ankle","Julius Randle","2018-19"
2018-12-21,"Pelicans","• Julius Randle","","activated from IL","Julius Randle","2018-19"
2019-01-24,"Pelicans","","• Julius Randle","sprained right ankle (DTD)","Julius Randle","2018-19"
2019-01-29,"Pelicans","","• Julius Randle","placed on IL with sprained right ankle","Julius Randle","2018-19"
2019-02-06,"Pelicans","• Julius Randle","","activated from IL","Julius Randle","2018-19"
2020-01-08,"Knicks","","• Julius Randle","placed on IL for personal reasons","Julius Randle","2019-20"
2020-01-12,"Knicks","• Julius Randle","","activated from IL","Julius Randle","2019-20"
2021-03-27,"Knicks","","• Julius Randle","placed on IL with left thigh injury","Julius Randle","2020-21"
2021-03-29,"Knicks","• Julius Randle","","activated from IL","Julius Randle","2020-21"
2021-12-30,"Knicks","","• Julius Randle","placed on IL with NBA health and safety protocols","Julius Randle","2021-22"
2022-01-04,"Knicks","• Julius Randle","","activated from IL","Julius Randle","2021-22"
2022-03-22,"Knicks","","• Julius Randle","placed on IL with right quadricep injury","Julius Randle","2021-22"
2022-03-27,"Knicks","• Julius Randle","","activated from IL","Julius Randle","2021-22"
2022-04-01,"Knicks","","• Julius Randle","right quadricep injury (out for season)","Julius Randle","2021-22"
2022-04-03,"Knicks","","• Julius Randle","placed on IL with right quadricep injury (out for season)","Julius Randle","2021-22"
2023-03-30,"Knicks","","• Julius Randle","placed on IL with sprained left ankle","Julius Randle","2022-23"
2023-04-15,"Knicks","• Julius Randle","","activated from IL","Julius Randle","2022-23"
2023-04-30,"Knicks","","• Julius Randle","sprained left ankle (DTD)","Julius Randle","2022-23"
2017-03-19,"76ers","","• Justin Anderson","gastroenteritis (DTD)","Justin Anderson","2016-17"
2017-03-20,"76ers","• Justin Anderson","","returned to lineup","Justin Anderson","2016-17"
2016-12-10,"Nets","","• Justin Hamilton (Anthony)","migraine headache (DTD)","Justin Hamilton","2016-17"
2016-12-12,"Nets","","• Justin Hamilton (Anthony)","placed on IL","Justin Hamilton","2016-17"
2016-12-14,"Nets","• Justin Hamilton (Anthony)","","activated from IL","Justin Hamilton","2016-17"
2016-12-16,"Nets","","• Justin Hamilton (Anthony)","placed on IL","Justin Hamilton","2016-17"
2016-12-18,"Nets","• Justin Hamilton (Anthony)","","activated from IL","Justin Hamilton","2016-17"
2017-03-03,"Nets","","• Justin Hamilton (Anthony)","placed on IL with illness","Justin Hamilton","2016-17"
2017-03-04,"Nets","• Justin Hamilton (Anthony)","","activated from IL","Justin Hamilton","2016-17"
2017-11-15,"Bulls","","• Justin Holiday","personal reasons (DTD)","Justin Holiday","2017-18"
2017-11-16,"Bulls","• Justin Holiday","","returned to lineup","Justin Holiday","2017-18"
2018-02-22,"Bulls","","• Justin Holiday","placed on IL","Justin Holiday","2017-18"
2018-02-26,"Bulls","• Justin Holiday","","activated from IL","Justin Holiday","2017-18"
2018-02-27,"Bulls","","• Justin Holiday","placed on IL","Justin Holiday","2017-18"
2018-03-07,"Bulls","• Justin Holiday","","activated from IL","Justin Holiday","2017-18"
2021-11-30,"Pacers","","• Justin Holiday","placed on IL with NBA health and safety protocols","Justin Holiday","2021-22"
2021-12-15,"Pacers","• Justin Holiday","","activated from IL","Justin Holiday","2021-22"
2022-03-14,"Kings","","• Justin Holiday","placed on IL with illness","Justin Holiday","2021-22"
2022-03-15,"Kings","• Justin Holiday","","activated from IL","Justin Holiday","2021-22"
2017-12-02,"Kings","","• Justin Jackson (Aaron)","placed on IL","Justin Jackson","2017-18"
2017-12-10,"Kings","• Justin Jackson (Aaron)","","activated from IL","Justin Jackson","2017-18"
2018-10-17,"Heat","","• Justise Winslow","placed on IL with right hamstring injury","Justise Winslow","2018-19"
2018-10-27,"Heat","• Justise Winslow","","activated from IL","Justise Winslow","2018-19"
2018-12-20,"Heat","","• Justise Winslow","right ankle injury (DTD)","Justise Winslow","2018-19"
2018-12-22,"Heat","• Justise Winslow","","returned to lineup","Justise Winslow","2018-19"
2019-02-23,"Heat","","• Justise Winslow","placed on IL with sprained left knee","Justise Winslow","2018-19"
2019-02-27,"Heat","• Justise Winslow","","activated from IL","Justise Winslow","2018-19"
2019-03-17,"Heat","","• Justise Winslow","placed on IL with bruised right thigh","Justise Winslow","2018-19"
2019-04-03,"Heat","• Justise Winslow","","activated from IL","Justise Winslow","2018-19"
2014-11-17,"Nuggets","","• Jusuf Nurkic","placed on IL","Jusuf Nurkić","2014-15"
2014-11-19,"Nuggets","• Jusuf Nurkic","","activated from IL","Jusuf Nurkić","2014-15"
2014-12-05,"Nuggets","","• Jusuf Nurkic","placed on IL","Jusuf Nurkić","2014-15"
2014-12-10,"Nuggets","• Jusuf Nurkic","","activated from IL","Jusuf Nurkić","2014-15"
2015-02-27,"Nuggets","","• Jusuf Nurkic","sprained right ankle (DTD)","Jusuf Nurkić","2014-15"
2015-03-13,"Nuggets","• Jusuf Nurkic","","returned to lineup","Jusuf Nurkić","2014-15"
2019-01-30,"Blazers","","• Jusuf Nurkic","sore right knee (DTD)","Jusuf Nurkić","2018-19"
2019-03-26,"Blazers","","• Jusuf Nurkic","fractured lower left leg (out for season)","Jusuf Nurkić","2018-19"
2019-03-27,"Blazers","","• Jusuf Nurkic","placed on IL with fractured lower left leg (out for season)","Jusuf Nurkić","2018-19"
2021-12-26,"Blazers","","• Jusuf Nurkic","placed on IL with NBA health and safety protocols","Jusuf Nurkić","2021-22"
2022-01-03,"Blazers","• Jusuf Nurkic","","activated from IL","Jusuf Nurkić","2021-22"
2022-02-23,"Blazers","","• Jusuf Nurkic","placed on IL with plantar fasciitis in left foot (out for season)","Jusuf Nurkić","2021-22"
2022-11-09,"Blazers","","• Jusuf Nurkic","sore right adductor (DTD)","Jusuf Nurkić","2022-23"
2022-11-15,"Blazers","• Jusuf Nurkic","","returned to lineup","Jusuf Nurkić","2022-23"
2022-12-19,"Blazers","","• Jusuf Nurkic","placed on IL with right calf injury","Jusuf Nurkić","2022-23"
2022-12-21,"Blazers","• Jusuf Nurkic","","activated from IL","Jusuf Nurkić","2022-23"
2022-12-30,"Blazers","","• Jusuf Nurkic","placed on IL with illness","Jusuf Nurkić","2022-23"
2023-01-02,"Blazers","• Jusuf Nurkic","","activated from IL","Jusuf Nurkić","2022-23"
2023-01-25,"Blazers","","• Jusuf Nurkic","placed on IL with left calf injury","Jusuf Nurkić","2022-23"
2023-01-30,"Blazers","• Jusuf Nurkic","","activated from IL","Jusuf Nurkić","2022-23"
2023-02-02,"Blazers","","• Jusuf Nurkic","placed on IL with strained left calf","Jusuf Nurkić","2022-23"
2023-03-08,"Blazers","• Jusuf Nurkic","","activated from IL","Jusuf Nurkić","2022-23"
2023-03-24,"Blazers","","• Jusuf Nurkic","placed on IL with sore right knee","Jusuf Nurkić","2022-23"
2019-02-22,"Timberwolves","","• Karl-Anthony Towns","placed on IL with concussion","Karl-Anthony Towns","2018-19"
2019-02-25,"Timberwolves","• Karl-Anthony Towns","","activated from IL","Karl-Anthony Towns","2018-19"
2019-03-10,"Timberwolves","","• Karl-Anthony Towns","placed on IL with right knee inflammation","Karl-Anthony Towns","2018-19"
2019-03-12,"Timberwolves","• Karl-Anthony Towns","","activated from IL","Karl-Anthony Towns","2018-19"
2019-04-09,"Timberwolves","","• Karl-Anthony Towns","right knee inflammation (out for season)","Karl-Anthony Towns","2018-19"
2019-04-10,"Timberwolves","","• Karl-Anthony Towns","placed on IL with right knee inflammation (out for season)","Karl-Anthony Towns","2018-19"
2019-12-18,"Timberwolves","","• Karl-Anthony Towns","sprained left knee (DTD)","Karl-Anthony Towns","2019-20"
2019-12-20,"Timberwolves","","• Karl-Anthony Towns","placed on IL with sprained left knee","Karl-Anthony Towns","2019-20"
2020-01-17,"Timberwolves","• Karl-Anthony Towns","","activated from IL","Karl-Anthony Towns","2019-20"
2020-02-12,"Timberwolves","","• Karl-Anthony Towns","placed on IL with fractured left wrist (out for season)","Karl-Anthony Towns","2019-20"
2020-12-27,"Timberwolves","","• Karl-Anthony Towns","placed on IL with sprained left wrist","Karl-Anthony Towns","2020-21"
2021-01-09,"Timberwolves","• Karl-Anthony Towns","","activated from IL","Karl-Anthony Towns","2020-21"
2021-01-10,"Timberwolves","","• Karl-Anthony Towns","placed on IL with left wrist injury","Karl-Anthony Towns","2020-21"
2021-01-13,"Timberwolves","• Karl-Anthony Towns","","activated from IL","Karl-Anthony Towns","2020-21"
2021-01-15,"Timberwolves","","• Karl-Anthony Towns","COVID-19 (DTD)","Karl-Anthony Towns","2020-21"
2021-01-18,"Timberwolves","","• Karl-Anthony Towns","placed on IL with COVID-19","Karl-Anthony Towns","2020-21"
2021-02-10,"Timberwolves","• Karl-Anthony Towns","","activated from IL","Karl-Anthony Towns","2020-21"
2021-04-12,"Timberwolves","","• Karl-Anthony Towns","placed on IL for personal reasons","Karl-Anthony Towns","2020-21"
2021-04-15,"Timberwolves","• Karl-Anthony Towns","","activated from IL","Karl-Anthony Towns","2020-21"
2021-12-03,"Timberwolves","","• Karl-Anthony Towns","tailbone injury (DTD)","Karl-Anthony Towns","2021-22"
2021-12-06,"Timberwolves","• Karl-Anthony Towns","","returned to lineup","Karl-Anthony Towns","2021-22"
2021-12-23,"Timberwolves","","• Karl-Anthony Towns","placed on IL with NBA health and safety protocols","Karl-Anthony Towns","2021-22"
2022-01-05,"Timberwolves","• Karl-Anthony Towns","","activated from IL","Karl-Anthony Towns","2021-22"
2022-11-30,"Timberwolves","","• Karl-Anthony Towns","placed on IL with strained right calf","Karl-Anthony Towns","2022-23"
2023-03-22,"Timberwolves","• Karl-Anthony Towns","","activated from IL","Karl-Anthony Towns","2022-23"
2013-12-21,"Spurs","","• Kawhi Leonard","dental procedure (DNP)","Kawhi Leonard","2013-14"
2014-01-22,"Spurs","","• Kawhi Leonard","fractured right hand (out indefinitely)","Kawhi Leonard","2013-14"
2014-01-24,"Spurs","","• Kawhi Leonard","placed on IL with fractured right hand","Kawhi Leonard","2013-14"
2014-02-26,"Spurs","• Kawhi Leonard","","activated from IL","Kawhi Leonard","2013-14"
2014-04-14,"Spurs","","• Kawhi Leonard","placed on IL","Kawhi Leonard","2013-14"
2014-04-16,"Spurs","• Kawhi Leonard","","activated from IL","Kawhi Leonard","2013-14"
2014-10-28,"Spurs","","• Kawhi Leonard","placed on IL with infection in right eye","Kawhi Leonard","2014-15"
2014-10-31,"Spurs","• Kawhi Leonard","","activated from IL","Kawhi Leonard","2014-15"
2014-12-10,"Spurs","","• Kawhi Leonard","placed on IL with bruised right hand","Kawhi Leonard","2014-15"
2014-12-14,"Spurs","• Kawhi Leonard","","activated from IL","Kawhi Leonard","2014-15"
2014-12-17,"Spurs","","• Kawhi Leonard","bruised right hand (DTD)","Kawhi Leonard","2014-15"
2014-12-22,"Spurs","","• Kawhi Leonard","placed on IL with bruised right hand","Kawhi Leonard","2014-15"
2015-01-16,"Spurs","• Kawhi Leonard","","activated from IL","Kawhi Leonard","2014-15"
2015-11-14,"Spurs","","• Kawhi Leonard","placed on IL with upper respiratory infection","Kawhi Leonard","2015-16"
2015-11-16,"Spurs","• Kawhi Leonard","","activated from IL","Kawhi Leonard","2015-16"
2015-12-07,"Spurs","","• Kawhi Leonard","placed on IL with gastroenteritis","Kawhi Leonard","2015-16"
2015-12-09,"Spurs","• Kawhi Leonard","","activated from IL","Kawhi Leonard","2015-16"
2016-02-18,"Spurs","","• Kawhi Leonard","tightness in left calf (DTD)","Kawhi Leonard","2015-16"
2016-02-24,"Spurs","• Kawhi Leonard","","returned to lineup","Kawhi Leonard","2015-16"
2016-03-23,"Spurs","","• Kawhi Leonard","bruised right quadriceps (DTD)","Kawhi Leonard","2015-16"
2016-03-25,"Spurs","","• Kawhi Leonard","placed on IL with bruised right quadriceps","Kawhi Leonard","2015-16"
2016-03-30,"Spurs","• Kawhi Leonard","","activated from IL","Kawhi Leonard","2015-16"
2016-04-08,"Spurs","","• Kawhi Leonard","rest (DTD)","Kawhi Leonard","2015-16"
2016-04-10,"Spurs","• Kawhi Leonard","","returned to lineup","Kawhi Leonard","2015-16"
2016-04-13,"Spurs","","• Kawhi Leonard","rest (DTD)","Kawhi Leonard","2015-16"
2016-04-17,"Spurs","• Kawhi Leonard","","returned to lineup","Kawhi Leonard","2015-16"
2018-10-20,"Raptors","","• Kawhi Leonard","placed on IL","Kawhi Leonard","2018-19"
2018-10-22,"Raptors","• Kawhi Leonard","","activated from IL","Kawhi Leonard","2018-19"
2018-10-29,"Raptors","","• Kawhi Leonard","placed on IL","Kawhi Leonard","2018-19"
2018-10-30,"Raptors","• Kawhi Leonard","","activated from IL","Kawhi Leonard","2018-19"
2018-11-04,"Raptors","","• Kawhi Leonard","placed on IL with sore left ankle","Kawhi Leonard","2018-19"
2018-11-07,"Raptors","• Kawhi Leonard","","activated from IL","Kawhi Leonard","2018-19"
2018-11-17,"Raptors","","• Kawhi Leonard","placed on IL","Kawhi Leonard","2018-19"
2018-11-20,"Raptors","• Kawhi Leonard","","activated from IL","Kawhi Leonard","2018-19"
2018-11-21,"Raptors","","• Kawhi Leonard","placed on IL","Kawhi Leonard","2018-19"
2018-11-23,"Raptors","• Kawhi Leonard","","activated from IL","Kawhi Leonard","2018-19"
2018-12-11,"Raptors","","• Kawhi Leonard","placed on IL with right hip injury","Kawhi Leonard","2018-19"
2018-12-14,"Raptors","• Kawhi Leonard","","activated from IL","Kawhi Leonard","2018-19"
2018-12-22,"Raptors","","• Kawhi Leonard","placed on IL","Kawhi Leonard","2018-19"
2018-12-26,"Raptors","• Kawhi Leonard","","activated from IL","Kawhi Leonard","2018-19"
2019-01-06,"Raptors","","• Kawhi Leonard","placed on IL","Kawhi Leonard","2018-19"
2019-01-08,"Raptors","• Kawhi Leonard","","activated from IL","Kawhi Leonard","2018-19"
2019-01-19,"Raptors","","• Kawhi Leonard","placed on IL","Kawhi Leonard","2018-19"
2019-01-23,"Raptors","• Kawhi Leonard","","activated from IL","Kawhi Leonard","2018-19"
2019-02-07,"Raptors","","• Kawhi Leonard","sore left knee (DTD)","Kawhi Leonard","2018-19"
2019-02-09,"Raptors","• Kawhi Leonard","","returned to lineup","Kawhi Leonard","2018-19"
2019-02-13,"Raptors","","• Kawhi Leonard","sore left knee (DTD)","Kawhi Leonard","2018-19"
2019-02-22,"Raptors","• Kawhi Leonard","","returned to lineup","Kawhi Leonard","2018-19"
2019-03-28,"Raptors","","• Kawhi Leonard","placed on IL for personal reasons","Kawhi Leonard","2018-19"
2019-04-01,"Raptors","• Kawhi Leonard","","activated from IL","Kawhi Leonard","2018-19"
2019-10-30,"Clippers","","• Kawhi Leonard","placed on IL","Kawhi Leonard","2019-20"
2019-10-31,"Clippers","• Kawhi Leonard","","activated from IL","Kawhi Leonard","2019-20"
2019-11-06,"Clippers","","• Kawhi Leonard","placed on IL","Kawhi Leonard","2019-20"
2019-11-07,"Clippers","• Kawhi Leonard","","activated from IL","Kawhi Leonard","2019-20"
2019-11-16,"Clippers","","• Kawhi Leonard","placed on IL with bruised left knee","Kawhi Leonard","2019-20"
2019-11-20,"Clippers","• Kawhi Leonard","","activated from IL","Kawhi Leonard","2019-20"
2019-12-14,"Clippers","","• Kawhi Leonard","placed on IL","Kawhi Leonard","2019-20"
2019-12-17,"Clippers","• Kawhi Leonard","","activated from IL","Kawhi Leonard","2019-20"
2020-01-05,"Clippers","","• Kawhi Leonard","placed on IL","Kawhi Leonard","2019-20"
2020-01-10,"Clippers","• Kawhi Leonard","","activated from IL","Kawhi Leonard","2019-20"
2020-01-22,"Clippers","","• Kawhi Leonard","placed on IL","Kawhi Leonard","2019-20"
2020-01-24,"Clippers","• Kawhi Leonard","","activated from IL","Kawhi Leonard","2019-20"
2020-01-30,"Clippers","","• Kawhi Leonard","tightness in lower back (DTD)","Kawhi Leonard","2019-20"
2020-02-01,"Clippers","• Kawhi Leonard","","returned to lineup","Kawhi Leonard","2019-20"
2020-12-27,"Clippers","","• Kawhi Leonard","mouth injury (DTD)","Kawhi Leonard","2020-21"
2020-12-30,"Clippers","• Kawhi Leonard","","returned to lineup","Kawhi Leonard","2020-21"
2021-01-25,"Clippers","","• Kawhi Leonard","placed on IL with NBA health and safety protocols","Kawhi Leonard","2020-21"
2021-01-29,"Clippers","• Kawhi Leonard","","activated from IL","Kawhi Leonard","2020-21"
2021-02-14,"Clippers","","• Kawhi Leonard","placed on IL with bruised left leg","Kawhi Leonard","2020-21"
2021-02-19,"Clippers","• Kawhi Leonard","","activated from IL","Kawhi Leonard","2020-21"
2021-03-02,"Clippers","","• Kawhi Leonard","back spasms (DTD)","Kawhi Leonard","2020-21"
2021-03-04,"Clippers","• Kawhi Leonard","","returned to lineup","Kawhi Leonard","2020-21"
2021-03-25,"Clippers","","• Kawhi Leonard","sore right foot (DTD)","Kawhi Leonard","2020-21"
2021-03-27,"Clippers","• Kawhi Leonard","","returned to lineup","Kawhi Leonard","2020-21"
2021-04-11,"Clippers","","• Kawhi Leonard","placed on IL with sore right foot","Kawhi Leonard","2020-21"
2021-04-18,"Clippers","• Kawhi Leonard","","activated from IL","Kawhi Leonard","2020-21"
2021-04-20,"Clippers","","• Kawhi Leonard","placed on IL with sore right foot","Kawhi Leonard","2020-21"
2022-11-17,"Kings","","• Keegan Murray","placed on IL with sore lower back","Keegan Murray","2022-23"
2022-11-20,"Kings","• Keegan Murray","","activated from IL","Keegan Murray","2022-23"
2022-12-08,"Spurs","","• Keita Bates-Diop","placed on IL with sprained left foot","Keita Bates-Diop","2022-23"
2022-12-14,"Spurs","• Keita Bates-Diop","","activated from IL","Keita Bates-Diop","2022-23"
2023-01-02,"Spurs","","• Keita Bates-Diop","placed on IL with illness","Keita Bates-Diop","2022-23"
2023-01-06,"Spurs","• Keita Bates-Diop","","activated from IL","Keita Bates-Diop","2022-23"
2023-03-15,"Spurs","","• Keita Bates-Diop","sore Achilles (DTD)","Keita Bates-Diop","2022-23"
2023-03-17,"Spurs","• Keita Bates-Diop","","returned to lineup","Keita Bates-Diop","2022-23"
2021-02-22,"Spurs","","• Keldon Johnson","placed on IL with NBA health and safety protocols","Keldon Johnson","2020-21"
2021-03-01,"Spurs","","• Keldon Johnson","placed on IL with conditioning","Keldon Johnson","2020-21"
2021-03-02,"Spurs","• Keldon Johnson","","activated from IL","Keldon Johnson","2020-21"
2021-12-09,"Spurs","","• Keldon Johnson","placed on IL with sprained right ankle","Keldon Johnson","2021-22"
2021-12-11,"Spurs","• Keldon Johnson","","activated from IL","Keldon Johnson","2021-22"
2022-01-06,"Spurs","","• Keldon Johnson","placed on IL with NBA health and safety protocols","Keldon Johnson","2021-22"
2022-01-12,"Spurs","• Keldon Johnson","","activated from IL","Keldon Johnson","2021-22"
2022-02-26,"Spurs","","• Keldon Johnson","placed on IL with sore lower back","Keldon Johnson","2021-22"
2022-02-27,"Spurs","• Keldon Johnson","","activated from IL","Keldon Johnson","2021-22"
2022-04-08,"Spurs","","• Keldon Johnson","placed on IL with sore right knee","Keldon Johnson","2021-22"
2022-04-10,"Spurs","• Keldon Johnson","","activated from IL","Keldon Johnson","2021-22"
2022-11-02,"Spurs","","• Keldon Johnson","placed on IL with right calf injury","Keldon Johnson","2022-23"
2022-11-04,"Spurs","• Keldon Johnson","","activated from IL","Keldon Johnson","2022-23"
2022-11-17,"Spurs","","• Keldon Johnson","placed on IL with sore left ankle","Keldon Johnson","2022-23"
2022-11-19,"Spurs","• Keldon Johnson","","activated from IL","Keldon Johnson","2022-23"
2022-12-19,"Spurs","","• Keldon Johnson","placed on IL with right hamstring injury","Keldon Johnson","2022-23"
2022-12-23,"Spurs","• Keldon Johnson","","activated from IL","Keldon Johnson","2022-23"
2023-01-07,"Spurs","","• Keldon Johnson","placed on IL with left hamstring injury","Keldon Johnson","2022-23"
2023-01-11,"Spurs","• Keldon Johnson","","activated from IL","Keldon Johnson","2022-23"
2023-03-02,"Spurs","","• Keldon Johnson","placed on IL with sprained left foot","Keldon Johnson","2022-23"
2023-03-05,"Spurs","• Keldon Johnson","","activated from IL","Keldon Johnson","2022-23"
2023-03-12,"Spurs","","• Keldon Johnson","placed on IL with sore left foot","Keldon Johnson","2022-23"
2023-03-15,"Spurs","• Keldon Johnson","","activated from IL","Keldon Johnson","2022-23"
2023-03-21,"Spurs","","• Keldon Johnson","sore neck (DTD)","Keldon Johnson","2022-23"
2023-03-24,"Spurs","• Keldon Johnson","","returned to lineup","Keldon Johnson","2022-23"
2023-03-26,"Spurs","","• Keldon Johnson","placed on IL with sore left foot","Keldon Johnson","2022-23"
2023-03-30,"Spurs","• Keldon Johnson","","activated from IL","Keldon Johnson","2022-23"
2023-04-02,"Spurs","","• Keldon Johnson","placed on IL with sprained right foot","Keldon Johnson","2022-23"
2023-04-06,"Spurs","• Keldon Johnson","","activated from IL","Keldon Johnson","2022-23"
2023-04-08,"Spurs","","• Keldon Johnson","sprained right foot (out for season)","Keldon Johnson","2022-23"
2021-03-26,"Rockets","","• Kelly Olynyk","placed on IL with NBA health and safety protocols","Kelly Olynyk","2020-21"
2021-03-27,"Rockets","• Kelly Olynyk","","activated from IL","Kelly Olynyk","2020-21"
2022-12-19,"Jazz","","• Kelly Olynyk","placed on IL with sprained left ankle","Kelly Olynyk","2022-23"
2022-12-28,"Jazz","• Kelly Olynyk","","activated from IL","Kelly Olynyk","2022-23"
2023-03-29,"Jazz","","• Kelly Olynyk","placed on IL with illness","Kelly Olynyk","2022-23"
2023-03-31,"Jazz","• Kelly Olynyk","","activated from IL","Kelly Olynyk","2022-23"
2022-12-27,"Hornets","","• Kelly Oubre Jr.","placed on IL with sprained left hand","Kelly Oubre Jr.","2022-23"
2022-12-29,"Hornets","• Kelly Oubre Jr.","","activated from IL","Kelly Oubre Jr.","2022-23"
2023-01-02,"Hornets","","• Kelly Oubre Jr.","placed on IL with sprained left hand","Kelly Oubre Jr.","2022-23"
2023-02-23,"Hornets","• Kelly Oubre Jr.","","activated from IL","Kelly Oubre Jr.","2022-23"
2023-03-12,"Hornets","","• Kelly Oubre Jr.","back injury (DTD)","Kelly Oubre Jr.","2022-23"
2023-03-14,"Hornets","• Kelly Oubre Jr.","","returned to lineup","Kelly Oubre Jr.","2022-23"
2023-03-24,"Hornets","","• Kelly Oubre Jr.","placed on IL with strained left shoulder (out for season)","Kelly Oubre Jr.","2022-23"
2021-03-03,"Warriors","","• Kelly Oubre Jr.","placed on IL with sprained left wrist","Kelly Oubre Jr.","2020-21"
2021-03-10,"Warriors","• Kelly Oubre Jr.","","activated from IL","Kelly Oubre Jr.","2020-21"
2021-04-10,"Warriors","","• Kelly Oubre Jr.","placed on IL with sore left wrist","Kelly Oubre Jr.","2020-21"
2021-04-12,"Warriors","• Kelly Oubre Jr.","","activated from IL","Kelly Oubre Jr.","2020-21"
2021-04-12,"Warriors","","• Kelly Oubre Jr.","sore left wrist (DTD)","Kelly Oubre Jr.","2020-21"
2021-04-19,"Warriors","• Kelly Oubre Jr.","","returned to lineup","Kelly Oubre Jr.","2020-21"
2021-04-29,"Warriors","","• Kelly Oubre Jr.","sore left wrist (out indefinitely)","Kelly Oubre Jr.","2020-21"
2014-01-19,"Bobcats","","• Kemba Walker","sprained left ankle (DTD)","Kemba Walker","2013-14"
2014-01-22,"Bobcats","","• Kemba Walker","sprained left ankle (DNP)","Kemba Walker","2013-14"
2014-01-24,"Bobcats","","• Kemba Walker","sprained left ankle (DNP)","Kemba Walker","2013-14"
2014-01-25,"Bobcats","","• Kemba Walker","sprained left ankle (DNP)","Kemba Walker","2013-14"
2014-01-29,"Bobcats","","• Kemba Walker","sprained left ankle (DNP)","Kemba Walker","2013-14"
2014-01-31,"Bobcats","","• Kemba Walker","sprained left ankle (DNP)","Kemba Walker","2013-14"
2014-02-01,"Bobcats","","• Kemba Walker","sprained left ankle (DNP)","Kemba Walker","2013-14"
2014-04-11,"Bobcats","","• Kemba Walker","sore right groin (DNP)","Kemba Walker","2013-14"
2014-04-12,"Bobcats","","• Kemba Walker","sore right groin (DNP)","Kemba Walker","2013-14"
2015-01-17,"Hornets","","• Kemba Walker","left knee injury (DTD)","Kemba Walker","2014-15"
2015-01-19,"Hornets","","• Kemba Walker","placed on IL with left knee injury","Kemba Walker","2014-15"
2015-01-21,"Hornets","• Kemba Walker","","activated from IL","Kemba Walker","2014-15"
2015-01-24,"Hornets","","• Kemba Walker","placed on IL with torn lateral meniscus in left knee","Kemba Walker","2014-15"
2015-01-28,"Hornets","","• Kemba Walker","surgery on left knee to repair torn lateral meniscus (out for season)","Kemba Walker","2014-15"
2015-03-11,"Hornets","• Kemba Walker","","activated from IL","Kemba Walker","2014-15"
2016-02-03,"Hornets","","• Kemba Walker","sore left knee (DTD)","Kemba Walker","2015-16"
2016-02-05,"Hornets","• Kemba Walker","","returned to lineup","Kemba Walker","2015-16"
2016-12-15,"Hornets","","• Kemba Walker","personal reasons (DTD)","Kemba Walker","2016-17"
2016-12-17,"Hornets","• Kemba Walker","","returned to lineup","Kemba Walker","2016-17"
2017-04-10,"Hornets","","• Kemba Walker","sore left knee (out for season)","Kemba Walker","2016-17"
2017-11-27,"Hornets","","• Kemba Walker","sore left shoulder (DTD)","Kemba Walker","2017-18"
2017-11-29,"Hornets","","• Kemba Walker","placed on IL with bruised left shoulder","Kemba Walker","2017-18"
2017-12-04,"Hornets","• Kemba Walker","","activated from IL","Kemba Walker","2017-18"
2019-11-24,"Celtics","","• Kemba Walker","sprained neck (DTD)","Kemba Walker","2019-20"
2019-11-25,"Celtics","","• Kemba Walker","placed on IL with sprained neck","Kemba Walker","2019-20"
2019-11-27,"Celtics","• Kemba Walker","","activated from IL","Kemba Walker","2019-20"
2020-01-03,"Celtics","","• Kemba Walker","placed on IL with illness","Kemba Walker","2019-20"
2020-01-08,"Celtics","• Kemba Walker","","activated from IL","Kemba Walker","2019-20"
2020-01-18,"Celtics","","• Kemba Walker","placed on IL with sore left knee","Kemba Walker","2019-20"
2020-01-20,"Celtics","• Kemba Walker","","activated from IL","Kemba Walker","2019-20"
2020-02-01,"Celtics","","• Kemba Walker","placed on IL with sore left knee","Kemba Walker","2019-20"
2020-02-07,"Celtics","• Kemba Walker","","activated from IL","Kemba Walker","2019-20"
2020-02-20,"Celtics","","• Kemba Walker","sore left knee (DTD)","Kemba Walker","2019-20"
2020-02-21,"Celtics","","• Kemba Walker","placed on IL with sore left knee","Kemba Walker","2019-20"
2020-03-03,"Celtics","• Kemba Walker","","activated from IL","Kemba Walker","2019-20"
2020-12-01,"Celtics","","• Kemba Walker","left knee injury (out indefinitely)","Kemba Walker","2020-21"
2020-12-23,"Celtics","","• Kemba Walker","placed on IL with left knee injury","Kemba Walker","2020-21"
2021-01-17,"Celtics","• Kemba Walker","","activated from IL","Kemba Walker","2020-21"
2021-01-25,"Celtics","","• Kemba Walker","placed on IL with left knee injury","Kemba Walker","2020-21"
2021-01-27,"Celtics","• Kemba Walker","","activated from IL","Kemba Walker","2020-21"
2021-02-03,"Celtics","","• Kemba Walker","placed on IL with left knee injury","Kemba Walker","2020-21"
2021-02-04,"Celtics","• Kemba Walker","","activated from IL","Kemba Walker","2020-21"
2021-02-12,"Celtics","","• Kemba Walker","placed on IL with left knee injury","Kemba Walker","2020-21"
2021-02-14,"Celtics","• Kemba Walker","","activated from IL","Kemba Walker","2020-21"
2021-02-17,"Celtics","","• Kemba Walker","placed on IL with left knee injury","Kemba Walker","2020-21"
2021-02-19,"Celtics","• Kemba Walker","","activated from IL","Kemba Walker","2020-21"
2021-02-24,"Celtics","","• Kemba Walker","placed on IL with left knee injury","Kemba Walker","2020-21"
2021-02-26,"Celtics","• Kemba Walker","","activated from IL","Kemba Walker","2020-21"
2021-03-17,"Celtics","","• Kemba Walker","placed on IL with left knee injury","Kemba Walker","2020-21"
2021-03-19,"Celtics","• Kemba Walker","","activated from IL","Kemba Walker","2020-21"
2021-03-22,"Celtics","","• Kemba Walker","placed on IL with left knee injury","Kemba Walker","2020-21"
2021-03-23,"Celtics","• Kemba Walker","","activated from IL","Kemba Walker","2020-21"
2021-03-27,"Celtics","","• Kemba Walker","placed on IL with left knee injury","Kemba Walker","2020-21"
2021-03-29,"Celtics","• Kemba Walker","","activated from IL","Kemba Walker","2020-21"
2021-04-07,"Celtics","","• Kemba Walker","placed on IL with left knee injury","Kemba Walker","2020-21"
2021-04-09,"Celtics","• Kemba Walker","","activated from IL","Kemba Walker","2020-21"
2021-04-19,"Celtics","","• Kemba Walker","placed on IL with illness","Kemba Walker","2020-21"
2021-04-22,"Celtics","• Kemba Walker","","activated from IL","Kemba Walker","2020-21"
2021-04-23,"Celtics","","• Kemba Walker","placed on IL with left knee injury","Kemba Walker","2020-21"
2021-04-25,"Celtics","• Kemba Walker","","activated from IL","Kemba Walker","2020-21"
2021-04-27,"Celtics","","• Kemba Walker","placed on IL with strained left oblique muscle","Kemba Walker","2020-21"
2020-01-24,"Heat","","• Kendrick Nunn","left Achilles injury (DTD)","Kendrick Nunn","2019-20"
2020-01-27,"Heat","","• Kendrick Nunn","placed on IL with left Achilles injury","Kendrick Nunn","2019-20"
2020-02-01,"Heat","• Kendrick Nunn","","activated from IL","Kendrick Nunn","2019-20"
2021-01-11,"Heat","","• Kendrick Nunn","placed on IL with NBA health and safety protocols","Kendrick Nunn","2020-21"
2021-01-16,"Heat","• Kendrick Nunn","","activated from IL","Kendrick Nunn","2020-21"
2021-03-28,"Heat","","• Kendrick Nunn","sprained right ankle (DTD)","Kendrick Nunn","2020-21"
2021-04-01,"Heat","• Kendrick Nunn","","returned to lineup","Kendrick Nunn","2020-21"
2021-04-26,"Heat","","• Kendrick Nunn","neck spasms (DTD)","Kendrick Nunn","2020-21"
2021-04-28,"Heat","• Kendrick Nunn","","returned to lineup","Kendrick Nunn","2020-21"
2013-11-13,"Thunder","","• Kendrick Perkins","placed on IL with death in family","Kendrick Perkins","2013-14"
2013-11-16,"Thunder","• Kendrick Perkins","","activated from IL","Kendrick Perkins","2013-14"
2014-02-21,"Thunder","","• Kendrick Perkins","strained groin (DTD)","Kendrick Perkins","2013-14"
2014-02-23,"Thunder","","• Kendrick Perkins","placed on IL with left groin injury","Kendrick Perkins","2013-14"
2014-04-03,"Thunder","• Kendrick Perkins","","activated from IL","Kendrick Perkins","2013-14"
2013-12-23,"Nuggets","","• Kenneth Faried","sprained left ankle (DNP)","Kenneth Faried","2013-14"
2013-12-27,"Nuggets","","• Kenneth Faried","sprained left ankle (DNP)","Kenneth Faried","2013-14"
2014-12-07,"Nuggets","","• Kenneth Faried","strained lower back (DTD)","Kenneth Faried","2014-15"
2014-12-10,"Nuggets","• Kenneth Faried","","returned to lineup","Kenneth Faried","2014-15"
2014-12-14,"Nuggets","","• Kenneth Faried","strained right ankle (DTD)","Kenneth Faried","2014-15"
2014-12-17,"Nuggets","• Kenneth Faried","","returned to lineup","Kenneth Faried","2014-15"
2015-01-31,"Nuggets","","• Kenneth Faried","placed on IL with illness","Kenneth Faried","2014-15"
2015-02-03,"Nuggets","• Kenneth Faried","","activated from IL","Kenneth Faried","2014-15"
2015-02-25,"Nuggets","","• Kenneth Faried","bruised left thumb (DTD)","Kenneth Faried","2014-15"
2015-02-27,"Nuggets","• Kenneth Faried","","returned to lineup","Kenneth Faried","2014-15"
2015-03-16,"Nuggets","","• Kenneth Faried","rest (DTD)","Kenneth Faried","2014-15"
2015-03-19,"Nuggets","• Kenneth Faried","","returned to lineup","Kenneth Faried","2014-15"
2015-04-15,"Nuggets","","• Kenneth Faried","undisclosed (out for season)","Kenneth Faried","2014-15"
2015-11-21,"Nuggets","","• Kenneth Faried","sprained left ankle (DTD)","Kenneth Faried","2015-16"
2015-11-27,"Nuggets","","• Kenneth Faried","placed on IL with sprained left ankle","Kenneth Faried","2015-16"
2015-11-28,"Nuggets","• Kenneth Faried","","activated from IL","Kenneth Faried","2015-16"
2015-12-03,"Nuggets","","• Kenneth Faried","ankle injury (DTD)","Kenneth Faried","2015-16"
2015-12-05,"Nuggets","• Kenneth Faried","","returned to lineup","Kenneth Faried","2015-16"
2016-01-08,"Nuggets","","• Kenneth Faried","placed on IL with birth of child","Kenneth Faried","2015-16"
2016-01-13,"Nuggets","• Kenneth Faried","","activated from IL","Kenneth Faried","2015-16"
2016-01-23,"Nuggets","","• Kenneth Faried","sore left abductor / adductor (DTD)","Kenneth Faried","2015-16"
2016-01-25,"Nuggets","• Kenneth Faried","","returned to lineup","Kenneth Faried","2015-16"
2016-03-17,"Nuggets","","• Kenneth Faried","sore lower back (DTD)","Kenneth Faried","2015-16"
2016-03-28,"Nuggets","• Kenneth Faried","","returned to lineup","Kenneth Faried","2015-16"
2016-04-08,"Nuggets","","• Kenneth Faried","rest (DTD)","Kenneth Faried","2015-16"
2016-04-13,"Nuggets","• Kenneth Faried","","returned to lineup","Kenneth Faried","2015-16"
2015-11-16,"Hawks","","• Kent Bazemore","sprained ankle (DTD)","Kent Bazemore","2015-16"
2015-11-17,"Hawks","","• Kent Bazemore","placed on IL with sprained ankle","Kent Bazemore","2015-16"
2015-11-27,"Hawks","• Kent Bazemore","","activated from IL","Kent Bazemore","2015-16"
2016-03-17,"Hawks","","• Kent Bazemore","bone bruise in right knee (DTD)","Kent Bazemore","2015-16"
2016-03-19,"Hawks","• Kent Bazemore","","returned to lineup","Kent Bazemore","2015-16"
2016-04-07,"Hawks","","• Kent Bazemore","right knee injury (DTD)","Kent Bazemore","2015-16"
2016-04-09,"Hawks","• Kent Bazemore","","returned to lineup","Kent Bazemore","2015-16"
2018-02-14,"Hawks","","• Kent Bazemore","rest (DTD)","Kent Bazemore","2017-18"
2018-03-12,"Hawks","","• Kent Bazemore","bone bruise in right knee (out for season)","Kent Bazemore","2017-18"
2018-03-13,"Hawks","","• Kent Bazemore","placed on IL with bone bruise in right knee (out for season)","Kent Bazemore","2017-18"
2016-02-04,"Pistons","","• Kentavious Caldwell-Pope","strained groin (CBC) / strained core muscle (P) (DTD)","Kentavious Caldwell-Pope","2015-16"
2016-02-19,"Pistons","• Kentavious Caldwell-Pope","","returned to lineup","Kentavious Caldwell-Pope","2015-16"
2016-03-23,"Pistons","","• Kentavious Caldwell-Pope","illness (DTD)","Kentavious Caldwell-Pope","2015-16"
2016-03-25,"Pistons","• Kentavious Caldwell-Pope","","returned to lineup","Kentavious Caldwell-Pope","2015-16"
2016-04-13,"Pistons","","• Kentavious Caldwell-Pope","rest (DTD)","Kentavious Caldwell-Pope","2015-16"
2016-12-11,"Pistons","","• Kentavious Caldwell-Pope","placed on IL with bruised right knee","Kentavious Caldwell-Pope","2016-17"
2016-12-14,"Pistons","• Kentavious Caldwell-Pope","","activated from IL","Kentavious Caldwell-Pope","2016-17"
2017-01-13,"Pistons","","• Kentavious Caldwell-Pope","placed on IL with strained rotator cuff in left shoulder / rest","Kentavious Caldwell-Pope","2016-17"
2017-01-23,"Pistons","• Kentavious Caldwell-Pope","","activated from IL","Kentavious Caldwell-Pope","2016-17"
2021-01-03,"Lakers","","• Kentavious Caldwell-Pope","placed on IL with sprained left ankle","Kentavious Caldwell-Pope","2020-21"
2021-01-10,"Lakers","• Kentavious Caldwell-Pope","","activated from IL","Kentavious Caldwell-Pope","2020-21"
2021-04-24,"Lakers","","• Kentavious Caldwell-Pope","sprained right ankle (DTD)","Kentavious Caldwell-Pope","2020-21"
2021-04-26,"Lakers","• Kentavious Caldwell-Pope","","returned to lineup","Kentavious Caldwell-Pope","2020-21"
2021-12-21,"Wizards","","• Kentavious Caldwell-Pope","placed on IL with NBA health and safety protocols","Kentavious Caldwell-Pope","2021-22"
2021-12-30,"Wizards","• Kentavious Caldwell-Pope","","activated from IL","Kentavious Caldwell-Pope","2021-22"
2022-10-28,"Nuggets","","• Kentavious Caldwell-Pope","placed on IL with ankle injury","Kentavious Caldwell-Pope","2022-23"
2022-10-30,"Nuggets","• Kentavious Caldwell-Pope","","activated from IL","Kentavious Caldwell-Pope","2022-23"
2023-01-25,"Nuggets","","• Kentavious Caldwell-Pope","placed on IL with sprained right wrist","Kentavious Caldwell-Pope","2022-23"
2023-01-28,"Nuggets","• Kentavious Caldwell-Pope","","activated from IL","Kentavious Caldwell-Pope","2022-23"
2023-02-05,"Nuggets","","• Kentavious Caldwell-Pope","placed on IL with sprained right ankle","Kentavious Caldwell-Pope","2022-23"
2023-02-07,"Nuggets","• Kentavious Caldwell-Pope","","activated from IL","Kentavious Caldwell-Pope","2022-23"
2023-04-06,"Nuggets","","• Kentavious Caldwell-Pope","placed on IL with illness","Kentavious Caldwell-Pope","2022-23"
2023-04-08,"Nuggets","• Kentavious Caldwell-Pope","","activated from IL","Kentavious Caldwell-Pope","2022-23"
2014-01-24,"Thunder","","• Kevin Durant","sore shoulder (DNP)","Kevin Durant","2013-14"
2014-10-13,"Thunder","","• Kevin Durant","fractured right toe (out indefinitely)","Kevin Durant","2014-15"
2014-10-16,"Thunder","","• Kevin Durant","surgery on right toe to repair fracture (out indefinitely)","Kevin Durant","2014-15"
2014-10-29,"Thunder","","• Kevin Durant","placed on IL recovering from surgery on right toe","Kevin Durant","2014-15"
2014-12-02,"Thunder","• Kevin Durant","","activated from IL","Kevin Durant","2014-15"
2014-12-31,"Thunder","• Kevin Durant","","activated from IL","Kevin Durant","2014-15"
2015-01-26,"Thunder","","• Kevin Durant","placed on IL with sprained left big toe","Kevin Durant","2014-15"
2015-01-31,"Thunder","• Kevin Durant","","activated from IL","Kevin Durant","2014-15"
2015-02-02,"Thunder","","• Kevin Durant","placed on IL with sprained left big toe","Kevin Durant","2014-15"
2015-02-06,"Thunder","• Kevin Durant","","activated from IL","Kevin Durant","2014-15"
2015-02-21,"Thunder","","• Kevin Durant","placed on IL with right foot injury (out for season)","Kevin Durant","2014-15"
2015-02-22,"Thunder","","• Kevin Durant","surgery on right foot (out for season)","Kevin Durant","2014-15"
2015-03-31,"Thunder","","• Kevin Durant","surgery on right foot to install bone graft (out for season)","Kevin Durant","2014-15"
2015-11-11,"Thunder","","• Kevin Durant","strained left hamstring (DTD)","Kevin Durant","2015-16"
2015-11-13,"Thunder","","• Kevin Durant","placed on IL with strained left hamstring","Kevin Durant","2015-16"
2015-11-23,"Thunder","• Kevin Durant","","activated from IL","Kevin Durant","2015-16"
2016-01-04,"Thunder","","• Kevin Durant","toe injury (DTD)","Kevin Durant","2015-16"
2016-01-04,"Thunder","","• Kevin Durant","placed on IL with sprained right big toe","Kevin Durant","2015-16"
2016-01-06,"Thunder","• Kevin Durant","","activated from IL","Kevin Durant","2015-16"
2016-03-29,"Thunder","","• Kevin Durant","rest (DTD)","Kevin Durant","2015-16"
2016-04-06,"Thunder","","• Kevin Durant","rest (DTD)","Kevin Durant","2015-16"
2017-02-25,"Warriors","","• Kevin Durant","placed on IL with bruised left hand","Kevin Durant","2016-17"
2017-02-27,"Warriors","• Kevin Durant","","activated from IL","Kevin Durant","2016-17"
2017-03-01,"Warriors","","• Kevin Durant","sprained MCL in left knee (out indefinitely)","Kevin Durant","2016-17"
2017-03-02,"Warriors","","• Kevin Durant","placed on IL with sprained MCL in left knee","Kevin Durant","2016-17"
2017-04-08,"Warriors","• Kevin Durant","","activated from IL","Kevin Durant","2016-17"
2017-04-19,"Warriors","","• Kevin Durant","strained left calf (DTD)","Kevin Durant","2016-17"
2017-04-24,"Warriors","• Kevin Durant","","returned to lineup","Kevin Durant","2016-17"
2019-02-28,"Warriors","","• Kevin Durant","placed on IL","Kevin Durant","2018-19"
2019-03-02,"Warriors","• Kevin Durant","","activated from IL","Kevin Durant","2018-19"
2019-03-12,"Warriors","","• Kevin Durant","sprained right ankle (DTD)","Kevin Durant","2018-19"
2019-03-13,"Warriors","","• Kevin Durant","placed on IL with sprained right ankle","Kevin Durant","2018-19"
2019-03-18,"Warriors","• Kevin Durant","","activated from IL","Kevin Durant","2018-19"
2019-04-09,"Warriors","","• Kevin Durant","placed on IL with flu","Kevin Durant","2018-19"
2019-04-10,"Warriors","• Kevin Durant","","activated from IL","Kevin Durant","2018-19"
2021-11-19,"Nets","","• Kevin Durant","placed on IL with sprained right shoulder","Kevin Durant","2021-22"
2021-11-21,"Nets","• Kevin Durant","","activated from IL","Kevin Durant","2021-22"
2021-12-17,"Nets","","• Kevin Durant","sore right ankle (DTD)","Kevin Durant","2021-22"
2021-12-18,"Nets","","• Kevin Durant","placed on IL with NBA health and safety protocols","Kevin Durant","2021-22"
2021-12-29,"Nets","• Kevin Durant","","activated from IL","Kevin Durant","2021-22"
2022-01-13,"Nets","","• Kevin Durant","placed on IL","Kevin Durant","2021-22"
2022-01-15,"Nets","• Kevin Durant","","activated from IL","Kevin Durant","2021-22"
2022-01-16,"Nets","","• Kevin Durant","placed on IL with sprained MCL in left knee","Kevin Durant","2021-22"
2022-03-02,"Nets","• Kevin Durant","","activated from IL","Kevin Durant","2021-22"
2023-01-09,"Nets","","• Kevin Durant","placed on IL with sprained MCL in right knee","Kevin Durant","2022-23"
2023-02-28,"Suns","• Kevin Durant","","activated from IL","Kevin Durant","2022-23"
2023-03-08,"Suns","","• Kevin Durant","sprained left ankle (DTD)","Kevin Durant","2022-23"
2023-03-11,"Suns","","• Kevin Durant","placed on IL with sprained left ankle","Kevin Durant","2022-23"
2023-03-28,"Suns","• Kevin Durant","","activated from IL","Kevin Durant","2022-23"
2013-11-16,"Nets","","• Kevin Garnett","placed on IL with sprained right ankle","Kevin Garnett","2013-14"
2013-11-18,"Nets","• Kevin Garnett","","activated from IL","Kevin Garnett","2013-14"
2013-11-29,"Nets","","• Kevin Garnett","rest (DNP)","Kevin Garnett","2013-14"
2013-12-20,"Nets","","• Kevin Garnett","rest (DNP)","Kevin Garnett","2013-14"
2014-01-04,"Nets","","• Kevin Garnett","placed on IL for rest","Kevin Garnett","2013-14"
2014-01-06,"Nets","• Kevin Garnett","","activated from IL","Kevin Garnett","2013-14"
2014-01-11,"Nets","","• Kevin Garnett","rest (DNP)","Kevin Garnett","2013-14"
2014-02-07,"Nets","","• Kevin Garnett","rest (DNP)","Kevin Garnett","2013-14"
2014-02-23,"Nets","","• Kevin Garnett","rest (DNP)","Kevin Garnett","2013-14"
2014-03-01,"Nets","","• Kevin Garnett","back spasms (DNP)","Kevin Garnett","2013-14"
2014-03-03,"Nets","","• Kevin Garnett","back spasms (DNP)","Kevin Garnett","2013-14"
2014-03-05,"Nets","","• Kevin Garnett","back spasms (DNP)","Kevin Garnett","2013-14"
2014-03-07,"Nets","","• Kevin Garnett","rest (DNP)","Kevin Garnett","2013-14"
2014-03-10,"Nets","","• Kevin Garnett","back injury (DNP)","Kevin Garnett","2013-14"
2014-03-12,"Nets","","• Kevin Garnett","back injury (DNP)","Kevin Garnett","2013-14"
2014-03-15,"Nets","","• Kevin Garnett","placed on IL with back spasms","Kevin Garnett","2013-14"
2014-04-05,"Nets","• Kevin Garnett","","activated from IL","Kevin Garnett","2013-14"
2014-04-08,"Nets","","• Kevin Garnett","placed on IL with back injury","Kevin Garnett","2013-14"
2014-04-09,"Nets","• Kevin Garnett","","activated from IL","Kevin Garnett","2013-14"
2014-04-16,"Nets","","• Kevin Garnett","rest (DNP)","Kevin Garnett","2013-14"
2018-11-07,"Hawks","","• Kevin Huerter","placed on IL for personal reasons","Kevin Huerter","2018-19"
2018-11-09,"Hawks","• Kevin Huerter","","activated from IL","Kevin Huerter","2018-19"
2019-01-08,"Hawks","","• Kevin Huerter","back injury (DTD)","Kevin Huerter","2018-19"
2019-01-09,"Hawks","• Kevin Huerter","","returned to lineup","Kevin Huerter","2018-19"
2019-01-21,"Hawks","","• Kevin Huerter","sore neck (DTD)","Kevin Huerter","2018-19"
2019-01-23,"Hawks","","• Kevin Huerter","placed on IL with sore neck","Kevin Huerter","2018-19"
2019-01-26,"Hawks","• Kevin Huerter","","activated from IL","Kevin Huerter","2018-19"
2019-02-22,"Hawks","","• Kevin Huerter","placed on IL with sprained left ankle","Kevin Huerter","2018-19"
2019-02-25,"Hawks","• Kevin Huerter","","activated from IL","Kevin Huerter","2018-19"
2019-04-05,"Hawks","","• Kevin Huerter","back injury (DTD)","Kevin Huerter","2018-19"
2019-04-07,"Hawks","• Kevin Huerter","","returned to lineup","Kevin Huerter","2018-19"
2019-11-13,"Hawks","","• Kevin Huerter","strained rotator cuff in left shoulder (out indefinitely)","Kevin Huerter","2019-20"
2019-11-14,"Hawks","","• Kevin Huerter","placed on IL with strained rotator cuff in left shoulder","Kevin Huerter","2019-20"
2019-12-04,"Hawks","• Kevin Huerter","","activated from IL","Kevin Huerter","2019-20"
2021-04-28,"Hawks","","• Kevin Huerter","placed on IL with sprained left shoulder","Kevin Huerter","2020-21"
2021-12-22,"Hawks","","• Kevin Huerter","placed on IL with NBA health and safety protocols","Kevin Huerter","2021-22"
2022-01-01,"Hawks","• Kevin Huerter","","activated from IL","Kevin Huerter","2021-22"
2022-03-07,"Hawks","","• Kevin Huerter","placed on IL with sore left shoulder","Kevin Huerter","2021-22"
2022-03-09,"Hawks","• Kevin Huerter","","activated from IL","Kevin Huerter","2021-22"
2022-12-14,"Kings","","• Kevin Huerter","sore left ankle (DTD)","Kevin Huerter","2022-23"
2022-12-16,"Kings","• Kevin Huerter","","returned to lineup","Kevin Huerter","2022-23"
2023-01-11,"Kings","","• Kevin Huerter","placed on IL with illness","Kevin Huerter","2022-23"
2023-01-15,"Kings","• Kevin Huerter","","activated from IL","Kevin Huerter","2022-23"
2023-03-17,"Kings","","• Kevin Huerter","placed on IL with right hamstring injury / knee injury","Kevin Huerter","2022-23"
2023-03-24,"Kings","• Kevin Huerter","","activated from IL","Kevin Huerter","2022-23"
2018-10-21,"Knicks","","• Kevin Knox II","sprained left ankle (DTD)","Kevin Knox II","2018-19"
2018-11-05,"Knicks","• Kevin Knox II","","returned to lineup","Kevin Knox II","2018-19"
2013-12-06,"Timberwolves","","• Kevin Love","personal reasons (DNP)","Kevin Love","2013-14"
2013-12-07,"Timberwolves","","• Kevin Love","death of grandmother (DNP)","Kevin Love","2013-14"
2014-02-05,"Timberwolves","","• Kevin Love","stiff neck (DNP)","Kevin Love","2013-14"
2014-02-08,"Timberwolves","","• Kevin Love","bruised left quadriceps (DNP)","Kevin Love","2013-14"
2014-04-05,"Timberwolves","","• Kevin Love","back spasms (DNP)","Kevin Love","2013-14"
2014-04-11,"Timberwolves","","• Kevin Love","hyperextended right elbow (DNP)","Kevin Love","2013-14"
2016-02-06,"Cavaliers","","• Kevin Love","bruised left quadriceps (DTD)","Kevin Love","2015-16"
2016-02-08,"Cavaliers","• Kevin Love","","returned to lineup","Kevin Love","2015-16"
2016-02-29,"Cavaliers","","• Kevin Love","sore leg (DTD)","Kevin Love","2015-16"
2016-03-05,"Cavaliers","• Kevin Love","","returned to lineup","Kevin Love","2015-16"
2016-03-10,"Cavaliers","","• Kevin Love","left knee injury (DTD)","Kevin Love","2015-16"
2016-03-13,"Cavaliers","• Kevin Love","","returned to lineup","Kevin Love","2015-16"
2016-03-21,"Cavaliers","","• Kevin Love","illness (DTD)","Kevin Love","2015-16"
2016-03-23,"Cavaliers","• Kevin Love","","returned to lineup","Kevin Love","2015-16"
2016-04-13,"Cavaliers","","• Kevin Love","rest (DTD)","Kevin Love","2015-16"
2016-04-17,"Cavaliers","• Kevin Love","","returned to lineup","Kevin Love","2015-16"
2016-12-14,"Cavaliers","","• Kevin Love","rest (DTD)","Kevin Love","2016-17"
2016-12-17,"Cavaliers","• Kevin Love","","returned to lineup","Kevin Love","2016-17"
2016-12-19,"Cavaliers","","• Kevin Love","bruised left knee (DTD)","Kevin Love","2016-17"
2016-12-23,"Cavaliers","• Kevin Love","","returned to lineup","Kevin Love","2016-17"
2017-01-04,"Cavaliers","","• Kevin Love","illness (DTD)","Kevin Love","2016-17"
2017-01-06,"Cavaliers","• Kevin Love","","returned to lineup","Kevin Love","2016-17"
2017-01-19,"Cavaliers","","• Kevin Love","sore lower back (DTD)","Kevin Love","2016-17"
2017-01-21,"Cavaliers","• Kevin Love","","returned to lineup","Kevin Love","2016-17"
2017-01-30,"Cavaliers","","• Kevin Love","lower back spasms (DTD)","Kevin Love","2016-17"
2017-02-04,"Cavaliers","• Kevin Love","","returned to lineup","Kevin Love","2016-17"
2017-02-12,"Cavaliers","","• Kevin Love","left knee injury (DTD)","Kevin Love","2016-17"
2017-02-14,"Cavaliers","","• Kevin Love","placed on IL with recovering from arthroscopic surgery on left knee to remove loose body","Kevin Love","2016-17"
2017-03-16,"Cavaliers","• Kevin Love","","activated from IL","Kevin Love","2016-17"
2017-03-18,"Cavaliers","","• Kevin Love","rest (DTD)","Kevin Love","2016-17"
2017-03-19,"Cavaliers","• Kevin Love","","returned to lineup","Kevin Love","2016-17"
2017-04-12,"Cavaliers","","• Kevin Love","rest (DTD)","Kevin Love","2016-17"
2017-04-15,"Cavaliers","• Kevin Love","","returned to lineup","Kevin Love","2016-17"
2017-12-09,"Cavaliers","","• Kevin Love","sore left hip (DTD)","Kevin Love","2017-18"
2017-12-12,"Cavaliers","• Kevin Love","","returned to lineup","Kevin Love","2017-18"
2018-01-30,"Cavaliers","","• Kevin Love","fractured left hand (out indefinitely)","Kevin Love","2017-18"
2018-01-31,"Cavaliers","","• Kevin Love","placed on IL with fractured left hand","Kevin Love","2017-18"
2018-03-19,"Cavaliers","• Kevin Love","","activated from IL","Kevin Love","2017-18"
2018-03-28,"Cavaliers","","• Kevin Love","concussion (out indefinitely)","Kevin Love","2017-18"
2018-03-30,"Cavaliers","• Kevin Love","","returned to lineup","Kevin Love","2017-18"
2018-03-30,"Cavaliers","• Kevin Love","","activated from IL","Kevin Love","2017-18"
2018-04-11,"Cavaliers","","• Kevin Love","placed on IL for rest","Kevin Love","2017-18"
2018-04-15,"Cavaliers","• Kevin Love","","activated from IL","Kevin Love","2017-18"
2019-11-18,"Cavaliers","","• Kevin Love","placed on IL with bruised lower back","Kevin Love","2019-20"
2019-11-20,"Cavaliers","• Kevin Love","","activated from IL","Kevin Love","2019-20"
2019-11-23,"Cavaliers","","• Kevin Love","bruised lower back (DTD)","Kevin Love","2019-20"
2019-11-27,"Cavaliers","• Kevin Love","","returned to lineup","Kevin Love","2019-20"
2019-12-06,"Cavaliers","","• Kevin Love","placed on IL with illness","Kevin Love","2019-20"
2019-12-07,"Cavaliers","• Kevin Love","","activated from IL","Kevin Love","2019-20"
2019-12-28,"Cavaliers","","• Kevin Love","placed on IL with bruised right hip","Kevin Love","2019-20"
2019-12-30,"Cavaliers","• Kevin Love","","activated from IL","Kevin Love","2019-20"
2020-02-12,"Cavaliers","","• Kevin Love","placed on IL with sore right Achilles","Kevin Love","2019-20"
2020-02-20,"Cavaliers","• Kevin Love","","activated from IL","Kevin Love","2019-20"
2020-02-22,"Cavaliers","","• Kevin Love","sore right Achilles (DTD)","Kevin Love","2019-20"
2020-02-24,"Cavaliers","• Kevin Love","","returned to lineup","Kevin Love","2019-20"
2022-11-20,"Cavaliers","","• Kevin Love","placed on IL with right thumb injury","Kevin Love","2022-23"
2022-11-21,"Cavaliers","• Kevin Love","","activated from IL","Kevin Love","2022-23"
2022-11-23,"Cavaliers","","• Kevin Love","placed on IL with right thumb injury","Kevin Love","2022-23"
2022-12-02,"Cavaliers","• Kevin Love","","activated from IL","Kevin Love","2022-23"
2023-01-26,"Cavaliers","","• Kevin Love","placed on IL with lower back spasms","Kevin Love","2022-23"
2023-01-31,"Cavaliers","• Kevin Love","","activated from IL","Kevin Love","2022-23"
2023-03-06,"Heat","","• Kevin Love","placed on IL with bruised ribcage DTD)","Kevin Love","2022-23"
2023-03-08,"Heat","• Kevin Love","","activated from IL","Kevin Love","2022-23"
2013-11-13,"Timberwolves","","• Kevin Martin","flu (DNP)","Kevin Martin","2013-14"
2013-12-16,"Timberwolves","","• Kevin Martin","sore left knee (DNP)","Kevin Martin","2013-14"
2014-02-08,"Timberwolves","","• Kevin Martin","placed on IL with fractured left thumb","Kevin Martin","2013-14"
2014-03-01,"Timberwolves","• Kevin Martin","","activated from IL","Kevin Martin","2013-14"
2014-04-04,"Timberwolves","","• Kevin Martin","sore right foot (DNP)","Kevin Martin","2013-14"
2014-04-05,"Timberwolves","","• Kevin Martin","sore right foot (DNP)","Kevin Martin","2013-14"
2014-04-08,"Timberwolves","","• Kevin Martin","sore right foot (DNP)","Kevin Martin","2013-14"
2014-04-09,"Timberwolves","","• Kevin Martin","sore right foot (DNP)","Kevin Martin","2013-14"
2014-04-11,"Timberwolves","","• Kevin Martin","sore right foot (DNP)","Kevin Martin","2013-14"
2014-10-29,"Timberwolves","","• Kevin Martin","placed on IL with ankle injury","Kevin Martin","2014-15"
2014-10-30,"Timberwolves","• Kevin Martin","","activated from IL","Kevin Martin","2014-15"
2014-11-21,"Timberwolves","","• Kevin Martin","fractured right wrist (DTD)","Kevin Martin","2014-15"
2014-11-25,"Timberwolves","","• Kevin Martin","surgery on right wrist to repair fracture (out indefinitely)","Kevin Martin","2014-15"
2014-11-26,"Timberwolves","","• Kevin Martin","placed on IL recovering from surgery on right wrist to repair fracture","Kevin Martin","2014-15"
2015-01-28,"Timberwolves","• Kevin Martin","","activated from IL","Kevin Martin","2014-15"
2015-03-02,"Timberwolves","","• Kevin Martin","illness (DTD)","Kevin Martin","2014-15"
2015-03-04,"Timberwolves","• Kevin Martin","","returned to lineup","Kevin Martin","2014-15"
2015-03-23,"Timberwolves","","• Kevin Martin","strained left hamstring (DTD)","Kevin Martin","2014-15"
2015-04-03,"Timberwolves","• Kevin Martin","","returned to lineup","Kevin Martin","2014-15"
2015-04-13,"Timberwolves","","• Kevin Martin","illness (DTD)","Kevin Martin","2014-15"
2015-04-15,"Timberwolves","• Kevin Martin","","returned to lineup","Kevin Martin","2014-15"
2020-12-22,"Cavaliers","","• Kevin Porter Jr.","personal reasons (DTD)","Kevin Porter Jr.","2020-21"
2021-03-22,"Rockets","","• Kevin Porter Jr.","right quadricep injury (DTD)","Kevin Porter Jr.","2020-21"
2021-03-27,"Rockets","• Kevin Porter Jr.","","returned to lineup","Kevin Porter Jr.","2020-21"
2021-04-21,"Rockets","","• Kevin Porter Jr.","placed on IL with NBA health and safety protocols","Kevin Porter Jr.","2020-21"
2021-04-26,"Rockets","• Kevin Porter Jr.","","activated from IL","Kevin Porter Jr.","2020-21"
2021-11-17,"Rockets","","• Kevin Porter Jr.","placed on IL with left thigh injury","Kevin Porter Jr.","2021-22"
2021-11-24,"Rockets","• Kevin Porter Jr.","","activated from IL","Kevin Porter Jr.","2021-22"
2021-12-04,"Rockets","","• Kevin Porter Jr.","placed on IL with bruised left thigh","Kevin Porter Jr.","2021-22"
2021-12-27,"Rockets","• Kevin Porter Jr.","","activated from IL","Kevin Porter Jr.","2021-22"
2022-01-28,"Rockets","","• Kevin Porter Jr.","placed on IL with NBA health and safety protocols","Kevin Porter Jr.","2021-22"
2022-01-31,"Rockets","• Kevin Porter Jr.","","activated from IL","Kevin Porter Jr.","2021-22"
2022-02-16,"Rockets","","• Kevin Porter Jr.","placed on IL with illness","Kevin Porter Jr.","2021-22"
2022-02-24,"Rockets","• Kevin Porter Jr.","","activated from IL","Kevin Porter Jr.","2021-22"
2022-02-27,"Rockets","","• Kevin Porter Jr.","placed on IL with sprained left ankle","Kevin Porter Jr.","2021-22"
2022-03-02,"Rockets","• Kevin Porter Jr.","","activated from IL","Kevin Porter Jr.","2021-22"
2022-11-18,"Rockets","","• Kevin Porter Jr.","placed on IL with sore lower back","Kevin Porter Jr.","2022-23"
2022-11-20,"Rockets","• Kevin Porter Jr.","","activated from IL","Kevin Porter Jr.","2022-23"
2023-01-13,"Rockets","","• Kevin Porter Jr.","placed on IL with bruised left foot","Kevin Porter Jr.","2022-23"
2023-03-01,"Rockets","• Kevin Porter Jr.","","activated from IL","Kevin Porter Jr.","2022-23"
2023-03-08,"Rockets","","• Kevin Porter Jr.","placed on IL with bruised thigh","Kevin Porter Jr.","2022-23"
2023-03-11,"Rockets","• Kevin Porter Jr.","","activated from IL","Kevin Porter Jr.","2022-23"
2021-02-03,"Warriors","","• Kevon Looney","sprained left ankle (DTD)","Kevon Looney","2020-21"
2021-02-23,"Warriors","• Kevon Looney","","returned to lineup","Kevon Looney","2020-21"
2021-03-20,"Warriors","","• Kevon Looney","placed on IL with NBA health and safety protocols","Kevon Looney","2020-21"
2021-03-21,"Warriors","• Kevon Looney","","activated from IL","Kevon Looney","2020-21"
2021-11-07,"Raptors","","• Khem Birch","placed on IL with right knee injury","Khem Birch","2021-22"
2021-11-13,"Raptors","• Khem Birch","","activated from IL","Khem Birch","2021-22"
2021-11-24,"Raptors","","• Khem Birch","placed on IL with right knee injury","Khem Birch","2021-22"
2021-12-30,"Raptors","• Khem Birch","","activated from IL","Khem Birch","2021-22"
2022-01-15,"Raptors","","• Khem Birch","placed on IL with fractured nose","Khem Birch","2021-22"
2022-02-03,"Raptors","• Khem Birch","","activated from IL","Khem Birch","2021-22"
2022-03-28,"Raptors","","• Khem Birch","placed on IL with right knee injury","Khem Birch","2021-22"
2022-03-30,"Raptors","• Khem Birch","","activated from IL","Khem Birch","2021-22"
2014-11-11,"Bucks","","• Khris Middleton","sore right knee (DNP)","Khris Middleton","2014-15"
2014-11-14,"Bucks","","• Khris Middleton","sore right knee (DNP)","Khris Middleton","2014-15"
2016-04-03,"Bucks","","• Khris Middleton","strained left thigh (DTD)","Khris Middleton","2015-16"
2016-04-10,"Bucks","• Khris Middleton","","returned to lineup","Khris Middleton","2015-16"
2016-10-26,"Bucks","","• Khris Middleton","placed on IL recovering from surgery to repair torn left hamstring","Khris Middleton","2016-17"
2017-02-08,"Bucks","• Khris Middleton","","activated from IL","Khris Middleton","2016-17"
2017-02-11,"Bucks","","• Khris Middleton","placed on IL","Khris Middleton","2016-17"
2017-02-13,"Bucks","• Khris Middleton","","activated from IL","Khris Middleton","2016-17"
2017-02-27,"Bucks","","• Khris Middleton","placed on IL","Khris Middleton","2016-17"
2017-03-01,"Bucks","• Khris Middleton","","activated from IL","Khris Middleton","2016-17"
2017-04-12,"Bucks","","• Khris Middleton","placed on IL","Khris Middleton","2016-17"
2017-04-15,"Bucks","• Khris Middleton","","activated from IL","Khris Middleton","2016-17"
2018-12-05,"Bucks","","• Khris Middleton","placed on IL for personal reasons","Khris Middleton","2018-19"
2018-12-07,"Bucks","• Khris Middleton","","activated from IL","Khris Middleton","2018-19"
2018-12-14,"Bucks","","• Khris Middleton","right finger injury (DTD)","Khris Middleton","2018-19"
2018-12-17,"Bucks","• Khris Middleton","","returned to lineup","Khris Middleton","2018-19"
2019-02-08,"Bucks","","• Khris Middleton","placed on IL","Khris Middleton","2018-19"
2019-02-09,"Bucks","• Khris Middleton","","activated from IL","Khris Middleton","2018-19"
2019-03-31,"Bucks","","• Khris Middleton","left groin injury (DTD)","Khris Middleton","2018-19"
2019-04-04,"Bucks","• Khris Middleton","","returned to lineup","Khris Middleton","2018-19"
2019-11-11,"Bucks","","• Khris Middleton","left thigh injury (DTD)","Khris Middleton","2019-20"
2019-11-14,"Bucks","","• Khris Middleton","placed on IL with left thigh injury","Khris Middleton","2019-20"
2019-11-27,"Bucks","• Khris Middleton","","activated from IL","Khris Middleton","2019-20"
2020-02-27,"Bucks","","• Khris Middleton","sore neck (DTD)","Khris Middleton","2019-20"
2020-02-28,"Bucks","","• Khris Middleton","placed on IL with sore neck","Khris Middleton","2019-20"
2020-03-02,"Bucks","• Khris Middleton","","activated from IL","Khris Middleton","2019-20"
2021-03-27,"Bucks","","• Khris Middleton","bruised left hip (DTD)","Khris Middleton","2020-21"
2021-03-28,"Bucks","• Khris Middleton","","returned to lineup","Khris Middleton","2020-21"
2021-04-09,"Bucks","","• Khris Middleton","sore right knee (DTD)","Khris Middleton","2020-21"
2021-04-11,"Bucks","• Khris Middleton","","returned to lineup","Khris Middleton","2020-21"
2022-10-16,"Bucks","","• Khris Middleton","recovering from surgery on left wrist to repair torn ligament (out indefinitely)","Khris Middleton","2022-23"
2022-12-17,"Bucks","","• Khris Middleton","sore right knee (DTD)","Khris Middleton","2022-23"
2022-12-17,"Bucks","","• Khris Middleton","placed on IL with sore right knee","Khris Middleton","2022-23"
2023-01-23,"Bucks","• Khris Middleton","","activated from IL","Khris Middleton","2022-23"
2023-02-16,"Bucks","","• Khris Middleton","placed on IL with sore right knee","Khris Middleton","2022-23"
2023-02-23,"Bucks","• Khris Middleton","","activated from IL","Khris Middleton","2022-23"
2023-04-06,"Bucks","","• Khris Middleton","placed on IL with sore right knee","Khris Middleton","2022-23"
2023-04-16,"Bucks","• Khris Middleton","","activated from IL","Khris Middleton","2022-23"
2021-11-05,"Pistons","","• Killian Hayes","placed on IL with sprained left thumb","Killian Hayes","2021-22"
2021-11-10,"Pistons","• Killian Hayes","","activated from IL","Killian Hayes","2021-22"
2021-11-21,"Pistons","","• Killian Hayes","placed on IL with sprained left thumb","Killian Hayes","2021-22"
2021-11-28,"Pistons","• Killian Hayes","","activated from IL","Killian Hayes","2021-22"
2021-12-21,"Pistons","","• Killian Hayes","placed on IL with illness","Killian Hayes","2021-22"
2021-12-22,"Pistons","• Killian Hayes","","activated from IL","Killian Hayes","2021-22"
2021-12-23,"Pistons","","• Killian Hayes","placed on IL with NBA health and safety protocols","Killian Hayes","2021-22"
2022-01-02,"Pistons","• Killian Hayes","","activated from IL","Killian Hayes","2021-22"
2022-01-19,"Pistons","","• Killian Hayes","bruised right hip (DTD)","Killian Hayes","2021-22"
2022-01-21,"Pistons","","• Killian Hayes","placed on IL with bruised right hip","Killian Hayes","2021-22"
2022-01-23,"Pistons","• Killian Hayes","","activated from IL","Killian Hayes","2021-22"
2022-03-09,"Pistons","","• Killian Hayes","placed on IL with right adductor injury","Killian Hayes","2021-22"
2022-03-15,"Pistons","• Killian Hayes","","activated from IL","Killian Hayes","2021-22"
2022-03-19,"Pistons","","• Killian Hayes","placed on IL with bruised head","Killian Hayes","2021-22"
2022-03-21,"Pistons","• Killian Hayes","","activated from IL","Killian Hayes","2021-22"
2023-01-23,"Pistons","","• Killian Hayes","left shoulder injury (DTD)","Killian Hayes","2022-23"
2023-01-25,"Pistons","• Killian Hayes","","returned to lineup","Killian Hayes","2022-23"
2023-03-06,"Pistons","","• Killian Hayes","left hand injury (DTD)","Killian Hayes","2022-23"
2023-03-09,"Pistons","• Killian Hayes","","returned to lineup","Killian Hayes","2022-23"
2013-12-14,"Bulls","","• Kirk Hinrich","strained back (DNP)","Kirk Hinrich","2013-14"
2013-12-16,"Bulls","","• Kirk Hinrich","sore back (DNP)","Kirk Hinrich","2013-14"
2013-12-18,"Bulls","","• Kirk Hinrich","sore back (DNP)","Kirk Hinrich","2013-14"
2013-12-19,"Bulls","","• Kirk Hinrich","sore back (DNP)","Kirk Hinrich","2013-14"
2013-12-21,"Bulls","","• Kirk Hinrich","sore back (DNP)","Kirk Hinrich","2013-14"
2014-01-22,"Bulls","","• Kirk Hinrich","placed on IL with right hamstring injury","Kirk Hinrich","2013-14"
2014-01-29,"Bulls","• Kirk Hinrich","","activated from IL","Kirk Hinrich","2013-14"
2014-03-14,"Warriors","","• Klay Thompson","personal reasons (DNP)","Klay Thompson","2013-14"
2014-11-09,"Warriors","","• Klay Thompson","sprained right hand (DTD)","Klay Thompson","2014-15"
2014-11-11,"Warriors","• Klay Thompson","","returned to lineup","Klay Thompson","2014-15"
2015-03-13,"Warriors","","• Klay Thompson","rest (DTD)","Klay Thompson","2014-15"
2015-03-14,"Warriors","• Klay Thompson","","returned to lineup","Klay Thompson","2014-15"
2015-03-18,"Warriors","","• Klay Thompson","placed on IL with sprained right ankle","Klay Thompson","2014-15"
2015-03-23,"Warriors","• Klay Thompson","","activated from IL","Klay Thompson","2014-15"
2015-11-14,"Warriors","","• Klay Thompson","sore back (DTD)","Klay Thompson","2015-16"
2015-11-17,"Warriors","• Klay Thompson","","returned to lineup","Klay Thompson","2015-16"
2015-12-11,"Warriors","","• Klay Thompson","sprained right ankle (DTD)","Klay Thompson","2015-16"
2015-12-12,"Warriors","• Klay Thompson","","returned to lineup","Klay Thompson","2015-16"
2017-01-10,"Warriors","","• Klay Thompson","placed on IL for rest","Klay Thompson","2016-17"
2017-01-12,"Warriors","• Klay Thompson","","activated from IL","Klay Thompson","2016-17"
2017-02-13,"Warriors","","• Klay Thompson","sore right heel (DTD)","Klay Thompson","2016-17"
2017-02-15,"Warriors","• Klay Thompson","","returned to lineup","Klay Thompson","2016-17"
2017-03-11,"Warriors","","• Klay Thompson","rest (DTD)","Klay Thompson","2016-17"
2017-03-14,"Warriors","• Klay Thompson","","returned to lineup","Klay Thompson","2016-17"
2017-04-10,"Warriors","","• Klay Thompson","rest (DTD)","Klay Thompson","2016-17"
2017-04-12,"Warriors","• Klay Thompson","","returned to lineup","Klay Thompson","2016-17"
2018-01-10,"Warriors","","• Klay Thompson","placed on IL","Klay Thompson","2017-18"
2018-01-12,"Warriors","• Klay Thompson","","activated from IL","Klay Thompson","2017-18"
2018-03-14,"Warriors","","• Klay Thompson","placed on IL with fractured right thumb","Klay Thompson","2017-18"
2018-04-01,"Warriors","• Klay Thompson","","activated from IL","Klay Thompson","2017-18"
2019-01-31,"Warriors","","• Klay Thompson","illness (DTD)","Klay Thompson","2018-19"
2019-02-02,"Warriors","• Klay Thompson","","returned to lineup","Klay Thompson","2018-19"
2019-03-02,"Warriors","","• Klay Thompson","sore right knee (DTD)","Klay Thompson","2018-19"
2019-03-05,"Warriors","","• Klay Thompson","placed on IL with sore right knee","Klay Thompson","2018-19"
2019-03-08,"Warriors","• Klay Thompson","","activated from IL","Klay Thompson","2018-19"
2019-04-09,"Warriors","","• Klay Thompson","placed on IL with sore right knee","Klay Thompson","2018-19"
2019-04-10,"Warriors","• Klay Thompson","","activated from IL","Klay Thompson","2018-19"
2021-10-18,"Warriors","","• Klay Thompson","placed on IL with recovering from surgery to repair torn right Achilles tendon","Klay Thompson","2021-22"
2022-01-08,"Warriors","• Klay Thompson","","activated from IL","Klay Thompson","2021-22"
2022-01-23,"Warriors","","• Klay Thompson","placed on IL with sore left knee","Klay Thompson","2021-22"
2022-01-25,"Warriors","• Klay Thompson","","activated from IL","Klay Thompson","2021-22"
2022-02-01,"Warriors","","• Klay Thompson","placed on IL with right Achilles tendon injury","Klay Thompson","2021-22"
2022-02-02,"Warriors","• Klay Thompson","","activated from IL","Klay Thompson","2021-22"
2022-02-09,"Warriors","","• Klay Thompson","placed on IL with right Achilles tendon injury","Klay Thompson","2021-22"
2022-02-10,"Warriors","• Klay Thompson","","activated from IL","Klay Thompson","2021-22"
2022-02-27,"Warriors","","• Klay Thompson","placed on IL with illness","Klay Thompson","2021-22"
2022-03-02,"Warriors","• Klay Thompson","","activated from IL","Klay Thompson","2021-22"
2022-03-07,"Warriors","","• Klay Thompson","placed on IL with right Achilles tendon injury","Klay Thompson","2021-22"
2022-03-08,"Warriors","• Klay Thompson","","activated from IL","Klay Thompson","2021-22"
2022-03-23,"Warriors","","• Klay Thompson","placed on IL with right Achilles tendon injury","Klay Thompson","2021-22"
2022-03-24,"Warriors","• Klay Thompson","","activated from IL","Klay Thompson","2021-22"
2022-03-28,"Warriors","","• Klay Thompson","placed on IL with right Achilles tendon injury","Klay Thompson","2021-22"
2022-03-29,"Warriors","• Klay Thompson","","activated from IL","Klay Thompson","2021-22"
2022-04-03,"Warriors","","• Klay Thompson","placed on IL with right Achilles tendon injury","Klay Thompson","2021-22"
2022-04-06,"Warriors","• Klay Thompson","","activated from IL","Klay Thompson","2021-22"
2022-04-09,"Warriors","","• Klay Thompson","placed on IL with right Achilles tendon injury","Klay Thompson","2021-22"
2022-04-10,"Warriors","• Klay Thompson","","returned to lineup","Klay Thompson","2021-22"
2022-11-14,"Warriors","","• Klay Thompson","placed on IL with right Achilles tendon injury","Klay Thompson","2022-23"
2022-11-16,"Warriors","• Klay Thompson","","activated from IL","Klay Thompson","2022-23"
2022-11-21,"Warriors","","• Klay Thompson","placed on IL with right Achilles tendon injury","Klay Thompson","2022-23"
2022-11-23,"Warriors","• Klay Thompson","","activated from IL","Klay Thompson","2022-23"
2022-12-14,"Warriors","","• Klay Thompson","placed on IL with right Achilles tendon injury","Klay Thompson","2022-23"
2022-12-16,"Warriors","• Klay Thompson","","activated from IL","Klay Thompson","2022-23"
2022-12-21,"Warriors","","• Klay Thompson","right Achilles tendon injury (DTD)","Klay Thompson","2022-23"
2022-12-25,"Warriors","• Klay Thompson","","returned to lineup","Klay Thompson","2022-23"
2022-12-28,"Warriors","","• Klay Thompson","placed on IL with right Achilles injury","Klay Thompson","2022-23"
2022-12-30,"Warriors","• Klay Thompson","","activated from IL","Klay Thompson","2022-23"
2023-04-04,"Warriors","","• Klay Thompson","placed on IL with sore back","Klay Thompson","2022-23"
2023-04-07,"Warriors","• Klay Thompson","","activated from IL","Klay Thompson","2022-23"
2014-12-23,"Lakers","","• Kobe Bryant","general soreness / rest (DTD)","Kobe Bryant","2014-15"
2014-12-28,"Lakers","• Kobe Bryant","","returned to lineup","Kobe Bryant","2014-15"
2015-01-05,"Lakers","","• Kobe Bryant","rest (DTD)","Kobe Bryant","2014-15"
2015-01-07,"Lakers","• Kobe Bryant","","returned to lineup","Kobe Bryant","2014-15"
2015-01-09,"Lakers","","• Kobe Bryant","rest (DTD)","Kobe Bryant","2014-15"
2015-01-13,"Lakers","• Kobe Bryant","","returned to lineup","Kobe Bryant","2014-15"
2015-01-16,"Lakers","","• Kobe Bryant","rest (DTD)","Kobe Bryant","2014-15"
2015-01-21,"Lakers","• Kobe Bryant","","returned to lineup","Kobe Bryant","2014-15"
2015-01-22,"Lakers","","• Kobe Bryant","torn rotator cuff in right shoulder (out for season)","Kobe Bryant","2014-15"
2015-01-28,"Lakers","","• Kobe Bryant","surgery on right shoulder to repair torn rotator cuff (out for season)","Kobe Bryant","2014-15"
2015-04-03,"Lakers","","• Kobe Bryant","placed on IL recovering from surgery on right shoulder to repair torn rotator cuff (out for season)","Kobe Bryant","2014-15"
2015-11-10,"Lakers","","• Kobe Bryant","placed on IL for rest / sore back","Kobe Bryant","2015-16"
2015-11-13,"Lakers","• Kobe Bryant","","activated from IL","Kobe Bryant","2015-16"
2015-11-16,"Lakers","","• Kobe Bryant","placed on IL for rest / back injury","Kobe Bryant","2015-16"
2015-11-20,"Lakers","• Kobe Bryant","","activated from IL","Kobe Bryant","2015-16"
2015-12-19,"Lakers","","• Kobe Bryant","sore right shoulder (DTD)","Kobe Bryant","2015-16"
2015-12-22,"Lakers","• Kobe Bryant","","returned to lineup","Kobe Bryant","2015-16"
2016-01-01,"Lakers","","• Kobe Bryant","placed on IL with sore right shoulder","Kobe Bryant","2015-16"
2016-01-07,"Lakers","• Kobe Bryant","","activated from IL","Kobe Bryant","2015-16"
2016-01-10,"Lakers","","• Kobe Bryant","strained right Achilles (DTD)","Kobe Bryant","2015-16"
2016-01-12,"Lakers","• Kobe Bryant","","returned to lineup","Kobe Bryant","2015-16"
2016-01-26,"Lakers","","• Kobe Bryant","placed on IL with sore shoulder","Kobe Bryant","2015-16"
2016-01-28,"Lakers","• Kobe Bryant","","activated from IL","Kobe Bryant","2015-16"
2016-01-29,"Lakers","","• Kobe Bryant","placed on IL","Kobe Bryant","2015-16"
2016-01-31,"Lakers","• Kobe Bryant","","activated from IL","Kobe Bryant","2015-16"
2016-02-02,"Lakers","• Kobe Bryant","","activated from IL (P)","Kobe Bryant","2015-16"
2016-02-26,"Lakers","","• Kobe Bryant","placed on IL with sore right shoulder","Kobe Bryant","2015-16"
2016-03-02,"Lakers","• Kobe Bryant","","activated from IL","Kobe Bryant","2015-16"
2016-03-04,"Lakers","","• Kobe Bryant","placed on IL with sore right shoulder","Kobe Bryant","2015-16"
2016-03-06,"Lakers","• Kobe Bryant","","activated from IL","Kobe Bryant","2015-16"
2016-03-08,"Lakers","","• Kobe Bryant","sore right shoulder (DTD)","Kobe Bryant","2015-16"
2016-03-10,"Lakers","• Kobe Bryant","","returned to lineup","Kobe Bryant","2015-16"
2016-03-15,"Lakers","","• Kobe Bryant","placed on IL with sore right shoulder","Kobe Bryant","2015-16"
2016-03-22,"Lakers","• Kobe Bryant","","activated from IL","Kobe Bryant","2015-16"
2017-10-07,"Bulls","","• Kris Dunn","dislocated left index finger (out indefinitely)","Kris Dunn","2017-18"
2017-10-19,"Bulls","","• Kris Dunn","placed on IL with dislocated left index finger","Kris Dunn","2017-18"
2017-10-28,"Bulls","• Kris Dunn","","activated from IL","Kris Dunn","2017-18"
2017-12-29,"Bulls","","• Kris Dunn","patellar tendinitis in left knee (DTD)","Kris Dunn","2017-18"
2017-12-31,"Bulls","• Kris Dunn","","returned to lineup","Kris Dunn","2017-18"
2018-01-18,"Bulls","","• Kris Dunn","concussion (out indefinitely)","Kris Dunn","2017-18"
2018-01-20,"Bulls","","• Kris Dunn","placed on IL with concussion","Kris Dunn","2017-18"
2018-02-14,"Bulls","• Kris Dunn","","activated from IL","Kris Dunn","2017-18"
2018-03-16,"Bulls","","• Kris Dunn","sprained right toe (out for season)","Kris Dunn","2017-18"
2018-03-17,"Bulls","","• Kris Dunn","placed on IL with sprained right toe (out for season)","Kris Dunn","2017-18"
2018-10-18,"Bulls","","• Kris Dunn","placed on IL for personal reasons","Kris Dunn","2018-19"
2018-10-22,"Bulls","• Kris Dunn","","activated from IL","Kris Dunn","2018-19"
2018-10-23,"Bulls","","• Kris Dunn","sprained MCL in left knee (out indefinitely)","Kris Dunn","2018-19"
2018-10-24,"Bulls","","• Kris Dunn","placed on IL with sprained MCL in left knee","Kris Dunn","2018-19"
2018-12-10,"Bulls","• Kris Dunn","","activated from IL","Kris Dunn","2018-19"
2019-02-13,"Bulls","","• Kris Dunn","placed on IL with bruised tailbone","Kris Dunn","2018-19"
2019-02-22,"Bulls","• Kris Dunn","","activated from IL","Kris Dunn","2018-19"
2019-02-25,"Bulls","","• Kris Dunn","placed on IL with migraine headache","Kris Dunn","2018-19"
2019-02-27,"Bulls","• Kris Dunn","","activated from IL","Kris Dunn","2018-19"
2019-03-26,"Bulls","","• Kris Dunn","strained back (out for season)","Kris Dunn","2018-19"
2019-04-10,"Bulls","","• Kris Dunn","placed on IL with strained back (out for season)","Kris Dunn","2018-19"
2020-02-02,"Bulls","","• Kris Dunn","placed on IL with sprained MCL in right knee (out for season)","Kris Dunn","2019-20"
2016-01-28,"Knicks","","• Kristaps Porzingis","upper respiratory illness (DTD)","Kristaps Porziņģis","2015-16"
2016-01-29,"Knicks","• Kristaps Porzingis","","returned to lineup","Kristaps Porziņģis","2015-16"
2016-03-05,"Knicks","","• Kristaps Porzingis","bruised lower left leg (DTD)","Kristaps Porziņģis","2015-16"
2016-03-08,"Knicks","• Kristaps Porzingis","","returned to lineup","Kristaps Porziņģis","2015-16"
2016-03-13,"Knicks","","• Kristaps Porzingis","stomach illness/virus (DTD)","Kristaps Porziņģis","2015-16"
2016-03-16,"Knicks","• Kristaps Porzingis","","returned to lineup","Kristaps Porziņģis","2015-16"
2016-03-30,"Knicks","","• Kristaps Porzingis","strained/sore right shoulder (out for season)","Kristaps Porziņģis","2015-16"
2017-11-08,"Knicks","","• Kristaps Porzingis","placed on IL with sprained left ankle","Kristaps Porziņģis","2017-18"
2017-11-11,"Knicks","• Kristaps Porzingis","","activated from IL","Kristaps Porziņģis","2017-18"
2017-11-25,"Knicks","","• Kristaps Porzingis","tightness in lower back (DTD)","Kristaps Porziņģis","2017-18"
2017-11-27,"Knicks","• Kristaps Porzingis","","returned to lineup","Kristaps Porziņģis","2017-18"
2017-11-29,"Knicks","","• Kristaps Porzingis","sore ankle (DTD)","Kristaps Porziņģis","2017-18"
2017-12-03,"Knicks","","• Kristaps Porzingis","placed on IL with sprained right ankle","Kristaps Porziņģis","2017-18"
2017-12-06,"Knicks","• Kristaps Porzingis","","activated from IL","Kristaps Porziņģis","2017-18"
2017-12-16,"Knicks","","• Kristaps Porzingis","placed on IL with sore left knee","Kristaps Porziņģis","2017-18"
2017-12-21,"Knicks","• Kristaps Porzingis","","activated from IL","Kristaps Porziņģis","2017-18"
2018-01-23,"Knicks","","• Kristaps Porzingis","irritation in left knee (DTD)","Kristaps Porziņģis","2017-18"
2018-01-25,"Knicks","• Kristaps Porzingis","","returned to lineup","Kristaps Porziņģis","2017-18"
2018-02-06,"Knicks","","• Kristaps Porzingis","torn ACL in left knee (out for season)","Kristaps Porziņģis","2017-18"
2018-02-08,"Knicks","","• Kristaps Porzingis","placed on IL with torn ACL in left knee (out for season)","Kristaps Porziņģis","2017-18"
2018-02-13,"Knicks","","• Kristaps Porzingis","surgery on left knee to repair torn ACL (out for season)","Kristaps Porziņģis","2017-18"
2019-12-31,"Mavericks","","• Kristaps Porzingis","placed on IL with sore right knee","Kristaps Porziņģis","2019-20"
2020-01-21,"Mavericks","• Kristaps Porzingis","","activated from IL","Kristaps Porziņģis","2019-20"
2020-12-22,"Mavericks","","• Kristaps Porzingis","placed on IL with right knee injury","Kristaps Porziņģis","2020-21"
2021-01-13,"Mavericks","• Kristaps Porzingis","","activated from IL","Kristaps Porziņģis","2020-21"
2021-01-23,"Mavericks","","• Kristaps Porzingis","right knee injury (DTD)","Kristaps Porziņģis","2020-21"
2021-01-24,"Mavericks","• Kristaps Porzingis","","returned to lineup","Kristaps Porziņģis","2020-21"
2021-01-30,"Mavericks","","• Kristaps Porzingis","placed on IL with right knee injury","Kristaps Porziņģis","2020-21"
2021-02-01,"Mavericks","• Kristaps Porzingis","","activated from IL","Kristaps Porziņģis","2020-21"
2021-02-22,"Mavericks","","• Kristaps Porzingis","placed on IL with tightness in lower back / sore lower back","Kristaps Porziņģis","2020-21"
2021-02-27,"Mavericks","• Kristaps Porzingis","","activated from IL","Kristaps Porziņģis","2020-21"
2021-03-11,"Mavericks","","• Kristaps Porzingis","right knee injury (DTD)","Kristaps Porziņģis","2020-21"
2021-03-13,"Mavericks","• Kristaps Porzingis","","returned to lineup","Kristaps Porziņģis","2020-21"
2021-03-27,"Mavericks","","• Kristaps Porzingis","right knee injury (DTD)","Kristaps Porziņģis","2020-21"
2021-03-28,"Mavericks","• Kristaps Porzingis","","returned to lineup","Kristaps Porziņģis","2020-21"
2021-04-03,"Mavericks","","• Kristaps Porzingis","right knee injury (DTD)","Kristaps Porziņģis","2020-21"
2021-04-05,"Mavericks","","• Kristaps Porzingis","sprained right wrist (DTD)","Kristaps Porziņģis","2020-21"
2021-04-07,"Mavericks","• Kristaps Porzingis","","returned to lineup","Kristaps Porziņģis","2020-21"
2021-04-12,"Mavericks","","• Kristaps Porzingis","placed on IL with right knee injury","Kristaps Porziņģis","2020-21"
2021-04-13,"Mavericks","• Kristaps Porzingis","","activated from IL","Kristaps Porziņģis","2020-21"
2021-04-24,"Mavericks","","• Kristaps Porzingis","sprained left ankle (DTD)","Kristaps Porziņģis","2020-21"
2021-04-29,"Mavericks","• Kristaps Porzingis","","returned to lineup","Kristaps Porziņģis","2020-21"
2021-10-28,"Mavericks","","• Kristaps Porzingis","placed on IL with tightness in lower back","Kristaps Porziņģis","2021-22"
2021-11-06,"Mavericks","• Kristaps Porzingis","","activated from IL","Kristaps Porziņģis","2021-22"
2021-12-03,"Mavericks","","• Kristaps Porzingis","placed on IL with bruised left knee","Kristaps Porziņģis","2021-22"
2021-12-07,"Mavericks","• Kristaps Porzingis","","activated from IL","Kristaps Porziņģis","2021-22"
2021-12-21,"Mavericks","","• Kristaps Porzingis","placed on IL with toe injury","Kristaps Porziņģis","2021-22"
2021-12-25,"Mavericks","• Kristaps Porzingis","","activated from IL","Kristaps Porziņģis","2021-22"
2022-01-03,"Mavericks","","• Kristaps Porzingis","placed on IL with NBA health and safety protocols","Kristaps Porziņģis","2021-22"
2022-01-15,"Mavericks","• Kristaps Porzingis","","activated from IL","Kristaps Porziņģis","2021-22"
2022-01-30,"Mavericks","","• Kristaps Porzingis","placed on IL with sore right knee","Kristaps Porziņģis","2021-22"
2022-03-05,"Wizards","• Kristaps Porzingis","","activated from IL","Kristaps Porziņģis","2021-22"
2022-03-12,"Wizards","","• Kristaps Porzingis","placed on IL with right knee injury","Kristaps Porziņģis","2021-22"
2022-03-14,"Wizards","• Kristaps Porzingis","","activated from IL","Kristaps Porziņģis","2021-22"
2022-04-08,"Wizards","","• Kristaps Porzingis","placed on IL with right knee injury (out for season)","Kristaps Porziņģis","2021-22"
2018-12-15,"Grizzlies","","• Kyle Anderson","placed on IL with sprained left ankle","Kyle Anderson","2018-19"
2018-12-17,"Grizzlies","• Kyle Anderson","","activated from IL","Kyle Anderson","2018-19"
2019-01-13,"Grizzlies","","• Kyle Anderson","sprained left ankle (DTD)","Kyle Anderson","2018-19"
2019-01-14,"Grizzlies","","• Kyle Anderson","placed on IL with sprained left ankle","Kyle Anderson","2018-19"
2019-01-28,"Grizzlies","• Kyle Anderson","","activated from IL","Kyle Anderson","2018-19"
2019-02-01,"Grizzlies","","• Kyle Anderson","sore right shoulder (out for season)","Kyle Anderson","2018-19"
2019-02-09,"Grizzlies","","• Kyle Anderson","placed on IL with sore right shoulder (out for season)","Kyle Anderson","2018-19"
2019-11-27,"Grizzlies","","• Kyle Anderson","right heel injury (DTD)","Kyle Anderson","2019-20"
2019-11-29,"Grizzlies","• Kyle Anderson","","returned to lineup","Kyle Anderson","2019-20"
2019-11-30,"Grizzlies","","• Kyle Anderson","right heel injury (DTD)","Kyle Anderson","2019-20"
2019-12-01,"Grizzlies","","• Kyle Anderson","placed on IL with right heel injury","Kyle Anderson","2019-20"
2019-12-11,"Grizzlies","• Kyle Anderson","","activated from IL","Kyle Anderson","2019-20"
2021-03-02,"Grizzlies","","• Kyle Anderson","placed on IL with illness","Kyle Anderson","2020-21"
2021-03-03,"Grizzlies","• Kyle Anderson","","activated from IL","Kyle Anderson","2020-21"
2013-11-27,"Hawks","","• Kyle Korver","bruised ribs (DNP)","Kyle Korver","2013-14"
2013-11-29,"Hawks","","• Kyle Korver","placed on IL with bruised ribs","Kyle Korver","2013-14"
2013-12-04,"Hawks","• Kyle Korver","","activated from IL","Kyle Korver","2013-14"
2014-03-21,"Hawks","","• Kyle Korver","back spasms (DNP)","Kyle Korver","2013-14"
2014-03-23,"Hawks","","• Kyle Korver","back spasms (DNP)","Kyle Korver","2013-14"
2014-03-24,"Hawks","","• Kyle Korver","back spasms (DNP)","Kyle Korver","2013-14"
2014-03-26,"Hawks","","• Kyle Korver","back spasms (DNP)","Kyle Korver","2013-14"
2014-03-27,"Hawks","","• Kyle Korver","back spasms (DNP)","Kyle Korver","2013-14"
2014-03-29,"Hawks","","• Kyle Korver","back spasms (DNP)","Kyle Korver","2013-14"
2015-01-14,"Hawks","","• Kyle Korver","placed on IL for rest","Kyle Korver","2014-15"
2015-01-16,"Hawks","• Kyle Korver","","activated from IL","Kyle Korver","2014-15"
2015-03-07,"Hawks","","• Kyle Korver","placed on IL","Kyle Korver","2014-15"
2015-03-09,"Hawks","• Kyle Korver","","activated from IL","Kyle Korver","2014-15"
2015-03-16,"Hawks","","• Kyle Korver","fractured nose (DTD)","Kyle Korver","2014-15"
2015-03-16,"Hawks","","• Kyle Korver","placed on IL with fractured nose","Kyle Korver","2014-15"
2015-03-22,"Hawks","• Kyle Korver","","activated from IL","Kyle Korver","2014-15"
2015-03-28,"Hawks","","• Kyle Korver","rest (DTD)","Kyle Korver","2014-15"
2015-03-30,"Hawks","• Kyle Korver","","returned to lineup","Kyle Korver","2014-15"
2015-04-12,"Hawks","","• Kyle Korver","rest (DTD)","Kyle Korver","2014-15"
2015-04-13,"Hawks","• Kyle Korver","","returned to lineup","Kyle Korver","2014-15"
2015-10-30,"Hawks","","• Kyle Korver","placed on IL","Kyle Korver","2015-16"
2015-11-01,"Hawks","• Kyle Korver","","activated from IL","Kyle Korver","2015-16"
2015-11-04,"Hawks","","• Kyle Korver","placed on IL","Kyle Korver","2015-16"
2015-11-06,"Hawks","• Kyle Korver","","activated from IL","Kyle Korver","2015-16"
2018-03-17,"Cavaliers","","• Kyle Korver","personal reasons (death of brother) (DTD)","Kyle Korver","2017-18"
2018-03-19,"Cavaliers","• Kyle Korver","","returned to lineup","Kyle Korver","2017-18"
2018-03-20,"Cavaliers","","• Kyle Korver","personal reasons (death of brother) (DTD)","Kyle Korver","2017-18"
2018-03-21,"Cavaliers","","• Kyle Korver","placed on IL for personal reasons (death of brother)","Kyle Korver","2017-18"
2018-04-01,"Cavaliers","• Kyle Korver","","activated from IL","Kyle Korver","2017-18"
2018-04-01,"Cavaliers","","• Kyle Korver","sore right foot (DTD)","Kyle Korver","2017-18"
2018-04-03,"Cavaliers","• Kyle Korver","","returned to lineup","Kyle Korver","2017-18"
2018-04-03,"Cavaliers","• Kyle Korver","","activated from IL","Kyle Korver","2017-18"
2018-04-11,"Cavaliers","","• Kyle Korver","placed on IL for rest","Kyle Korver","2017-18"
2018-04-15,"Cavaliers","• Kyle Korver","","activated from IL","Kyle Korver","2017-18"
2017-11-29,"Lakers","","• Kyle Kuzma","placed on IL with back spasms","Kyle Kuzma","2017-18"
2017-12-02,"Lakers","• Kyle Kuzma","","activated from IL","Kyle Kuzma","2017-18"
2018-03-14,"Lakers","","• Kyle Kuzma","sprained right ankle (DTD)","Kyle Kuzma","2017-18"
2018-03-16,"Lakers","• Kyle Kuzma","","returned to lineup","Kyle Kuzma","2017-18"
2018-04-08,"Lakers","","• Kyle Kuzma","placed on IL with sprained left ankle (out for season)","Kyle Kuzma","2017-18"
2019-01-04,"Lakers","","• Kyle Kuzma","bruised lower back (DTD)","Kyle Kuzma","2018-19"
2019-01-07,"Lakers","• Kyle Kuzma","","returned to lineup","Kyle Kuzma","2018-19"
2019-01-27,"Lakers","","• Kyle Kuzma","strained left hip (DTD)","Kyle Kuzma","2018-19"
2019-01-31,"Lakers","• Kyle Kuzma","","returned to lineup","Kyle Kuzma","2018-19"
2019-03-05,"Lakers","","• Kyle Kuzma","sprained right ankle (DTD)","Kyle Kuzma","2018-19"
2019-03-06,"Lakers","","• Kyle Kuzma","placed on IL with sprained right ankle","Kyle Kuzma","2018-19"
2019-03-12,"Lakers","• Kyle Kuzma","","activated from IL","Kyle Kuzma","2018-19"
2019-03-31,"Lakers","","• Kyle Kuzma","left foot injury (out for season)","Kyle Kuzma","2018-19"
2019-04-04,"Lakers","","• Kyle Kuzma","placed on IL with left foot injury (out for season)","Kyle Kuzma","2018-19"
2021-12-11,"Wizards","","• Kyle Kuzma","placed on IL with NBA health and safety protocols","Kyle Kuzma","2021-22"
2021-12-15,"Wizards","• Kyle Kuzma","","activated from IL","Kyle Kuzma","2021-22"
2022-01-21,"Wizards","","• Kyle Kuzma","placed on IL with neck spasms","Kyle Kuzma","2021-22"
2022-01-22,"Wizards","• Kyle Kuzma","","activated from IL","Kyle Kuzma","2021-22"
2022-03-19,"Wizards","","• Kyle Kuzma","right knee tendinitis (out for season)","Kyle Kuzma","2021-22"
2022-03-21,"Wizards","","• Kyle Kuzma","placed on IL with right knee tendinitis (out for season)","Kyle Kuzma","2021-22"
2022-11-27,"Wizards","","• Kyle Kuzma","placed on IL with sore lower back","Kyle Kuzma","2022-23"
2022-11-28,"Wizards","• Kyle Kuzma","","activated from IL","Kyle Kuzma","2022-23"
2023-02-05,"Wizards","","• Kyle Kuzma","placed on IL with sprained left ankle","Kyle Kuzma","2022-23"
2023-02-14,"Wizards","• Kyle Kuzma","","activated from IL","Kyle Kuzma","2022-23"
2023-03-05,"Wizards","","• Kyle Kuzma","placed on IL with knee injury","Kyle Kuzma","2022-23"
2023-03-07,"Wizards","• Kyle Kuzma","","activated from IL","Kyle Kuzma","2022-23"
2023-03-14,"Wizards","","• Kyle Kuzma","placed on IL with sore right knee","Kyle Kuzma","2022-23"
2023-03-16,"Wizards","• Kyle Kuzma","","activated from IL","Kyle Kuzma","2022-23"
2023-03-20,"Wizards","","• Kyle Kuzma","placed on IL with sprained right ankle (out for season)","Kyle Kuzma","2022-23"
2014-04-02,"Raptors","","• Kyle Lowry","placed on IL with sore left knee","Kyle Lowry","2013-14"
2014-04-09,"Raptors","• Kyle Lowry","","activated from IL","Kyle Lowry","2013-14"
2015-02-28,"Raptors","","• Kyle Lowry","placed on IL for rest","Kyle Lowry","2014-15"
2015-03-02,"Raptors","","• Kyle Lowry","various injuries (DTD)","Kyle Lowry","2014-15"
2015-03-06,"Raptors","• Kyle Lowry","","returned to lineup","Kyle Lowry","2014-15"
2015-03-06,"Raptors","• Kyle Lowry","","activated from IL","Kyle Lowry","2014-15"
2015-03-22,"Raptors","","• Kyle Lowry","placed on IL with back injury / rest (DTD)","Kyle Lowry","2014-15"
2015-03-24,"Raptors","• Kyle Lowry","","activated from IL","Kyle Lowry","2014-15"
2015-03-25,"Raptors","","• Kyle Lowry","placed on IL with back spasms","Kyle Lowry","2014-15"
2015-04-10,"Raptors","• Kyle Lowry","","activated from IL","Kyle Lowry","2014-15"
2016-02-28,"Raptors","","• Kyle Lowry","rest (DTD)","Kyle Lowry","2015-16"
2016-03-02,"Raptors","• Kyle Lowry","","returned to lineup","Kyle Lowry","2015-16"
2016-03-23,"Raptors","","• Kyle Lowry","sore right elbow (DTD)","Kyle Lowry","2015-16"
2016-03-25,"Raptors","• Kyle Lowry","","returned to lineup","Kyle Lowry","2015-16"
2016-04-02,"Raptors","","• Kyle Lowry","placed on IL","Kyle Lowry","2015-16"
2016-04-05,"Raptors","• Kyle Lowry","","activated from IL","Kyle Lowry","2015-16"
2016-04-08,"Raptors","","• Kyle Lowry","rest (DTD)","Kyle Lowry","2015-16"
2016-04-10,"Raptors","• Kyle Lowry","","returned to lineup","Kyle Lowry","2015-16"
2016-04-13,"Raptors","","• Kyle Lowry","rest (DTD)","Kyle Lowry","2015-16"
2016-04-16,"Raptors","• Kyle Lowry","","returned to lineup","Kyle Lowry","2015-16"
2017-02-24,"Raptors","","• Kyle Lowry","placed on IL with sore right wrist","Kyle Lowry","2016-17"
2017-02-27,"Raptors","","• Kyle Lowry","surgery on right wrist to remove loose bodies (out indefinitely) (date approximate)","Kyle Lowry","2016-17"
2017-04-05,"Raptors","• Kyle Lowry","","activated from IL","Kyle Lowry","2016-17"
2018-01-09,"Raptors","","• Kyle Lowry","placed on IL with bruised tailbone","Kyle Lowry","2017-18"
2018-01-15,"Raptors","• Kyle Lowry","","activated from IL","Kyle Lowry","2017-18"
2018-03-16,"Raptors","","• Kyle Lowry","placed on IL for rest","Kyle Lowry","2017-18"
2018-03-18,"Raptors","• Kyle Lowry","","activated from IL","Kyle Lowry","2017-18"
2018-12-01,"Raptors","","• Kyle Lowry","sore back (DTD)","Kyle Lowry","2018-19"
2018-12-03,"Raptors","• Kyle Lowry","","returned to lineup","Kyle Lowry","2018-19"
2018-12-14,"Raptors","","• Kyle Lowry","left thigh injury (DTD)","Kyle Lowry","2018-19"
2018-12-16,"Raptors","","• Kyle Lowry","placed on IL with left thigh injury","Kyle Lowry","2018-19"
2018-12-22,"Raptors","• Kyle Lowry","","activated from IL","Kyle Lowry","2018-19"
2018-12-26,"Raptors","","• Kyle Lowry","placed on IL with sore lower back","Kyle Lowry","2018-19"
2019-01-03,"Raptors","• Kyle Lowry","","activated from IL","Kyle Lowry","2018-19"
2019-01-06,"Raptors","• Kyle Lowry","","returned to lineup","Kyle Lowry","2018-19"
2019-02-03,"Raptors","","• Kyle Lowry","placed on IL with sore lower back","Kyle Lowry","2018-19"
2019-02-05,"Raptors","• Kyle Lowry","","activated from IL","Kyle Lowry","2018-19"
2019-03-14,"Raptors","","• Kyle Lowry","placed on IL with sprained left ankle","Kyle Lowry","2018-19"
2019-03-18,"Raptors","• Kyle Lowry","","activated from IL","Kyle Lowry","2018-19"
2019-03-20,"Raptors","","• Kyle Lowry","placed on IL with sprained right ankle","Kyle Lowry","2018-19"
2019-03-24,"Raptors","• Kyle Lowry","","activated from IL","Kyle Lowry","2018-19"
2019-11-09,"Raptors","","• Kyle Lowry","fractured left thumb (out indefinitely)","Kyle Lowry","2019-20"
2019-11-10,"Raptors","","• Kyle Lowry","placed on IL with fractured left thumb","Kyle Lowry","2019-20"
2019-12-03,"Raptors","• Kyle Lowry","","activated from IL","Kyle Lowry","2019-20"
2020-02-08,"Raptors","","• Kyle Lowry","placed on IL with neck injury","Kyle Lowry","2019-20"
2020-02-10,"Raptors","• Kyle Lowry","","activated from IL","Kyle Lowry","2019-20"
2021-01-08,"Raptors","","• Kyle Lowry","placed on IR for personal reasons","Kyle Lowry","2020-21"
2021-01-10,"Raptors","• Kyle Lowry","","activated from IL","Kyle Lowry","2020-21"
2021-01-22,"Raptors","","• Kyle Lowry","placed on IL with toe injury","Kyle Lowry","2020-21"
2021-01-25,"Raptors","• Kyle Lowry","","activated from IL","Kyle Lowry","2020-21"
2021-02-18,"Raptors","","• Kyle Lowry","placed on IL with sprained left thumb / sore left ankle","Kyle Lowry","2020-21"
2021-02-24,"Raptors","• Kyle Lowry","","activated from IL","Kyle Lowry","2020-21"
2021-03-28,"Raptors","","• Kyle Lowry","placed on IL with sore right foot","Kyle Lowry","2020-21"
2021-03-29,"Raptors","• Kyle Lowry","","activated from IL","Kyle Lowry","2020-21"
2021-03-31,"Raptors","","• Kyle Lowry","right foot injury (DTD)","Kyle Lowry","2020-21"
2021-04-02,"Raptors","","• Kyle Lowry","placed on IL with right foot injury","Kyle Lowry","2020-21"
2021-04-11,"Raptors","• Kyle Lowry","","activated from IL","Kyle Lowry","2020-21"
2021-10-23,"Heat","","• Kyle Lowry","sprained left ankle (DTD)","Kyle Lowry","2021-22"
2021-10-25,"Heat","• Kyle Lowry","","returned to lineup","Kyle Lowry","2021-22"
2021-12-25,"Heat","","• Kyle Lowry","placed on IL with NBA health and safety protocols","Kyle Lowry","2021-22"
2021-12-31,"Heat","• Kyle Lowry","","activated from IL","Kyle Lowry","2021-22"
2022-01-16,"Heat","","• Kyle Lowry","placed on IL for personal reasons","Kyle Lowry","2021-22"
2022-02-03,"Heat","• Kyle Lowry","","activated from IL","Kyle Lowry","2021-22"
2022-02-27,"Heat","","• Kyle Lowry","placed on IL for personal reasons","Kyle Lowry","2021-22"
2022-03-07,"Heat","• Kyle Lowry","","activated from IL","Kyle Lowry","2021-22"
2022-04-04,"Heat","","• Kyle Lowry","placed on IL with soreness","Kyle Lowry","2021-22"
2022-04-08,"Heat","• Kyle Lowry","","activated from IL","Kyle Lowry","2021-22"
2022-04-24,"Heat","","• Kyle Lowry","placed on IL with strained left hamstring","Kyle Lowry","2021-22"
2014-01-02,"Cavaliers","","• Kyrie Irving","bruised left knee (DTD)","Kyrie Irving","2013-14"
2014-01-02,"Cavaliers","","• Kyrie Irving","placed on IL with bruised left knee","Kyrie Irving","2013-14"
2014-01-07,"Cavaliers","• Kyrie Irving","","activated from IL","Kyrie Irving","2013-14"
2014-03-17,"Cavaliers","","• Kyrie Irving","strained left bicep (out indefinitely)","Kyrie Irving","2013-14"
2014-03-18,"Cavaliers","","• Kyrie Irving","placed on IL with strained left bicep","Kyrie Irving","2013-14"
2014-04-02,"Cavaliers","• Kyrie Irving","","activated from IL","Kyrie Irving","2013-14"
2014-12-26,"Cavaliers","","• Kyrie Irving","placed on IL with bruised left knee","Kyrie Irving","2014-15"
2014-12-30,"Cavaliers","• Kyrie Irving","","activated from IL","Kyrie Irving","2014-15"
2015-01-05,"Cavaliers","","• Kyrie Irving","tightness in lower back (DTD)","Kyrie Irving","2014-15"
2015-01-07,"Cavaliers","• Kyrie Irving","","returned to lineup","Kyrie Irving","2014-15"
2015-02-27,"Cavaliers","","• Kyrie Irving","strained left shoulder (DTD)","Kyrie Irving","2014-15"
2015-03-03,"Cavaliers","• Kyrie Irving","","returned to lineup","Kyrie Irving","2014-15"
2015-04-10,"Cavaliers","","• Kyrie Irving","sore right hip / rest (DTD)","Kyrie Irving","2014-15"
2015-04-13,"Cavaliers","• Kyrie Irving","","returned to lineup","Kyrie Irving","2014-15"
2015-10-27,"Cavaliers","","• Kyrie Irving","placed on IL recovering from surgery on left knee to repair fractured kneecap","Kyrie Irving","2015-16"
2015-12-19,"Cavaliers","• Kyrie Irving","","activated from IL","Kyrie Irving","2015-16"
2015-12-26,"Cavaliers","","• Kyrie Irving","placed on IL for rest","Kyrie Irving","2015-16"
2015-12-28,"Cavaliers","• Kyrie Irving","","activated from IL","Kyrie Irving","2015-16"
2015-12-29,"Cavaliers","","• Kyrie Irving","placed on IL","Kyrie Irving","2015-16"
2016-01-02,"Cavaliers","• Kyrie Irving","","activated from IL","Kyrie Irving","2015-16"
2016-03-26,"Cavaliers","","• Kyrie Irving","placed on IL for rest","Kyrie Irving","2015-16"
2016-03-29,"Cavaliers","• Kyrie Irving","","activated from IL","Kyrie Irving","2015-16"
2016-04-03,"Cavaliers","","• Kyrie Irving","placed on IL with sprained right ankle","Kyrie Irving","2015-16"
2016-04-05,"Cavaliers","• Kyrie Irving","","activated from IL","Kyrie Irving","2015-16"
2016-04-13,"Cavaliers","","• Kyrie Irving","rest (DTD)","Kyrie Irving","2015-16"
2016-12-13,"Cavaliers","","• Kyrie Irving","placed on IL for rest","Kyrie Irving","2016-17"
2016-12-17,"Cavaliers","• Kyrie Irving","","activated from IL","Kyrie Irving","2016-17"
2016-12-31,"Cavaliers","","• Kyrie Irving","tightness in right hamstring (DTD)","Kyrie Irving","2016-17"
2017-01-06,"Cavaliers","• Kyrie Irving","","returned to lineup","Kyrie Irving","2016-17"
2017-02-04,"Cavaliers","","• Kyrie Irving","bruised right quadriceps (DTD)","Kyrie Irving","2016-17"
2017-02-06,"Cavaliers","• Kyrie Irving","","returned to lineup","Kyrie Irving","2016-17"
2017-03-04,"Cavaliers","","• Kyrie Irving","rest (DTD)","Kyrie Irving","2016-17"
2017-03-06,"Cavaliers","• Kyrie Irving","","returned to lineup","Kyrie Irving","2016-17"
2017-03-18,"Cavaliers","","• Kyrie Irving","rest / knee injury (DTD)","Kyrie Irving","2016-17"
2017-03-19,"Cavaliers","• Kyrie Irving","","returned to lineup","Kyrie Irving","2016-17"
2017-04-10,"Cavaliers","","• Kyrie Irving","rest (DTD)","Kyrie Irving","2016-17"
2017-04-15,"Cavaliers","• Kyrie Irving","","returned to lineup","Kyrie Irving","2016-17"
2017-11-12,"Celtics","","• Kyrie Irving","placed on IL with minor facial fracture","Kyrie Irving","2017-18"
2017-11-14,"Celtics","• Kyrie Irving","","activated from IL","Kyrie Irving","2017-18"
2017-12-11,"Celtics","","• Kyrie Irving","placed on IL with bruised quadriceps","Kyrie Irving","2017-18"
2017-12-13,"Celtics","• Kyrie Irving","","activated from IL","Kyrie Irving","2017-18"
2018-01-18,"Celtics","","• Kyrie Irving","placed on IL with sore left shoulder","Kyrie Irving","2017-18"
2018-01-21,"Celtics","• Kyrie Irving","","activated from IL","Kyrie Irving","2017-18"
2018-01-31,"Celtics","","• Kyrie Irving","placed on IL with bruised right quadriceps","Kyrie Irving","2017-18"
2018-02-06,"Celtics","• Kyrie Irving","","activated from IL","Kyrie Irving","2017-18"
2018-03-05,"Celtics","","• Kyrie Irving","placed on IL with sore left knee","Kyrie Irving","2017-18"
2018-03-08,"Celtics","• Kyrie Irving","","activated from IL","Kyrie Irving","2017-18"
2018-03-14,"Celtics","","• Kyrie Irving","sore left knee (DTD)","Kyrie Irving","2017-18"
2018-03-16,"Celtics","","• Kyrie Irving","placed on IL with sore left knee","Kyrie Irving","2017-18"
2018-03-23,"Celtics","","• Kyrie Irving","surgery on left knee (out for season)","Kyrie Irving","2017-18"
2018-04-05,"Celtics","","• Kyrie Irving","surgery on left knee to remove 2 screws (out for season) (date approximate)","Kyrie Irving","2017-18"
2018-11-09,"Celtics","","• Kyrie Irving","personal reasons (DTD)","Kyrie Irving","2018-19"
2018-11-11,"Celtics","• Kyrie Irving","","returned to lineup","Kyrie Irving","2018-19"
2018-12-10,"Celtics","","• Kyrie Irving","placed on IL with sore right shoulder","Kyrie Irving","2018-19"
2018-12-12,"Celtics","• Kyrie Irving","","activated from IL","Kyrie Irving","2018-19"
2019-01-02,"Celtics","","• Kyrie Irving","placed on IL with right eye injury","Kyrie Irving","2018-19"
2019-01-07,"Celtics","• Kyrie Irving","","activated from IL","Kyrie Irving","2018-19"
2019-01-14,"Celtics","","• Kyrie Irving","placed on IL with bruised right quadriceps","Kyrie Irving","2018-19"
2019-01-16,"Celtics","• Kyrie Irving","","activated from IL","Kyrie Irving","2018-19"
2019-01-23,"Celtics","","• Kyrie Irving","placed on IL with flu","Kyrie Irving","2018-19"
2019-01-26,"Celtics","• Kyrie Irving","","activated from IL","Kyrie Irving","2018-19"
2019-01-28,"Celtics","","• Kyrie Irving","placed on IL with strained left hip","Kyrie Irving","2018-19"
2019-02-01,"Celtics","• Kyrie Irving","","activated from IL","Kyrie Irving","2018-19"
2019-02-05,"Celtics","","• Kyrie Irving","placed on IL with strained left hip","Kyrie Irving","2018-19"
2019-02-07,"Celtics","• Kyrie Irving","","activated from IL","Kyrie Irving","2018-19"
2019-02-12,"Celtics","","• Kyrie Irving","placed on IL with strained right knee","Kyrie Irving","2018-19"
2019-02-21,"Celtics","• Kyrie Irving","","activated from IL","Kyrie Irving","2018-19"
2019-03-06,"Celtics","","• Kyrie Irving","placed on IL with left thigh injury","Kyrie Irving","2018-19"
2019-03-09,"Celtics","• Kyrie Irving","","activated from IL","Kyrie Irving","2018-19"
2019-03-30,"Celtics","","• Kyrie Irving","placed on IL with sore lower back","Kyrie Irving","2018-19"
2019-04-01,"Celtics","• Kyrie Irving","","activated from IL","Kyrie Irving","2018-19"
2019-04-08,"Celtics","","• Kyrie Irving","bruised right knee (DTD)","Kyrie Irving","2018-19"
2019-04-09,"Celtics","","• Kyrie Irving","placed on IL with bruised right knee","Kyrie Irving","2018-19"
2019-04-13,"Celtics","• Kyrie Irving","","activated from IL","Kyrie Irving","2018-19"
2020-12-28,"Nets","","• Kyrie Irving","placed on IL","Kyrie Irving","2020-21"
2020-12-30,"Nets","• Kyrie Irving","","activated from IL","Kyrie Irving","2020-21"
2021-01-07,"Nets","","• Kyrie Irving","placed on IL for personal reasons","Kyrie Irving","2020-21"
2021-01-20,"Nets","• Kyrie Irving","","activated from IL","Kyrie Irving","2020-21"
2021-02-06,"Nets","","• Kyrie Irving","placed on IL with right index finger injury","Kyrie Irving","2020-21"
2021-02-09,"Nets","• Kyrie Irving","","activated from IL","Kyrie Irving","2020-21"
2021-02-16,"Nets","","• Kyrie Irving","placed on IL with tightness in lower back","Kyrie Irving","2020-21"
2021-02-17,"Nets","• Kyrie Irving","","activated from IL","Kyrie Irving","2020-21"
2021-02-27,"Nets","","• Kyrie Irving","placed on IL with right shoulder injury","Kyrie Irving","2020-21"
2021-03-01,"Nets","• Kyrie Irving","","activated from IL","Kyrie Irving","2020-21"
2021-03-17,"Nets","","• Kyrie Irving","right groin injury (DTD)","Kyrie Irving","2020-21"
2021-03-19,"Nets","• Kyrie Irving","","returned to lineup","Kyrie Irving","2020-21"
2021-03-22,"Nets","","• Kyrie Irving","placed on IL for personal reasons","Kyrie Irving","2020-21"
2021-03-28,"Nets","• Kyrie Irving","","activated from IL","Kyrie Irving","2020-21"
2021-04-11,"Nets","","• Kyrie Irving","placed on IL for personal reasons","Kyrie Irving","2020-21"
2021-04-14,"Nets","• Kyrie Irving","","activated from IL","Kyrie Irving","2020-21"
2021-04-29,"Nets","","• Kyrie Irving","placed on IL with right groin injury","Kyrie Irving","2020-21"
2021-04-30,"Nets","• Kyrie Irving","","activated from IL","Kyrie Irving","2020-21"
2021-10-18,"Nets","","• Kyrie Irving","placed on IL","Kyrie Irving","2021-22"
2021-12-18,"Nets","","• Kyrie Irving","placed on IL with NBA health and safety protocols","Kyrie Irving","2021-22"
2022-01-05,"Nets","• Kyrie Irving","","activated from IL","Kyrie Irving","2021-22"
2022-01-25,"Nets","","• Kyrie Irving","placed on IL ineligible","Kyrie Irving","2021-22"
2022-01-29,"Nets","• Kyrie Irving","","activated from IL","Kyrie Irving","2021-22"
2022-02-07,"Nets","","• Kyrie Irving","placed on IL ineligible","Kyrie Irving","2021-22"
2022-02-10,"Nets","• Kyrie Irving","","activated from IL","Kyrie Irving","2021-22"
2022-02-14,"Nets","","• Kyrie Irving","placed on IL ineligible","Kyrie Irving","2021-22"
2022-02-26,"Nets","• Kyrie Irving","","activated from IL","Kyrie Irving","2021-22"
2022-02-28,"Nets","","• Kyrie Irving","placed on IL ineligible","Kyrie Irving","2021-22"
2022-03-13,"Nets","","• Kyrie Irving","placed on IL ineligible","Kyrie Irving","2021-22"
2022-03-15,"Nets","• Kyrie Irving","","activated from IL","Kyrie Irving","2021-22"
2022-03-16,"Nets","","• Kyrie Irving","placed on IL ineligible","Kyrie Irving","2021-22"
2022-03-22,"Nets","• Kyrie Irving","","activated from IL","Kyrie Irving","2021-22"
2022-04-19,"Nets","","• Kyrie Irving","sore right knee (DTD)","Kyrie Irving","2021-22"
2022-12-21,"Nets","","• Kyrie Irving","right calf injury (DTD)","Kyrie Irving","2022-23"
2022-12-23,"Nets","• Kyrie Irving","","returned to lineup","Kyrie Irving","2022-23"
2023-01-17,"Nets","","• Kyrie Irving","placed on IL with right calf injury","Kyrie Irving","2022-23"
2023-01-19,"Nets","• Kyrie Irving","","activated from IL","Kyrie Irving","2022-23"
2023-02-15,"Mavericks","","• Kyrie Irving","placed on IL with tightness in lower back","Kyrie Irving","2022-23"
2023-02-22,"Mavericks","• Kyrie Irving","","activated from IL","Kyrie Irving","2022-23"
2023-03-11,"Mavericks","","• Kyrie Irving","placed on IL with sore right foot","Kyrie Irving","2022-23"
2023-03-17,"Mavericks","• Kyrie Irving","","activated from IL","Kyrie Irving","2022-23"
2023-03-22,"Mavericks","","• Kyrie Irving","placed on IL with sore right foot","Kyrie Irving","2022-23"
2023-03-24,"Mavericks","• Kyrie Irving","","activated from IL","Kyrie Irving","2022-23"
2023-04-07,"Mavericks","","• Kyrie Irving","placed on IL with right foot injury (out for season)","Kyrie Irving","2022-23"
2014-02-19,"Blazers","","• LaMarcus Aldridge","strained left groin (DNP)","LaMarcus Aldridge","2013-14"
2014-02-21,"Blazers","","• LaMarcus Aldridge","strained left groin (DNP)","LaMarcus Aldridge","2013-14"
2014-02-23,"Blazers","","• LaMarcus Aldridge","strained left groin (DNP)","LaMarcus Aldridge","2013-14"
2014-02-25,"Blazers","","• LaMarcus Aldridge","strained left groin (DNP)","LaMarcus Aldridge","2013-14"
2014-02-26,"Blazers","","• LaMarcus Aldridge","strained left groin (DNP)","LaMarcus Aldridge","2013-14"
2014-03-13,"Blazers","","• LaMarcus Aldridge","bruised lower back (DTD)","LaMarcus Aldridge","2013-14"
2014-03-14,"Blazers","","• LaMarcus Aldridge","bruised lower back (DNP)","LaMarcus Aldridge","2013-14"
2014-03-16,"Blazers","","• LaMarcus Aldridge","placed on IL with bruised lower back","LaMarcus Aldridge","2013-14"
2014-03-27,"Blazers","• LaMarcus Aldridge","","activated from IL","LaMarcus Aldridge","2013-14"
2014-04-16,"Blazers","","• LaMarcus Aldridge","placed on IL (out for season)","LaMarcus Aldridge","2013-14"
2014-11-15,"Blazers","","• LaMarcus Aldridge","placed on IL with upper respiratory infection","LaMarcus Aldridge","2014-15"
2014-11-17,"Blazers","• LaMarcus Aldridge","","activated from IL","LaMarcus Aldridge","2014-15"
2014-12-22,"Blazers","","• LaMarcus Aldridge","placed on IL with upper respiratory illness","LaMarcus Aldridge","2014-15"
2014-12-23,"Blazers","• LaMarcus Aldridge","","activated from IL","LaMarcus Aldridge","2014-15"
2014-12-26,"Blazers","","• LaMarcus Aldridge","placed on IL with upper respiratory infection","LaMarcus Aldridge","2014-15"
2014-12-30,"Blazers","• LaMarcus Aldridge","","activated from IL","LaMarcus Aldridge","2014-15"
2015-01-21,"Blazers","","• LaMarcus Aldridge","left thumb injury (DTD)","LaMarcus Aldridge","2014-15"
2015-01-24,"Blazers","• LaMarcus Aldridge","","returned to lineup","LaMarcus Aldridge","2014-15"
2015-02-22,"Blazers","","• LaMarcus Aldridge","sprained right thumb (DTD)","LaMarcus Aldridge","2014-15"
2015-02-25,"Blazers","• LaMarcus Aldridge","","returned to lineup","LaMarcus Aldridge","2014-15"
2015-03-24,"Blazers","","• LaMarcus Aldridge","left finger injury (DTD)","LaMarcus Aldridge","2014-15"
2015-03-25,"Blazers","• LaMarcus Aldridge","","returned to lineup","LaMarcus Aldridge","2014-15"
2015-04-06,"Blazers","","• LaMarcus Aldridge","sprained left thumb (DTD)","LaMarcus Aldridge","2014-15"
2015-04-08,"Blazers","• LaMarcus Aldridge","","returned to lineup","LaMarcus Aldridge","2014-15"
2015-04-10,"Blazers","","• LaMarcus Aldridge","sprained left foot (DTD)","LaMarcus Aldridge","2014-15"
2015-04-15,"Blazers","• LaMarcus Aldridge","","returned to lineup","LaMarcus Aldridge","2014-15"
2015-11-21,"Spurs","","• LaMarcus Aldridge","placed on IL with sprained left ankle","LaMarcus Aldridge","2015-16"
2015-11-25,"Spurs","• LaMarcus Aldridge","","activated from IL","LaMarcus Aldridge","2015-16"
2016-01-06,"Spurs","","• LaMarcus Aldridge","placed on IL for rest","LaMarcus Aldridge","2015-16"
2016-01-08,"Spurs","• LaMarcus Aldridge","","activated from IL","LaMarcus Aldridge","2015-16"
2016-01-22,"Spurs","","• LaMarcus Aldridge","placed on IL with back spasms","LaMarcus Aldridge","2015-16"
2016-01-25,"Spurs","• LaMarcus Aldridge","","activated from IL","LaMarcus Aldridge","2015-16"
2016-03-05,"Spurs","","• LaMarcus Aldridge","placed on IL with migraine headache","LaMarcus Aldridge","2015-16"
2016-03-07,"Spurs","• LaMarcus Aldridge","","activated from IL","LaMarcus Aldridge","2015-16"
2016-03-26,"Spurs","","• LaMarcus Aldridge","rest (DTD)","LaMarcus Aldridge","2015-16"
2016-03-28,"Spurs","• LaMarcus Aldridge","","returned to lineup","LaMarcus Aldridge","2015-16"
2016-04-08,"Spurs","","• LaMarcus Aldridge","rest (DTD)","LaMarcus Aldridge","2015-16"
2016-04-10,"Spurs","• LaMarcus Aldridge","","returned to lineup","LaMarcus Aldridge","2015-16"
2016-04-13,"Spurs","","• LaMarcus Aldridge","rest (DTD)","LaMarcus Aldridge","2015-16"
2016-04-17,"Spurs","• LaMarcus Aldridge","","returned to lineup","LaMarcus Aldridge","2015-16"
2016-10-30,"Spurs","","• LaMarcus Aldridge","placed on IL with knee injury / rest","LaMarcus Aldridge","2016-17"
2016-11-01,"Spurs","• LaMarcus Aldridge","","activated from IL","LaMarcus Aldridge","2016-17"
2016-11-21,"Spurs","","• LaMarcus Aldridge","rest (DTD)","LaMarcus Aldridge","2016-17"
2016-12-14,"Spurs","","• LaMarcus Aldridge","placed on IL for rest","LaMarcus Aldridge","2016-17"
2016-12-18,"Spurs","• LaMarcus Aldridge","","activated from IL","LaMarcus Aldridge","2016-17"
2017-01-10,"Spurs","","• LaMarcus Aldridge","gastroenteritis (DTD)","LaMarcus Aldridge","2016-17"
2017-01-12,"Spurs","• LaMarcus Aldridge","","returned to lineup","LaMarcus Aldridge","2016-17"
2017-02-02,"Spurs","","• LaMarcus Aldridge","placed on IL with sore right knee","LaMarcus Aldridge","2016-17"
2017-02-04,"Spurs","• LaMarcus Aldridge","","activated from IL","LaMarcus Aldridge","2016-17"
2017-03-08,"Spurs","","• LaMarcus Aldridge","placed on IL for rest","LaMarcus Aldridge","2016-17"
2017-03-09,"Spurs","• LaMarcus Aldridge","","activated from IL","LaMarcus Aldridge","2016-17"
2017-03-11,"Spurs","","• LaMarcus Aldridge","placed on IL with heart arrhythmia","LaMarcus Aldridge","2016-17"
2017-03-15,"Spurs","• LaMarcus Aldridge","","activated from IL","LaMarcus Aldridge","2016-17"
2017-04-02,"Spurs","","• LaMarcus Aldridge","sprained left/right thumb (DTD)","LaMarcus Aldridge","2016-17"
2017-04-04,"Spurs","• LaMarcus Aldridge","","returned to lineup","LaMarcus Aldridge","2016-17"
2017-04-07,"Spurs","","• LaMarcus Aldridge","rest (DTD)","LaMarcus Aldridge","2016-17"
2017-04-08,"Spurs","• LaMarcus Aldridge","","returned to lineup","LaMarcus Aldridge","2016-17"
2017-12-03,"Spurs","","• LaMarcus Aldridge","rest (DTD)","LaMarcus Aldridge","2017-18"
2017-12-04,"Spurs","• LaMarcus Aldridge","","returned to lineup","LaMarcus Aldridge","2017-18"
2018-01-05,"Spurs","","• LaMarcus Aldridge","rest (DTD)","LaMarcus Aldridge","2017-18"
2018-01-07,"Spurs","• LaMarcus Aldridge","","returned to lineup","LaMarcus Aldridge","2017-18"
2018-01-24,"Spurs","","• LaMarcus Aldridge","rest (DTD)","LaMarcus Aldridge","2017-18"
2018-01-26,"Spurs","• LaMarcus Aldridge","","returned to lineup","LaMarcus Aldridge","2017-18"
2018-02-11,"Spurs","","• LaMarcus Aldridge","sore right knee (DTD)","LaMarcus Aldridge","2017-18"
2018-02-12,"Spurs","","• LaMarcus Aldridge","placed on IL with sore right knee","LaMarcus Aldridge","2017-18"
2018-02-23,"Spurs","• LaMarcus Aldridge","","activated from IL","LaMarcus Aldridge","2017-18"
2018-03-03,"Spurs","","• LaMarcus Aldridge","placed on IL with sprained right ankle","LaMarcus Aldridge","2017-18"
2018-03-05,"Spurs","• LaMarcus Aldridge","","activated from IL","LaMarcus Aldridge","2017-18"
2018-03-11,"Spurs","","• LaMarcus Aldridge","sore right knee (DTD)","LaMarcus Aldridge","2017-18"
2018-03-12,"Spurs","","• LaMarcus Aldridge","placed on IL with sore right knee","LaMarcus Aldridge","2017-18"
2018-03-13,"Spurs","• LaMarcus Aldridge","","activated from IL","LaMarcus Aldridge","2017-18"
2019-11-30,"Spurs","","• LaMarcus Aldridge","right thigh injury (DTD)","LaMarcus Aldridge","2019-20"
2019-12-01,"Spurs","","• LaMarcus Aldridge","placed on IL with right thigh injury","LaMarcus Aldridge","2019-20"
2019-12-03,"Spurs","• LaMarcus Aldridge","","activated from IL","LaMarcus Aldridge","2019-20"
2019-12-06,"Spurs","• LaMarcus Aldridge","","returned to lineup","LaMarcus Aldridge","2019-20"
2020-01-27,"Spurs","","• LaMarcus Aldridge","placed on IL with sprained right thumb","LaMarcus Aldridge","2019-20"
2020-02-01,"Spurs","• LaMarcus Aldridge","","activated from IL","LaMarcus Aldridge","2019-20"
2020-02-26,"Spurs","","• LaMarcus Aldridge","placed on IL with strained right shoulder","LaMarcus Aldridge","2019-20"
2020-03-10,"Spurs","• LaMarcus Aldridge","","activated from IL","LaMarcus Aldridge","2019-20"
2021-12-04,"Hornets","","• LaMelo Ball","placed on IL with NBA health and safety protocols","LaMelo Ball","2021-22"
2021-12-15,"Hornets","• LaMelo Ball","","activated from IL","LaMelo Ball","2021-22"
2022-10-11,"Hornets","","• LaMelo Ball","sprained left ankle (DTD)","LaMelo Ball","2022-23"
2023-01-23,"Hornets","","• LaMelo Ball","placed on IL with ankle, wrist injuries","LaMelo Ball","2022-23"
2023-01-26,"Hornets","• LaMelo Ball","","activated from IL","LaMelo Ball","2022-23"
2023-02-27,"Hornets","","• LaMelo Ball","fractured right ankle (out indefinitely)","LaMelo Ball","2022-23"
2023-03-01,"Hornets","","• LaMelo Ball","placed on IL with fractured right ankle","LaMelo Ball","2022-23"
2014-01-08,"Pacers","","• Lance Stephenson","placed on IL with bruised right knee","Lance Stephenson","2013-14"
2014-01-10,"Pacers","• Lance Stephenson","","activated from IL","Lance Stephenson","2013-14"
2014-02-07,"Pacers","","• Lance Stephenson","sore lower back (DNP)","Lance Stephenson","2013-14"
2014-04-09,"Pacers","","• Lance Stephenson","rest (DNP)","Lance Stephenson","2013-14"
2018-03-11,"Knicks","","• Lance Thomas","placed on IL with sprained right thumb","Lance Thomas","2017-18"
2018-03-13,"Knicks","• Lance Thomas","","activated from IL","Lance Thomas","2017-18"
2018-03-15,"Knicks","","• Lance Thomas","placed on IL for personal reasons","Lance Thomas","2017-18"
2018-03-17,"Knicks","• Lance Thomas","","activated from IL","Lance Thomas","2017-18"
2018-03-19,"Knicks","","• Lance Thomas","placed on IL for personal reasons","Lance Thomas","2017-18"
2018-03-25,"Knicks","• Lance Thomas","","activated from IL","Lance Thomas","2017-18"
2018-04-06,"Knicks","","• Lance Thomas","placed on IL with illness","Lance Thomas","2017-18"
2018-04-07,"Knicks","• Lance Thomas","","activated from IL","Lance Thomas","2017-18"
2019-03-26,"Clippers","","• Landry Shamet","placed on IL with left ankle injury","Landry Shamet","2018-19"
2019-03-28,"Clippers","• Landry Shamet","","activated from IL","Landry Shamet","2018-19"
2016-11-07,"Lakers","","• Larry Nance Jr.","concussion (DTD)","Larry Nance Jr.","2016-17"
2016-11-08,"Lakers","","• Larry Nance Jr.","placed on IL with concussion","Larry Nance Jr.","2016-17"
2016-11-10,"Lakers","• Larry Nance Jr.","","activated from IL","Larry Nance Jr.","2016-17"
2016-12-03,"Lakers","","• Larry Nance Jr.","bruised/sore right knee (DTD)","Larry Nance Jr.","2016-17"
2016-12-07,"Lakers","• Larry Nance Jr.","","returned to lineup","Larry Nance Jr.","2016-17"
2016-12-21,"Lakers","","• Larry Nance Jr.","bone bruise in left knee (DTD)","Larry Nance Jr.","2016-17"
2016-12-22,"Lakers","","• Larry Nance Jr.","bone bruise in left knee (DTD)","Larry Nance Jr.","2016-17"
2016-12-23,"Lakers","","• Larry Nance Jr.","placed on IL with bone bruise in left knee","Larry Nance Jr.","2016-17"
2017-01-22,"Lakers","• Larry Nance Jr.","","activated from IL","Larry Nance Jr.","2016-17"
2018-10-17,"Cavaliers","","• Larry Nance Jr.","placed on IL with sprained right ankle","Larry Nance Jr.","2018-19"
2018-10-21,"Cavaliers","• Larry Nance Jr.","","activated from IL","Larry Nance Jr.","2018-19"
2019-01-09,"Cavaliers","","• Larry Nance Jr.","placed on IL with sprained MCL in right knee","Larry Nance Jr.","2018-19"
2019-01-25,"Cavaliers","• Larry Nance Jr.","","activated from IL","Larry Nance Jr.","2018-19"
2019-03-08,"Cavaliers","• Larry Nance Jr.","","activated from IL","Larry Nance Jr.","2018-19"
2019-03-10,"Cavaliers","","• Larry Nance Jr.","rib injury (DTD)","Larry Nance Jr.","2018-19"
2019-03-12,"Cavaliers","","• Larry Nance Jr.","placed on IL with rib injury","Larry Nance Jr.","2018-19"
2019-03-20,"Cavaliers","• Larry Nance Jr.","","returned to lineup","Larry Nance Jr.","2018-19"
2021-01-25,"Cavaliers","","• Larry Nance Jr.","placed on IL with sprained right wrist","Larry Nance Jr.","2020-21"
2021-01-29,"Cavaliers","• Larry Nance Jr.","","activated from IL","Larry Nance Jr.","2020-21"
2021-02-01,"Cavaliers","","• Larry Nance Jr.","placed on IL with sprained right wrist","Larry Nance Jr.","2020-21"
2021-02-06,"Cavaliers","• Larry Nance Jr.","","activated from IL","Larry Nance Jr.","2020-21"
2021-02-07,"Cavaliers","","• Larry Nance Jr.","placed on IL with fractured left hand/finger","Larry Nance Jr.","2020-21"
2021-03-11,"Cavaliers","• Larry Nance Jr.","","activated from IL","Larry Nance Jr.","2020-21"
2021-03-29,"Cavaliers","","• Larry Nance Jr.","placed on IL with illness","Larry Nance Jr.","2020-21"
2021-04-13,"Cavaliers","• Larry Nance Jr.","","activated from IL","Larry Nance Jr.","2020-21"
2021-04-18,"Cavaliers","","• Larry Nance Jr.","placed on IL for personal reasons","Larry Nance Jr.","2020-21"
2021-04-20,"Cavaliers","• Larry Nance Jr.","","activated from IL","Larry Nance Jr.","2020-21"
2021-04-26,"Cavaliers","","• Larry Nance Jr.","placed on IL with fractured right thumb (out for season)","Larry Nance Jr.","2020-21"
2013-11-06,"Bucks","","• Larry Sanders (b. 1988-11-21)","sprained right thumb (DNP)","Larry Sanders","2013-14"
2013-11-09,"Bucks","","• Larry Sanders (b. 1988-11-21)","sprained right thumb (DNP)","Larry Sanders","2013-14"
2013-11-11,"Bucks","","• Larry Sanders (b. 1988-11-21)","surgery on right thumb to repaor torn ligament (out indefinitely)","Larry Sanders","2013-14"
2013-11-12,"Bucks","","• Larry Sanders (b. 1988-11-21)","recovering from surgery on right thumb to repaor torn ligament (DNP)","Larry Sanders","2013-14"
2013-11-13,"Bucks","","• Larry Sanders (b. 1988-11-21)","recovering from surgery on right thumb to repaor torn ligament (DNP)","Larry Sanders","2013-14"
2013-11-15,"Bucks","","• Larry Sanders (b. 1988-11-21)","placed on IL recovering from surgery on right thumb to repaor torn ligament","Larry Sanders","2013-14"
2013-12-27,"Bucks","• Larry Sanders (b. 1988-11-21)","","activated from IL","Larry Sanders","2013-14"
2014-01-22,"Bucks","","• Larry Sanders (b. 1988-11-21)","illness (DNP)","Larry Sanders","2013-14"
2014-01-27,"Bucks","","• Larry Sanders (b. 1988-11-21)","illness (DNP)","Larry Sanders","2013-14"
2014-02-10,"Bucks","","• Larry Sanders (b. 1988-11-21)","fractured right orbital bone (DNP)","Larry Sanders","2013-14"
2014-02-12,"Bucks","","• Larry Sanders (b. 1988-11-21)","fractured right orbital bone (DNP)","Larry Sanders","2013-14"
2014-02-15,"Bucks","","• Larry Sanders (b. 1988-11-21)","surgery to repair fractured orbital bone (out indefinitely)","Larry Sanders","2013-14"
2014-02-18,"Bucks","","• Larry Sanders (b. 1988-11-21)","placed on IL recovering from surgery to repair fractured orbital bone","Larry Sanders","2013-14"
2014-04-09,"Bucks","• Larry Sanders (b. 1988-11-21)","","activated from IL","Larry Sanders","2013-14"
2017-12-11,"Bulls","","• Lauri Markkanen","back spasms / sore lower back (DTD)","Lauri Markkanen","2017-18"
2017-12-13,"Bulls","","• Lauri Markkanen","back spasms (DTD)","Lauri Markkanen","2017-18"
2017-12-15,"Bulls","","• Lauri Markkanen","placed on IL with back spasms","Lauri Markkanen","2017-18"
2017-12-18,"Bulls","• Lauri Markkanen","","activated from IL","Lauri Markkanen","2017-18"
2018-01-30,"Bulls","","• Lauri Markkanen","birth of child (DTD)","Lauri Markkanen","2017-18"
2018-02-09,"Bulls","• Lauri Markkanen","","returned to lineup","Lauri Markkanen","2017-18"
2018-03-13,"Bulls","","• Lauri Markkanen","placed on IL with lower back spasms","Lauri Markkanen","2017-18"
2018-03-17,"Bulls","• Lauri Markkanen","","activated from IL","Lauri Markkanen","2017-18"
2018-03-21,"Bulls","","• Lauri Markkanen","placed on IL with back spasms","Lauri Markkanen","2017-18"
2018-03-23,"Bulls","• Lauri Markkanen","","activated from IL","Lauri Markkanen","2017-18"
2018-03-24,"Bulls","","• Lauri Markkanen","placed on IL with back spasms","Lauri Markkanen","2017-18"
2018-03-27,"Bulls","• Lauri Markkanen","","activated from IL","Lauri Markkanen","2017-18"
2018-03-29,"Bulls","","• Lauri Markkanen","rest (DTD)","Lauri Markkanen","2017-18"
2018-03-30,"Bulls","• Lauri Markkanen","","returned to lineup","Lauri Markkanen","2017-18"
2018-10-18,"Bulls","","• Lauri Markkanen","placed on IL with sprained right elbow","Lauri Markkanen","2018-19"
2018-12-01,"Bulls","• Lauri Markkanen","","activated from IL","Lauri Markkanen","2018-19"
2019-03-27,"Bulls","","• Lauri Markkanen","placed on IL with fatigue (out for season)","Lauri Markkanen","2018-19"
2020-01-24,"Bulls","","• Lauri Markkanen","placed on IL with stress reaction in pelvis","Lauri Markkanen","2019-20"
2020-03-04,"Bulls","• Lauri Markkanen","","activated from IL","Lauri Markkanen","2019-20"
2021-11-03,"Cavaliers","","• Lauri Markkanen","placed on IL with NBA health and safety protocols","Lauri Markkanen","2021-22"
2021-11-21,"Cavaliers","• Lauri Markkanen","","activated from IL","Lauri Markkanen","2021-22"
2022-01-23,"Cavaliers","","• Lauri Markkanen","placed on IL with sprained right ankle","Lauri Markkanen","2021-22"
2022-02-24,"Cavaliers","• Lauri Markkanen","","activated from IL","Lauri Markkanen","2021-22"
2022-03-12,"Cavaliers","","• Lauri Markkanen","placed on IL with sore right ankle","Lauri Markkanen","2021-22"
2022-03-14,"Cavaliers","• Lauri Markkanen","","activated from IL","Lauri Markkanen","2021-22"
2022-12-07,"Jazz","","• Lauri Markkanen","placed on IL with illness","Lauri Markkanen","2022-23"
2022-12-13,"Jazz","• Lauri Markkanen","","activated from IL","Lauri Markkanen","2022-23"
2023-01-14,"Jazz","","• Lauri Markkanen","placed on IL with bruised left hip","Lauri Markkanen","2022-23"
2023-01-18,"Jazz","• Lauri Markkanen","","activated from IL","Lauri Markkanen","2022-23"
2023-02-15,"Jazz","","• Lauri Markkanen","placed on IL with sore right knee","Lauri Markkanen","2022-23"
2023-02-23,"Jazz","• Lauri Markkanen","","activated from IL","Lauri Markkanen","2022-23"
2023-03-04,"Jazz","","• Lauri Markkanen","placed on IL with sore lower back","Lauri Markkanen","2022-23"
2023-03-06,"Jazz","• Lauri Markkanen","","activated from IL","Lauri Markkanen","2022-23"
2023-03-20,"Jazz","","• Lauri Markkanen","placed on IL with sore back","Lauri Markkanen","2022-23"
2023-03-22,"Jazz","• Lauri Markkanen","","activated from IL","Lauri Markkanen","2022-23"
2023-03-23,"Jazz","","• Lauri Markkanen","placed on IL with left hand injury","Lauri Markkanen","2022-23"
2023-03-27,"Jazz","• Lauri Markkanen","","activated from IL","Lauri Markkanen","2022-23"
2023-03-29,"Jazz","","• Lauri Markkanen","placed on IL with left hand injury","Lauri Markkanen","2022-23"
2023-04-02,"Jazz","• Lauri Markkanen","","activated from IL","Lauri Markkanen","2022-23"
2023-04-04,"Jazz","","• Lauri Markkanen","placed on IL with left hand injury (out for season)","Lauri Markkanen","2022-23"
2013-12-28,"Heat","","• LeBron James","placed on IL with strained right groin","LeBron James","2013-14"
2013-12-30,"Heat","• LeBron James","","activated from IL","LeBron James","2013-14"
2014-02-23,"Heat","","• LeBron James","fractured nose (DTD)","LeBron James","2013-14"
2014-02-23,"Heat","","• LeBron James","placed on IL with fractured nose","LeBron James","2013-14"
2014-02-27,"Heat","• LeBron James","","activated from IL","LeBron James","2013-14"
2014-03-19,"Heat","","• LeBron James","placed on IL with back spasms","LeBron James","2013-14"
2014-03-21,"Heat","• LeBron James","","activated from IL","LeBron James","2013-14"
2014-04-14,"Heat","","• LeBron James","placed on IL","LeBron James","2013-14"
2014-12-11,"Cavaliers","","• LeBron James","sore left knee (DTD)","LeBron James","2014-15"
2014-12-12,"Cavaliers","• LeBron James","","returned to lineup","LeBron James","2014-15"
2014-12-30,"Cavaliers","","• LeBron James","placed on IL with strained left knee","LeBron James","2014-15"
2015-01-13,"Cavaliers","• LeBron James","","activated from IL","LeBron James","2014-15"
2015-01-28,"Cavaliers","","• LeBron James","sprained right wrist (DTD)","LeBron James","2014-15"
2015-01-30,"Cavaliers","• LeBron James","","returned to lineup","LeBron James","2014-15"
2015-02-27,"Cavaliers","","• LeBron James","back injury (DTD)","LeBron James","2014-15"
2015-03-01,"Cavaliers","• LeBron James","","returned to lineup","LeBron James","2014-15"
2015-04-12,"Cavaliers","","• LeBron James","rest (DTD)","LeBron James","2014-15"
2015-04-13,"Cavaliers","• LeBron James","","returned to lineup","LeBron James","2014-15"
2015-04-15,"Cavaliers","","• LeBron James","placed on IL for rest","LeBron James","2014-15"
2015-04-19,"Cavaliers","• LeBron James","","activated from IL","LeBron James","2014-15"
2015-12-05,"Cavaliers","","• LeBron James","rest (DTD)","LeBron James","2015-16"
2015-12-08,"Cavaliers","• LeBron James","","returned to lineup","LeBron James","2015-16"
2016-02-28,"Cavaliers","","• LeBron James","rest (DTD)","LeBron James","2015-16"
2016-02-29,"Cavaliers","• LeBron James","","returned to lineup","LeBron James","2015-16"
2016-03-16,"Cavaliers","","• LeBron James","rest (DTD)","LeBron James","2015-16"
2016-03-29,"Cavaliers","","• LeBron James","placed on IL","LeBron James","2015-16"
2016-03-31,"Cavaliers","• LeBron James","","activated from IL","LeBron James","2015-16"
2016-04-06,"Cavaliers","","• LeBron James","placed on IL for rest","LeBron James","2015-16"
2016-04-09,"Cavaliers","• LeBron James","","activated from IL","LeBron James","2015-16"
2016-04-13,"Cavaliers","","• LeBron James","rest (DTD)","LeBron James","2015-16"
2016-11-16,"Cavaliers","","• LeBron James","rest (DTD)","LeBron James","2016-17"
2016-11-18,"Cavaliers","• LeBron James","","returned to lineup","LeBron James","2016-17"
2016-12-14,"Cavaliers","","• LeBron James","rest (DTD)","LeBron James","2016-17"
2016-12-17,"Cavaliers","• LeBron James","","returned to lineup","LeBron James","2016-17"
2016-12-26,"Cavaliers","","• LeBron James","rest (DTD)","LeBron James","2016-17"
2016-12-29,"Cavaliers","• LeBron James","","returned to lineup","LeBron James","2016-17"
2017-02-25,"Cavaliers","","• LeBron James","illness (DTD)","LeBron James","2016-17"
2017-02-27,"Cavaliers","• LeBron James","","returned to lineup","LeBron James","2016-17"
2017-03-04,"Cavaliers","","• LeBron James","rest (DTD)","LeBron James","2016-17"
2017-03-06,"Cavaliers","• LeBron James","","returned to lineup","LeBron James","2016-17"
2017-03-18,"Cavaliers","","• LeBron James","rest (DTD)","LeBron James","2016-17"
2017-03-19,"Cavaliers","• LeBron James","","returned to lineup","LeBron James","2016-17"
2017-04-10,"Cavaliers","","• LeBron James","rest (DTD)","LeBron James","2016-17"
2017-04-12,"Cavaliers","","• LeBron James","placed on IL for rest","LeBron James","2016-17"
2018-12-26,"Lakers","","• LeBron James","strained left groin (DTD)","LeBron James","2018-19"
2018-12-27,"Lakers","","• LeBron James","placed on IL with strained left groin","LeBron James","2018-19"
2019-01-31,"Lakers","• LeBron James","","activated from IL","LeBron James","2018-19"
2019-02-02,"Lakers","","• LeBron James","placed on IL with strained left groin","LeBron James","2018-19"
2019-03-15,"Lakers","","• LeBron James","placed on IL","LeBron James","2018-19"
2019-03-17,"Lakers","• LeBron James","","activated from IL","LeBron James","2018-19"
2019-03-19,"Lakers","","• LeBron James","placed on IL with left groin injury","LeBron James","2018-19"
2019-03-22,"Lakers","• LeBron James","","activated from IL","LeBron James","2018-19"
2019-03-27,"Lakers","","• LeBron James","placed on IL","LeBron James","2018-19"
2019-03-29,"Lakers","• LeBron James","","activated from IL","LeBron James","2018-19"
2019-03-30,"Lakers","","• LeBron James","left groin injury (out for season)","LeBron James","2018-19"
2019-03-31,"Lakers","","• LeBron James","placed on IL with left groin injury (out for season)","LeBron James","2018-19"
2019-12-22,"Lakers","","• LeBron James","placed on IL with strained thoracic muscle","LeBron James","2019-20"
2019-12-25,"Lakers","• LeBron James","","activated from IL","LeBron James","2019-20"
2020-01-11,"Lakers","","• LeBron James","placed on IL with illness","LeBron James","2019-20"
2020-01-13,"Lakers","• LeBron James","","activated from IL","LeBron James","2019-20"
2020-02-26,"Lakers","","• LeBron James","left groin injury (DTD)","LeBron James","2019-20"
2020-02-27,"Lakers","","• LeBron James","placed on IL with left groin injury","LeBron James","2019-20"
2020-02-29,"Lakers","• LeBron James","","activated from IL","LeBron James","2019-20"
2021-03-03,"Lakers","","• LeBron James","placed on IL with sore left ankle","LeBron James","2020-21"
2021-03-12,"Lakers","• LeBron James","","activated from IL","LeBron James","2020-21"
2021-03-21,"Lakers","","• LeBron James","placed on IL with right high ankle sprain","LeBron James","2020-21"
2021-04-30,"Lakers","• LeBron James","","activated from IL","LeBron James","2020-21"
2021-10-26,"Lakers","","• LeBron James","sore right ankle (DTD)","LeBron James","2021-22"
2021-10-29,"Lakers","• LeBron James","","returned to lineup","LeBron James","2021-22"
2021-11-04,"Lakers","","• LeBron James","placed on IL with strained abdominal","LeBron James","2021-22"
2021-11-19,"Lakers","• LeBron James","","activated from IL","LeBron James","2021-22"
2021-11-30,"Lakers","","• LeBron James","placed on IL with NBA health and safety protocols","LeBron James","2021-22"
2021-12-02,"Lakers","• LeBron James","","activated from IL","LeBron James","2021-22"
2022-01-27,"Lakers","","• LeBron James","placed on IL with sore left knee","LeBron James","2021-22"
2022-02-05,"Lakers","• LeBron James","","activated from IL","LeBron James","2021-22"
2022-03-07,"Lakers","","• LeBron James","sore left knee (DTD)","LeBron James","2021-22"
2022-03-09,"Lakers","• LeBron James","","returned to lineup","LeBron James","2021-22"
2022-03-23,"Lakers","","• LeBron James","placed on IL with sore left knee","LeBron James","2021-22"
2022-03-27,"Lakers","• LeBron James","","activated from IL","LeBron James","2021-22"
2022-03-29,"Lakers","","• LeBron James","placed on IL with sprained left ankle","LeBron James","2021-22"
2022-04-01,"Lakers","• LeBron James","","activated from IL","LeBron James","2021-22"
2022-04-03,"Lakers","","• LeBron James","placed on IL with sprained left ankle (out for season)","LeBron James","2021-22"
2022-11-10,"Lakers","","• LeBron James","placed on IL with strained left adductor","LeBron James","2022-23"
2022-11-25,"Lakers","• LeBron James","","activated from IL","LeBron James","2022-23"
2022-12-07,"Lakers","","• LeBron James","placed on IL with sore left ankle","LeBron James","2022-23"
2022-12-09,"Lakers","• LeBron James","","activated from IL","LeBron James","2022-23"
2022-12-19,"Lakers","","• LeBron James","placed on IL with sore left ankle","LeBron James","2022-23"
2022-12-21,"Lakers","• LeBron James","","activated from IL","LeBron James","2022-23"
2023-01-09,"Lakers","","• LeBron James","placed on IL with sore left ankle","LeBron James","2022-23"
2023-01-12,"Lakers","• LeBron James","","activated from IL","LeBron James","2022-23"
2023-02-09,"Lakers","","• LeBron James","placed on IL with sore left ankle","LeBron James","2022-23"
2023-02-15,"Lakers","• LeBron James","","activated from IL","LeBron James","2022-23"
2023-02-27,"Lakers","","• LeBron James","placed on IL with right foot injury","LeBron James","2022-23"
2023-03-26,"Lakers","• LeBron James","","activated from IL","LeBron James","2022-23"
2021-02-05,"Spurs","","• Lonnie Walker IV","placed on IL with stomach illness","Lonnie Walker IV","2020-21"
2021-02-09,"Spurs","• Lonnie Walker IV","","activated from IL","Lonnie Walker IV","2020-21"
2021-03-19,"Spurs","","• Lonnie Walker IV","undisclosed (DTD)","Lonnie Walker IV","2020-21"
2021-03-20,"Spurs","• Lonnie Walker IV","","returned to lineup","Lonnie Walker IV","2020-21"
2021-03-23,"Spurs","","• Lonnie Walker IV","right wrist injury (DTD)","Lonnie Walker IV","2020-21"
2021-03-29,"Spurs","","• Lonnie Walker IV","placed on IL with right wrist injury","Lonnie Walker IV","2020-21"
2021-04-09,"Spurs","• Lonnie Walker IV","","activated from IL","Lonnie Walker IV","2020-21"
2017-12-24,"Lakers","","• Lonzo Ball","sprained left shoulder (DTD)","Lonzo Ball","2017-18"
2017-12-25,"Lakers","","• Lonzo Ball","placed on IL with sprained left shoulder","Lonzo Ball","2017-18"
2018-01-05,"Lakers","• Lonzo Ball","","activated from IL","Lonzo Ball","2017-18"
2018-01-15,"Lakers","","• Lonzo Ball","sprained left knee (DTD)","Lonzo Ball","2017-18"
2018-01-17,"Lakers","","• Lonzo Ball","placed on IL with sore/sprained left knee","Lonzo Ball","2017-18"
2018-02-23,"Lakers","• Lonzo Ball","","activated from IL","Lonzo Ball","2017-18"
2018-02-24,"Lakers","","• Lonzo Ball","placed on IL with sore left knee","Lonzo Ball","2017-18"
2018-02-26,"Lakers","• Lonzo Ball","","activated from IL","Lonzo Ball","2017-18"
2018-03-30,"Lakers","","• Lonzo Ball","bruised left knee (out for season)","Lonzo Ball","2017-18"
2018-04-04,"Lakers","","• Lonzo Ball","placed on IL with bruised left knee (out for season)","Lonzo Ball","2017-18"
2019-01-20,"Lakers","","• Lonzo Ball","placed on IL with sprained left ankle (out for season)","Lonzo Ball","2018-19"
2019-11-09,"Pelicans","","• Lonzo Ball","placed on IL with strained right adductor","Lonzo Ball","2019-20"
2019-11-21,"Pelicans","• Lonzo Ball","","activated from IL","Lonzo Ball","2019-20"
2019-11-27,"Pelicans","","• Lonzo Ball","stomach virus (DTD)","Lonzo Ball","2019-20"
2019-12-01,"Pelicans","• Lonzo Ball","","returned to lineup","Lonzo Ball","2019-20"
2021-01-12,"Pelicans","","• Lonzo Ball","placed on IL with knee injury","Lonzo Ball","2020-21"
2021-01-19,"Pelicans","• Lonzo Ball","","activated from IL","Lonzo Ball","2020-21"
2021-03-21,"Pelicans","","• Lonzo Ball","right hip flexor injury (DTD)","Lonzo Ball","2020-21"
2021-03-27,"Pelicans","","• Lonzo Ball","placed on IL with right hip flexor injury","Lonzo Ball","2020-21"
2021-04-04,"Pelicans","• Lonzo Ball","","activated from IL","Lonzo Ball","2020-21"
2021-04-09,"Pelicans","","• Lonzo Ball","placed on IL with left hip flexor injury","Lonzo Ball","2020-21"
2021-04-16,"Pelicans","• Lonzo Ball","","activated from IL","Lonzo Ball","2020-21"
2017-12-18,"Clippers","","• Louis Williams / Lou Williams","sprained left / right foot (DTD)","Lou Williams","2017-18"
2017-12-20,"Clippers","• Louis Williams / Lou Williams","","returned to lineup","Lou Williams","2017-18"
2018-04-09,"Clippers","","• Louis Williams / Lou Williams","sprained right ankle (out for season)","Lou Williams","2017-18"
2014-10-29,"76ers","","• Luc Richard Mbah a Moute / Luc Mbah a Moute","back injury (DTD)","Luc Mbah a Moute","2014-15"
2014-10-31,"76ers","• Luc Richard Mbah a Moute / Luc Mbah a Moute","","returned to lineup","Luc Mbah a Moute","2014-15"
2014-12-27,"76ers","","• Luc Richard Mbah a Moute / Luc Mbah a Moute","strained left calf (DTD)","Luc Mbah a Moute","2014-15"
2015-01-02,"76ers","• Luc Richard Mbah a Moute / Luc Mbah a Moute","","returned to lineup","Luc Mbah a Moute","2014-15"
2015-01-05,"76ers","","• Luc Richard Mbah a Moute / Luc Mbah a Moute","turf toe (DTD)","Luc Mbah a Moute","2014-15"
2015-01-09,"76ers","• Luc Richard Mbah a Moute / Luc Mbah a Moute","","returned to lineup","Luc Mbah a Moute","2014-15"
2015-01-19,"76ers","","• Luc Richard Mbah a Moute / Luc Mbah a Moute","bruised left knee (DTD)","Luc Mbah a Moute","2014-15"
2015-01-23,"76ers","• Luc Richard Mbah a Moute / Luc Mbah a Moute","","returned to lineup","Luc Mbah a Moute","2014-15"
2015-02-22,"76ers","","• Luc Richard Mbah a Moute / Luc Mbah a Moute","personal reasons (DTD)","Luc Mbah a Moute","2014-15"
2015-02-23,"76ers","• Luc Richard Mbah a Moute / Luc Mbah a Moute","","returned to lineup","Luc Mbah a Moute","2014-15"
2015-03-14,"76ers","","• Luc Richard Mbah a Moute / Luc Mbah a Moute","rest (DTD)","Luc Mbah a Moute","2014-15"
2015-03-16,"76ers","• Luc Richard Mbah a Moute / Luc Mbah a Moute","","returned to lineup","Luc Mbah a Moute","2014-15"
2015-03-25,"76ers","","• Luc Richard Mbah a Moute / Luc Mbah a Moute","sore left shoulder (DTD)","Luc Mbah a Moute","2014-15"
2015-03-27,"76ers","• Luc Richard Mbah a Moute / Luc Mbah a Moute","","returned to lineup","Luc Mbah a Moute","2014-15"
2015-03-30,"76ers","","• Luc Richard Mbah a Moute / Luc Mbah a Moute","sore left shoulder (DTD)","Luc Mbah a Moute","2014-15"
2015-04-01,"76ers","• Luc Richard Mbah a Moute / Luc Mbah a Moute","","returned to lineup","Luc Mbah a Moute","2014-15"
2015-04-05,"76ers","","• Luc Richard Mbah a Moute / Luc Mbah a Moute","sore left shoulder (DTD)","Luc Mbah a Moute","2014-15"
2015-04-08,"76ers","• Luc Richard Mbah a Moute / Luc Mbah a Moute","","returned to lineup","Luc Mbah a Moute","2014-15"
2015-04-10,"76ers","","• Luc Richard Mbah a Moute / Luc Mbah a Moute","sore/strained left shoulder (out for season)","Luc Mbah a Moute","2014-15"
2016-02-29,"Clippers","","• Luc Richard Mbah a Moute / Luc Mbah a Moute","lacerated left eyelid (DTD)","Luc Mbah a Moute","2015-16"
2016-03-13,"Clippers","• Luc Richard Mbah a Moute / Luc Mbah a Moute","","returned to lineup","Luc Mbah a Moute","2015-16"
2016-12-14,"Clippers","","• Luc Richard Mbah a Moute / Luc Mbah a Moute","sprained right shoulder (DTD)","Luc Mbah a Moute","2016-17"
2016-12-18,"Clippers","• Luc Richard Mbah a Moute / Luc Mbah a Moute","","returned to lineup","Luc Mbah a Moute","2016-17"
2021-02-04,"Thunder","","• Luguentz Dort","sore left knee (DTD)","Luguentz Dort","2020-21"
2021-02-06,"Thunder","• Luguentz Dort","","returned to lineup","Luguentz Dort","2020-21"
2021-03-14,"Thunder","","• Luguentz Dort","left big toe injury (DTD)","Luguentz Dort","2020-21"
2021-03-18,"Thunder","• Luguentz Dort","","returned to lineup","Luguentz Dort","2020-21"
2021-03-22,"Thunder","","• Luguentz Dort","left big toe injury (DTD)","Luguentz Dort","2020-21"
2021-03-23,"Thunder","• Luguentz Dort","","returned to lineup","Luguentz Dort","2020-21"
2021-03-28,"Thunder","","• Luguentz Dort","placed on IL with concussion","Luguentz Dort","2020-21"
2021-04-10,"Thunder","• Luguentz Dort","","activated from IL","Luguentz Dort","2020-21"
2021-04-14,"Thunder","","• Luguentz Dort","placed on IL with sore left shoulder","Luguentz Dort","2020-21"
2021-04-15,"Thunder","• Luguentz Dort","","activated from IL","Luguentz Dort","2020-21"
2021-04-19,"Thunder","","• Luguentz Dort","placed on IL with strained right hip","Luguentz Dort","2020-21"
2021-04-23,"Thunder","• Luguentz Dort","","activated from IL","Luguentz Dort","2020-21"
2021-04-25,"Thunder","","• Luguentz Dort","placed on IL with strained right hip","Luguentz Dort","2020-21"
2021-04-27,"Thunder","• Luguentz Dort","","activated from IL","Luguentz Dort","2020-21"
2021-04-30,"Thunder","","• Luguentz Dort","placed on IL with strained right hip","Luguentz Dort","2020-21"
2021-11-01,"Thunder","","• Luguentz Dort","bruised right shoulder (DTD)","Luguentz Dort","2021-22"
2021-11-04,"Thunder","• Luguentz Dort","","returned to lineup","Luguentz Dort","2021-22"
2021-12-14,"Thunder","","• Luguentz Dort","placed on IL with sprained left ankle","Luguentz Dort","2021-22"
2021-12-18,"Thunder","• Luguentz Dort","","activated from IL","Luguentz Dort","2021-22"
2022-01-02,"Thunder","","• Luguentz Dort","placed on IL with sore left knee","Luguentz Dort","2021-22"
2022-01-06,"Thunder","• Luguentz Dort","","activated from IL","Luguentz Dort","2021-22"
2022-02-05,"Thunder","","• Luguentz Dort","placed on IL with facial injury","Luguentz Dort","2021-22"
2022-02-07,"Thunder","• Luguentz Dort","","activated from IL","Luguentz Dort","2021-22"
2022-02-14,"Thunder","","• Luguentz Dort","placed on IL with torn labrum in left shoulder (out for season)","Luguentz Dort","2021-22"
2022-12-07,"Thunder","","• Luguentz Dort","placed on IL with bruised left knee","Luguentz Dort","2022-23"
2022-12-10,"Thunder","• Luguentz Dort","","activated from IL","Luguentz Dort","2022-23"
2023-01-26,"Thunder","","• Luguentz Dort","strained right hamstring (DTD)","Luguentz Dort","2022-23"
2023-02-10,"Thunder","• Luguentz Dort","","activated from IL","Luguentz Dort","2022-23"
2018-12-02,"Mavericks","","• Luka Doncic","placed on IL with strained right hip","Luka Dončić","2018-19"
2018-12-04,"Mavericks","• Luka Doncic","","activated from IL","Luka Dončić","2018-19"
2019-01-31,"Mavericks","","• Luka Doncic","sore left ankle (DTD)","Luka Dončić","2018-19"
2019-02-02,"Mavericks","• Luka Doncic","","returned to lineup","Luka Dončić","2018-19"
2019-02-22,"Mavericks","","• Luka Doncic","placed on IL with sore right ankle","Luka Dončić","2018-19"
2019-02-25,"Mavericks","• Luka Doncic","","activated from IL","Luka Dončić","2018-19"
2019-03-16,"Mavericks","","• Luka Doncic","placed on IL with bruised right knee","Luka Dončić","2018-19"
2019-03-18,"Mavericks","• Luka Doncic","","activated from IL","Luka Dončić","2018-19"
2019-03-30,"Mavericks","","• Luka Doncic","bruised right thigh (DTD)","Luka Dončić","2018-19"
2019-03-31,"Mavericks","","• Luka Doncic","placed on IL with bruised right thigh","Luka Dončić","2018-19"
2019-04-03,"Mavericks","• Luka Doncic","","activated from IL","Luka Dončić","2018-19"
2019-04-05,"Mavericks","","• Luka Doncic","placed on IL with bruised right thigh","Luka Dončić","2018-19"
2019-04-09,"Mavericks","• Luka Doncic","","activated from IL","Luka Dončić","2018-19"
2019-04-10,"Mavericks","","• Luka Doncic","left thigh injury (out for season)","Luka Dončić","2018-19"
2019-12-15,"Mavericks","","• Luka Doncic","sprained right ankle (DTD)","Luka Dončić","2019-20"
2019-12-16,"Mavericks","","• Luka Doncic","placed on IL with sprained right ankle","Luka Dončić","2019-20"
2019-12-26,"Mavericks","• Luka Doncic","","activated from IL","Luka Dončić","2019-20"
2020-01-31,"Mavericks","","• Luka Doncic","placed on IL with sprained right ankle","Luka Dončić","2019-20"
2020-02-12,"Mavericks","• Luka Doncic","","activated from IL","Luka Dončić","2019-20"
2020-02-22,"Mavericks","","• Luka Doncic","placed on IL with sore right ankle","Luka Dončić","2019-20"
2020-02-24,"Mavericks","• Luka Doncic","","activated from IL","Luka Dončić","2019-20"
2020-03-01,"Mavericks","","• Luka Doncic","placed on IL with sprained left thumb","Luka Dončić","2019-20"
2020-03-02,"Mavericks","• Luka Doncic","","activated from IL","Luka Dončić","2019-20"
2021-01-03,"Mavericks","","• Luka Doncic","bruised left quadricep (DTD)","Luka Dončić","2020-21"
2021-01-04,"Mavericks","• Luka Doncic","","returned to lineup","Luka Dončić","2020-21"
2021-03-03,"Mavericks","","• Luka Doncic","placed on IL with tightness in lower back","Luka Dončić","2020-21"
2021-03-10,"Mavericks","• Luka Doncic","","activated from IL","Luka Dončić","2020-21"
2021-03-11,"Mavericks","","• Luka Doncic","right ankle injury (DTD)","Luka Dončić","2020-21"
2021-03-13,"Mavericks","• Luka Doncic","","returned to lineup","Luka Dončić","2020-21"
2021-03-26,"Mavericks","","• Luka Doncic","placed on IL with tightness in lower back","Luka Dončić","2020-21"
2021-03-27,"Mavericks","","• Luka Doncic","placed on IL with illness","Luka Dončić","2020-21"
2021-03-28,"Mavericks","• Luka Doncic","","activated from IL","Luka Dončić","2020-21"
2021-04-29,"Mavericks","","• Luka Doncic","placed on IL with left elbow injury","Luka Dončić","2020-21"
2021-04-30,"Mavericks","• Luka Doncic","","activated from IL","Luka Dončić","2020-21"
2021-11-16,"Mavericks","","• Luka Doncic","placed on IL with left ankle, knee injuries","Luka Dončić","2021-22"
2021-11-23,"Mavericks","• Luka Doncic","","activated from IL","Luka Dončić","2021-22"
2021-12-04,"Mavericks","","• Luka Doncic","placed on IL with sore left ankle","Luka Dončić","2021-22"
2021-12-07,"Mavericks","• Luka Doncic","","activated from IL","Luka Dončić","2021-22"
2021-12-11,"Mavericks","","• Luka Doncic","placed on IL with sore left ankle","Luka Dončić","2021-22"
2021-12-22,"Mavericks","","• Luka Doncic","placed on IL with NBA health and safety protocols","Luka Dončić","2021-22"
2022-01-01,"Mavericks","• Luka Doncic","","activated from IL","Luka Dončić","2021-22"
2022-01-07,"Mavericks","","• Luka Doncic","placed on IL with sprained right ankle","Luka Dončić","2021-22"
2022-01-09,"Mavericks","• Luka Doncic","","activated from IL","Luka Dončić","2021-22"
2022-03-05,"Mavericks","","• Luka Doncic","placed on IL with toe injury","Luka Dončić","2021-22"
2022-03-07,"Mavericks","• Luka Doncic","","activated from IL","Luka Dončić","2021-22"
2022-03-22,"Mavericks","","• Luka Doncic","placed on IL with sore right ankle","Luka Dončić","2021-22"
2022-03-24,"Mavericks","• Luka Doncic","","activated from IL","Luka Dončić","2021-22"
2022-04-12,"Mavericks","","• Luka Doncic","placed on IL with strained left calf","Luka Dončić","2021-22"
2022-04-23,"Mavericks","• Luka Doncic","","activated from IL","Luka Dončić","2021-22"
2023-01-08,"Mavericks","","• Luka Doncic","placed on IL with sore left ankle","Luka Dončić","2022-23"
2023-01-10,"Mavericks","• Luka Doncic","","activated from IL","Luka Dončić","2022-23"
2023-01-15,"Mavericks","","• Luka Doncic","placed on IL with sore left ankle","Luka Dončić","2022-23"
2023-01-18,"Mavericks","• Luka Doncic","","activated from IL","Luka Dončić","2022-23"
2023-01-26,"Mavericks","","• Luka Doncic","placed on IL with sprained left ankle","Luka Dončić","2022-23"
2023-01-31,"Mavericks","• Luka Doncic","","activated from IL","Luka Dončić","2022-23"
2023-02-06,"Mavericks","","• Luka Doncic","placed on IL with bruised right heel","Luka Dončić","2022-23"
2023-02-11,"Mavericks","• Luka Doncic","","activated from IL","Luka Dončić","2022-23"
2023-03-10,"Mavericks","","• Luka Doncic","placed on IL with strained left thigh","Luka Dončić","2022-23"
2023-03-22,"Mavericks","• Luka Doncic","","activated from IL","Luka Dončić","2022-23"
2019-12-04,"Pistons","","• Luke Kennard","knee injury (DTD)","Luke Kennard","2019-20"
2019-12-05,"Pistons","• Luke Kennard","","returned to lineup","Luke Kennard","2019-20"
2019-12-20,"Pistons","","• Luke Kennard","placed on IL with knee injury","Luke Kennard","2019-20"
2019-12-21,"Pistons","• Luke Kennard","","activated from IL","Luke Kennard","2019-20"
2019-12-23,"Pistons","","• Luke Kennard","placed on IL with knee tendinitis (out for season)","Luke Kennard","2019-20"
2014-11-17,"Heat","","• Luol Deng","sprained right wrist (DTD)","Luol Deng","2014-15"
2014-11-20,"Heat","• Luol Deng","","returned to lineup","Luol Deng","2014-15"
2014-12-05,"Heat","","• Luol Deng","bruised right hand (DTD)","Luol Deng","2014-15"
2014-12-07,"Heat","• Luol Deng","","returned to lineup","Luol Deng","2014-15"
2015-01-21,"Heat","","• Luol Deng","placed on IL with illness","Luol Deng","2014-15"
2015-01-23,"Heat","• Luol Deng","","activated from IL","Luol Deng","2014-15"
2015-01-27,"Heat","","• Luol Deng","placed on IL with calf injury","Luol Deng","2014-15"
2015-02-03,"Heat","• Luol Deng","","activated from IL","Luol Deng","2014-15"
2015-03-06,"Heat","","• Luol Deng","thigh injury (DTD)","Luol Deng","2014-15"
2015-03-09,"Heat","• Luol Deng","","returned to lineup","Luol Deng","2014-15"
2015-03-31,"Heat","","• Luol Deng","bruised right knee (DTD)","Luol Deng","2014-15"
2015-04-02,"Heat","• Luol Deng","","returned to lineup","Luol Deng","2014-15"
2015-04-15,"Heat","","• Luol Deng","undisclosed (DTD)","Luol Deng","2014-15"
2015-11-23,"Heat","","• Luol Deng","sore hamstring (DTD)","Luol Deng","2015-16"
2015-11-27,"Heat","","• Luol Deng","placed on IL with hamstring injury","Luol Deng","2015-16"
2015-12-05,"Heat","","• Luol Deng","placed on IL with hamstring injury (P)","Luol Deng","2015-16"
2015-12-09,"Heat","• Luol Deng","","activated from IL","Luol Deng","2015-16"
2016-01-22,"Heat","","• Luol Deng","scratched eye (DTD)","Luol Deng","2015-16"
2016-01-25,"Heat","• Luol Deng","","returned to lineup","Luol Deng","2015-16"
2016-03-23,"Heat","","• Luol Deng","sore left quadriceps (DTD)","Luol Deng","2015-16"
2016-03-25,"Heat","• Luol Deng","","returned to lineup","Luol Deng","2015-16"
2017-03-10,"Bucks","","• Malcolm Brogdon","sore back (DTD)","Malcolm Brogdon","2016-17"
2017-03-13,"Bucks","• Malcolm Brogdon","","returned to lineup","Malcolm Brogdon","2016-17"
2017-03-31,"Bucks","","• Malcolm Brogdon","sore back (DTD)","Malcolm Brogdon","2016-17"
2017-04-08,"Bucks","","• Malcolm Brogdon","placed on IL with sore back","Malcolm Brogdon","2016-17"
2017-04-10,"Bucks","• Malcolm Brogdon","","activated from IL","Malcolm Brogdon","2016-17"
2017-10-23,"Bucks","","• Malcolm Brogdon","sprained left ankle (DTD)","Malcolm Brogdon","2017-18"
2017-10-26,"Bucks","• Malcolm Brogdon","","returned to lineup","Malcolm Brogdon","2017-18"
2018-01-20,"Bucks","","• Malcolm Brogdon","placed on IL for personal reasons","Malcolm Brogdon","2017-18"
2018-01-22,"Bucks","• Malcolm Brogdon","","activated from IL","Malcolm Brogdon","2017-18"
2018-01-26,"Bucks","","• Malcolm Brogdon","placed on IL with sore right calf","Malcolm Brogdon","2017-18"
2018-01-29,"Bucks","• Malcolm Brogdon","","activated from IL","Malcolm Brogdon","2017-18"
2018-02-02,"Bucks","","• Malcolm Brogdon","partially torn quadriceps tendon in left leg (out indefinitely)","Malcolm Brogdon","2017-18"
2018-02-02,"Bucks","","• Malcolm Brogdon","placed on IL with partially torn quadriceps tendon in left leg","Malcolm Brogdon","2017-18"
2018-04-09,"Bucks","• Malcolm Brogdon","","activated from IL","Malcolm Brogdon","2017-18"
2018-12-14,"Bucks","","• Malcolm Brogdon","placed on IL with left hamstring injury","Malcolm Brogdon","2018-19"
2018-12-19,"Bucks","• Malcolm Brogdon","","activated from IL","Malcolm Brogdon","2018-19"
2019-01-29,"Bucks","","• Malcolm Brogdon","placed on IL with sternum injury","Malcolm Brogdon","2018-19"
2019-01-31,"Bucks","• Malcolm Brogdon","","activated from IL","Malcolm Brogdon","2018-19"
2019-03-02,"Bucks","","• Malcolm Brogdon","placed on IL with right foot injury","Malcolm Brogdon","2018-19"
2019-03-04,"Bucks","• Malcolm Brogdon","","activated from IL","Malcolm Brogdon","2018-19"
2019-03-16,"Bucks","","• Malcolm Brogdon","right foot injury (DTD)","Malcolm Brogdon","2018-19"
2019-03-17,"Bucks","","• Malcolm Brogdon","placed on IL with right foot injury","Malcolm Brogdon","2018-19"
2019-04-14,"Bucks","• Malcolm Brogdon","","activated from IL","Malcolm Brogdon","2018-19"
2019-04-14,"Bucks","","• Malcolm Brogdon","right foot injury (DTD)","Malcolm Brogdon","2018-19"
2019-11-16,"Pacers","","• Malcolm Brogdon","placed on IL with sore lower back","Malcolm Brogdon","2019-20"
2019-11-25,"Pacers","• Malcolm Brogdon","","activated from IL","Malcolm Brogdon","2019-20"
2019-12-07,"Pacers","","• Malcolm Brogdon","placed on IL with right hand injury","Malcolm Brogdon","2019-20"
2019-12-09,"Pacers","• Malcolm Brogdon","","activated from IL","Malcolm Brogdon","2019-20"
2019-12-23,"Pacers","","• Malcolm Brogdon","placed on IL with left hamstring injury","Malcolm Brogdon","2019-20"
2019-12-30,"Pacers","• Malcolm Brogdon","","activated from IL","Malcolm Brogdon","2019-20"
2020-01-02,"Pacers","","• Malcolm Brogdon","placed on IL with sore lower back","Malcolm Brogdon","2019-20"
2020-01-10,"Pacers","","• Malcolm Brogdon","strep throat (already on IL)","Malcolm Brogdon","2019-20"
2020-01-13,"Pacers","• Malcolm Brogdon","","activated from IL","Malcolm Brogdon","2019-20"
2020-01-23,"Pacers","","• Malcolm Brogdon","concussion (DTD)","Malcolm Brogdon","2019-20"
2020-01-24,"Pacers","","• Malcolm Brogdon","placed on IL with concussion","Malcolm Brogdon","2019-20"
2020-01-29,"Pacers","• Malcolm Brogdon","","activated from IL","Malcolm Brogdon","2019-20"
2020-03-06,"Pacers","","• Malcolm Brogdon","placed on IL with torn left quadriceps","Malcolm Brogdon","2019-20"
2021-02-27,"Pacers","","• Malcolm Brogdon","sore right knee (DTD)","Malcolm Brogdon","2020-21"
2021-03-01,"Pacers","• Malcolm Brogdon","","returned to lineup","Malcolm Brogdon","2020-21"
2021-03-22,"Pacers","","• Malcolm Brogdon","placed on IL with sore lower back","Malcolm Brogdon","2020-21"
2021-03-24,"Pacers","• Malcolm Brogdon","","activated from IL","Malcolm Brogdon","2020-21"
2021-04-02,"Pacers","","• Malcolm Brogdon","right hip injury (DTD)","Malcolm Brogdon","2020-21"
2021-04-03,"Pacers","","• Malcolm Brogdon","placed on IL with right hip injury","Malcolm Brogdon","2020-21"
2021-04-09,"Pacers","• Malcolm Brogdon","","activated from IL","Malcolm Brogdon","2020-21"
2021-10-28,"Pacers","","• Malcolm Brogdon","placed on IL with sore/strained left hamstring","Malcolm Brogdon","2021-22"
2021-11-03,"Pacers","• Malcolm Brogdon","","activated from IL","Malcolm Brogdon","2021-22"
2021-11-05,"Pacers","","• Malcolm Brogdon","placed on IL with illness","Malcolm Brogdon","2021-22"
2021-11-09,"Pacers","• Malcolm Brogdon","","activated from IL","Malcolm Brogdon","2021-22"
2021-12-16,"Pacers","","• Malcolm Brogdon","placed on IL with sore right Achilles","Malcolm Brogdon","2021-22"
2021-12-20,"Pacers","• Malcolm Brogdon","","activated from IL","Malcolm Brogdon","2021-22"
2021-12-23,"Pacers","","• Malcolm Brogdon","placed on IL with sore right Achilles","Malcolm Brogdon","2021-22"
2021-12-30,"Pacers","","• Malcolm Brogdon","placed on IL with NBA health and safety protocols","Malcolm Brogdon","2021-22"
2022-01-12,"Pacers","• Malcolm Brogdon","","activated from IL","Malcolm Brogdon","2021-22"
2022-01-14,"Pacers","","• Malcolm Brogdon","placed on IL with sore right Achilles","Malcolm Brogdon","2021-22"
2022-01-19,"Pacers","• Malcolm Brogdon","","activated from IL","Malcolm Brogdon","2021-22"
2022-01-20,"Pacers","","• Malcolm Brogdon","placed on IL with sore right Achilles","Malcolm Brogdon","2021-22"
2022-02-25,"Pacers","• Malcolm Brogdon","","activated from IL","Malcolm Brogdon","2021-22"
2022-02-28,"Pacers","","• Malcolm Brogdon","right Achilles injury (DTD)","Malcolm Brogdon","2021-22"
2022-03-01,"Pacers","• Malcolm Brogdon","","returned to lineup","Malcolm Brogdon","2021-22"
2022-03-10,"Pacers","","• Malcolm Brogdon","placed on IL with concussion","Malcolm Brogdon","2021-22"
2022-03-15,"Pacers","• Malcolm Brogdon","","activated from IL","Malcolm Brogdon","2021-22"
2022-03-26,"Pacers","","• Malcolm Brogdon","conditioning (DTD)","Malcolm Brogdon","2021-22"
2022-03-28,"Pacers","• Malcolm Brogdon","","returned to lineup","Malcolm Brogdon","2021-22"
2022-04-01,"Pacers","","• Malcolm Brogdon","placed on IL with sore lower back (out for season)","Malcolm Brogdon","2021-22"
2019-11-12,"Nuggets","","• Malik Beasley","illness (DTD)","Malik Beasley","2019-20"
2019-11-14,"Nuggets","• Malik Beasley","","returned to lineup","Malik Beasley","2019-20"
2021-04-03,"Timberwolves","","• Malik Beasley","placed on IL with left hamstring injury (out for season)","Malik Beasley","2020-21"
2021-12-14,"Lakers","","• Malik Monk","placed on IL with NBA health and safety protocols","Malik Monk","2021-22"
2021-12-25,"Lakers","• Malik Monk","","activated from IL","Malik Monk","2021-22"
2022-01-28,"Lakers","","• Malik Monk","left groin injury (DTD)","Malik Monk","2021-22"
2022-01-30,"Lakers","• Malik Monk","","returned to lineup","Malik Monk","2021-22"
2013-11-23,"Grizzlies","","• Marc Gasol","sprained MCL in left knee (out indefinitely)","Marc Gasol","2013-14"
2013-11-25,"Grizzlies","","• Marc Gasol","placed on IL with sprained MCL in left knee","Marc Gasol","2013-14"
2014-01-14,"Grizzlies","• Marc Gasol","","activated from IL","Marc Gasol","2013-14"
2015-03-12,"Grizzlies","","• Marc Gasol","rest (DTD)","Marc Gasol","2014-15"
2015-03-14,"Grizzlies","• Marc Gasol","","returned to lineup","Marc Gasol","2014-15"
2016-10-15,"Grizzlies","","• Marc Gasol","sore right ankle (DTD)","Marc Gasol","2016-17"
2016-10-26,"Grizzlies","• Marc Gasol","","returned to lineup","Marc Gasol","2016-17"
2016-11-01,"Grizzlies","","• Marc Gasol","rest (DTD)","Marc Gasol","2016-17"
2016-11-02,"Grizzlies","• Marc Gasol","","returned to lineup","Marc Gasol","2016-17"
2016-12-13,"Grizzlies","","• Marc Gasol","rest (DTD)","Marc Gasol","2016-17"
2016-12-14,"Grizzlies","• Marc Gasol","","returned to lineup","Marc Gasol","2016-17"
2017-02-04,"Grizzlies","","• Marc Gasol","rest (DTD)","Marc Gasol","2016-17"
2017-02-06,"Grizzlies","• Marc Gasol","","returned to lineup","Marc Gasol","2016-17"
2017-03-26,"Grizzlies","","• Marc Gasol","strained left foot (DTD)","Marc Gasol","2016-17"
2017-04-04,"Grizzlies","• Marc Gasol","","returned to lineup","Marc Gasol","2016-17"
2017-12-21,"Grizzlies","","• Marc Gasol","placed on IL with tightness in right groin","Marc Gasol","2017-18"
2018-01-17,"Grizzlies","","• Marc Gasol","illness (DTD)","Marc Gasol","2017-18"
2018-01-19,"Grizzlies","• Marc Gasol","","returned to lineup","Marc Gasol","2017-18"
2018-02-24,"Grizzlies","","• Marc Gasol","DNP","Marc Gasol","2017-18"
2018-03-03,"Grizzlies","","• Marc Gasol","placed on IL for rest","Marc Gasol","2017-18"
2018-03-05,"Grizzlies","• Marc Gasol","","activated from IL","Marc Gasol","2017-18"
2018-03-10,"Grizzlies","","• Marc Gasol","placed on IL for rest","Marc Gasol","2017-18"
2018-03-12,"Grizzlies","• Marc Gasol","","activated from IL","Marc Gasol","2017-18"
2018-03-19,"Grizzlies","","• Marc Gasol","illness (DTD)","Marc Gasol","2017-18"
2018-03-21,"Grizzlies","• Marc Gasol","","activated from IL","Marc Gasol","2017-18"
2018-03-22,"Grizzlies","","• Marc Gasol","placed on IL for rest","Marc Gasol","2017-18"
2018-03-24,"Grizzlies","• Marc Gasol","","activated from IL","Marc Gasol","2017-18"
2018-04-06,"Grizzlies","","• Marc Gasol","DTD","Marc Gasol","2017-18"
2018-04-08,"Grizzlies","• Marc Gasol","","returned to lineup","Marc Gasol","2017-18"
2018-04-09,"Grizzlies","","• Marc Gasol","placed on IL for rest (out for season)","Marc Gasol","2017-18"
2019-12-19,"Raptors","","• Marc Gasol","strained left hamstring (out indefinitely)","Marc Gasol","2019-20"
2019-12-20,"Raptors","","• Marc Gasol","placed on IL with strained left hamstring","Marc Gasol","2019-20"
2020-01-15,"Raptors","• Marc Gasol","","activated from IL","Marc Gasol","2019-20"
2020-01-30,"Raptors","","• Marc Gasol","placed on IL with left hamstring injury","Marc Gasol","2019-20"
2020-03-08,"Raptors","• Marc Gasol","","activated from IL","Marc Gasol","2019-20"
2021-03-02,"Lakers","","• Marc Gasol","placed on IL with NBA health and safety protocols","Marc Gasol","2020-21"
2021-03-19,"Lakers","• Marc Gasol","","activated from IL","Marc Gasol","2020-21"
2021-03-20,"Lakers","","• Marc Gasol","placed on IL with conditioning","Marc Gasol","2020-21"
2021-03-21,"Lakers","• Marc Gasol","","activated from IL","Marc Gasol","2020-21"
2021-03-25,"Lakers","• Marc Gasol","","returned to lineup","Marc Gasol","2020-21"
2021-04-10,"Lakers","","• Marc Gasol","placed on IL with left hamstring injury","Marc Gasol","2020-21"
2021-04-12,"Lakers","• Marc Gasol","","activated from IL","Marc Gasol","2020-21"
2014-03-20,"Wizards","","• Marcin Gortat","sore back (DNP)","Marcin Gortat","2013-14"
2015-12-04,"Wizards","","• Marcin Gortat","placed on IR for personal reasons","Marcin Gortat","2015-16"
2015-12-09,"Wizards","• Marcin Gortat","","activated from IL","Marcin Gortat","2015-16"
2016-01-11,"Wizards","","• Marcin Gortat","sore left knee (DTD)","Marcin Gortat","2015-16"
2016-01-13,"Wizards","","• Marcin Gortat","placed on IL with sore left knee","Marcin Gortat","2015-16"
2016-01-16,"Wizards","• Marcin Gortat","","activated from IL","Marcin Gortat","2015-16"
2016-04-13,"Wizards","","• Marcin Gortat","rest (DTD)","Marcin Gortat","2015-16"
2014-11-08,"Celtics","","• Marcus Smart","sprained left ankle (DNP)","Marcus Smart","2014-15"
2014-11-12,"Celtics","","• Marcus Smart","placed on IL","Marcus Smart","2014-15"
2014-12-03,"Celtics","• Marcus Smart","","activated from IL","Marcus Smart","2014-15"
2014-12-15,"Celtics","","• Marcus Smart","strained left Achilles (DTD)","Marcus Smart","2014-15"
2014-12-19,"Celtics","• Marcus Smart","","returned to lineup","Marcus Smart","2014-15"
2015-01-24,"Celtics","","• Marcus Smart","personal reasons (DTD)","Marcus Smart","2014-15"
2015-01-26,"Celtics","• Marcus Smart","","returned to lineup","Marcus Smart","2014-15"
2016-10-20,"Celtics","","• Marcus Smart","sprained left ankle (DTD)","Marcus Smart","2016-17"
2016-10-26,"Celtics","","• Marcus Smart","placed on IL with sprained left ankle","Marcus Smart","2016-17"
2016-11-02,"Celtics","• Marcus Smart","","activated from IL","Marcus Smart","2016-17"
2019-01-14,"Celtics","","• Marcus Smart","placed on IL with illness","Marcus Smart","2018-19"
2019-01-16,"Celtics","• Marcus Smart","","activated from IL","Marcus Smart","2018-19"
2019-04-08,"Celtics","","• Marcus Smart","torn left oblique (out indefinitely)","Marcus Smart","2018-19"
2019-04-09,"Celtics","","• Marcus Smart","placed on IL with torn left oblique","Marcus Smart","2018-19"
2021-01-04,"Celtics","","• Marcus Smart","placed on IL with sprained right thumb","Marcus Smart","2020-21"
2021-01-06,"Celtics","• Marcus Smart","","activated from IL","Marcus Smart","2020-21"
2021-01-31,"Celtics","","• Marcus Smart","strained left calf (DTD)","Marcus Smart","2020-21"
2021-02-02,"Celtics","","• Marcus Smart","placed on IL with left calf injury","Marcus Smart","2020-21"
2021-03-10,"Celtics","• Marcus Smart","","activated from IL","Marcus Smart","2020-21"
2021-04-19,"Celtics","","• Marcus Smart","illness (DTD)","Marcus Smart","2020-21"
2021-04-21,"Celtics","• Marcus Smart","","returned to lineup","Marcus Smart","2020-21"
2021-10-29,"Celtics","","• Marcus Smart","illness (DTD)","Marcus Smart","2021-22"
2021-10-31,"Celtics","• Marcus Smart","","returned to lineup","Marcus Smart","2021-22"
2021-12-27,"Celtics","","• Marcus Smart","placed on IL with right hand injury","Marcus Smart","2021-22"
2021-12-30,"Celtics","• Marcus Smart","","activated from IL","Marcus Smart","2021-22"
2022-01-12,"Celtics","","• Marcus Smart","placed on IL with bruised right thigh","Marcus Smart","2021-22"
2022-01-23,"Celtics","• Marcus Smart","","activated from IL","Marcus Smart","2021-22"
2022-02-16,"Celtics","","• Marcus Smart","placed on IL with sprained right ankle","Marcus Smart","2021-22"
2022-02-23,"Celtics","• Marcus Smart","","activated from IL","Marcus Smart","2021-22"
2022-03-21,"Celtics","","• Marcus Smart","placed on IL with illness","Marcus Smart","2021-22"
2022-03-23,"Celtics","• Marcus Smart","","activated from IL","Marcus Smart","2021-22"
2013-11-25,"Heat","","• Mario Chalmers","placed on IL with strained hip flexor","Mario Chalmers","2013-14"
2013-11-27,"Heat","• Mario Chalmers","","activated from IL","Mario Chalmers","2013-14"
2014-01-07,"Heat","","• Mario Chalmers","right Achilles injury (DNP)","Mario Chalmers","2013-14"
2014-01-09,"Heat","","• Mario Chalmers","strained right Achilles (DNP)","Mario Chalmers","2013-14"
2014-01-10,"Heat","","• Mario Chalmers","strained right Achilles (DNP)","Mario Chalmers","2013-14"
2014-01-15,"Heat","","• Mario Chalmers","placed on IL with strained right Achilles","Mario Chalmers","2013-14"
2014-01-17,"Heat","• Mario Chalmers","","activated from IL","Mario Chalmers","2013-14"
2014-03-28,"Heat","","• Mario Chalmers","bruised right quadricap (DNP)","Mario Chalmers","2013-14"
2014-03-29,"Heat","","• Mario Chalmers","bruised right quadricap (DNP)","Mario Chalmers","2013-14"
2014-04-16,"Heat","","• Mario Chalmers","DNP","Mario Chalmers","2013-14"
2015-03-06,"Heat","","• Mario Chalmers","knee injury (DTD)","Mario Chalmers","2014-15"
2015-03-07,"Heat","• Mario Chalmers","","returned to lineup","Mario Chalmers","2014-15"
2015-04-15,"Heat","","• Mario Chalmers","undisclosed (DTD)","Mario Chalmers","2014-15"
2018-11-18,"Knicks","","• Mario Hezonja","illness (DTD)","Mario Hezonja","2018-19"
2018-11-20,"Knicks","• Mario Hezonja","","returned to lineup","Mario Hezonja","2018-19"
2019-02-14,"Knicks","","• Mario Hezonja","placed on IL with bruised left leg","Mario Hezonja","2018-19"
2019-02-21,"Knicks","• Mario Hezonja","","activated from IL","Mario Hezonja","2018-19"
2019-03-15,"Knicks","","• Mario Hezonja","placed on IL with bruised left leg","Mario Hezonja","2018-19"
2019-03-15,"Knicks","• Mario Hezonja","","activated from IL","Mario Hezonja","2018-19"
2019-04-09,"Knicks","","• Mario Hezonja","illness (DTD)","Mario Hezonja","2018-19"
2019-04-10,"Knicks","• Mario Hezonja","","returned to lineup","Mario Hezonja","2018-19"
2019-12-11,"Magic","","• Markelle Fultz","placed on IL with illness","Markelle Fultz","2019-20"
2019-12-13,"Magic","• Markelle Fultz","","activated from IL","Markelle Fultz","2019-20"
2022-10-03,"Magic","","• Markelle Fultz","fractured left big toe (out indefinitely)","Markelle Fultz","2022-23"
2022-10-19,"Magic","","• Markelle Fultz","placed on IL with fractured left big toe","Markelle Fultz","2022-23"
2022-11-30,"Magic","• Markelle Fultz","","activated from IL","Markelle Fultz","2022-23"
2023-04-06,"Magic","","• Markelle Fultz","placed on IL with sore left knee","Markelle Fultz","2022-23"
2023-04-07,"Magic","• Markelle Fultz","","activated from IL","Markelle Fultz","2022-23"
2016-12-14,"Wizards","","• Markieff Morris","sore left foot (DTD)","Markieff Morris","2016-17"
2016-12-16,"Wizards","• Markieff Morris","","returned to lineup","Markieff Morris","2016-17"
2017-02-08,"Wizards","","• Markieff Morris","placed on IL with tightness in right calf","Markieff Morris","2016-17"
2017-02-10,"Wizards","• Markieff Morris","","activated from IL","Markieff Morris","2016-17"
2017-03-17,"Wizards","","• Markieff Morris","placed on IL with illness","Markieff Morris","2016-17"
2017-03-20,"Wizards","","• Markieff Morris","placed on IL","Markieff Morris","2016-17"
2017-03-20,"Wizards","• Markieff Morris","","activated from IL","Markieff Morris","2016-17"
2017-04-06,"Wizards","","• Markieff Morris","placed on IL with sore right ankle","Markieff Morris","2016-17"
2017-04-08,"Wizards","• Markieff Morris","","activated from IL","Markieff Morris","2016-17"
2017-04-12,"Wizards","","• Markieff Morris","rest (DTD)","Markieff Morris","2016-17"
2017-04-16,"Wizards","• Markieff Morris","","returned to lineup","Markieff Morris","2016-17"
2018-01-07,"Suns","","• Marquese Chriss","strained right hip flexor (DTD)","Marquese Chriss","2017-18"
2018-01-12,"Suns","","• Marquese Chriss","placed on IL with strained right hip flexor","Marquese Chriss","2017-18"
2018-01-26,"Suns","• Marquese Chriss","","activated from IL","Marquese Chriss","2017-18"
2018-01-29,"Suns","","• Marquese Chriss","placed on IL with sprained left ankle","Marquese Chriss","2017-18"
2018-01-31,"Suns","• Marquese Chriss","","activated from IL","Marquese Chriss","2017-18"
2018-02-04,"Suns","","• Marquese Chriss","placed on IL","Marquese Chriss","2017-18"
2018-02-06,"Suns","• Marquese Chriss","","activated from IL","Marquese Chriss","2017-18"
2018-04-08,"Suns","","• Marquese Chriss","placed on IL with sore left hip (out for season)","Marquese Chriss","2017-18"
2020-02-23,"Warriors","","• Marquese Chriss","left calf injury (DTD)","Marquese Chriss","2019-20"
2020-02-25,"Warriors","• Marquese Chriss","","returned to lineup","Marquese Chriss","2019-20"
2021-02-12,"Kings","","• Marvin Bagley III","left calf injury (DTD)","Marvin Bagley III","2020-21"
2021-02-15,"Kings","• Marvin Bagley III","","returned to lineup","Marvin Bagley III","2020-21"
2021-03-17,"Kings","","• Marvin Bagley III","placed on IL with fractured left hand","Marvin Bagley III","2020-21"
2021-04-30,"Kings","• Marvin Bagley III","","activated from IL","Marvin Bagley III","2020-21"
2013-10-30,"Jazz","","• Marvin Williams","recovering from surgery on right heel and Achilles tendon (DNP)","Marvin Williams","2013-14"
2013-11-01,"Jazz","","• Marvin Williams","recovering from surgery on right heel and Achilles tendon (DNP)","Marvin Williams","2013-14"
2013-11-02,"Jazz","","• Marvin Williams","recovering from surgery on right heel and Achilles tendon (DNP)","Marvin Williams","2013-14"
2013-11-05,"Jazz","","• Marvin Williams","recovering from surgery on right heel and Achilles tendon (DNP)","Marvin Williams","2013-14"
2013-11-06,"Jazz","","• Marvin Williams","recovering from surgery on right heel and Achilles tendon (DNP)","Marvin Williams","2013-14"
2013-11-20,"Jazz","","• Marvin Williams","placed on IL with fractured nose (surgery)","Marvin Williams","2013-14"
2013-11-22,"Jazz","• Marvin Williams","","activated from IL","Marvin Williams","2013-14"
2013-12-04,"Jazz","","• Marvin Williams","placed on IL with heel injury","Marvin Williams","2013-14"
2013-12-11,"Jazz","• Marvin Williams","","activated from IL","Marvin Williams","2013-14"
2014-01-31,"Jazz","","• Marvin Williams","placed on IL with sore right Achilles / heel","Marvin Williams","2013-14"
2014-02-01,"Jazz","• Marvin Williams","","activated from IL","Marvin Williams","2013-14"
2014-03-14,"Jazz","","• Marvin Williams","placed on IL with strained back","Marvin Williams","2013-14"
2014-03-16,"Jazz","• Marvin Williams","","activated from IL","Marvin Williams","2013-14"
2014-04-11,"Jazz","","• Marvin Williams","placed on IL with knee injury","Marvin Williams","2013-14"
2014-04-12,"Jazz","","• Marvin Williams","knee injury (DNP)","Marvin Williams","2013-14"
2014-04-14,"Jazz","","• Marvin Williams","knee injury (DNP)","Marvin Williams","2013-14"
2014-04-16,"Jazz","","• Marvin Williams","knee injury (DNP)","Marvin Williams","2013-14"
2016-03-22,"Hornets","","• Marvin Williams","sprained left ankle (DTD)","Marvin Williams","2015-16"
2016-03-25,"Hornets","• Marvin Williams","","returned to lineup","Marvin Williams","2015-16"
2016-11-26,"Hornets","","• Marvin Williams","placed on IL with bone bruise in left knee / hyperextended left knee","Marvin Williams","2016-17"
2016-12-07,"Hornets","• Marvin Williams","","activated from IL","Marvin Williams","2016-17"
2018-01-30,"Hornets","","• Marvin Williams","sprained left ankle (DTD)","Marvin Williams","2017-18"
2018-01-31,"Hornets","","• Marvin Williams","placed on IL with sprained left ankle","Marvin Williams","2017-18"
2018-02-08,"Hornets","• Marvin Williams","","activated from IL","Marvin Williams","2017-18"
2018-12-03,"Hornets","","• Marvin Williams","strained right shoulder (DTD)","Marvin Williams","2018-19"
2018-12-05,"Hornets","","• Marvin Williams","placed on IL with strained right shoulder","Marvin Williams","2018-19"
2018-12-07,"Hornets","• Marvin Williams","","activated from IL","Marvin Williams","2018-19"
2019-03-11,"Hornets","","• Marvin Williams","placed on IL with illness","Marvin Williams","2018-19"
2019-03-15,"Hornets","• Marvin Williams","","activated from IL","Marvin Williams","2018-19"
2019-04-03,"Hornets","","• Marvin Williams","placed on IL with right foot injury","Marvin Williams","2018-19"
2019-04-09,"Hornets","• Marvin Williams","","activated from IL","Marvin Williams","2018-19"
2019-04-10,"Hornets","","• Marvin Williams","placed on IL (out for season)","Marvin Williams","2018-19"
2018-01-30,"Nuggets","","• Mason Plumlee","placed on IL with strained right calf","Mason Plumlee","2017-18"
2018-02-23,"Nuggets","• Mason Plumlee","","activated from IL","Mason Plumlee","2017-18"
2018-03-09,"Nuggets","","• Mason Plumlee","placed on IL","Mason Plumlee","2017-18"
2018-04-26,"Nuggets","","• Mason Plumlee","surgery to repair core muscle injury (out for season)","Mason Plumlee","2017-18"
2021-02-11,"Pistons","","• Mason Plumlee","placed on IL with right elbow injury","Mason Plumlee","2020-21"
2021-02-14,"Pistons","• Mason Plumlee","","activated from IL","Mason Plumlee","2020-21"
2021-04-05,"Pistons","","• Mason Plumlee","placed on IL","Mason Plumlee","2020-21"
2021-04-06,"Pistons","• Mason Plumlee","","activated from IL","Mason Plumlee","2020-21"
2021-04-08,"Pistons","","• Mason Plumlee","placed on IL with concussion","Mason Plumlee","2020-21"
2021-04-10,"Pistons","• Mason Plumlee","","activated from IL","Mason Plumlee","2020-21"
2021-11-26,"Hornets","","• Mason Plumlee","placed on IL with strained right calf","Mason Plumlee","2021-22"
2021-12-04,"Hornets","","• Mason Plumlee","placed on IL with NBA health and safety protocols","Mason Plumlee","2021-22"
2021-12-13,"Hornets","• Mason Plumlee","","activated from IL","Mason Plumlee","2021-22"
2013-11-06,"Clippers","","• Matt Barnes","thigh injury (DNP)","Matt Barnes","2013-14"
2013-11-07,"Clippers","","• Matt Barnes","thigh injury (DNP)","Matt Barnes","2013-14"
2013-11-09,"Clippers","","• Matt Barnes","thigh injury (DNP)","Matt Barnes","2013-14"
2013-11-20,"Clippers","","• Matt Barnes","bruised left eye (DNP)","Matt Barnes","2013-14"
2013-11-21,"Clippers","","• Matt Barnes","bruised left eye (DNP)","Matt Barnes","2013-14"
2013-11-21,"Clippers","","• Matt Barnes","surgery on left eye to repair torn retina (out indefinitely)","Matt Barnes","2013-14"
2013-11-23,"Clippers","","• Matt Barnes","recovering from surgery on left eye (DNP)","Matt Barnes","2013-14"
2013-11-24,"Clippers","","• Matt Barnes","recovering from surgery on left eye (DNP)","Matt Barnes","2013-14"
2013-11-27,"Clippers","","• Matt Barnes","recovering from surgery on left eye (DNP)","Matt Barnes","2013-14"
2013-11-29,"Clippers","","• Matt Barnes","recovering from surgery on left eye (DNP)","Matt Barnes","2013-14"
2013-12-01,"Clippers","","• Matt Barnes","recovering from surgery on left eye (DNP)","Matt Barnes","2013-14"
2013-12-04,"Clippers","","• Matt Barnes","recovering from surgery on left eye (DNP)","Matt Barnes","2013-14"
2013-12-05,"Clippers","","• Matt Barnes","recovering from surgery on left eye (DNP)","Matt Barnes","2013-14"
2013-12-07,"Clippers","","• Matt Barnes","recovering from surgery on left eye (DNP)","Matt Barnes","2013-14"
2013-12-09,"Clippers","","• Matt Barnes","recovering from surgery on left eye (DNP)","Matt Barnes","2013-14"
2013-12-11,"Clippers","","• Matt Barnes","recovering from surgery on left eye (DNP)","Matt Barnes","2013-14"
2013-12-12,"Clippers","","• Matt Barnes","recovering from surgery on left eye (DNP)","Matt Barnes","2013-14"
2013-12-14,"Clippers","","• Matt Barnes","recovering from surgery on left eye (DNP)","Matt Barnes","2013-14"
2013-12-16,"Clippers","","• Matt Barnes","recovering from surgery on left eye (DNP)","Matt Barnes","2013-14"
2014-11-24,"Clippers","","• Matt Barnes","strained left calf (DTD)","Matt Barnes","2014-15"
2014-11-26,"Clippers","","• Matt Barnes","placed on IL with strained left calf","Matt Barnes","2014-15"
2014-11-28,"Clippers","• Matt Barnes","","activated from IL","Matt Barnes","2014-15"
2015-03-02,"Clippers","","• Matt Barnes","strained right hamstring (DTD)","Matt Barnes","2014-15"
2015-03-08,"Clippers","• Matt Barnes","","returned to lineup","Matt Barnes","2014-15"
2015-03-17,"Clippers","","• Matt Barnes","sore right hamstring (DTD)","Matt Barnes","2014-15"
2015-03-20,"Clippers","• Matt Barnes","","returned to lineup","Matt Barnes","2014-15"
2016-01-12,"Grizzlies","","• Matt Barnes","bruised right thumb (DTD)","Matt Barnes","2015-16"
2016-01-14,"Grizzlies","• Matt Barnes","","returned to lineup","Matt Barnes","2015-16"
2016-02-01,"Grizzlies","","• Matt Barnes","right hamstring injury (DTD)","Matt Barnes","2015-16"
2016-02-05,"Grizzlies","• Matt Barnes","","returned to lineup","Matt Barnes","2015-16"
2016-03-07,"Grizzlies","","• Matt Barnes","hamstring injury (DTD)","Matt Barnes","2015-16"
2016-12-08,"Blazers","","• Maurice Harkless / Moe Harkless","placed on IL with sprained left ankle","Maurice Harkless","2016-17"
2016-12-10,"Blazers","• Maurice Harkless / Moe Harkless","","activated from IL","Maurice Harkless","2016-17"
2017-01-13,"Blazers","","• Maurice Harkless / Moe Harkless","strained left calf (DTD)","Maurice Harkless","2016-17"
2017-01-16,"Blazers","• Maurice Harkless / Moe Harkless","","returned to lineup","Maurice Harkless","2016-17"
2017-01-25,"Blazers","","• Maurice Harkless / Moe Harkless","strained left calf (DTD)","Maurice Harkless","2016-17"
2017-01-29,"Blazers","• Maurice Harkless / Moe Harkless","","returned to lineup","Maurice Harkless","2016-17"
2017-12-09,"Blazers","","• Maurice Harkless / Moe Harkless","placed on IL with left quadriceps injury","Maurice Harkless","2017-18"
2017-12-13,"Blazers","• Maurice Harkless / Moe Harkless","","activated from IL","Maurice Harkless","2017-18"
2018-03-03,"Blazers","","• Maurice Harkless / Moe Harkless","placed on IL with sore left knee","Maurice Harkless","2017-18"
2018-03-09,"Blazers","• Maurice Harkless / Moe Harkless","","activated from IL","Maurice Harkless","2017-18"
2018-03-27,"Blazers","","• Maurice Harkless / Moe Harkless","surgery on left knee (out indefinitely)","Maurice Harkless","2017-18"
2018-03-27,"Blazers","","• Maurice Harkless / Moe Harkless","placed on IL recovering from surgery on left knee","Maurice Harkless","2017-18"
2018-04-17,"Blazers","• Maurice Harkless / Moe Harkless","","activated from IL","Maurice Harkless","2017-18"
2018-04-21,"Blazers","","• Maurice Harkless / Moe Harkless","placed on IL with sore left knee (out for season)","Maurice Harkless","2017-18"
2018-10-28,"Blazers","","• Maurice Harkless / Moe Harkless","left knee injury (DTD)","Maurice Harkless","2018-19"
2018-10-29,"Blazers","","• Maurice Harkless / Moe Harkless","placed on IL with left knee injury","Maurice Harkless","2018-19"
2018-11-21,"Blazers","• Maurice Harkless / Moe Harkless","","activated from IL","Maurice Harkless","2018-19"
2018-12-12,"Blazers","","• Maurice Harkless / Moe Harkless","placed on IL","Maurice Harkless","2018-19"
2018-12-14,"Blazers","• Maurice Harkless / Moe Harkless","","activated from IL","Maurice Harkless","2018-19"
2018-12-30,"Blazers","","• Maurice Harkless / Moe Harkless","placed on IL with left knee injury","Maurice Harkless","2018-19"
2019-01-01,"Blazers","• Maurice Harkless / Moe Harkless","","activated from IL","Maurice Harkless","2018-19"
2019-01-05,"Blazers","","• Maurice Harkless / Moe Harkless","left knee injury (DTD)","Maurice Harkless","2018-19"
2019-01-07,"Blazers","• Maurice Harkless / Moe Harkless","","returned to lineup","Maurice Harkless","2018-19"
2019-01-08,"Blazers","","• Maurice Harkless / Moe Harkless","left knee injury (DTD)","Maurice Harkless","2018-19"
2019-01-18,"Blazers","• Maurice Harkless / Moe Harkless","","returned to lineup","Maurice Harkless","2018-19"
2019-03-15,"Blazers","","• Maurice Harkless / Moe Harkless","placed on IL with left knee injury","Maurice Harkless","2018-19"
2019-03-16,"Blazers","• Maurice Harkless / Moe Harkless","","activated from IL","Maurice Harkless","2018-19"
2020-01-18,"Clippers","","• Maurice Harkless / Moe Harkless","placed on IL with sore lower back","Maurice Harkless","2019-20"
2020-01-21,"Clippers","• Maurice Harkless / Moe Harkless","","activated from IL","Maurice Harkless","2019-20"
2020-02-09,"Knicks","","• Maurice Harkless / Moe Harkless","placed on IL with illness","Maurice Harkless","2019-20"
2016-10-25,"Knicks","","• Maurice Ndour / Maurice N'dour","placed on IL","Maurice Ndour","2016-17"
2016-10-29,"Knicks","• Maurice Ndour / Maurice N'dour","","activated from IL","Maurice Ndour","2016-17"
2016-11-06,"Knicks","","• Maurice Ndour / Maurice N'dour","placed on IL","Maurice Ndour","2016-17"
2016-11-09,"Knicks","• Maurice Ndour / Maurice N'dour","","activated from IL","Maurice Ndour","2016-17"
2016-11-11,"Knicks","","• Maurice Ndour / Maurice N'dour","placed on IL","Maurice Ndour","2016-17"
2016-11-12,"Knicks","• Maurice Ndour / Maurice N'dour","","activated from IL","Maurice Ndour","2016-17"
2016-12-04,"Knicks","","• Maurice Ndour / Maurice N'dour","placed on IL","Maurice Ndour","2016-17"
2016-12-07,"Knicks","• Maurice Ndour / Maurice N'dour","","activated from IL","Maurice Ndour","2016-17"
2016-12-09,"Knicks","","• Maurice Ndour / Maurice N'dour","placed on IL","Maurice Ndour","2016-17"
2016-12-15,"Knicks","• Maurice Ndour / Maurice N'dour","","activated from IL","Maurice Ndour","2016-17"
2016-12-20,"Knicks","","• Maurice Ndour / Maurice N'dour","placed on IL","Maurice Ndour","2016-17"
2016-12-30,"Knicks","• Maurice Ndour / Maurice N'dour","","activated from IL","Maurice Ndour","2016-17"
2016-12-30,"Knicks","","• Maurice Ndour / Maurice N'dour","sprained right ankle (DTD)","Maurice Ndour","2016-17"
2016-12-31,"Knicks","• Maurice Ndour / Maurice N'dour","","returned to lineup","Maurice Ndour","2016-17"
2017-01-04,"Knicks","","• Maurice Ndour / Maurice N'dour","placed on IL","Maurice Ndour","2016-17"
2017-01-09,"Knicks","• Maurice Ndour / Maurice N'dour","","activated from IL","Maurice Ndour","2016-17"
2017-01-11,"Knicks","","• Maurice Ndour / Maurice N'dour","placed on IL","Maurice Ndour","2016-17"
2017-01-12,"Knicks","• Maurice Ndour / Maurice N'dour","","activated from IL","Maurice Ndour","2016-17"
2017-02-12,"Knicks","","• Maurice Ndour / Maurice N'dour","placed on IL","Maurice Ndour","2016-17"
2017-02-15,"Knicks","• Maurice Ndour / Maurice N'dour","","activated from IL","Maurice Ndour","2016-17"
2017-03-01,"Knicks","","• Maurice Ndour / Maurice N'dour","sprained right ankle (out indefinitely)","Maurice Ndour","2016-17"
2017-03-05,"Knicks","","• Maurice Ndour / Maurice N'dour","placed on IL with sprained right ankle","Maurice Ndour","2016-17"
2017-03-10,"Knicks","• Maurice Ndour / Maurice N'dour","","activated from IL","Maurice Ndour","2016-17"
2017-03-16,"Knicks","• Maurice Ndour / Maurice N'dour","","activated from IL","Maurice Ndour","2016-17"
2017-03-20,"Knicks","","• Maurice Ndour / Maurice N'dour","placed on IL","Maurice Ndour","2016-17"
2017-03-25,"Knicks","• Maurice Ndour / Maurice N'dour","","activated from IL","Maurice Ndour","2016-17"
2021-11-01,"Heat","","• Max Strus","placed on IL with sprained left knee","Max Strus","2021-22"
2021-11-11,"Heat","• Max Strus","","activated from IL","Max Strus","2021-22"
2021-12-28,"Heat","","• Max Strus","placed on IL with NBA health and safety protocols","Max Strus","2021-22"
2022-01-04,"Heat","• Max Strus","","activated from IL","Max Strus","2021-22"
2022-02-05,"Heat","","• Max Strus","placed on IL with bruised right quadriceps","Max Strus","2021-22"
2022-02-07,"Heat","• Max Strus","","activated from IL","Max Strus","2021-22"
2022-11-23,"Heat","","• Max Strus","placed on IL with right shoulder injury","Max Strus","2022-23"
2022-11-27,"Heat","• Max Strus","","activated from IL","Max Strus","2022-23"
2021-01-10,"Mavericks","","• Maximilian Kleber / Maxi Kleber","placed on IL with NBA health and safety protocols","Maxi Kleber","2020-21"
2021-02-01,"Mavericks","• Maximilian Kleber / Maxi Kleber","","activated from IL","Maxi Kleber","2020-21"
2021-02-23,"Mavericks","","• Maximilian Kleber / Maxi Kleber","sprained left ankle (DTD)","Maxi Kleber","2020-21"
2021-02-25,"Mavericks","• Maximilian Kleber / Maxi Kleber","","returned to lineup","Maxi Kleber","2020-21"
2021-04-03,"Mavericks","","• Maximilian Kleber / Maxi Kleber","bruised left leg (DTD)","Maxi Kleber","2020-21"
2021-04-05,"Mavericks","• Maximilian Kleber / Maxi Kleber","","returned to lineup","Maxi Kleber","2020-21"
2021-04-07,"Mavericks","","• Maximilian Kleber / Maxi Kleber","right leg injury (DTD)","Maxi Kleber","2020-21"
2021-04-08,"Mavericks","• Maximilian Kleber / Maxi Kleber","","returned to lineup","Maxi Kleber","2020-21"
2021-04-11,"Mavericks","","• Maximilian Kleber / Maxi Kleber","right leg injury (DTD)","Maxi Kleber","2020-21"
2021-04-12,"Mavericks","• Maximilian Kleber / Maxi Kleber","","returned to lineup","Maxi Kleber","2020-21"
2021-04-22,"Mavericks","","• Maximilian Kleber / Maxi Kleber","placed on IL with bruised lower back","Maxi Kleber","2020-21"
2021-04-24,"Mavericks","• Maximilian Kleber / Maxi Kleber","","activated from IL","Maxi Kleber","2020-21"
2013-11-13,"76ers","","• Michael Carter-Williams","bruised left foot (DNP)","Michael Carter-Williams","2013-14"
2013-11-15,"76ers","","• Michael Carter-Williams","bruised left foot (DNP)","Michael Carter-Williams","2013-14"
2013-11-16,"76ers","","• Michael Carter-Williams","bruised left foot (DNP)","Michael Carter-Williams","2013-14"
2013-11-18,"76ers","","• Michael Carter-Williams","bruised left foot (DNP)","Michael Carter-Williams","2013-14"
2013-12-06,"76ers","","• Michael Carter-Williams","sore right knee (DNP)","Michael Carter-Williams","2013-14"
2013-12-07,"76ers","","• Michael Carter-Williams","sore right knee (DNP)","Michael Carter-Williams","2013-14"
2013-12-09,"76ers","","• Michael Carter-Williams","sore right knee (DNP)","Michael Carter-Williams","2013-14"
2013-12-11,"76ers","","• Michael Carter-Williams","skin infection (DNP)","Michael Carter-Williams","2013-14"
2013-12-13,"76ers","","• Michael Carter-Williams","skin infection (DNP)","Michael Carter-Williams","2013-14"
2013-12-14,"76ers","","• Michael Carter-Williams","skin infection (DNP)","Michael Carter-Williams","2013-14"
2013-12-16,"76ers","","• Michael Carter-Williams","skin infection (DNP)","Michael Carter-Williams","2013-14"
2014-02-01,"76ers","","• Michael Carter-Williams","sore right shoulder (DNP)","Michael Carter-Williams","2013-14"
2014-10-29,"76ers","","• Michael Carter-Williams","recovering from surgery on right shoulder to repair torn labrum (DNP)","Michael Carter-Williams","2014-15"
2014-10-31,"76ers","","• Michael Carter-Williams","recovering from surgery on right shoulder to repair torn labrum (DTD)","Michael Carter-Williams","2014-15"
2014-11-13,"76ers","• Michael Carter-Williams","","returned to lineup","Michael Carter-Williams","2014-15"
2015-01-03,"76ers","","• Michael Carter-Williams","sore right shoulder (DTD)","Michael Carter-Williams","2014-15"
2015-01-05,"76ers","• Michael Carter-Williams","","returned to lineup","Michael Carter-Williams","2014-15"
2015-01-26,"76ers","","• Michael Carter-Williams","upper respiratory infection (DTD)","Michael Carter-Williams","2014-15"
2015-01-28,"76ers","• Michael Carter-Williams","","returned to lineup","Michael Carter-Williams","2014-15"
2015-02-06,"76ers","","• Michael Carter-Williams","strained right big toe (DTD)","Michael Carter-Williams","2014-15"
2015-02-25,"Bucks","• Michael Carter-Williams","","returned to lineup","Michael Carter-Williams","2014-15"
2015-03-14,"Bucks","","• Michael Carter-Williams","ankle injury (DTD)","Michael Carter-Williams","2014-15"
2015-03-17,"Bucks","• Michael Carter-Williams","","returned to lineup","Michael Carter-Williams","2014-15"
2013-11-29,"Bobcats","","• Michael Kidd-Gilchrist","placed on IL with foot injury","Michael Kidd-Gilchrist","2013-14"
2013-12-01,"Bobcats","• Michael Kidd-Gilchrist","","activated from IL","Michael Kidd-Gilchrist","2013-14"
2013-12-04,"Bobcats","","• Michael Kidd-Gilchrist","fractured left hand (out indefinitely)","Michael Kidd-Gilchrist","2013-14"
2013-12-06,"Bobcats","","• Michael Kidd-Gilchrist","placed on IL with fractured left hand","Michael Kidd-Gilchrist","2013-14"
2014-01-14,"Bobcats","• Michael Kidd-Gilchrist","","activated from IL","Michael Kidd-Gilchrist","2013-14"
2014-11-04,"Hornets","","• Michael Kidd-Gilchrist","placed on IL with bruised ribs","Michael Kidd-Gilchrist","2014-15"
2014-11-07,"Hornets","• Michael Kidd-Gilchrist","","activated from IL","Michael Kidd-Gilchrist","2014-15"
2014-11-14,"Hornets","","• Michael Kidd-Gilchrist","placed on IL with right foot injury","Michael Kidd-Gilchrist","2014-15"
2014-12-10,"Hornets","• Michael Kidd-Gilchrist","","activated from IL","Michael Kidd-Gilchrist","2014-15"
2015-02-08,"Hornets","","• Michael Kidd-Gilchrist","strained right hamstring (DTD)","Michael Kidd-Gilchrist","2014-15"
2015-02-21,"Hornets","• Michael Kidd-Gilchrist","","returned to lineup","Michael Kidd-Gilchrist","2014-15"
2015-03-28,"Hornets","","• Michael Kidd-Gilchrist","placed on IL with sprained left ankle (out for season)","Michael Kidd-Gilchrist","2014-15"
2016-11-11,"Hornets","","• Michael Kidd-Gilchrist","placed on IL with sore lower back","Michael Kidd-Gilchrist","2016-17"
2016-11-13,"Hornets","• Michael Kidd-Gilchrist","","activated from IL","Michael Kidd-Gilchrist","2016-17"
2017-10-17,"Hornets","","• Michael Kidd-Gilchrist","personal reasons (DTD)","Michael Kidd-Gilchrist","2017-18"
2017-10-25,"Hornets","• Michael Kidd-Gilchrist","","returned to lineup","Michael Kidd-Gilchrist","2017-18"
2017-11-07,"Hornets","","• Michael Kidd-Gilchrist","personal reasons (DTD)","Michael Kidd-Gilchrist","2017-18"
2017-11-10,"Hornets","• Michael Kidd-Gilchrist","","returned to lineup","Michael Kidd-Gilchrist","2017-18"
2018-01-22,"Hornets","","• Michael Kidd-Gilchrist","right axillary abscess (DTD)","Michael Kidd-Gilchrist","2017-18"
2018-01-24,"Hornets","• Michael Kidd-Gilchrist","","returned to lineup","Michael Kidd-Gilchrist","2017-18"
2018-02-28,"Hornets","","• Michael Kidd-Gilchrist","sore left hamstring (DTD)","Michael Kidd-Gilchrist","2017-18"
2018-03-02,"Hornets","• Michael Kidd-Gilchrist","","returned to lineup","Michael Kidd-Gilchrist","2017-18"
2021-01-01,"Nuggets","","• Michael Porter Jr.","placed on IL with NBA health and safety protocols","Michael Porter Jr.","2020-21"
2021-01-22,"Nuggets","• Michael Porter Jr.","","activated from IL","Michael Porter Jr.","2020-21"
2022-10-26,"Nuggets","","• Michael Porter Jr.","placed on IL with back injury","Michael Porter Jr.","2022-23"
2022-10-28,"Nuggets","• Michael Porter Jr.","","activated from IL","Michael Porter Jr.","2022-23"
2022-11-23,"Nuggets","","• Michael Porter Jr.","placed on IL with bruised left heel","Michael Porter Jr.","2022-23"
2022-12-23,"Nuggets","• Michael Porter Jr.","","activated from IL","Michael Porter Jr.","2022-23"
2013-12-17,"Grizzlies","","• Mike Conley Jr.","bruised left thigh (DNP)","Mike Conley","2013-14"
2013-12-18,"Grizzlies","","• Mike Conley Jr.","bruised left thigh (DNP)","Mike Conley","2013-14"
2014-02-01,"Grizzlies","","• Mike Conley Jr.","placed on IL with sprained right ankle","Mike Conley","2013-14"
2014-02-18,"Grizzlies","• Mike Conley Jr.","","activated from IL","Mike Conley","2013-14"
2015-01-16,"Grizzlies","","• Mike Conley Jr.","placed on IL with sprained right ankle","Mike Conley","2014-15"
2015-01-19,"Grizzlies","• Mike Conley Jr.","","activated from IL","Mike Conley","2014-15"
2015-01-27,"Grizzlies","","• Mike Conley Jr.","sprained left wrist (DTD)","Mike Conley","2014-15"
2015-01-31,"Grizzlies","• Mike Conley Jr.","","returned to lineup","Mike Conley","2014-15"
2015-03-12,"Grizzlies","","• Mike Conley Jr.","ankle injury (DTD)","Mike Conley","2014-15"
2015-03-12,"Grizzlies","","• Mike Conley Jr.","placed on IL for rest","Mike Conley","2014-15"
2015-03-20,"Grizzlies","• Mike Conley Jr.","","activated from IL","Mike Conley","2014-15"
2015-04-10,"Grizzlies","","• Mike Conley Jr.","placed on IL with sprained foot","Mike Conley","2014-15"
2015-04-19,"Grizzlies","• Mike Conley Jr.","","activated from IL","Mike Conley","2014-15"
2015-04-27,"Grizzlies","","• Mike Conley Jr.","placed on IL recovering from surgery to repair facial fracture near left eye","Mike Conley","2014-15"
2016-11-01,"Grizzlies","","• Mike Conley Jr.","rest (DTD)","Mike Conley","2016-17"
2016-11-02,"Grizzlies","• Mike Conley Jr.","","returned to lineup","Mike Conley","2016-17"
2016-11-29,"Grizzlies","","• Mike Conley Jr.","sore lower back (DTD)","Mike Conley","2016-17"
2016-12-06,"Grizzlies","","• Mike Conley Jr.","placed on IL with sore lower back","Mike Conley","2016-17"
2016-12-16,"Grizzlies","• Mike Conley Jr.","","activated from IL","Mike Conley","2016-17"
2016-12-27,"Grizzlies","","• Mike Conley Jr.","left big toe injury (DTD)","Mike Conley","2016-17"
2016-12-31,"Grizzlies","• Mike Conley Jr.","","returned to lineup","Mike Conley","2016-17"
2017-04-05,"Grizzlies","","• Mike Conley Jr.","eye injury (DTD)","Mike Conley","2016-17"
2017-04-05,"Grizzlies","","• Mike Conley Jr.","placed on IL with laceration above right eye","Mike Conley","2016-17"
2017-04-07,"Grizzlies","• Mike Conley Jr.","","activated from IL","Mike Conley","2016-17"
2018-12-17,"Grizzlies","","• Mike Conley Jr.","placed on IL with left hamstring injury","Mike Conley","2018-19"
2018-12-19,"Grizzlies","• Mike Conley Jr.","","activated from IL","Mike Conley","2018-19"
2019-02-01,"Grizzlies","","• Mike Conley Jr.","placed on IL with sore left knee","Mike Conley","2018-19"
2019-02-03,"Grizzlies","• Mike Conley Jr.","","activated from IL","Mike Conley","2018-19"
2019-02-12,"Grizzlies","","• Mike Conley Jr.","illness (DTD)","Mike Conley","2018-19"
2019-02-13,"Grizzlies","• Mike Conley Jr.","","returned to lineup","Mike Conley","2018-19"
2019-03-03,"Grizzlies","","• Mike Conley Jr.","general soreness (DTD)","Mike Conley","2018-19"
2019-03-05,"Grizzlies","• Mike Conley Jr.","","returned to lineup","Mike Conley","2018-19"
2019-03-22,"Grizzlies","","• Mike Conley Jr.","general soreness (DTD)","Mike Conley","2018-19"
2019-03-23,"Grizzlies","• Mike Conley Jr.","","returned to lineup","Mike Conley","2018-19"
2019-03-25,"Grizzlies","","• Mike Conley Jr.","left thigh injury (DTD)","Mike Conley","2018-19"
2019-03-27,"Grizzlies","• Mike Conley Jr.","","returned to lineup","Mike Conley","2018-19"
2019-03-31,"Grizzlies","","• Mike Conley Jr.","sore left ankle (out for season)","Mike Conley","2018-19"
2021-02-06,"Jazz","","• Mike Conley Jr.","placed on IL with right hamstring injury","Mike Conley","2020-21"
2021-02-19,"Jazz","• Mike Conley Jr.","","activated from IL","Mike Conley","2020-21"
2021-02-27,"Jazz","","• Mike Conley Jr.","placed on IL with right hamstring injury","Mike Conley","2020-21"
2021-02-28,"Jazz","• Mike Conley Jr.","","activated from IL","Mike Conley","2020-21"
2021-03-18,"Jazz","","• Mike Conley Jr.","placed on IL with right hamstring injury","Mike Conley","2020-21"
2021-03-19,"Jazz","• Mike Conley Jr.","","activated from IL","Mike Conley","2020-21"
2021-03-27,"Jazz","","• Mike Conley Jr.","placed on IL with right hamstring injury","Mike Conley","2020-21"
2021-03-28,"Jazz","• Mike Conley Jr.","","activated from IL","Mike Conley","2020-21"
2021-04-03,"Jazz","","• Mike Conley Jr.","placed on IL with right hamstring injury","Mike Conley","2020-21"
2021-04-05,"Jazz","• Mike Conley Jr.","","activated from IL","Mike Conley","2020-21"
2021-04-11,"Jazz","","• Mike Conley Jr.","right hamstring injury (DTD)","Mike Conley","2020-21"
2021-04-13,"Jazz","• Mike Conley Jr.","","returned to lineup","Mike Conley","2020-21"
2021-04-17,"Jazz","","• Mike Conley Jr.","placed on IL with sore right knee","Mike Conley","2020-21"
2021-04-19,"Jazz","• Mike Conley Jr.","","activated from IL","Mike Conley","2020-21"
2021-04-27,"Jazz","","• Mike Conley Jr.","placed on IL with right hamstring injury","Mike Conley","2020-21"
2021-10-29,"Jazz","","• Mike Conley Jr.","placed on IL with right knee injury","Mike Conley","2021-22"
2021-10-31,"Jazz","• Mike Conley Jr.","","activated from IL","Mike Conley","2021-22"
2021-11-07,"Jazz","","• Mike Conley Jr.","placed on IL with right knee injury","Mike Conley","2021-22"
2021-11-09,"Jazz","• Mike Conley Jr.","","activated from IL","Mike Conley","2021-22"
2022-01-06,"Jazz","","• Mike Conley Jr.","placed on IL with right knee injury","Mike Conley","2021-22"
2022-01-08,"Jazz","• Mike Conley Jr.","","activated from IL","Mike Conley","2021-22"
2022-01-24,"Jazz","","• Mike Conley Jr.","placed on IL with right knee injury","Mike Conley","2021-22"
2022-01-25,"Jazz","• Mike Conley Jr.","","activated from IL","Mike Conley","2021-22"
2022-03-05,"Jazz","","• Mike Conley Jr.","placed on IL with right knee injury","Mike Conley","2021-22"
2022-03-07,"Jazz","• Mike Conley Jr.","","activated from IL","Mike Conley","2021-22"
2022-03-19,"Jazz","","• Mike Conley Jr.","placed on IL with right knee injury","Mike Conley","2021-22"
2022-03-21,"Jazz","• Mike Conley Jr.","","activated from IL","Mike Conley","2021-22"
2022-04-06,"Jazz","","• Mike Conley Jr.","placed on IL with right knee injury","Mike Conley","2021-22"
2022-04-08,"Jazz","• Mike Conley Jr.","","activated from IL","Mike Conley","2021-22"
2022-11-20,"Jazz","","• Mike Conley Jr.","left knee injury (DTD)","Mike Conley","2022-23"
2015-01-03,"Bulls","","• Mike Dunleavy Jr.","placed on IL with right ankle injury","Mike Dunleavy","2014-15"
2015-02-10,"Bulls","• Mike Dunleavy Jr.","","activated from IL","Mike Dunleavy","2014-15"
2021-12-26,"Hornets","","• Miles Bridges","placed on IL with NBA health and safety protocols","Miles Bridges","2021-22"
2022-01-02,"Hornets","• Miles Bridges","","activated from IL","Miles Bridges","2021-22"
2014-03-04,"Suns","","• Miles Plumlee","sprained right knee (DNP)","Miles Plumlee","2013-14"
2014-03-06,"Suns","","• Miles Plumlee","sprained right knee (DNP)","Miles Plumlee","2013-14"
2017-10-11,"Hawks","","• Miles Plumlee","strained right quadriceps (DTD)","Miles Plumlee","2017-18"
2017-10-18,"Hawks","","• Miles Plumlee","placed on IL with strained right quadriceps","Miles Plumlee","2017-18"
2017-11-15,"Hawks","• Miles Plumlee","","activated from IL","Miles Plumlee","2017-18"
2017-11-20,"Hawks","• Miles Plumlee","","activated from IL","Miles Plumlee","2017-18"
2017-10-22,"Clippers","","• Milos Teodosic / Milos Tedosic","plantar fascia in left foot (out indefinitely)","Milos Teodosic","2017-18"
2017-10-24,"Clippers","","• Milos Teodosic / Milos Tedosic","placed on IL with plantar fascia in left foot","Milos Teodosic","2017-18"
2017-12-11,"Clippers","• Milos Teodosic / Milos Tedosic","","activated from IL","Milos Teodosic","2017-18"
2017-12-15,"Clippers","","• Milos Teodosic / Milos Tedosic","placed on IL for rest","Milos Teodosic","2017-18"
2017-12-16,"Clippers","• Milos Teodosic / Milos Tedosic","","activated from IL","Milos Teodosic","2017-18"
2017-12-22,"Clippers","","• Milos Teodosic / Milos Tedosic","rest (DTD)","Milos Teodosic","2017-18"
2017-12-23,"Clippers","• Milos Teodosic / Milos Tedosic","","returned to lineup","Milos Teodosic","2017-18"
2018-01-06,"Clippers","","• Milos Teodosic / Milos Tedosic","sore plantar fascia in left foot (DTD)","Milos Teodosic","2017-18"
2018-01-11,"Clippers","• Milos Teodosic / Milos Tedosic","","returned to lineup","Milos Teodosic","2017-18"
2018-02-09,"Clippers","","• Milos Teodosic / Milos Tedosic","sore right foot (DTD)","Milos Teodosic","2017-18"
2018-02-12,"Clippers","• Milos Teodosic / Milos Tedosic","","returned to lineup","Milos Teodosic","2017-18"
2018-03-28,"Clippers","","• Milos Teodosic / Milos Tedosic","plantar fascia in left foot (out for season)","Milos Teodosic","2017-18"
2021-11-08,"Knicks","","• Mitchell Robinson","placed on IL with hip flexor injury","Mitchell Robinson","2021-22"
2021-11-10,"Knicks","• Mitchell Robinson","","activated from IL","Mitchell Robinson","2021-22"
2021-11-21,"Knicks","","• Mitchell Robinson","placed on IL with concussion","Mitchell Robinson","2021-22"
2021-11-26,"Knicks","• Mitchell Robinson","","activated from IL","Mitchell Robinson","2021-22"
2022-01-01,"Knicks","","• Mitchell Robinson","placed on IL with NBA health and safety protocols","Mitchell Robinson","2021-22"
2022-01-03,"Knicks","• Mitchell Robinson","","activated from IL","Mitchell Robinson","2021-22"
2022-01-24,"Knicks","","• Mitchell Robinson","placed on IL with sprained left ankle","Mitchell Robinson","2021-22"
2022-01-26,"Knicks","• Mitchell Robinson","","activated from IL","Mitchell Robinson","2021-22"
2022-02-08,"Knicks","","• Mitchell Robinson","placed on IL with sore lower back","Mitchell Robinson","2021-22"
2022-02-10,"Knicks","• Mitchell Robinson","","activated from IL","Mitchell Robinson","2021-22"
2022-03-23,"Knicks","","• Mitchell Robinson","sore lower back (DTD)","Mitchell Robinson","2021-22"
2022-03-25,"Knicks","• Mitchell Robinson","","returned to lineup","Mitchell Robinson","2021-22"
2022-04-06,"Knicks","","• Mitchell Robinson","illness (out for season)","Mitchell Robinson","2021-22"
2022-11-05,"Knicks","","• Mitchell Robinson","placed on IL with sprained right knee","Mitchell Robinson","2022-23"
2022-11-20,"Knicks","• Mitchell Robinson","","activated from IL","Mitchell Robinson","2022-23"
2023-01-20,"Knicks","","• Mitchell Robinson","placed on IL with fractured right thumb","Mitchell Robinson","2022-23"
2023-02-24,"Knicks","• Mitchell Robinson","","activated from IL","Mitchell Robinson","2022-23"
2021-11-27,"Magic","","• Mohamed Bamba / Mo Bamba","lower back spasms (DTD)","Mo Bamba","2021-22"
2021-11-29,"Magic","• Mohamed Bamba / Mo Bamba","","returned to lineup","Mo Bamba","2021-22"
2021-12-15,"Magic","","• Mohamed Bamba / Mo Bamba","sprained right ankle (DTD)","Mo Bamba","2021-22"
2021-12-17,"Magic","","• Mohamed Bamba / Mo Bamba","placed on IL with NBA health and safety protocols","Mo Bamba","2021-22"
2022-01-02,"Magic","• Mohamed Bamba / Mo Bamba","","activated from IL","Mo Bamba","2021-22"
2022-01-12,"Magic","","• Mohamed Bamba / Mo Bamba","placed on IL with sprained right toe","Mo Bamba","2021-22"
2022-01-15,"Magic","• Mohamed Bamba / Mo Bamba","","activated from IL","Mo Bamba","2021-22"
2015-03-28,"Mavericks","","• Monta Ellis","right calf injury (DTD)","Monta Ellis","2014-15"
2015-03-29,"Mavericks","","• Monta Ellis","placed on IL with right calf injury","Monta Ellis","2014-15"
2015-04-01,"Mavericks","• Monta Ellis","","activated from IL","Monta Ellis","2014-15"
2015-04-15,"Mavericks","• Monta Ellis","","activated from IL","Monta Ellis","2014-15"
2016-04-13,"Pacers","","• Monta Ellis","rest (DTD)","Monta Ellis","2015-16"
2016-04-16,"Pacers","• Monta Ellis","","returned to lineup","Monta Ellis","2015-16"
2016-12-12,"Pacers","","• Monta Ellis","placed on IL with strained right groin","Monta Ellis","2016-17"
2016-12-28,"Pacers","• Monta Ellis","","activated from IL","Monta Ellis","2016-17"
2021-12-28,"Nuggets","","• Monte Morris","placed on IL with sore left knee","Monté Morris","2021-22"
2021-12-31,"Nuggets","","• Monte Morris","placed on IL with NBA health and safety protocols","Monté Morris","2021-22"
2022-01-05,"Nuggets","• Monte Morris","","activated from IL","Monté Morris","2021-22"
2022-02-10,"Nuggets","","• Monte Morris","placed on IL with concussion","Monté Morris","2021-22"
2022-02-16,"Nuggets","• Monte Morris","","activated from IL","Monté Morris","2021-22"
2022-04-10,"Nuggets","","• Monte Morris","placed on IL with sore left elbow","Monté Morris","2021-22"
2022-04-15,"Nuggets","• Monte Morris","","activated from IL","Monté Morris","2021-22"
2022-11-20,"Wizards","","• Monte Morris","placed on IL with sore right ankle","Monté Morris","2022-23"
2022-11-27,"Wizards","• Monte Morris","","activated from IL","Monté Morris","2022-23"
2022-12-10,"Wizards","","• Monte Morris","placed on IL with left groin injury","Monté Morris","2022-23"
2022-12-12,"Wizards","• Monte Morris","","activated from IL","Monté Morris","2022-23"
2023-01-25,"Wizards","","• Monte Morris","placed on IL with right hamstring, rib injuries","Monté Morris","2022-23"
2023-01-28,"Wizards","• Monte Morris","","activated from IL","Monté Morris","2022-23"
2023-02-08,"Wizards","","• Monte Morris","placed on IL with back injury","Monté Morris","2022-23"
2023-02-11,"Wizards","• Monte Morris","","activated from IL","Monté Morris","2022-23"
2023-02-26,"Wizards","","• Monte Morris","placed on IL with sore lower back","Monté Morris","2022-23"
2023-03-08,"Wizards","• Monte Morris","","activated from IL","Monté Morris","2022-23"
2023-03-26,"Wizards","","• Monte Morris","placed on IL with left groin injury","Monté Morris","2022-23"
2023-03-28,"Wizards","• Monte Morris","","activated from IL","Monté Morris","2022-23"
2023-04-02,"Wizards","","• Monte Morris","placed on IL with sore right ankle","Monté Morris","2022-23"
2015-10-28,"Pacers","","• Myles Turner","sore right ankle (DTD)","Myles Turner","2015-16"
2015-10-29,"Pacers","• Myles Turner","","returned to lineup","Myles Turner","2015-16"
2015-11-12,"Pacers","","• Myles Turner","chip fracture in left thumb (out indefinitely)","Myles Turner","2015-16"
2015-11-16,"Pacers","","• Myles Turner","surgery on left thumb to repair chip fracture and torn ligament (out indefinitely)","Myles Turner","2015-16"
2015-11-27,"Pacers","","• Myles Turner","recovering from surgery on left thumb to repair chip fracture and torn ligament (out indefinitely)","Myles Turner","2015-16"
2015-12-30,"Pacers","• Myles Turner","","returned to lineup","Myles Turner","2015-16"
2016-11-21,"Pacers","","• Myles Turner","sprained right ankle (DTD)","Myles Turner","2016-17"
2016-11-23,"Pacers","• Myles Turner","","returned to lineup","Myles Turner","2016-17"
2017-10-19,"Pacers","","• Myles Turner","sore neck (DTD)","Myles Turner","2017-18"
2017-10-20,"Pacers","","• Myles Turner","placed on IL with concussion","Myles Turner","2017-18"
2017-11-03,"Pacers","• Myles Turner","","activated from IL","Myles Turner","2017-18"
2018-01-10,"Pacers","","• Myles Turner","right elbow injury (DTD)","Myles Turner","2017-18"
2018-01-27,"Pacers","• Myles Turner","","activated from IL","Myles Turner","2017-18"
2018-03-17,"Pacers","","• Myles Turner","placed on IL with sprained left ankle","Myles Turner","2017-18"
2018-03-19,"Pacers","• Myles Turner","","activated from IL","Myles Turner","2017-18"
2018-11-23,"Pacers","","• Myles Turner","placed on IL with sore left ankle","Myles Turner","2018-19"
2018-11-26,"Pacers","• Myles Turner","","activated from IL","Myles Turner","2018-19"
2019-01-06,"Pacers","","• Myles Turner","placed on IL with sore right shoulder","Myles Turner","2018-19"
2019-01-15,"Pacers","• Myles Turner","","activated from IL","Myles Turner","2018-19"
2019-02-22,"Pacers","","• Myles Turner","placed on IL with bruised left hip","Myles Turner","2018-19"
2019-02-25,"Pacers","• Myles Turner","","activated from IL","Myles Turner","2018-19"
2019-04-10,"Pacers","","• Myles Turner","placed on IL with sore right ankle","Myles Turner","2018-19"
2019-04-13,"Pacers","• Myles Turner","","activated from IL","Myles Turner","2018-19"
2019-10-31,"Pacers","","• Myles Turner","sprained right ankle (out indefinitely)","Myles Turner","2019-20"
2019-11-01,"Pacers","","• Myles Turner","placed on IL with sprained right ankle","Myles Turner","2019-20"
2019-11-16,"Pacers","• Myles Turner","","activated from IL","Myles Turner","2019-20"
2020-01-26,"Pacers","","• Myles Turner","placed on IL with illness","Myles Turner","2019-20"
2020-01-31,"Pacers","• Myles Turner","","activated from IL","Myles Turner","2019-20"
2021-01-17,"Pacers","","• Myles Turner","placed on IL with fractured right hand","Myles Turner","2020-21"
2021-01-22,"Pacers","• Myles Turner","","activated from IL","Myles Turner","2020-21"
2021-03-22,"Pacers","","• Myles Turner","placed on IL with sprained left ankle","Myles Turner","2020-21"
2021-03-24,"Pacers","• Myles Turner","","activated from IL","Myles Turner","2020-21"
2021-04-07,"Pacers","","• Myles Turner","placed on IL with sprained left ankle","Myles Turner","2020-21"
2021-04-18,"Pacers","• Myles Turner","","activated from IL","Myles Turner","2020-21"
2021-04-19,"Pacers","","• Myles Turner","placed on IL with right big toe injury (out for season)","Myles Turner","2020-21"
2021-11-29,"Pacers","","• Myles Turner","placed on IL with illness","Myles Turner","2021-22"
2021-12-01,"Pacers","• Myles Turner","","activated from IL","Myles Turner","2021-22"
2022-01-16,"Pacers","","• Myles Turner","placed on IL with sore left foot (out for season)","Myles Turner","2021-22"
2022-10-19,"Pacers","","• Myles Turner","ankle injury (DTD)","Myles Turner","2022-23"
2022-10-26,"Pacers","• Myles Turner","","returned to lineup","Myles Turner","2022-23"
2022-12-05,"Pacers","","• Myles Turner","placed on IL with right hamstring injury","Myles Turner","2022-23"
2022-12-07,"Pacers","• Myles Turner","","activated from IL","Myles Turner","2022-23"
2023-01-11,"Pacers","","• Myles Turner","back spasms (DTD)","Myles Turner","2022-23"
2023-01-13,"Pacers","","• Myles Turner","placed on IL with back spasms","Myles Turner","2022-23"
2023-01-16,"Pacers","• Myles Turner","","activated from IL","Myles Turner","2022-23"
2023-03-11,"Pacers","","• Myles Turner","placed on IL with sore lower back","Myles Turner","2022-23"
2023-03-16,"Pacers","• Myles Turner","","activated from IL","Myles Turner","2022-23"
2023-03-25,"Pacers","","• Myles Turner","placed on IL with sore lower back","Myles Turner","2022-23"
2023-03-29,"Pacers","","• Myles Turner","placed on IL with sore left ankle","Myles Turner","2022-23"
2019-01-22,"Kings","","• Nemanja Bjelica","tightness in lower back (DTD)","Nemanja Bjelica","2018-19"
2019-01-25,"Kings","• Nemanja Bjelica","","returned to lineup","Nemanja Bjelica","2018-19"
2019-03-29,"Kings","","• Nemanja Bjelica","illness (DTD)","Nemanja Bjelica","2018-19"
2019-03-31,"Kings","• Nemanja Bjelica","","returned to lineup","Nemanja Bjelica","2018-19"
2013-11-01,"Wizards","","• Nene / Nene Hilario / Maybyner Hilario","strained left calf (DNP)","Nene","2013-14"
2013-11-03,"Wizards","","• Nene / Nene Hilario / Maybyner Hilario","strained left calf (DNP)","Nene","2013-14"
2013-11-29,"Wizards","","• Nene / Nene Hilario / Maybyner Hilario","sore right Achilles (DNP)","Nene","2013-14"
2013-12-09,"Wizards","","• Nene / Nene Hilario / Maybyner Hilario","right foot injury (DTD)","Nene","2013-14"
2013-12-13,"Wizards","","• Nene / Nene Hilario / Maybyner Hilario","right foot tendinitis (DNP)","Nene","2013-14"
2013-12-14,"Wizards","","• Nene / Nene Hilario / Maybyner Hilario","right foot tendinitis (DNP)","Nene","2013-14"
2013-12-16,"Wizards","","• Nene / Nene Hilario / Maybyner Hilario","placed on IL with right foot tendinitis","Nene","2013-14"
2013-12-18,"Wizards","• Nene / Nene Hilario / Maybyner Hilario","","activated from IL","Nene","2013-14"
2014-02-24,"Wizards","","• Nene / Nene Hilario / Maybyner Hilario","sprained MCL in right knee (P) / left knee injury (CBC) (out indefinitely)","Nene","2013-14"
2014-02-25,"Wizards","","• Nene / Nene Hilario / Maybyner Hilario","placed on IL with left knee injury","Nene","2013-14"
2014-04-09,"Wizards","• Nene / Nene Hilario / Maybyner Hilario","","activated from IL","Nene","2013-14"
2014-04-12,"Wizards","","• Nene / Nene Hilario / Maybyner Hilario","placed on IL with knee injury","Nene","2013-14"
2014-04-14,"Wizards","• Nene / Nene Hilario / Maybyner Hilario","","activated from IL","Nene","2013-14"
2014-11-25,"Wizards","","• Nene / Nene Hilario / Maybyner Hilario","plantar faciitis in right foot (DTD)","Nene","2014-15"
2014-12-05,"Wizards","• Nene / Nene Hilario / Maybyner Hilario","","returned to lineup","Nene","2014-15"
2014-12-08,"Wizards","","• Nene / Nene Hilario / Maybyner Hilario","sore left (P) / right knee (DTD)","Nene","2014-15"
2014-12-10,"Wizards","• Nene / Nene Hilario / Maybyner Hilario","","returned to lineup","Nene","2014-15"
2015-01-28,"Wizards","","• Nene / Nene Hilario / Maybyner Hilario","placed on IL with foot injury","Nene","2014-15"
2015-01-31,"Wizards","• Nene / Nene Hilario / Maybyner Hilario","","activated from IL","Nene","2014-15"
2015-03-12,"Wizards","","• Nene / Nene Hilario / Maybyner Hilario","personal reasons (DTD)","Nene","2014-15"
2015-03-16,"Wizards","• Nene / Nene Hilario / Maybyner Hilario","","returned to lineup","Nene","2014-15"
2015-04-04,"Wizards","","• Nene / Nene Hilario / Maybyner Hilario","personal reasons (DTD)","Nene","2014-15"
2015-04-04,"Wizards","","• Nene / Nene Hilario / Maybyner Hilario","placed on IL for rest","Nene","2014-15"
2015-04-10,"Wizards","• Nene / Nene Hilario / Maybyner Hilario","","activated from IL","Nene","2014-15"
2015-04-14,"Wizards","","• Nene / Nene Hilario / Maybyner Hilario","placed on IL with shoulder injury","Nene","2014-15"
2015-04-18,"Wizards","• Nene / Nene Hilario / Maybyner Hilario","","activated from IL","Nene","2014-15"
2017-10-25,"Rockets","","• Nene / Nene Hilario / Maybyner Hilario","placed on IL with sore left Achilles","Nene","2017-18"
2017-10-28,"Rockets","• Nene / Nene Hilario / Maybyner Hilario","","activated from IL","Nene","2017-18"
2017-11-12,"Rockets","","• Nene / Nene Hilario / Maybyner Hilario","sore ankle (DTD)","Nene","2017-18"
2017-11-14,"Rockets","","• Nene / Nene Hilario / Maybyner Hilario","sprained right foot (DTD)","Nene","2017-18"
2017-11-16,"Rockets","• Nene / Nene Hilario / Maybyner Hilario","","returned to lineup","Nene","2017-18"
2017-11-26,"Rockets","","• Nene / Nene Hilario / Maybyner Hilario","strained right shoulder (DTD)","Nene","2017-18"
2017-11-29,"Rockets","• Nene / Nene Hilario / Maybyner Hilario","","returned to lineup","Nene","2017-18"
2017-12-07,"Rockets","","• Nene / Nene Hilario / Maybyner Hilario","scratched cornea (DTD)","Nene","2017-18"
2017-12-09,"Rockets","• Nene / Nene Hilario / Maybyner Hilario","","returned to lineup","Nene","2017-18"
2017-12-29,"Rockets","","• Nene / Nene Hilario / Maybyner Hilario","undisclosed (DTD)","Nene","2017-18"
2017-12-31,"Rockets","• Nene / Nene Hilario / Maybyner Hilario","","returned to lineup","Nene","2017-18"
2018-01-04,"Rockets","","• Nene / Nene Hilario / Maybyner Hilario","placed on IL with bruised right knee","Nene","2017-18"
2018-01-18,"Rockets","• Nene / Nene Hilario / Maybyner Hilario","","activated from IL","Nene","2017-18"
2018-03-30,"Rockets","","• Nene / Nene Hilario / Maybyner Hilario","placed on IL with sore lower back","Nene","2017-18"
2018-04-03,"Rockets","• Nene / Nene Hilario / Maybyner Hilario","","activated from IL","Nene","2017-18"
2014-11-07,"76ers","","• Nerlens Noel","sprained left ankle (DTD)","Nerlens Noel","2014-15"
2014-11-13,"76ers","• Nerlens Noel","","returned to lineup","Nerlens Noel","2014-15"
2014-12-01,"76ers","","• Nerlens Noel","hip flexor injury (DNP)","Nerlens Noel","2014-15"
2014-12-03,"76ers","• Nerlens Noel","","returned to lineup","Nerlens Noel","2014-15"
2015-01-21,"76ers","","• Nerlens Noel","illness / upper respiratory infection (DTD)","Nerlens Noel","2014-15"
2015-01-23,"76ers","• Nerlens Noel","","returned to lineup","Nerlens Noel","2014-15"
2015-04-10,"76ers","","• Nerlens Noel","sprained right ankle (out for season)","Nerlens Noel","2014-15"
2015-11-09,"76ers","","• Nerlens Noel","sore left wrist (DTD)","Nerlens Noel","2015-16"
2015-11-13,"76ers","• Nerlens Noel","","returned to lineup","Nerlens Noel","2015-16"
2015-11-27,"76ers","","• Nerlens Noel","sore right knee (DTD)","Nerlens Noel","2015-16"
2015-12-01,"76ers","• Nerlens Noel","","returned to lineup","Nerlens Noel","2015-16"
2015-12-14,"76ers","","• Nerlens Noel","left eye corneal abrasion (DTD)","Nerlens Noel","2015-16"
2015-12-18,"76ers","• Nerlens Noel","","returned to lineup","Nerlens Noel","2015-16"
2016-02-10,"76ers","","• Nerlens Noel","right knee patella tendinitis (DTD)","Nerlens Noel","2015-16"
2016-02-19,"76ers","• Nerlens Noel","","returned to lineup","Nerlens Noel","2015-16"
2016-03-04,"76ers","","• Nerlens Noel","bruised right knee (DTD)","Nerlens Noel","2015-16"
2016-03-09,"76ers","• Nerlens Noel","","returned to lineup","Nerlens Noel","2015-16"
2016-03-23,"76ers","","• Nerlens Noel","bruised right knee (DTD)","Nerlens Noel","2015-16"
2016-04-05,"76ers","• Nerlens Noel","","returned to lineup","Nerlens Noel","2015-16"
2016-10-21,"76ers","","• Nerlens Noel","surgery on left knee (out indefinitely) (date approximate)","Nerlens Noel","2016-17"
2016-10-26,"76ers","","• Nerlens Noel","placed on IL recovering from surgery on left knee","Nerlens Noel","2016-17"
2016-12-11,"76ers","• Nerlens Noel","","activated from IL","Nerlens Noel","2016-17"
2016-12-14,"76ers","","• Nerlens Noel","sprained left ankle (DTD)","Nerlens Noel","2016-17"
2016-12-16,"76ers","• Nerlens Noel","","returned to lineup","Nerlens Noel","2016-17"
2017-01-16,"76ers","","• Nerlens Noel","sprained left ankle (DTD)","Nerlens Noel","2016-17"
2017-01-18,"76ers","• Nerlens Noel","","returned to lineup","Nerlens Noel","2016-17"
2017-02-02,"76ers","","• Nerlens Noel","upper respiratory infection (DTD)","Nerlens Noel","2016-17"
2017-02-04,"76ers","• Nerlens Noel","","returned to lineup","Nerlens Noel","2016-17"
2017-03-10,"Mavericks","","• Nerlens Noel","placed on IL with sore left knee","Nerlens Noel","2016-17"
2017-03-15,"Mavericks","• Nerlens Noel","","activated from IL","Nerlens Noel","2016-17"
2021-01-04,"Knicks","","• Nerlens Noel","sprained left ankle (DTD)","Nerlens Noel","2020-21"
2021-01-06,"Knicks","","• Nerlens Noel","placed on IL with sprained left ankle","Nerlens Noel","2020-21"
2021-01-08,"Knicks","• Nerlens Noel","","activated from IL","Nerlens Noel","2020-21"
2021-01-31,"Knicks","","• Nerlens Noel","left groin injury (DTD)","Nerlens Noel","2020-21"
2021-02-01,"Knicks","• Nerlens Noel","","returned to lineup","Nerlens Noel","2020-21"
2021-02-06,"Knicks","","• Nerlens Noel","placed on IL with sore left knee","Nerlens Noel","2020-21"
2021-02-09,"Knicks","• Nerlens Noel","","activated from IL","Nerlens Noel","2020-21"
2021-03-25,"Knicks","","• Nerlens Noel","sore right shoulder (DTD)","Nerlens Noel","2020-21"
2021-03-27,"Knicks","• Nerlens Noel","","returned to lineup","Nerlens Noel","2020-21"
2021-04-14,"Knicks","","• Nerlens Noel","sore right ankle (DTD)","Nerlens Noel","2020-21"
2021-04-16,"Knicks","• Nerlens Noel","","returned to lineup","Nerlens Noel","2020-21"
2014-11-11,"Blazers","","• Nicolas Batum","placed on IL with right knee injury","Nicolas Batum","2014-15"
2014-11-21,"Blazers","• Nicolas Batum","","activated from IL","Nicolas Batum","2014-15"
2014-12-19,"Blazers","","• Nicolas Batum","placed on IL with left knee injury","Nicolas Batum","2014-15"
2014-12-20,"Blazers","• Nicolas Batum","","activated from IL","Nicolas Batum","2014-15"
2014-12-23,"Blazers","","• Nicolas Batum","placed on IL with wrist injury","Nicolas Batum","2014-15"
2014-12-26,"Blazers","• Nicolas Batum","","activated from IL","Nicolas Batum","2014-15"
2015-01-24,"Blazers","","• Nicolas Batum","sprained right wrist (DTD)","Nicolas Batum","2014-15"
2015-01-28,"Blazers","• Nicolas Batum","","returned to lineup","Nicolas Batum","2014-15"
2015-03-24,"Blazers","","• Nicolas Batum","lower back injury (DTD)","Nicolas Batum","2014-15"
2015-03-27,"Blazers","• Nicolas Batum","","returned to lineup","Nicolas Batum","2014-15"
2015-04-06,"Blazers","","• Nicolas Batum","sprained lower back (DTD)","Nicolas Batum","2014-15"
2015-04-08,"Blazers","• Nicolas Batum","","returned to lineup","Nicolas Batum","2014-15"
2015-04-15,"Blazers","","• Nicolas Batum","sprained right knee (DTD)","Nicolas Batum","2014-15"
2015-04-19,"Blazers","• Nicolas Batum","","returned to lineup","Nicolas Batum","2014-15"
2016-11-26,"Hornets","","• Nicolas Batum","corneal abrasion (DTD)","Nicolas Batum","2016-17"
2016-11-28,"Hornets","• Nicolas Batum","","returned to lineup","Nicolas Batum","2016-17"
2017-01-06,"Hornets","","• Nicolas Batum","hyperextended/strained right knee (DTD)","Nicolas Batum","2016-17"
2017-01-07,"Hornets","","• Nicolas Batum","placed on IL with hyperextended/strained right knee","Nicolas Batum","2016-17"
2017-01-10,"Hornets","• Nicolas Batum","","activated from IL","Nicolas Batum","2016-17"
2017-01-10,"Hornets","","• Nicolas Batum","hyperextended/strained right knee (DTD)","Nicolas Batum","2016-17"
2017-01-13,"Hornets","• Nicolas Batum","","returned to lineup","Nicolas Batum","2016-17"
2017-03-13,"Hornets","","• Nicolas Batum","migraine headache (DTD)","Nicolas Batum","2016-17"
2017-03-18,"Hornets","• Nicolas Batum","","returned to lineup","Nicolas Batum","2016-17"
2017-10-05,"Hornets","","• Nicolas Batum","torn ligament in left elbow (out indefinitely)","Nicolas Batum","2017-18"
2017-10-17,"Hornets","","• Nicolas Batum","placed on IL with torn ligament in left elbow","Nicolas Batum","2017-18"
2017-11-15,"Hornets","• Nicolas Batum","","activated from IL","Nicolas Batum","2017-18"
2017-11-24,"Hornets","","• Nicolas Batum","ulnar nerve contusion (DTD)","Nicolas Batum","2017-18"
2017-11-25,"Hornets","• Nicolas Batum","","returned to lineup","Nicolas Batum","2017-18"
2017-12-11,"Hornets","","• Nicolas Batum","placed on IL with sore left elbow","Nicolas Batum","2017-18"
2017-12-13,"Hornets","• Nicolas Batum","","activated from IL","Nicolas Batum","2017-18"
2018-03-18,"Hornets","","• Nicolas Batum","left Achilles tendinitis (DTD)","Nicolas Batum","2017-18"
2018-03-21,"Hornets","","• Nicolas Batum","sore left Achilles (DTD)","Nicolas Batum","2017-18"
2018-03-22,"Hornets","","• Nicolas Batum","placed on IL with tendinitis in left Achilles","Nicolas Batum","2017-18"
2018-03-26,"Hornets","• Nicolas Batum","","activated from IL","Nicolas Batum","2017-18"
2019-03-11,"Hornets","","• Nicolas Batum","right eye injury (DTD)","Nicolas Batum","2018-19"
2019-03-15,"Hornets","• Nicolas Batum","","returned to lineup","Nicolas Batum","2018-19"
2019-03-23,"Hornets","","• Nicolas Batum","placed on IL with illness","Nicolas Batum","2018-19"
2019-03-29,"Hornets","• Nicolas Batum","","activated from IL","Nicolas Batum","2018-19"
2021-01-31,"Clippers","","• Nicolas Batum","left groin injury (DTD)","Nicolas Batum","2020-21"
2021-02-02,"Clippers","• Nicolas Batum","","returned to lineup","Nicolas Batum","2020-21"
2021-02-15,"Clippers","","• Nicolas Batum","placed on IL with concussion","Nicolas Batum","2020-21"
2021-02-19,"Clippers","• Nicolas Batum","","activated from IL","Nicolas Batum","2020-21"
2021-10-20,"Clippers","","• Nicolas Batum","personal reasons (DTD)","Nicolas Batum","2021-22"
2021-10-22,"Clippers","• Nicolas Batum","","returned to lineup","Nicolas Batum","2021-22"
2021-11-18,"Clippers","","• Nicolas Batum","sore right Achilles (DTD)","Nicolas Batum","2021-22"
2021-11-19,"Clippers","• Nicolas Batum","","returned to lineup","Nicolas Batum","2021-22"
2021-11-21,"Clippers","","• Nicolas Batum","NBA health and safety protocols (DTD)","Nicolas Batum","2021-22"
2021-11-23,"Clippers","","• Nicolas Batum","placed on IL with NBA health and safety protocols","Nicolas Batum","2021-22"
2021-12-08,"Clippers","• Nicolas Batum","","activated from IL","Nicolas Batum","2021-22"
2021-12-11,"Clippers","","• Nicolas Batum","placed on IL with sprained right ankle","Nicolas Batum","2021-22"
2021-12-18,"Clippers","• Nicolas Batum","","activated from IL","Nicolas Batum","2021-22"
2021-12-27,"Clippers","","• Nicolas Batum","placed on IL with sprained right ankle","Nicolas Batum","2021-22"
2022-01-06,"Clippers","• Nicolas Batum","","activated from IL","Nicolas Batum","2021-22"
2022-01-19,"Clippers","","• Nicolas Batum","placed on IL with NBA health and safety protocols","Nicolas Batum","2021-22"
2022-01-21,"Clippers","• Nicolas Batum","","activated from IL","Nicolas Batum","2021-22"
2022-01-30,"Clippers","","• Nicolas Batum","placed on IL with sore lower back","Nicolas Batum","2021-22"
2022-01-31,"Clippers","• Nicolas Batum","","activated from IL","Nicolas Batum","2021-22"
2022-04-01,"Clippers","","• Nicolas Batum","sore left ankle (DTD)","Nicolas Batum","2021-22"
2022-04-02,"Clippers","• Nicolas Batum","","returned to lineup","Nicolas Batum","2021-22"
2022-04-10,"Clippers","","• Nicolas Batum","sore left ankle (out for season)","Nicolas Batum","2021-22"
2023-01-05,"Clippers","","• Nicolas Batum","placed on IL with sprained left ankle","Nicolas Batum","2022-23"
2023-01-08,"Clippers","• Nicolas Batum","","activated from IL","Nicolas Batum","2022-23"
2022-12-09,"Nets","","• Nicolas Claxton / Nic Claxton","placed on IL with right hamstring injury","Nic Claxton","2022-23"
2022-12-12,"Nets","• Nicolas Claxton / Nic Claxton","","activated from IL","Nic Claxton","2022-23"
2023-02-09,"Nets","","• Nicolas Claxton / Nic Claxton","placed on IL with hamstring injury","Nic Claxton","2022-23"
2023-02-11,"Nets","• Nicolas Claxton / Nic Claxton","","activated from IL","Nic Claxton","2022-23"
2023-03-08,"Nets","","• Nicolas Claxton / Nic Claxton","placed on IL with various injuries","Nic Claxton","2022-23"
2023-03-10,"Nets","• Nicolas Claxton / Nic Claxton","","activated from IL","Nic Claxton","2022-23"
2015-11-03,"Nuggets","","• Nikola Jokic","strained lower back (DTD)","Nikola Jokić","2015-16"
2015-11-05,"Nuggets","• Nikola Jokic","","returned to lineup","Nikola Jokić","2015-16"
2016-12-02,"Nuggets","","• Nikola Jokic","placed on IL with sore left wrist","Nikola Jokić","2016-17"
2016-12-07,"Nuggets","• Nikola Jokic","","activated from IL","Nikola Jokić","2016-17"
2017-01-06,"Nuggets","","• Nikola Jokic","illness (DTD)","Nikola Jokić","2016-17"
2017-01-12,"Nuggets","• Nikola Jokic","","returned to lineup","Nikola Jokić","2016-17"
2017-01-27,"Nuggets","","• Nikola Jokic","strained left hip flexor (DTD)","Nikola Jokić","2016-17"
2017-02-01,"Nuggets","","• Nikola Jokic","placed on IL with strained left hip flexor","Nikola Jokić","2016-17"
2017-02-03,"Nuggets","• Nikola Jokic","","activated from IL","Nikola Jokić","2016-17"
2017-03-06,"Nuggets","","• Nikola Jokic","placed on IL with illness","Nikola Jokić","2016-17"
2017-03-10,"Nuggets","• Nikola Jokic","","activated from IL","Nikola Jokić","2016-17"
2021-11-19,"Nuggets","","• Nikola Jokic","placed on IL with sprained right wrist","Nikola Jokić","2021-22"
2021-11-29,"Nuggets","• Nikola Jokic","","activated from IL","Nikola Jokić","2021-22"
2022-02-02,"Nuggets","","• Nikola Jokic","placed on IL with toe injury","Nikola Jokić","2021-22"
2022-02-03,"Nuggets","• Nikola Jokic","","activated from IL","Nikola Jokić","2021-22"
2022-03-04,"Nuggets","","• Nikola Jokic","placed on IL with illness","Nikola Jokić","2021-22"
2022-03-06,"Nuggets","• Nikola Jokic","","activated from IL","Nikola Jokić","2021-22"
2022-04-10,"Nuggets","","• Nikola Jokic","placed on IL with sore right wrist","Nikola Jokić","2021-22"
2022-04-15,"Nuggets","• Nikola Jokic","","activated from IL","Nikola Jokić","2021-22"
2022-11-16,"Nuggets","","• Nikola Jokic","placed on IL with NBA health and safety protocols","Nikola Jokić","2022-23"
2022-11-22,"Nuggets","• Nikola Jokic","","activated from IL","Nikola Jokić","2022-23"
2023-01-20,"Nuggets","","• Nikola Jokic","placed on IL with left hamstring injury","Nikola Jokić","2022-23"
2023-01-24,"Nuggets","• Nikola Jokic","","activated from IL","Nikola Jokić","2022-23"
2023-01-25,"Nuggets","","• Nikola Jokic","placed on IL with left hamstring injury","Nikola Jokić","2022-23"
2023-01-28,"Nuggets","• Nikola Jokic","","activated from IL","Nikola Jokić","2022-23"
2023-02-05,"Nuggets","","• Nikola Jokic","placed on IL with left hamstring injury","Nikola Jokić","2022-23"
2023-02-06,"Nuggets","• Nikola Jokic","","activated from IL","Nikola Jokić","2022-23"
2023-03-30,"Nuggets","","• Nikola Jokic","placed on IL with right calf injury","Nikola Jokić","2022-23"
2023-04-04,"Nuggets","• Nikola Jokic","","activated from IL","Nikola Jokić","2022-23"
2023-04-06,"Nuggets","","• Nikola Jokic","placed on IL with right calf injury","Nikola Jokić","2022-23"
2023-04-08,"Nuggets","• Nikola Jokic","","activated from IL","Nikola Jokić","2022-23"
2016-01-27,"Bulls","","• Nikola Mirotic","surgery to remove appendix (out indefinitely)","Nikola Mirotic","2015-16"
2016-01-28,"Bulls","","• Nikola Mirotic","recovering from surgery to remove appendix (DTD)","Nikola Mirotic","2015-16"
2016-02-06,"Bulls","","• Nikola Mirotic","placed on IL with recovering from surgery to remove appendix","Nikola Mirotic","2015-16"
2016-03-05,"Bulls","• Nikola Mirotic","","activated from IL","Nikola Mirotic","2015-16"
2017-01-10,"Bulls","","• Nikola Mirotic","placed on IL with flu / strep throat","Nikola Mirotic","2016-17"
2017-01-17,"Bulls","• Nikola Mirotic","","activated from IL","Nikola Mirotic","2016-17"
2017-02-12,"Bulls","","• Nikola Mirotic","back spasms (DTD)","Nikola Mirotic","2016-17"
2017-02-16,"Bulls","• Nikola Mirotic","","returned to lineup","Nikola Mirotic","2016-17"
2017-03-12,"Bulls","","• Nikola Mirotic","placed on IL","Nikola Mirotic","2016-17"
2017-03-13,"Bulls","• Nikola Mirotic","","activated from IL","Nikola Mirotic","2016-17"
2014-01-28,"Timberwolves","","• Nikola Pekovic","bursitis in right ankle (out indefinitely)","Nikola Pekovic","2013-14"
2014-01-29,"Timberwolves","","• Nikola Pekovic","placed on IL with bursitis in right ankle","Nikola Pekovic","2013-14"
2014-03-01,"Timberwolves","• Nikola Pekovic","","activated from IL","Nikola Pekovic","2013-14"
2014-03-16,"Timberwolves","","• Nikola Pekovic","sore right ankle (DNP)","Nikola Pekovic","2013-14"
2014-03-19,"Timberwolves","","• Nikola Pekovic","sore right ankle (DNP)","Nikola Pekovic","2013-14"
2014-03-20,"Timberwolves","","• Nikola Pekovic","sore right ankle (DNP)","Nikola Pekovic","2013-14"
2014-03-23,"Timberwolves","","• Nikola Pekovic","sore right ankle (DNP)","Nikola Pekovic","2013-14"
2014-03-24,"Timberwolves","","• Nikola Pekovic","sore right ankle (DNP)","Nikola Pekovic","2013-14"
2014-03-26,"Timberwolves","","• Nikola Pekovic","sore right ankle (DNP)","Nikola Pekovic","2013-14"
2014-04-02,"Timberwolves","","• Nikola Pekovic","placed on IL with sore right ankle","Nikola Pekovic","2013-14"
2014-04-04,"Timberwolves","","• Nikola Pekovic","sore right ankle (DNP)","Nikola Pekovic","2013-14"
2014-04-05,"Timberwolves","","• Nikola Pekovic","sore right ankle (DNP)","Nikola Pekovic","2013-14"
2014-04-08,"Timberwolves","","• Nikola Pekovic","sore right ankle (DNP)","Nikola Pekovic","2013-14"
2014-04-09,"Timberwolves","","• Nikola Pekovic","sore right ankle (DNP)","Nikola Pekovic","2013-14"
2014-04-11,"Timberwolves","","• Nikola Pekovic","sore right ankle (DNP)","Nikola Pekovic","2013-14"
2014-04-13,"Timberwolves","","• Nikola Pekovic","sore right ankle (DNP)","Nikola Pekovic","2013-14"
2014-04-14,"Timberwolves","","• Nikola Pekovic","sore right ankle (DNP)","Nikola Pekovic","2013-14"
2014-04-16,"Timberwolves","","• Nikola Pekovic","sore right ankle (DNP)","Nikola Pekovic","2013-14"
2014-11-19,"Timberwolves","","• Nikola Pekovic","sprained right wrist (DTD)","Nikola Pekovic","2014-15"
2014-12-21,"Timberwolves","","• Nikola Pekovic","placed on IL with right ankle injury","Nikola Pekovic","2014-15"
2015-01-21,"Timberwolves","• Nikola Pekovic","","activated from IL","Nikola Pekovic","2014-15"
2015-03-02,"Timberwolves","","• Nikola Pekovic","ankle injury (DTD)","Nikola Pekovic","2014-15"
2015-03-04,"Timberwolves","• Nikola Pekovic","","returned to lineup","Nikola Pekovic","2014-15"
2015-03-13,"Timberwolves","","• Nikola Pekovic","sprained right ankle (out for season)","Nikola Pekovic","2014-15"
2015-03-30,"Timberwolves","","• Nikola Pekovic","placed on IL with sprained right ankle (out for season)","Nikola Pekovic","2014-15"
2015-04-08,"Timberwolves","","• Nikola Pekovic","surgery on right Achilles (out for season)","Nikola Pekovic","2014-15"
2013-12-03,"Magic","","• Nikola Vucevic","sprained left ankle (DNP)","Nikola Vučević","2013-14"
2013-12-06,"Magic","","• Nikola Vucevic","sprained left ankle (DNP)","Nikola Vučević","2013-14"
2013-12-08,"Magic","","• Nikola Vucevic","sprained left ankle (DNP)","Nikola Vučević","2013-14"
2013-12-09,"Magic","","• Nikola Vucevic","sprained left ankle (DNP)","Nikola Vučević","2013-14"
2014-01-02,"Magic","","• Nikola Vucevic","sprained left ankle (DNP)","Nikola Vučević","2013-14"
2014-01-04,"Magic","","• Nikola Vucevic","sprained left ankle (DNP)","Nikola Vučević","2013-14"
2014-01-06,"Magic","• Nikola Vucevic","","activated from IL (P)","Nikola Vučević","2013-14"
2014-01-08,"Magic","","• Nikola Vucevic","concussion (DNP)","Nikola Vučević","2013-14"
2014-01-10,"Magic","","• Nikola Vucevic","concussion (DNP)","Nikola Vučević","2013-14"
2014-01-11,"Magic","","• Nikola Vucevic","concussion (DNP)","Nikola Vučević","2013-14"
2014-01-13,"Magic","","• Nikola Vucevic","concussion (DNP)","Nikola Vučević","2013-14"
2014-01-15,"Magic","","• Nikola Vucevic","concussion (DNP)","Nikola Vučević","2013-14"
2014-01-17,"Magic","","• Nikola Vucevic","concussion (DNP)","Nikola Vučević","2013-14"
2014-01-19,"Magic","","• Nikola Vucevic","concussion (DNP)","Nikola Vučević","2013-14"
2014-01-21,"Magic","","• Nikola Vucevic","concussion (DNP)","Nikola Vučević","2013-14"
2014-01-22,"Magic","","• Nikola Vucevic","concussion (DNP)","Nikola Vučević","2013-14"
2014-01-24,"Magic","","• Nikola Vucevic","concussion (DNP)","Nikola Vučević","2013-14"
2014-01-26,"Magic","","• Nikola Vucevic","concussion (DNP)","Nikola Vučević","2013-14"
2014-01-28,"Magic","","• Nikola Vucevic","concussion (DNP)","Nikola Vučević","2013-14"
2014-04-04,"Magic","","• Nikola Vucevic","sore left Achilles (DNP)","Nikola Vučević","2013-14"
2014-04-05,"Magic","","• Nikola Vucevic","sore left Achilles (DNP)","Nikola Vučević","2013-14"
2014-04-09,"Magic","","• Nikola Vucevic","sore left Achilles (DNP)","Nikola Vučević","2013-14"
2014-04-11,"Magic","","• Nikola Vucevic","sore left Achilles (DNP)","Nikola Vučević","2013-14"
2014-04-13,"Magic","","• Nikola Vucevic","sore left Achilles (DNP)","Nikola Vučević","2013-14"
2014-04-14,"Magic","","• Nikola Vucevic","sore left Achilles (DNP)","Nikola Vučević","2013-14"
2014-04-16,"Magic","","• Nikola Vucevic","sore left Achilles (DNP)","Nikola Vučević","2013-14"
2014-12-02,"Magic","","• Nikola Vucevic","back spasms (DTD)","Nikola Vučević","2014-15"
2014-12-06,"Magic","","• Nikola Vucevic","placed on IL with back spasms","Nikola Vučević","2014-15"
2014-12-13,"Magic","• Nikola Vucevic","","activated from IL","Nikola Vučević","2014-15"
2015-03-06,"Magic","","• Nikola Vucevic","sore left ankle (DTD)","Nikola Vučević","2014-15"
2015-03-10,"Magic","• Nikola Vucevic","","returned to lineup","Nikola Vučević","2014-15"
2015-11-04,"Magic","","• Nikola Vucevic","sprained right knee (DTD)","Nikola Vučević","2015-16"
2015-11-06,"Magic","","• Nikola Vucevic","placed on IL with bone bruise in right knee","Nikola Vučević","2015-16"
2015-11-11,"Magic","• Nikola Vucevic","","activated from IL","Nikola Vučević","2015-16"
2016-03-07,"Magic","","• Nikola Vucevic","strained right groin (DTD)","Nikola Vučević","2015-16"
2016-03-08,"Magic","","• Nikola Vucevic","placed on IL with strained right groin","Nikola Vučević","2015-16"
2016-03-31,"Magic","• Nikola Vucevic","","activated from IL","Nikola Vučević","2015-16"
2016-04-11,"Magic","","• Nikola Vucevic","right groin injury (DTD)","Nikola Vučević","2015-16"
2016-04-13,"Magic","• Nikola Vucevic","","returned to lineup","Nikola Vučević","2015-16"
2016-12-10,"Magic","","• Nikola Vucevic","placed on IL with bruised lower back","Nikola Vučević","2016-17"
2016-12-16,"Magic","• Nikola Vucevic","","activated from IL","Nikola Vučević","2016-17"
2017-03-05,"Magic","","• Nikola Vucevic","sore right Achilles (DTD)","Nikola Vučević","2016-17"
2017-03-11,"Magic","• Nikola Vucevic","","returned to lineup","Nikola Vučević","2016-17"
2017-12-23,"Magic","","• Nikola Vucevic","fractured left hand (out indefinitely)","Nikola Vučević","2017-18"
2017-12-26,"Magic","","• Nikola Vucevic","placed on IL with fractured left hand","Nikola Vučević","2017-18"
2018-02-22,"Magic","• Nikola Vucevic","","activated from IL","Nikola Vučević","2017-18"
2018-04-06,"Magic","","• Nikola Vucevic","tightness in lower back (DTD)","Nikola Vučević","2017-18"
2018-04-08,"Magic","• Nikola Vucevic","","returned to lineup","Nikola Vučević","2017-18"
2018-12-19,"Magic","","• Nikola Vucevic","personal reasons (DTD)","Nikola Vučević","2018-19"
2018-12-21,"Magic","• Nikola Vucevic","","returned to lineup","Nikola Vučević","2018-19"
2019-04-10,"Magic","","• Nikola Vucevic","stomach virus (DTD)","Nikola Vučević","2018-19"
2019-04-12,"Magic","• Nikola Vucevic","","returned to lineup","Nikola Vučević","2018-19"
2019-11-21,"Magic","","• Nikola Vucevic","sprained right ankle (out indefinitely)","Nikola Vučević","2019-20"
2021-11-11,"Bulls","","• Nikola Vucevic","placed on IL with NBA health and safety protocols","Nikola Vučević","2021-22"
2021-11-24,"Bulls","• Nikola Vucevic","","activated from IL","Nikola Vučević","2021-22"
2022-03-07,"Bulls","","• Nikola Vucevic","placed on IL with strained right hamstring","Nikola Vučević","2021-22"
2022-03-09,"Bulls","• Nikola Vucevic","","activated from IL","Nikola Vučević","2021-22"
2019-03-09,"Knicks","","• Noah Vonleh","bruised right hip (DTD)","Noah Vonleh","2018-19"
2019-03-10,"Knicks","• Noah Vonleh","","returned to lineup","Noah Vonleh","2018-19"
2019-03-17,"Knicks","","• Noah Vonleh","placed on IL with sprained right ankle (out for season)","Noah Vonleh","2018-19"
2021-01-29,"Raptors","","• Norman Powell","placed on IL with bruised right quadriceps","Norman Powell","2020-21"
2021-02-02,"Raptors","• Norman Powell","","activated from IL","Norman Powell","2020-21"
2021-10-24,"Blazers","","• Norman Powell","placed on IL with patella tendinopathy in left knee","Norman Powell","2021-22"
2021-10-29,"Blazers","• Norman Powell","","activated from IL","Norman Powell","2021-22"
2021-11-28,"Blazers","","• Norman Powell","placed on IL with bruised right quadriceps","Norman Powell","2021-22"
2021-12-02,"Blazers","• Norman Powell","","activated from IL","Norman Powell","2021-22"
2022-01-09,"Blazers","","• Norman Powell","placed on IL with NBA health and safety protocols","Norman Powell","2021-22"
2022-01-24,"Blazers","• Norman Powell","","activated from IL","Norman Powell","2021-22"
2022-02-12,"Clippers","","• Norman Powell","placed on IL with fractured left foot","Norman Powell","2021-22"
2022-04-06,"Clippers","• Norman Powell","","activated from IL","Norman Powell","2021-22"
2022-04-10,"Clippers","","• Norman Powell","left foot injury (out for season)","Norman Powell","2021-22"
2022-11-30,"Clippers","","• Norman Powell","placed on IL with strained left groin","Norman Powell","2022-23"
2022-12-21,"Clippers","• Norman Powell","","activated from IL","Norman Powell","2022-23"
2023-03-03,"Clippers","","• Norman Powell","placed on IL with left shoulder subluxation","Norman Powell","2022-23"
2023-03-29,"Clippers","• Norman Powell","","activated from IL","Norman Powell","2022-23"
2013-12-18,"Bucks","","• O.J. Mayo","personal reasons (DNP)","O.J. Mayo","2013-14"
2014-01-22,"Bucks","","• O.J. Mayo","illness (DNP)","O.J. Mayo","2013-14"
2014-01-27,"Bucks","","• O.J. Mayo","illness (DNP)","O.J. Mayo","2013-14"
2014-01-29,"Bucks","","• O.J. Mayo","illness (DNP)","O.J. Mayo","2013-14"
2014-01-31,"Bucks","","• O.J. Mayo","illness (DNP)","O.J. Mayo","2013-14"
2014-02-01,"Bucks","","• O.J. Mayo","illness (DNP)","O.J. Mayo","2013-14"
2014-02-03,"Bucks","","• O.J. Mayo","illness (DNP)","O.J. Mayo","2013-14"
2014-02-05,"Bucks","","• O.J. Mayo","illness (DNP)","O.J. Mayo","2013-14"
2014-02-08,"Bucks","","• O.J. Mayo","illness (DNP)","O.J. Mayo","2013-14"
2014-02-10,"Bucks","","• O.J. Mayo","conditioning (DNP)","O.J. Mayo","2013-14"
2014-02-12,"Bucks","","• O.J. Mayo","conditioning (DNP)","O.J. Mayo","2013-14"
2014-03-27,"Bucks","","• O.J. Mayo","sprained right ankle (DNP)","O.J. Mayo","2013-14"
2014-03-29,"Bucks","","• O.J. Mayo","sprained right ankle (DNP)","O.J. Mayo","2013-14"
2014-04-02,"Bucks","","• O.J. Mayo","sprained right ankle (DNP)","O.J. Mayo","2013-14"
2014-04-04,"Bucks","","• O.J. Mayo","sprained right ankle (DNP)","O.J. Mayo","2013-14"
2014-04-05,"Bucks","","• O.J. Mayo","sprained right ankle (DNP)","O.J. Mayo","2013-14"
2014-04-09,"Bucks","","• O.J. Mayo","sprained right ankle (DNP)","O.J. Mayo","2013-14"
2014-04-11,"Bucks","","• O.J. Mayo","sprained right ankle (DNP)","O.J. Mayo","2013-14"
2014-04-12,"Bucks","","• O.J. Mayo","sprained right ankle (DNP)","O.J. Mayo","2013-14"
2014-04-14,"Bucks","","• O.J. Mayo","sprained right ankle (DNP)","O.J. Mayo","2013-14"
2014-04-16,"Bucks","","• O.J. Mayo","sprained right ankle (DNP)","O.J. Mayo","2013-14"
2013-11-16,"Rockets","","• Omer Asik","illness (DNP)","Omer Asik","2013-14"
2013-12-04,"Rockets","","• Omer Asik","bruised right thigh (DNP)","Omer Asik","2013-14"
2013-12-06,"Rockets","","• Omer Asik","bruised right thigh (DNP)","Omer Asik","2013-14"
2013-12-08,"Rockets","","• Omer Asik","bruised right thigh (DNP)","Omer Asik","2013-14"
2013-12-12,"Rockets","","• Omer Asik","bruised right thigh (DNP)","Omer Asik","2013-14"
2013-12-15,"Rockets","","• Omer Asik","bruised right thigh (DNP)","Omer Asik","2013-14"
2013-12-20,"Rockets","","• Omer Asik","bruised right thigh (DNP)","Omer Asik","2013-14"
2013-12-21,"Rockets","","• Omer Asik","bruised right thigh (DNP)","Omer Asik","2013-14"
2013-12-23,"Rockets","","• Omer Asik","bruised right thigh (DNP)","Omer Asik","2013-14"
2013-12-25,"Rockets","","• Omer Asik","bruised right thigh (DNP)","Omer Asik","2013-14"
2013-12-26,"Rockets","","• Omer Asik","bruised right thigh (DNP)","Omer Asik","2013-14"
2013-12-28,"Rockets","","• Omer Asik","bruised right thigh (DNP)","Omer Asik","2013-14"
2013-12-29,"Rockets","","• Omer Asik","bruised right thigh (DNP)","Omer Asik","2013-14"
2013-12-31,"Rockets","","• Omer Asik","bruised right thigh (DNP)","Omer Asik","2013-14"
2014-01-03,"Rockets","","• Omer Asik","bruised right thigh (DNP)","Omer Asik","2013-14"
2014-01-08,"Rockets","","• Omer Asik","bruised right thigh (DNP)","Omer Asik","2013-14"
2014-01-10,"Rockets","","• Omer Asik","bruised right thigh (DNP)","Omer Asik","2013-14"
2014-01-11,"Rockets","","• Omer Asik","bruised right thigh (DNP)","Omer Asik","2013-14"
2014-01-13,"Rockets","","• Omer Asik","bruised right thigh (DNP)","Omer Asik","2013-14"
2014-01-15,"Rockets","","• Omer Asik","bruised right thigh (DNP)","Omer Asik","2013-14"
2014-01-16,"Rockets","","• Omer Asik","bruised right thigh (DNP)","Omer Asik","2013-14"
2014-01-18,"Rockets","","• Omer Asik","bruised right thigh (DNP)","Omer Asik","2013-14"
2014-01-20,"Rockets","","• Omer Asik","placed on IL with bruised right thigh","Omer Asik","2013-14"
2014-02-07,"Rockets","• Omer Asik","","activated from IL","Omer Asik","2013-14"
2014-11-17,"Pelicans","","• Omer Asik","placed on IL with sore lower back","Omer Asik","2014-15"
2014-11-21,"Pelicans","• Omer Asik","","activated from IL","Omer Asik","2014-15"
2014-11-21,"Pelicans","","• Omer Asik","DNP","Omer Asik","2014-15"
2014-11-22,"Pelicans","","• Omer Asik","placed on IL","Omer Asik","2014-15"
2014-11-25,"Pelicans","• Omer Asik","","activated from IL","Omer Asik","2014-15"
2015-03-20,"Pelicans","","• Omer Asik","strained right calf (DTD)","Omer Asik","2014-15"
2015-03-25,"Pelicans","• Omer Asik","","returned to lineup","Omer Asik","2014-15"
2015-10-08,"Pelicans","","• Omer Asik","strained right calf (out indefinitely)","Omer Asik","2015-16"
2015-10-31,"Pelicans","• Omer Asik","","returned to lineup","Omer Asik","2015-16"
2015-11-03,"Pelicans","","• Omer Asik","sprained right calf (DTD)","Omer Asik","2015-16"
2015-11-10,"Pelicans","• Omer Asik","","returned to lineup","Omer Asik","2015-16"
2015-11-17,"Pelicans","","• Omer Asik","stomach illness (DTD)","Omer Asik","2015-16"
2015-11-20,"Pelicans","• Omer Asik","","returned to lineup","Omer Asik","2015-16"
2016-02-23,"Pelicans","","• Omer Asik","sprained right ankle (DTD)","Omer Asik","2015-16"
2016-03-05,"Pelicans","• Omer Asik","","returned to lineup","Omer Asik","2015-16"
2015-12-19,"Wizards","","• Otto Porter Jr.","bruised left thigh (DTD)","Otto Porter Jr.","2015-16"
2015-12-26,"Wizards","• Otto Porter Jr.","","returned to lineup","Otto Porter Jr.","2015-16"
2016-01-15,"Wizards","","• Otto Porter Jr.","sore right hip (DTD)","Otto Porter Jr.","2015-16"
2016-01-25,"Wizards","• Otto Porter Jr.","","returned to lineup","Otto Porter Jr.","2015-16"
2017-04-08,"Wizards","","• Otto Porter Jr.","placed on IL with sore back","Otto Porter Jr.","2016-17"
2017-04-12,"Wizards","• Otto Porter Jr.","","activated from IL","Otto Porter Jr.","2016-17"
2017-11-01,"Wizards","","• Otto Porter Jr.","placed on IL with stomach virus","Otto Porter Jr.","2017-18"
2017-11-03,"Wizards","• Otto Porter Jr.","","activated from IL","Otto Porter Jr.","2017-18"
2017-12-17,"Wizards","","• Otto Porter Jr.","hip injury / bruised right thigh (DTD)","Otto Porter Jr.","2017-18"
2017-12-19,"Wizards","","• Otto Porter Jr.","placed on IL with bruised right thigh","Otto Porter Jr.","2017-18"
2017-12-22,"Wizards","• Otto Porter Jr.","","activated from IL","Otto Porter Jr.","2017-18"
2018-01-06,"Wizards","","• Otto Porter Jr.","placed on IL with strained right hip","Otto Porter Jr.","2017-18"
2018-01-10,"Wizards","• Otto Porter Jr.","","activated from IL","Otto Porter Jr.","2017-18"
2018-04-11,"Wizards","","• Otto Porter Jr.","placed on IL with tightness in lower right leg","Otto Porter Jr.","2017-18"
2018-04-14,"Wizards","• Otto Porter Jr.","","activated from IL","Otto Porter Jr.","2017-18"
2018-04-27,"Wizards","","• Otto Porter Jr.","surgery on left leg to remove blood around a contusion (out indefinitely)","Otto Porter Jr.","2017-18"
2018-04-27,"Wizards","","• Otto Porter Jr.","placed on IL recovering from surgery on left leg to remove blood around a contusion","Otto Porter Jr.","2017-18"
2021-11-08,"Warriors","","• Otto Porter Jr.","placed on IL with left foot injury","Otto Porter Jr.","2021-22"
2021-11-10,"Warriors","• Otto Porter Jr.","","activated from IL","Otto Porter Jr.","2021-22"
2021-11-19,"Warriors","","• Otto Porter Jr.","left foot injury (DTD)","Otto Porter Jr.","2021-22"
2021-11-21,"Warriors","• Otto Porter Jr.","","returned to lineup","Otto Porter Jr.","2021-22"
2021-12-04,"Warriors","","• Otto Porter Jr.","placed on IL with left foot injury","Otto Porter Jr.","2021-22"
2021-12-05,"Warriors","• Otto Porter Jr.","","activated from IL","Otto Porter Jr.","2021-22"
2021-12-14,"Warriors","","• Otto Porter Jr.","left foot injury (DTD)","Otto Porter Jr.","2021-22"
2021-12-17,"Warriors","• Otto Porter Jr.","","returned to lineup","Otto Porter Jr.","2021-22"
2021-12-18,"Warriors","","• Otto Porter Jr.","placed on IL with left foot injury","Otto Porter Jr.","2021-22"
2021-12-19,"Warriors","• Otto Porter Jr.","","activated from IL","Otto Porter Jr.","2021-22"
2022-01-05,"Warriors","","• Otto Porter Jr.","placed on IL with left foot injury","Otto Porter Jr.","2021-22"
2022-01-06,"Warriors","• Otto Porter Jr.","","activated from IL","Otto Porter Jr.","2021-22"
2022-01-19,"Warriors","","• Otto Porter Jr.","left foot injury (DTD)","Otto Porter Jr.","2021-22"
2022-01-21,"Warriors","• Otto Porter Jr.","","returned to lineup","Otto Porter Jr.","2021-22"
2022-01-30,"Warriors","","• Otto Porter Jr.","placed on IL with left foot injury","Otto Porter Jr.","2021-22"
2022-02-01,"Warriors","• Otto Porter Jr.","","activated from IL","Otto Porter Jr.","2021-22"
2022-02-03,"Warriors","","• Otto Porter Jr.","placed on IL with tightness in lower back","Otto Porter Jr.","2021-22"
2022-02-07,"Warriors","• Otto Porter Jr.","","activated from IL","Otto Porter Jr.","2021-22"
2022-02-10,"Warriors","","• Otto Porter Jr.","placed on IL with left foot injury","Otto Porter Jr.","2021-22"
2022-02-12,"Warriors","• Otto Porter Jr.","","activated from IL","Otto Porter Jr.","2021-22"
2022-03-07,"Warriors","","• Otto Porter Jr.","illness (DTD)","Otto Porter Jr.","2021-22"
2022-03-08,"Warriors","","• Otto Porter Jr.","placed on IL with illness","Otto Porter Jr.","2021-22"
2022-03-14,"Warriors","• Otto Porter Jr.","","activated from IL","Otto Porter Jr.","2021-22"
2022-03-23,"Warriors","","• Otto Porter Jr.","lower back injury (DTD)","Otto Porter Jr.","2021-22"
2022-03-24,"Warriors","• Otto Porter Jr.","","returned to lineup","Otto Porter Jr.","2021-22"
2022-03-28,"Warriors","","• Otto Porter Jr.","placed on IL with lower back injury","Otto Porter Jr.","2021-22"
2022-03-29,"Warriors","• Otto Porter Jr.","","activated from IL","Otto Porter Jr.","2021-22"
2022-04-03,"Warriors","","• Otto Porter Jr.","placed on IL with lower back injury","Otto Porter Jr.","2021-22"
2022-04-06,"Warriors","• Otto Porter Jr.","","activated from IL","Otto Porter Jr.","2021-22"
2022-04-10,"Warriors","","• Otto Porter Jr.","placed on IL with left foot injury","Otto Porter Jr.","2021-22"
2022-04-15,"Warriors","• Otto Porter Jr.","","activated from IL","Otto Porter Jr.","2021-22"
2014-11-17,"Suns","","• P.J. Tucker","placed on IL","P.J. Tucker","2014-15"
2014-11-19,"Suns","• P.J. Tucker","","activated from IL","P.J. Tucker","2014-15"
2016-01-21,"Suns","","• P.J. Tucker","bruised chest (left game)","P.J. Tucker","2015-16"
2021-12-20,"Heat","","• P.J. Tucker","left leg injury (DTD)","P.J. Tucker","2021-22"
2021-12-26,"Heat","","• P.J. Tucker","placed on IL with left leg injury","P.J. Tucker","2021-22"
2021-12-29,"Heat","","• P.J. Tucker","placed on IL with NBA health and safety protocols","P.J. Tucker","2021-22"
2022-01-03,"Heat","• P.J. Tucker","","activated from IL","P.J. Tucker","2021-22"
2022-01-31,"Heat","","• P.J. Tucker","left knee injury (DTD)","P.J. Tucker","2021-22"
2022-02-01,"Heat","• P.J. Tucker","","returned to lineup","P.J. Tucker","2021-22"
2022-03-03,"Heat","","• P.J. Tucker","placed on IL with left knee injury","P.J. Tucker","2021-22"
2022-03-05,"Heat","• P.J. Tucker","","activated from IL","P.J. Tucker","2021-22"
2022-04-03,"Heat","","• P.J. Tucker","placed on IL with left knee injury","P.J. Tucker","2021-22"
2022-04-04,"Heat","• P.J. Tucker","","activated from IL","P.J. Tucker","2021-22"
2022-04-07,"Heat","","• P.J. Tucker","placed on IL with strained right calf","P.J. Tucker","2021-22"
2022-04-13,"Heat","• P.J. Tucker","","activated from IL","P.J. Tucker","2021-22"
2023-03-06,"76ers","","• P.J. Tucker","back spasms (DTD)","P.J. Tucker","2022-23"
2023-03-07,"76ers","• P.J. Tucker","","returned to lineup","P.J. Tucker","2022-23"
2023-03-18,"76ers","","• P.J. Tucker","placed on IL with sore left ankle","P.J. Tucker","2022-23"
2023-03-23,"76ers","• P.J. Tucker","","activated from IL","P.J. Tucker","2022-23"
2023-04-07,"76ers","","• P.J. Tucker","placed on IL with right calf injury","P.J. Tucker","2022-23"
2023-04-15,"76ers","• P.J. Tucker","","activated from IL","P.J. Tucker","2022-23"
2019-12-14,"Hornets","","• P.J. Washington","fractured finger (out indefinitely)","P.J. Washington","2019-20"
2019-12-17,"Hornets","","• P.J. Washington","placed on IL with fractured finger","P.J. Washington","2019-20"
2019-12-27,"Hornets","• P.J. Washington","","activated from IL","P.J. Washington","2019-20"
2020-02-01,"Hornets","","• P.J. Washington","sprained right ankle (DTD)","P.J. Washington","2019-20"
2020-02-03,"Hornets","","• P.J. Washington","placed on IL with sprained right ankle","P.J. Washington","2019-20"
2020-02-04,"Hornets","• P.J. Washington","","activated from IL","P.J. Washington","2019-20"
2021-02-02,"Hornets","","• P.J. Washington","sprained right foot (DTD)","P.J. Washington","2020-21"
2021-02-07,"Hornets","• P.J. Washington","","returned to lineup","P.J. Washington","2020-21"
2021-02-12,"Hornets","","• P.J. Washington","NBA health and safety protocols (DTD)","P.J. Washington","2020-21"
2021-02-20,"Hornets","• P.J. Washington","","returned to lineup","P.J. Washington","2020-21"
2021-03-03,"Hornets","","• P.J. Washington","sprained right ankle (DTD)","P.J. Washington","2020-21"
2021-04-13,"Hornets","","• P.J. Washington","placed on IL with sprained right ankle","P.J. Washington","2020-21"
2021-04-18,"Hornets","• P.J. Washington","","activated from IL","P.J. Washington","2020-21"
2022-12-16,"Hornets","","• P.J. Washington","placed on IL for personal reasons","P.J. Washington","2022-23"
2022-12-18,"Hornets","• P.J. Washington","","activated from IL","P.J. Washington","2022-23"
2023-02-25,"Hornets","","• P.J. Washington","placed on IL with sprained right foot","P.J. Washington","2022-23"
2023-03-05,"Hornets","• P.J. Washington","","activated from IL","P.J. Washington","2022-23"
2023-04-02,"Hornets","","• P.J. Washington","placed on IL with sprained right ankle","P.J. Washington","2022-23"
2022-11-09,"Magic","","• Paolo Banchero","sprained left ankle (DTD)","Paolo Banchero","2022-23"
2022-11-11,"Magic","","• Paolo Banchero","placed on IL with sprained left ankle","Paolo Banchero","2022-23"
2022-11-25,"Magic","• Paolo Banchero","","activated from IL","Paolo Banchero","2022-23"
2023-04-06,"Magic","","• Paolo Banchero","placed on IL with back injury","Paolo Banchero","2022-23"
2018-12-16,"Raptors","","• Pascal Siakam","back injury (DTD)","Pascal Siakam","2018-19"
2018-12-19,"Raptors","• Pascal Siakam","","returned to lineup","Pascal Siakam","2018-19"
2019-12-19,"Raptors","","• Pascal Siakam","groin injury (out indefinitely)","Pascal Siakam","2019-20"
2019-12-20,"Raptors","","• Pascal Siakam","placed on IL with groin injury","Pascal Siakam","2019-20"
2020-01-12,"Raptors","• Pascal Siakam","","activated from IL","Pascal Siakam","2019-20"
2021-01-24,"Raptors","","• Pascal Siakam","placed on IL with left knee injury","Pascal Siakam","2020-21"
2021-01-27,"Raptors","• Pascal Siakam","","activated from IL","Pascal Siakam","2020-21"
2021-02-26,"Raptors","","• Pascal Siakam","placed on IL with NBA health and safety protocols","Pascal Siakam","2020-21"
2021-03-17,"Raptors","• Pascal Siakam","","activated from IL","Pascal Siakam","2020-21"
2021-04-18,"Raptors","","• Pascal Siakam","placed on IL with left shoulder inflammation","Pascal Siakam","2020-21"
2021-04-20,"Raptors","• Pascal Siakam","","activated from IL","Pascal Siakam","2020-21"
2021-10-19,"Raptors","","• Pascal Siakam","placed on IL recovering from surgery on left shoulder","Pascal Siakam","2021-22"
2021-11-07,"Raptors","• Pascal Siakam","","activated from IL","Pascal Siakam","2021-22"
2021-11-11,"Raptors","","• Pascal Siakam","placed on IL with left shoulder injury","Pascal Siakam","2021-22"
2021-11-13,"Raptors","• Pascal Siakam","","activated from IL","Pascal Siakam","2021-22"
2021-12-18,"Raptors","","• Pascal Siakam","placed on IL with NBA health and safety protocols","Pascal Siakam","2021-22"
2021-12-28,"Raptors","• Pascal Siakam","","activated from IL","Pascal Siakam","2021-22"
2022-11-05,"Raptors","","• Pascal Siakam","groin injury (DTD)","Pascal Siakam","2022-23"
2014-11-01,"Rockets","","• Patrick Beverley","placed on IL with hamstring injury","Patrick Beverley","2014-15"
2014-11-04,"Rockets","• Patrick Beverley","","activated from IL","Patrick Beverley","2014-15"
2014-11-06,"Rockets","","• Patrick Beverley","placed on IL with hamstring injury","Patrick Beverley","2014-15"
2014-11-12,"Rockets","","• Patrick Beverley","placed on IL","Patrick Beverley","2014-15"
2014-11-16,"Rockets","• Patrick Beverley","","activated from IL","Patrick Beverley","2014-15"
2014-11-24,"Rockets","","• Patrick Beverley","placed on IL with hamstring injury","Patrick Beverley","2014-15"
2014-12-06,"Rockets","• Patrick Beverley","","activated from IL","Patrick Beverley","2014-15"
2014-12-10,"Rockets","• Patrick Beverley","","activated from IL (P)","Patrick Beverley","2014-15"
2015-02-23,"Rockets","","• Patrick Beverley","flu/illness (DTD)","Patrick Beverley","2014-15"
2015-02-27,"Rockets","• Patrick Beverley","","returned to lineup","Patrick Beverley","2014-15"
2015-03-25,"Rockets","","• Patrick Beverley","placed on IL with torn ligaments in left wrist (out for season)","Patrick Beverley","2014-15"
2015-03-31,"Rockets","","• Patrick Beverley","surgery on left wrist to repair torn ligaments (out for season)","Patrick Beverley","2014-15"
2016-10-22,"Rockets","","• Patrick Beverley","left knee injury (out indefinitely)","Patrick Beverley","2016-17"
2016-10-23,"Rockets","","• Patrick Beverley","surgery on left knee (out indefinitely)","Patrick Beverley","2016-17"
2016-10-26,"Rockets","","• Patrick Beverley","placed on IL recovering from surgery on left knee","Patrick Beverley","2016-17"
2016-11-17,"Rockets","• Patrick Beverley","","activated from IL","Patrick Beverley","2016-17"
2016-12-27,"Rockets","","• Patrick Beverley","bruised left quadricep (DTD)","Patrick Beverley","2016-17"
2016-12-30,"Rockets","• Patrick Beverley","","returned to lineup","Patrick Beverley","2016-17"
2016-12-31,"Rockets","","• Patrick Beverley","sore right wrist (DTD)","Patrick Beverley","2016-17"
2017-01-05,"Rockets","• Patrick Beverley","","returned to lineup","Patrick Beverley","2016-17"
2017-04-10,"Rockets","","• Patrick Beverley","shoulder injury (DTD)","Patrick Beverley","2016-17"
2017-04-12,"Rockets","• Patrick Beverley","","returned to lineup","Patrick Beverley","2016-17"
2019-03-28,"Clippers","","• Patrick Beverley","placed on IL with hright hip pointer","Patrick Beverley","2018-19"
2019-03-30,"Clippers","• Patrick Beverley","","activated from IL","Patrick Beverley","2018-19"
2019-04-03,"Clippers","","• Patrick Beverley","placed on IL with right hip pointer","Patrick Beverley","2018-19"
2019-04-10,"Clippers","• Patrick Beverley","","activated from IL","Patrick Beverley","2018-19"
2019-11-14,"Clippers","","• Patrick Beverley","left calf injury (DTD)","Patrick Beverley","2019-20"
2019-11-14,"Clippers","","• Patrick Beverley","placed on IL with left calf injury","Patrick Beverley","2019-20"
2019-11-18,"Clippers","• Patrick Beverley","","activated from IL","Patrick Beverley","2019-20"
2019-12-12,"Clippers","","• Patrick Beverley","concussion (DTD)","Patrick Beverley","2019-20"
2019-12-13,"Clippers","","• Patrick Beverley","placed on IL with concussion","Patrick Beverley","2019-20"
2019-12-17,"Clippers","• Patrick Beverley","","activated from IL","Patrick Beverley","2019-20"
2019-12-22,"Clippers","","• Patrick Beverley","placed on IL with right groin injury","Patrick Beverley","2019-20"
2019-12-25,"Clippers","• Patrick Beverley","","activated from IL","Patrick Beverley","2019-20"
2019-12-30,"Clippers","","• Patrick Beverley","sprained right wrist (DTD)","Patrick Beverley","2019-20"
2019-12-31,"Clippers","","• Patrick Beverley","placed on IL with sprained right wrist","Patrick Beverley","2019-20"
2020-01-05,"Clippers","• Patrick Beverley","","activated from IL","Patrick Beverley","2019-20"
2020-01-22,"Clippers","","• Patrick Beverley","placed on IL with right groin injury","Patrick Beverley","2019-20"
2020-01-30,"Clippers","• Patrick Beverley","","activated from IL","Patrick Beverley","2019-20"
2020-02-07,"Clippers","","• Patrick Beverley","right groin injury (DTD)","Patrick Beverley","2019-20"
2020-02-08,"Clippers","","• Patrick Beverley","placed on IL with right groin injury","Patrick Beverley","2019-20"
2020-02-24,"Clippers","• Patrick Beverley","","activated from IL","Patrick Beverley","2019-20"
2021-11-01,"Timberwolves","","• Patrick Beverley","left calf injury (DTD)","Patrick Beverley","2021-22"
2021-11-03,"Timberwolves","• Patrick Beverley","","returned to lineup","Patrick Beverley","2021-22"
2021-11-26,"Timberwolves","","• Patrick Beverley","placed on IL with strained left adductor","Patrick Beverley","2021-22"
2021-12-08,"Timberwolves","• Patrick Beverley","","activated from IL","Patrick Beverley","2021-22"
2021-12-20,"Timberwolves","","• Patrick Beverley","placed on IL with NBA health and safety protocols","Patrick Beverley","2021-22"
2021-12-28,"Timberwolves","• Patrick Beverley","","activated from IL","Patrick Beverley","2021-22"
2022-01-07,"Timberwolves","","• Patrick Beverley","placed on IL with right groin injury","Patrick Beverley","2021-22"
2022-01-11,"Timberwolves","• Patrick Beverley","","activated from IL","Patrick Beverley","2021-22"
2022-01-23,"Timberwolves","","• Patrick Beverley","placed on IL with sprained right ankle","Patrick Beverley","2021-22"
2022-02-01,"Timberwolves","• Patrick Beverley","","activated from IL","Patrick Beverley","2021-22"
2022-02-09,"Timberwolves","","• Patrick Beverley","placed on IL with sprained right ankle","Patrick Beverley","2021-22"
2022-02-11,"Timberwolves","• Patrick Beverley","","activated from IL","Patrick Beverley","2021-22"
2022-03-05,"Timberwolves","","• Patrick Beverley","placed on IL with sore right ankle","Patrick Beverley","2021-22"
2022-03-07,"Timberwolves","• Patrick Beverley","","activated from IL","Patrick Beverley","2021-22"
2022-03-09,"Timberwolves","","• Patrick Beverley","placed on IL with sore right ankle","Patrick Beverley","2021-22"
2022-03-10,"Timberwolves","• Patrick Beverley","","activated from IL","Patrick Beverley","2021-22"
2022-03-12,"Timberwolves","","• Patrick Beverley","placed on IL with ear injury","Patrick Beverley","2021-22"
2022-03-14,"Timberwolves","• Patrick Beverley","","activated from IL","Patrick Beverley","2021-22"
2022-04-03,"Timberwolves","","• Patrick Beverley","placed on IL with sore right ankle","Patrick Beverley","2021-22"
2022-04-07,"Timberwolves","• Patrick Beverley","","activated from IL","Patrick Beverley","2021-22"
2022-11-06,"Lakers","","• Patrick Beverley","illness (DTD)","Patrick Beverley","2022-23"
2022-12-07,"Lakers","","• Patrick Beverley","sore right knee (DTD)","Patrick Beverley","2022-23"
2022-12-09,"Lakers","• Patrick Beverley","","returned to lineup","Patrick Beverley","2022-23"
2022-12-18,"Lakers","","• Patrick Beverley","right calf injury (DTD)","Patrick Beverley","2022-23"
2022-12-18,"Lakers","• Patrick Beverley","","returned to lineup","Patrick Beverley","2022-23"
2023-01-12,"Lakers","","• Patrick Beverley","placed on IL with illness","Patrick Beverley","2022-23"
2023-01-16,"Lakers","• Patrick Beverley","","activated from IL","Patrick Beverley","2022-23"
2023-01-31,"Lakers","","• Patrick Beverley","placed on IL with sore left knee","Patrick Beverley","2022-23"
2023-02-02,"Lakers","• Patrick Beverley","","activated from IL","Patrick Beverley","2022-23"
2021-01-18,"Bulls","","• Patrick Williams","placed on IL with bruised right hip","Patrick Williams","2020-21"
2021-01-22,"Bulls","• Patrick Williams","","activated from IL","Patrick Williams","2020-21"
2021-10-29,"Bulls","","• Patrick Williams","placed on IL with surgery on left wrist to repair dislocation","Patrick Williams","2021-22"
2022-03-20,"Bulls","• Patrick Williams","","activated from IL","Patrick Williams","2021-22"
2017-01-14,"Spurs","","• Patrick Mills / Patty Mills","tightness in left calf (DTD)","Patty Mills","2016-17"
2017-01-17,"Spurs","• Patrick Mills / Patty Mills","","returned to lineup","Patty Mills","2016-17"
2013-12-21,"Lakers","","• Pau Gasol","upper respiratory infection (DNP)","Pau Gasol","2013-14"
2013-12-27,"Lakers","","• Pau Gasol","upper respiratory infection (DNP)","Pau Gasol","2013-14"
2013-12-29,"Lakers","","• Pau Gasol","upper respiratory inflammation (DNP)","Pau Gasol","2013-14"
2014-02-01,"Lakers","","• Pau Gasol","strained right groin (DNP)","Pau Gasol","2013-14"
2014-02-04,"Lakers","","• Pau Gasol","strained right groin (DNP)","Pau Gasol","2013-14"
2014-02-05,"Lakers","","• Pau Gasol","strained right groin (DNP)","Pau Gasol","2013-14"
2014-02-07,"Lakers","","• Pau Gasol","strained right groin (DNP)","Pau Gasol","2013-14"
2014-02-09,"Lakers","","• Pau Gasol","strained right groin (DNP)","Pau Gasol","2013-14"
2014-02-11,"Lakers","","• Pau Gasol","strained right groin (DNP)","Pau Gasol","2013-14"
2014-02-19,"Lakers","","• Pau Gasol","strained right groin (DNP)","Pau Gasol","2013-14"
2014-03-25,"Lakers","","• Pau Gasol","vertigo (DNP)","Pau Gasol","2013-14"
2014-03-27,"Lakers","","• Pau Gasol","vertigo (DNP)","Pau Gasol","2013-14"
2014-03-28,"Lakers","","• Pau Gasol","vertigo (DNP)","Pau Gasol","2013-14"
2014-03-30,"Lakers","","• Pau Gasol","vertigo (DNP)","Pau Gasol","2013-14"
2014-04-02,"Lakers","","• Pau Gasol","vertigo (DNP)","Pau Gasol","2013-14"
2014-04-04,"Lakers","","• Pau Gasol","vertigo (DNP)","Pau Gasol","2013-14"
2014-04-06,"Lakers","","• Pau Gasol","vertigo (DNP)","Pau Gasol","2013-14"
2014-04-08,"Lakers","","• Pau Gasol","vertigo (DNP)","Pau Gasol","2013-14"
2014-04-11,"Lakers","","• Pau Gasol","vertigo (DNP)","Pau Gasol","2013-14"
2014-04-13,"Lakers","","• Pau Gasol","vertigo (DNP)","Pau Gasol","2013-14"
2014-04-14,"Lakers","","• Pau Gasol","vertigo (DNP)","Pau Gasol","2013-14"
2014-04-16,"Lakers","","• Pau Gasol","vertigo (DNP)","Pau Gasol","2013-14"
2014-11-17,"Bulls","","• Pau Gasol","placed on IL with strained left calf","Pau Gasol","2014-15"
2014-11-24,"Bulls","• Pau Gasol","","activated from IL","Pau Gasol","2014-15"
2015-02-27,"Bulls","","• Pau Gasol","placed on IL with illness","Pau Gasol","2014-15"
2015-03-01,"Bulls","• Pau Gasol","","activated from IL","Pau Gasol","2014-15"
2015-12-19,"Bulls","","• Pau Gasol","placed on IL for rest","Pau Gasol","2015-16"
2015-12-21,"Bulls","• Pau Gasol","","activated from IL","Pau Gasol","2015-16"
2016-01-14,"Bulls","","• Pau Gasol","placed on IL for rest / shoulder injury","Pau Gasol","2015-16"
2016-01-15,"Bulls","• Pau Gasol","","activated from IL","Pau Gasol","2015-16"
2016-02-05,"Bulls","","• Pau Gasol","sprained left hand (DTD)","Pau Gasol","2015-16"
2016-02-06,"Bulls","• Pau Gasol","","returned to lineup","Pau Gasol","2015-16"
2016-03-14,"Bulls","","• Pau Gasol","placed on IL with swelling in right knee","Pau Gasol","2015-16"
2016-03-21,"Bulls","• Pau Gasol","","activated from IL","Pau Gasol","2015-16"
2016-03-24,"Bulls","","• Pau Gasol","swelling in right knee (DTD)","Pau Gasol","2015-16"
2016-03-26,"Bulls","• Pau Gasol","","returned to lineup","Pau Gasol","2015-16"
2016-04-11,"Bulls","","• Pau Gasol","knee injury / rest (out for season)","Pau Gasol","2015-16"
2016-11-30,"Spurs","","• Pau Gasol","placed on IL for rest","Pau Gasol","2016-17"
2016-12-02,"Spurs","• Pau Gasol","","activated from IL","Pau Gasol","2016-17"
2016-12-23,"Spurs","","• Pau Gasol","placed on IL for rest","Pau Gasol","2016-17"
2016-12-25,"Spurs","• Pau Gasol","","activated from IL","Pau Gasol","2016-17"
2017-01-19,"Spurs","","• Pau Gasol","fractured left ring finger (DTD)","Pau Gasol","2016-17"
2017-01-20,"Spurs","","• Pau Gasol","surgery on left ring finger to repair fracture (out indefinitely)","Pau Gasol","2016-17"
2017-01-21,"Spurs","","• Pau Gasol","placed on IL recovering from surgery on left ring finger to repair fracture","Pau Gasol","2016-17"
2017-02-24,"Spurs","• Pau Gasol","","activated from IL","Pau Gasol","2016-17"
2017-04-07,"Spurs","","• Pau Gasol","rest (DTD)","Pau Gasol","2016-17"
2017-04-08,"Spurs","• Pau Gasol","","returned to lineup","Pau Gasol","2016-17"
2017-12-09,"Spurs","","• Pau Gasol","placed on IL for rest","Pau Gasol","2017-18"
2017-12-12,"Spurs","• Pau Gasol","","activated from IL","Pau Gasol","2017-18"
2017-12-23,"Spurs","• Pau Gasol","","activated from IL","Pau Gasol","2017-18"
2018-01-22,"Spurs","","• Pau Gasol","sprained right wrist (DTD)","Pau Gasol","2017-18"
2018-01-24,"Spurs","• Pau Gasol","","returned to lineup","Pau Gasol","2017-18"
2018-02-28,"Spurs","","• Pau Gasol","placed on IL with bruised left knee","Pau Gasol","2017-18"
2018-03-03,"Spurs","• Pau Gasol","","activated from IL","Pau Gasol","2017-18"
2018-03-07,"Spurs","","• Pau Gasol","sprained right shoulder (DTD)","Pau Gasol","2017-18"
2018-03-08,"Spurs","","• Pau Gasol","sprained ACL in right knee (DTD)","Pau Gasol","2017-18"
2018-03-10,"Spurs","• Pau Gasol","","returned to lineup","Pau Gasol","2017-18"
2014-04-09,"Pacers","","• Paul George","rest (DNP)","Paul George","2013-14"
2016-03-24,"Pacers","","• Paul George","bruised lower right leg (DTD)","Paul George","2015-16"
2016-04-13,"Pacers","","• Paul George","rest (DTD)","Paul George","2015-16"
2016-11-12,"Pacers","","• Paul George","placed on IL with sprained left ankle","Paul George","2016-17"
2016-11-14,"Pacers","• Paul George","","activated from IL","Paul George","2016-17"
2016-11-18,"Pacers","","• Paul George","placed on IL with sore left ankle","Paul George","2016-17"
2016-11-23,"Pacers","• Paul George","","activated from IL","Paul George","2016-17"
2016-11-25,"Pacers","","• Paul George","sore back / left ankle (DTD)","Paul George","2016-17"
2016-12-04,"Pacers","• Paul George","","returned to lineup","Paul George","2016-17"
2017-12-07,"Thunder","","• Paul George","placed on IL with bruised right calf","Paul George","2017-18"
2017-12-11,"Thunder","• Paul George","","activated from IL","Paul George","2017-18"
2017-12-29,"Thunder","","• Paul George","placed on IL with sore left knee","Paul George","2017-18"
2017-12-29,"Thunder","","• Paul George","sore left knee (DTD)","Paul George","2017-18"
2017-12-31,"Thunder","• Paul George","","activated from IL","Paul George","2017-18"
2019-10-22,"Clippers","","• Paul George","placed on IL with right shoulder injury","Paul George","2019-20"
2019-11-14,"Clippers","• Paul George","","activated from IL","Paul George","2019-20"
2020-01-04,"Clippers","","• Paul George","placed on IL with left hamstring injury","Paul George","2019-20"
2020-01-05,"Clippers","• Paul George","","activated from IL","Paul George","2019-20"
2020-01-09,"Clippers","","• Paul George","strained left hamstring (DTD)","Paul George","2019-20"
2020-01-10,"Clippers","","• Paul George","placed on IL with strained left hamstring","Paul George","2019-20"
2020-01-30,"Clippers","• Paul George","","activated from IL","Paul George","2019-20"
2020-02-21,"Clippers","","• Paul George","strained left hamstring (DTD)","Paul George","2019-20"
2020-02-22,"Clippers","","• Paul George","placed on IL with strained left hamstring","Paul George","2019-20"
2020-02-24,"Clippers","• Paul George","","activated from IL","Paul George","2019-20"
2021-01-05,"Clippers","","• Paul George","sore right ankle (DTD)","Paul George","2020-21"
2021-01-06,"Clippers","• Paul George","","returned to lineup","Paul George","2020-21"
2021-01-25,"Clippers","","• Paul George","placed on IL with NBA health and safety protocols","Paul George","2020-21"
2021-01-29,"Clippers","• Paul George","","activated from IL","Paul George","2020-21"
2021-02-05,"Clippers","","• Paul George","placed on IL with sore right foot","Paul George","2020-21"
2021-02-19,"Clippers","• Paul George","","activated from IL","Paul George","2020-21"
2021-03-04,"Clippers","","• Paul George","dizziness (DTD)","Paul George","2020-21"
2021-03-11,"Clippers","• Paul George","","returned to lineup","Paul George","2020-21"
2021-03-29,"Clippers","","• Paul George","sore right foot (DTD)","Paul George","2020-21"
2021-03-30,"Clippers","","• Paul George","placed on IL with sore right foot","Paul George","2020-21"
2021-04-01,"Clippers","• Paul George","","activated from IL","Paul George","2020-21"
2013-11-19,"Hawks","","• Paul Millsap","placed on IL with right elbow tendinitis","Paul Millsap","2013-14"
2013-11-20,"Hawks","• Paul Millsap","","activated from IL","Paul Millsap","2013-14"
2014-02-22,"Hawks","","• Paul Millsap","bruised right knee (DNP)","Paul Millsap","2013-14"
2014-02-25,"Hawks","","• Paul Millsap","bruised right knee (DNP)","Paul Millsap","2013-14"
2014-02-26,"Hawks","","• Paul Millsap","bruised right knee (DNP)","Paul Millsap","2013-14"
2014-03-02,"Hawks","","• Paul Millsap","bruised right knee (DNP)","Paul Millsap","2013-14"
2014-03-05,"Hawks","","• Paul Millsap","bruised right knee (DNP)","Paul Millsap","2013-14"
2014-04-16,"Hawks","","• Paul Millsap","DNP","Paul Millsap","2013-14"
2015-01-13,"Hawks","","• Paul Millsap","placed on IL for rest","Paul Millsap","2014-15"
2015-01-14,"Hawks","• Paul Millsap","","activated from IL","Paul Millsap","2014-15"
2015-03-15,"Hawks","","• Paul Millsap","rest (DTD)","Paul Millsap","2014-15"
2015-03-16,"Hawks","• Paul Millsap","","returned to lineup","Paul Millsap","2014-15"
2015-03-28,"Hawks","","• Paul Millsap","rest (DTD)","Paul Millsap","2014-15"
2015-03-30,"Hawks","• Paul Millsap","","returned to lineup","Paul Millsap","2014-15"
2015-04-07,"Hawks","","• Paul Millsap","placed on IL with shoulder injury","Paul Millsap","2014-15"
2015-04-15,"Hawks","• Paul Millsap","","activated from IL","Paul Millsap","2014-15"
2016-01-23,"Hawks","","• Paul Millsap","placed on IL for personal reasons","Paul Millsap","2015-16"
2016-01-25,"Hawks","• Paul Millsap","","activated from IL","Paul Millsap","2015-16"
2016-01-28,"Hawks","","• Paul Millsap","sprained left ankle (DTD)","Paul Millsap","2015-16"
2016-11-30,"Hawks","","• Paul Millsap","sore left hip (DTD)","Paul Millsap","2016-17"
2016-12-03,"Hawks","","• Paul Millsap","placed on IL with sore left hip","Paul Millsap","2016-17"
2016-12-05,"Hawks","• Paul Millsap","","activated from IL","Paul Millsap","2016-17"
2017-03-18,"Hawks","","• Paul Millsap","tightness in left knee (DTD)","Paul Millsap","2016-17"
2017-03-20,"Hawks","","• Paul Millsap","placed on IL with tightness in left knee","Paul Millsap","2016-17"
2017-04-02,"Hawks","• Paul Millsap","","activated from IL","Paul Millsap","2016-17"
2017-04-07,"Hawks","","• Paul Millsap","placed on IL with sore left knee","Paul Millsap","2016-17"
2017-04-09,"Hawks","• Paul Millsap","","activated from IL","Paul Millsap","2016-17"
2017-04-12,"Hawks","","• Paul Millsap","placed on IL for rest","Paul Millsap","2016-17"
2017-11-19,"Nuggets","","• Paul Millsap","sore left wrist (DTD)","Paul Millsap","2017-18"
2017-11-20,"Nuggets","","• Paul Millsap","placed on IL with sprained left wrist","Paul Millsap","2017-18"
2017-11-27,"Nuggets","","• Paul Millsap","surgery on left wrist (out indefinitely)","Paul Millsap","2017-18"
2018-02-27,"Nuggets","• Paul Millsap","","activated from IL","Paul Millsap","2017-18"
2018-12-08,"Nuggets","","• Paul Millsap","placed on IL with right big toe injury","Paul Millsap","2018-19"
2018-12-29,"Nuggets","• Paul Millsap","","activated from IL","Paul Millsap","2018-19"
2019-02-04,"Nuggets","","• Paul Millsap","sore right ankle (DTD)","Paul Millsap","2018-19"
2019-02-06,"Nuggets","","• Paul Millsap","placed on IL with sore right ankle","Paul Millsap","2018-19"
2019-02-11,"Nuggets","• Paul Millsap","","activated from IL","Paul Millsap","2018-19"
2019-12-14,"Nuggets","","• Paul Millsap","placed on IL with strained right quadriceps","Paul Millsap","2019-20"
2019-12-18,"Nuggets","• Paul Millsap","","activated from IL","Paul Millsap","2019-20"
2019-12-28,"Nuggets","","• Paul Millsap","placed on IL with bruised left knee","Paul Millsap","2019-20"
2019-12-31,"Nuggets","• Paul Millsap","","activated from IL","Paul Millsap","2019-20"
2020-01-08,"Nuggets","","• Paul Millsap","placed on IL with bruised left knee","Paul Millsap","2019-20"
2020-02-08,"Nuggets","• Paul Millsap","","activated from IL","Paul Millsap","2019-20"
2020-03-01,"Nuggets","","• Paul Millsap","placed on IL with sprained right ankle","Paul Millsap","2019-20"
2020-03-03,"Nuggets","• Paul Millsap","","activated from IL","Paul Millsap","2019-20"
2013-11-16,"Nets","","• Paul Pierce","placed on IL with groin injury","Paul Pierce","2013-14"
2013-11-18,"Nets","• Paul Pierce","","activated from IL","Paul Pierce","2013-14"
2013-11-30,"Nets","","• Paul Pierce","bruised right hand (DNP)","Paul Pierce","2013-14"
2013-12-03,"Nets","","• Paul Pierce","fractured right hand (DNP)","Paul Pierce","2013-14"
2013-12-05,"Nets","","• Paul Pierce","fractured right hand (DNP)","Paul Pierce","2013-14"
2013-12-07,"Nets","","• Paul Pierce","fractured right hand (DNP)","Paul Pierce","2013-14"
2014-04-09,"Nets","","• Paul Pierce","right hip pointer (DNP)","Paul Pierce","2013-14"
2014-04-16,"Nets","","• Paul Pierce","rest (DNP)","Paul Pierce","2013-14"
2014-12-16,"Wizards","","• Paul Pierce","sore right toe (DTD)","Paul Pierce","2014-15"
2014-12-19,"Wizards","• Paul Pierce","","returned to lineup","Paul Pierce","2014-15"
2015-01-07,"Wizards","","• Paul Pierce","placed on IL for rest","Paul Pierce","2014-15"
2015-01-09,"Wizards","• Paul Pierce","","activated from IL","Paul Pierce","2014-15"
2015-01-27,"Wizards","","• Paul Pierce","placed on IL with sore left big toe","Paul Pierce","2014-15"
2015-01-28,"Wizards","• Paul Pierce","","returned to lineup","Paul Pierce","2014-15"
2015-02-25,"Wizards","","• Paul Pierce","bruised right knee (DTD)","Paul Pierce","2014-15"
2015-02-28,"Wizards","• Paul Pierce","","returned to lineup","Paul Pierce","2014-15"
2015-04-01,"Wizards","","• Paul Pierce","placed on IL for rest","Paul Pierce","2014-15"
2015-04-08,"Wizards","• Paul Pierce","","activated from IL","Paul Pierce","2014-15"
2015-04-15,"Wizards","","• Paul Pierce","rest (DTD)","Paul Pierce","2014-15"
2014-01-12,"Hawks","","• Pero Antic","back spasms (DNP)","Pero Antic","2013-14"
2014-01-23,"Hawks","","• Pero Antic","stress fracture in right ankle (out indefinitely)","Pero Antic","2013-14"
2014-01-24,"Hawks","","• Pero Antic","stress fracture in right ankle (DNP)","Pero Antic","2013-14"
2014-01-25,"Hawks","","• Pero Antic","placed on IL with stress fracture in right ankle","Pero Antic","2013-14"
2014-03-02,"Hawks","• Pero Antic","","activated from IL","Pero Antic","2013-14"
2014-03-07,"Hawks","• Pero Antic","","activated from IL (P)","Pero Antic","2013-14"
2014-03-27,"Hawks","","• Pero Antic","sprained right ankle (DNP)","Pero Antic","2013-14"
2014-04-09,"Hawks","","• Pero Antic","sore right ankle (DNP)","Pero Antic","2013-14"
2014-04-12,"Hawks","","• Pero Antic","sprained right ankle (DNP)","Pero Antic","2013-14"
2022-10-19,"Knicks","","• Quentin Grimes","placed on IL with foot injury","Quentin Grimes","2022-23"
2022-11-02,"Knicks","• Quentin Grimes","","activated from IL","Quentin Grimes","2022-23"
2022-12-21,"Knicks","","• Quentin Grimes","sprained right ankle (DTD)","Quentin Grimes","2022-23"
2022-12-23,"Knicks","• Quentin Grimes","","returned to lineup","Quentin Grimes","2022-23"
2023-04-23,"Knicks","","• Quentin Grimes","bruised right shoulder (DTD)","Quentin Grimes","2022-23"
2023-04-30,"Knicks","• Quentin Grimes","","returned to lineup","Quentin Grimes","2022-23"
2014-11-21,"Grizzlies","","• Quincy Pondexter","flu / stomach virus (DNP)","Quincy Pondexter","2014-15"
2015-01-11,"Grizzlies","","• Quincy Pondexter","placed on IL","Quincy Pondexter","2014-15"
2017-10-17,"Warriors","","• Quinn Cook","placed on IL","Quinn Cook","2017-18"
2017-10-20,"Warriors","• Quinn Cook","","activated from IL","Quinn Cook","2017-18"
2017-10-23,"Warriors","","• Quinn Cook","placed on IL","Quinn Cook","2017-18"
2017-10-27,"Warriors","• Quinn Cook","","activated from IL","Quinn Cook","2017-18"
2017-10-29,"Warriors","","• Quinn Cook","placed on IL","Quinn Cook","2017-18"
2017-11-13,"Warriors","• Quinn Cook","","activated from IL","Quinn Cook","2017-18"
2017-11-16,"Warriors","","• Quinn Cook","placed on IL","Quinn Cook","2017-18"
2017-11-24,"Warriors","• Quinn Cook","","activated from IL","Quinn Cook","2017-18"
2017-11-25,"Warriors","","• Quinn Cook","placed on IL","Quinn Cook","2017-18"
2017-11-27,"Warriors","• Quinn Cook","","activated from IL","Quinn Cook","2017-18"
2017-11-29,"Warriors","","• Quinn Cook","placed on IL","Quinn Cook","2017-18"
2017-12-06,"Warriors","• Quinn Cook","","activated from IL","Quinn Cook","2017-18"
2017-12-27,"Warriors","","• Quinn Cook","placed on IL","Quinn Cook","2017-18"
2018-01-12,"Warriors","• Quinn Cook","","activated from IL","Quinn Cook","2017-18"
2018-01-13,"Warriors","","• Quinn Cook","placed on IL","Quinn Cook","2017-18"
2018-02-02,"Warriors","• Quinn Cook","","activated from IL","Quinn Cook","2017-18"
2018-02-03,"Warriors","","• Quinn Cook","placed on IL","Quinn Cook","2017-18"
2018-02-24,"Warriors","• Quinn Cook","","activated from IL","Quinn Cook","2017-18"
2013-10-29,"Celtics","","• Rajon Rondo","recovering from surgery on left knee to repair torn ACL (out indefinitely)","Rajon Rondo","2013-14"
2013-10-30,"Celtics","","• Rajon Rondo","placed on IL recovering from surgery on left / right (P) knee to repair torn ACL","Rajon Rondo","2013-14"
2014-01-17,"Celtics","• Rajon Rondo","","activated from IL","Rajon Rondo","2013-14"
2014-01-22,"Celtics","","• Rajon Rondo","rest / sore right knee (DNP)","Rajon Rondo","2013-14"
2014-01-29,"Celtics","","• Rajon Rondo","rest / sore right knee (DNP)","Rajon Rondo","2013-14"
2014-02-07,"Celtics","","• Rajon Rondo","rest / sore right knee (DNP)","Rajon Rondo","2013-14"
2014-02-10,"Celtics","","• Rajon Rondo","rest / sore right knee (DNP)","Rajon Rondo","2013-14"
2014-02-22,"Celtics","","• Rajon Rondo","rest (DNP)","Rajon Rondo","2013-14"
2014-03-12,"Celtics","","• Rajon Rondo","rest (DNP)","Rajon Rondo","2013-14"
2014-03-17,"Celtics","","• Rajon Rondo","knee injury / rest (DNP)","Rajon Rondo","2013-14"
2014-04-05,"Celtics","","• Rajon Rondo","rest (DNP)","Rajon Rondo","2013-14"
2014-04-11,"Celtics","","• Rajon Rondo","bruised left shin (DNP)","Rajon Rondo","2013-14"
2014-04-12,"Celtics","","• Rajon Rondo","bruised left shin (DNP)","Rajon Rondo","2013-14"
2014-11-08,"Celtics","","• Rajon Rondo","placed on IL with left hand injury","Rajon Rondo","2014-15"
2014-11-08,"Celtics","","• Rajon Rondo","surgery on left hand to remove screw","Rajon Rondo","2014-15"
2014-11-12,"Celtics","• Rajon Rondo","","activated from IL","Rajon Rondo","2014-15"
2015-01-14,"Mavericks","","• Rajon Rondo","sore Achilles (DTD)","Rajon Rondo","2014-15"
2015-01-16,"Mavericks","• Rajon Rondo","","returned to lineup","Rajon Rondo","2014-15"
2015-02-02,"Mavericks","","• Rajon Rondo","placed on IL with fractured left orbital bone and fractured nose","Rajon Rondo","2014-15"
2015-02-19,"Mavericks","• Rajon Rondo","","activated from IL","Rajon Rondo","2014-15"
2015-04-10,"Mavericks","","• Rajon Rondo","placed on IL for rest","Rajon Rondo","2014-15"
2015-04-12,"Mavericks","• Rajon Rondo","","activated from IL","Rajon Rondo","2014-15"
2015-04-22,"Mavericks","","• Rajon Rondo","back injury (out for season)","Rajon Rondo","2014-15"
2015-04-24,"Mavericks","","• Rajon Rondo","placed on IL with sore back (out for season)","Rajon Rondo","2014-15"
2016-01-05,"Kings","","• Rajon Rondo","back spasms (DTD)","Rajon Rondo","2015-16"
2016-01-07,"Kings","• Rajon Rondo","","returned to lineup","Rajon Rondo","2015-16"
2016-02-26,"Kings","","• Rajon Rondo","right thumb tendinitis (DTD)","Rajon Rondo","2015-16"
2016-02-29,"Kings","• Rajon Rondo","","returned to lineup","Rajon Rondo","2015-16"
2016-03-16,"Kings","","• Rajon Rondo","sprained right thumb / sprained toe (CBC Y) (DTD)","Rajon Rondo","2015-16"
2016-03-18,"Kings","• Rajon Rondo","","returned to lineup","Rajon Rondo","2015-16"
2016-03-28,"Kings","","• Rajon Rondo","rest (DTD)","Rajon Rondo","2015-16"
2016-04-02,"Kings","","• Rajon Rondo","rest (DTD)","Rajon Rondo","2015-16"
2016-04-07,"Kings","","• Rajon Rondo","rest (DTD)","Rajon Rondo","2015-16"
2016-04-09,"Kings","","• Rajon Rondo","rest (DTD)","Rajon Rondo","2015-16"
2016-04-11,"Kings","","• Rajon Rondo","rest (DTD)","Rajon Rondo","2015-16"
2016-04-13,"Kings","","• Rajon Rondo","rest (DTD)","Rajon Rondo","2015-16"
2014-01-19,"Nuggets","","• Randy Foye","stomach virus (DNP)","Randy Foye","2013-14"
2016-10-26,"Nets","","• Randy Foye","placed on IL with strained hamstring","Randy Foye","2016-17"
2016-11-04,"Nets","• Randy Foye","","activated from IL","Randy Foye","2016-17"
2013-10-30,"Kings","","• Ray McCallum Jr.","placed on IL","Ray McCallum","2013-14"
2013-11-05,"Kings","• Ray McCallum Jr.","","activated from IL","Ray McCallum","2013-14"
2013-11-13,"Kings","","• Ray McCallum Jr.","placed on IL","Ray McCallum","2013-14"
2013-12-01,"Kings","• Ray McCallum Jr.","","activated from IL","Ray McCallum","2013-14"
2013-12-07,"Kings","","• Ray McCallum Jr.","placed on IL","Ray McCallum","2013-14"
2013-12-09,"Kings","• Ray McCallum Jr.","","activated from IL","Ray McCallum","2013-14"
2014-01-19,"Kings","","• Ray McCallum Jr.","placed on IL","Ray McCallum","2013-14"
2014-01-21,"Kings","• Ray McCallum Jr.","","activated from IL","Ray McCallum","2013-14"
2013-11-19,"Knicks","","• Raymond Felton","pinched nerve in left hip (DNP)","Raymond Felton","2013-14"
2013-11-20,"Knicks","","• Raymond Felton","pinched nerve in left hip (DNP)","Raymond Felton","2013-14"
2013-11-23,"Knicks","","• Raymond Felton","pinched nerve in left hip (DNP)","Raymond Felton","2013-14"
2013-11-25,"Knicks","","• Raymond Felton","pinched nerve in left hip (DNP)","Raymond Felton","2013-14"
2013-12-11,"Knicks","","• Raymond Felton","sore left hamstring (DNP)","Raymond Felton","2013-14"
2013-12-13,"Knicks","","• Raymond Felton","sore left hamstring (DNP)","Raymond Felton","2013-14"
2013-12-14,"Knicks","","• Raymond Felton","strained left hamstring (DNP)","Raymond Felton","2013-14"
2013-12-16,"Knicks","","• Raymond Felton","strained left hamstring (DNP)","Raymond Felton","2013-14"
2013-12-18,"Knicks","","• Raymond Felton","strained left hamstring (DNP)","Raymond Felton","2013-14"
2013-12-21,"Knicks","","• Raymond Felton","strained left hamstring (DNP)","Raymond Felton","2013-14"
2013-12-25,"Knicks","","• Raymond Felton","placed on IL with strained left hamstring","Raymond Felton","2013-14"
2014-01-07,"Knicks","• Raymond Felton","","activated from IL","Raymond Felton","2013-14"
2014-04-16,"Knicks","","• Raymond Felton","ankle injury (DNP)","Raymond Felton","2013-14"
2016-01-20,"Mavericks","","• Raymond Felton","placed on IL with left eye injury","Raymond Felton","2015-16"
2016-01-22,"Mavericks","• Raymond Felton","","activated from IL","Raymond Felton","2015-16"
2016-04-01,"Mavericks","","• Raymond Felton","strained right groin (DTD)","Raymond Felton","2015-16"
2016-04-03,"Mavericks","• Raymond Felton","","returned to lineup","Raymond Felton","2015-16"
2016-02-10,"Pistons","","• Reggie Jackson (Shon)","illness (DTD)","Reggie Jackson","2015-16"
2016-02-19,"Pistons","• Reggie Jackson (Shon)","","returned to lineup","Reggie Jackson","2015-16"
2016-04-12,"Pistons","","• Reggie Jackson (Shon)","strained abdominal muscle (DTD)","Reggie Jackson","2015-16"
2016-04-13,"Pistons","","• Reggie Jackson (Shon)","placed on IL with strained abdominal muscle","Reggie Jackson","2015-16"
2016-04-17,"Pistons","• Reggie Jackson (Shon)","","activated from IL","Reggie Jackson","2015-16"
2017-12-27,"Pistons","","• Reggie Jackson (Shon)","sprained right ankle (out indefinitely)","Reggie Jackson","2017-18"
2017-12-28,"Pistons","","• Reggie Jackson (Shon)","placed on IL with sprained right ankle","Reggie Jackson","2017-18"
2018-03-20,"Pistons","• Reggie Jackson (Shon)","","activated from IL","Reggie Jackson","2017-18"
2021-12-22,"Clippers","","• Reggie Jackson (Shon)","placed on IL with NBA health and safety protocols","Reggie Jackson","2021-22"
2021-12-31,"Clippers","• Reggie Jackson (Shon)","","activated from IL","Reggie Jackson","2021-22"
2016-11-23,"76ers","","• Richaun Holmes","illness (DTD)","Richaun Holmes","2016-17"
2016-11-25,"76ers","• Richaun Holmes","","returned to lineup","Richaun Holmes","2016-17"
2016-12-23,"76ers","","• Richaun Holmes","concussion (DTD)","Richaun Holmes","2016-17"
2017-01-04,"76ers","• Richaun Holmes","","returned to lineup","Richaun Holmes","2016-17"
2017-01-13,"76ers","","• Richaun Holmes","placed on IL with concussion","Richaun Holmes","2016-17"
2017-01-21,"76ers","• Richaun Holmes","","activated from IL","Richaun Holmes","2016-17"
2017-02-08,"76ers","","• Richaun Holmes","upper respiratory infection (DTD)","Richaun Holmes","2016-17"
2017-02-11,"76ers","• Richaun Holmes","","returned to lineup","Richaun Holmes","2016-17"
2020-01-07,"Kings","","• Richaun Holmes","placed on IL with sprained right shoulder","Richaun Holmes","2019-20"
2020-03-07,"Kings","• Richaun Holmes","","activated from IL","Richaun Holmes","2019-20"
2021-11-24,"Kings","","• Richaun Holmes","placed on IL with right eye injury","Richaun Holmes","2021-22"
2021-11-29,"Kings","• Richaun Holmes","","activated from IL","Richaun Holmes","2021-22"
2021-12-09,"Kings","","• Richaun Holmes","placed on IL with right eye injury","Richaun Holmes","2021-22"
2021-12-22,"Kings","• Richaun Holmes","","activated from IL","Richaun Holmes","2021-22"
2022-01-01,"Kings","","• Richaun Holmes","placed on IL with NBA health and safety protocols","Richaun Holmes","2021-22"
2022-01-16,"Kings","• Richaun Holmes","","activated from IL","Richaun Holmes","2021-22"
2022-02-08,"Kings","","• Richaun Holmes","personal reasons (DTD)","Richaun Holmes","2021-22"
2022-02-09,"Kings","• Richaun Holmes","","returned to lineup","Richaun Holmes","2021-22"
2022-02-24,"Kings","","• Richaun Holmes","sore back (DTD)","Richaun Holmes","2021-22"
2022-02-26,"Kings","","• Richaun Holmes","placed on IL with sore back","Richaun Holmes","2021-22"
2022-03-05,"Kings","• Richaun Holmes","","activated from IL","Richaun Holmes","2021-22"
2022-03-07,"Kings","","• Richaun Holmes","personal reasons (DTD)","Richaun Holmes","2021-22"
2022-03-09,"Kings","","• Richaun Holmes","placed on IL for personal reasons","Richaun Holmes","2021-22"
2022-03-11,"Kings","• Richaun Holmes","","activated from IL","Richaun Holmes","2021-22"
2022-03-18,"Kings","","• Richaun Holmes","placed on IL for personal reasons (out for season)","Richaun Holmes","2021-22"
2015-11-10,"Timberwolves","","• Ricky Rubio","sore left knee (DTD)","Ricky Rubio","2015-16"
2015-11-12,"Timberwolves","","• Ricky Rubio","placed on IL with hamstring injury","Ricky Rubio","2015-16"
2015-11-17,"Timberwolves","• Ricky Rubio","","activated from IL","Ricky Rubio","2015-16"
2015-11-27,"Timberwolves","","• Ricky Rubio","ankle injury (DTD)","Ricky Rubio","2015-16"
2015-11-29,"Timberwolves","","• Ricky Rubio","placed on IL with ankle injury","Ricky Rubio","2015-16"
2015-12-01,"Timberwolves","• Ricky Rubio","","activated from IL","Ricky Rubio","2015-16"
2016-10-31,"Timberwolves","","• Ricky Rubio","sprained right elbow (DTD)","Ricky Rubio","2016-17"
2016-11-01,"Timberwolves","","• Ricky Rubio","placed on IL with sprained right elbow","Ricky Rubio","2016-17"
2016-11-12,"Timberwolves","• Ricky Rubio","","activated from IL","Ricky Rubio","2016-17"
2017-01-21,"Timberwolves","","• Ricky Rubio","personal reasons (DTD)","Ricky Rubio","2016-17"
2017-01-22,"Timberwolves","","• Ricky Rubio","sore hip (DTD)","Ricky Rubio","2016-17"
2017-01-22,"Timberwolves","","• Ricky Rubio","placed on IL for personal reasons","Ricky Rubio","2016-17"
2017-01-24,"Timberwolves","• Ricky Rubio","","activated from IL","Ricky Rubio","2016-17"
2017-04-12,"Timberwolves","","• Ricky Rubio","DNP (out for season)","Ricky Rubio","2016-17"
2017-11-17,"Jazz","","• Ricky Rubio","sore right Achilles (DTD)","Ricky Rubio","2017-18"
2017-11-18,"Jazz","• Ricky Rubio","","returned to lineup","Ricky Rubio","2017-18"
2018-02-11,"Jazz","","• Ricky Rubio","placed on IL with sore left hip","Ricky Rubio","2017-18"
2018-02-23,"Jazz","• Ricky Rubio","","activated from IL","Ricky Rubio","2017-18"
2018-03-30,"Jazz","","• Ricky Rubio","hamstring injury (DTD)","Ricky Rubio","2017-18"
2018-03-30,"Jazz","","• Ricky Rubio","sore left hamstring (DTD)","Ricky Rubio","2017-18"
2018-04-01,"Jazz","• Ricky Rubio","","returned to lineup","Ricky Rubio","2017-18"
2018-04-29,"Jazz","","• Ricky Rubio","placed on IL with strained left hamstring (out for season)","Ricky Rubio","2017-18"
2018-12-29,"Jazz","","• Ricky Rubio","placed on IL with bruised lower back","Ricky Rubio","2018-19"
2019-01-01,"Jazz","• Ricky Rubio","","activated from IL","Ricky Rubio","2018-19"
2019-01-08,"Jazz","","• Ricky Rubio","placed on IL with strained right hamstring","Ricky Rubio","2018-19"
2019-01-21,"Jazz","• Ricky Rubio","","activated from IL","Ricky Rubio","2018-19"
2019-02-28,"Jazz","","• Ricky Rubio","placed on IL with left hamstring injury","Ricky Rubio","2018-19"
2019-03-02,"Jazz","• Ricky Rubio","","activated from IL","Ricky Rubio","2018-19"
2019-03-08,"Jazz","","• Ricky Rubio","placed on IL with hip injury","Ricky Rubio","2018-19"
2019-03-13,"Jazz","• Ricky Rubio","","activated from IL","Ricky Rubio","2018-19"
2019-04-03,"Jazz","","• Ricky Rubio","placed on IL with right hamstring injury","Ricky Rubio","2018-19"
2019-04-05,"Jazz","• Ricky Rubio","","activated from IL","Ricky Rubio","2018-19"
2019-04-06,"Jazz","","• Ricky Rubio","bruised left quadricep (DTD)","Ricky Rubio","2018-19"
2019-04-07,"Jazz","","• Ricky Rubio","placed on IL with bruised left quadricep","Ricky Rubio","2018-19"
2019-04-14,"Jazz","• Ricky Rubio","","activated from IL","Ricky Rubio","2018-19"
2019-10-26,"Suns","","• Ricky Rubio","placed on IL with bruised left knee","Ricky Rubio","2019-20"
2019-10-28,"Suns","• Ricky Rubio","","activated from IL","Ricky Rubio","2019-20"
2019-11-18,"Suns","","• Ricky Rubio","back spasms (DTD)","Ricky Rubio","2019-20"
2019-11-19,"Suns","• Ricky Rubio","","returned to lineup","Ricky Rubio","2019-20"
2019-11-21,"Suns","","• Ricky Rubio","back spasms (DTD)","Ricky Rubio","2019-20"
2019-11-27,"Suns","• Ricky Rubio","","returned to lineup","Ricky Rubio","2019-20"
2019-12-21,"Suns","","• Ricky Rubio","placed on IL with illness","Ricky Rubio","2019-20"
2019-12-23,"Suns","• Ricky Rubio","","activated from IL","Ricky Rubio","2019-20"
2020-01-14,"Suns","","• Ricky Rubio","placed on IL for personal reasons","Ricky Rubio","2019-20"
2020-01-15,"Suns","• Ricky Rubio","","activated from IL","Ricky Rubio","2019-20"
2020-02-02,"Suns","","• Ricky Rubio","sore right ankle (DTD)","Ricky Rubio","2019-20"
2020-02-03,"Suns","• Ricky Rubio","","returned to lineup","Ricky Rubio","2019-20"
2021-01-14,"Timberwolves","","• Ricky Rubio","NBA health and safety protocols (DTD)","Ricky Rubio","2020-21"
2021-01-18,"Timberwolves","","• Ricky Rubio","placed on IL with NBA health and safety protocols (DTD)","Ricky Rubio","2020-21"
2021-01-22,"Timberwolves","• Ricky Rubio","","activated from IL","Ricky Rubio","2020-21"
2021-04-02,"Timberwolves","","• Ricky Rubio","back spasms (DTD)","Ricky Rubio","2020-21"
2021-04-05,"Timberwolves","• Ricky Rubio","","returned to lineup","Ricky Rubio","2020-21"
2015-01-14,"76ers","","• Robert Covington","bruised right shoulder (DTD)","Robert Covington","2014-15"
2015-01-16,"76ers","• Robert Covington","","returned to lineup","Robert Covington","2014-15"
2015-03-02,"76ers","","• Robert Covington","bruised right elbow (DTD)","Robert Covington","2014-15"
2015-03-06,"76ers","• Robert Covington","","returned to lineup","Robert Covington","2014-15"
2015-10-26,"76ers","","• Robert Covington","sprained MCL in right knee (DTD)","Robert Covington","2015-16"
2015-11-02,"76ers","• Robert Covington","","returned to lineup","Robert Covington","2015-16"
2015-11-03,"76ers","","• Robert Covington","sprained MCL in right knee (DTD)","Robert Covington","2015-16"
2015-11-16,"76ers","• Robert Covington","","returned to lineup","Robert Covington","2015-16"
2016-03-12,"76ers","","• Robert Covington","concussion (DTD)","Robert Covington","2015-16"
2016-03-23,"76ers","• Robert Covington","","returned to lineup","Robert Covington","2015-16"
2019-11-22,"Timberwolves","","• Robert Covington","personal reasons (DTD)","Robert Covington","2019-20"
2019-11-23,"Timberwolves","","• Robert Covington","placed on IL for personal reasons","Robert Covington","2019-20"
2019-11-25,"Timberwolves","• Robert Covington","","activated from IL","Robert Covington","2019-20"
2021-01-25,"Blazers","","• Robert Covington","concussion (DTD)","Robert Covington","2020-21"
2021-01-29,"Blazers","","• Robert Covington","placed on IL with concussion","Robert Covington","2020-21"
2021-01-30,"Blazers","• Robert Covington","","activated from IL","Robert Covington","2020-21"
2021-12-25,"Blazers","","• Robert Covington","placed on IL with NBA health and safety protocols","Robert Covington","2021-22"
2022-01-02,"Blazers","• Robert Covington","","activated from IL","Robert Covington","2021-22"
2022-01-26,"Blazers","","• Robert Covington","placed on IL with sprained MCL in right knee","Robert Covington","2021-22"
2022-01-28,"Blazers","• Robert Covington","","activated from IL","Robert Covington","2021-22"
2022-03-07,"Clippers","","• Robert Covington","placed on IL for personal reasons","Robert Covington","2021-22"
2022-03-15,"Clippers","• Robert Covington","","activated from IL","Robert Covington","2021-22"
2021-10-30,"Celtics","","• Robert Williams III","placed on IL with illness","Robert Williams III","2021-22"
2021-10-31,"Celtics","• Robert Williams III","","activated from IL","Robert Williams III","2021-22"
2021-11-17,"Celtics","","• Robert Williams III","placed on IL with sore left knee","Robert Williams III","2021-22"
2021-11-22,"Celtics","• Robert Williams III","","activated from IL","Robert Williams III","2021-22"
2021-11-24,"Celtics","","• Robert Williams III","placed on IL with illness","Robert Williams III","2021-22"
2021-11-30,"Celtics","• Robert Williams III","","activated from IL","Robert Williams III","2021-22"
2021-12-20,"Celtics","","• Robert Williams III","personal reasons (DTD)","Robert Williams III","2021-22"
2021-12-21,"Celtics","• Robert Williams III","","returned to lineup","Robert Williams III","2021-22"
2022-01-02,"Celtics","","• Robert Williams III","placed on IL with right big toe injury","Robert Williams III","2021-22"
2022-01-05,"Celtics","• Robert Williams III","","activated from IL","Robert Williams III","2021-22"
2022-01-17,"Celtics","","• Robert Williams III","placed on IL for personal reasons","Robert Williams III","2021-22"
2022-01-20,"Celtics","• Robert Williams III","","activated from IL","Robert Williams III","2021-22"
2022-02-15,"Celtics","","• Robert Williams III","placed on IL with tightness in right calf","Robert Williams III","2021-22"
2022-02-23,"Celtics","• Robert Williams III","","activated from IL","Robert Williams III","2021-22"
2022-03-21,"Celtics","","• Robert Williams III","placed on IL with right knee injury","Robert Williams III","2021-22"
2022-03-23,"Celtics","• Robert Williams III","","activated from IL","Robert Williams III","2021-22"
2022-03-28,"Celtics","","• Robert Williams III","placed on IL with torn meniscus in left knee","Robert Williams III","2021-22"
2022-04-23,"Celtics","• Robert Williams III","","activated from IL","Robert Williams III","2021-22"
2022-12-23,"Celtics","","• Robert Williams III","placed on IL","Robert Williams III","2022-23"
2022-12-25,"Celtics","• Robert Williams III","","activated from IL","Robert Williams III","2022-23"
2023-01-03,"Celtics","","• Robert Williams III","placed on IL","Robert Williams III","2022-23"
2023-01-05,"Celtics","• Robert Williams III","","activated from IL","Robert Williams III","2022-23"
2023-01-11,"Celtics","","• Robert Williams III","placed on IL with left knee injury","Robert Williams III","2022-23"
2023-01-12,"Celtics","• Robert Williams III","","activated from IL","Robert Williams III","2022-23"
2023-01-23,"Celtics","","• Robert Williams III","placed on IL with left knee injury","Robert Williams III","2022-23"
2023-01-24,"Celtics","• Robert Williams III","","activated from IL","Robert Williams III","2022-23"
2023-02-08,"Celtics","","• Robert Williams III","placed on IL with sprained left ankle","Robert Williams III","2022-23"
2023-02-22,"Celtics","• Robert Williams III","","activated from IL","Robert Williams III","2022-23"
2023-03-04,"Celtics","","• Robert Williams III","placed on IL with strained left hamstring","Robert Williams III","2022-23"
2023-03-21,"Celtics","• Robert Williams III","","activated from IL","Robert Williams III","2022-23"
2014-12-17,"Blazers","","• Robin Lopez","placed on IL with fractured right hand","Robin Lopez","2014-15"
2014-12-23,"Blazers","","• Robin Lopez","placed on IL with fractured right hand (P)","Robin Lopez","2014-15"
2015-02-03,"Blazers","• Robin Lopez","","activated from IL","Robin Lopez","2014-15"
2018-02-22,"Bulls","","• Robin Lopez","placed on IL","Robin Lopez","2017-18"
2018-03-09,"Bulls","• Robin Lopez","","activated from IL","Robin Lopez","2017-18"
2018-03-21,"Bulls","","• Robin Lopez","placed on IL","Robin Lopez","2017-18"
2018-03-23,"Bulls","• Robin Lopez","","activated from IL","Robin Lopez","2017-18"
2018-10-23,"Nets","","• Rodions Kurucs","sprained left ankle (DTD)","Rodions Kurucs","2018-19"
2018-10-24,"Nets","","• Rodions Kurucs","placed on IL with sprained left ankle","Rodions Kurucs","2018-19"
2018-11-02,"Nets","• Rodions Kurucs","","activated from IL","Rodions Kurucs","2018-19"
2018-11-04,"Nets","• Rodions Kurucs","","returned to lineup","Rodions Kurucs","2018-19"
2018-11-23,"Nets","","• Rodions Kurucs","placed on IL","Rodions Kurucs","2018-19"
2018-11-28,"Nets","• Rodions Kurucs","","activated from IL","Rodions Kurucs","2018-19"
2019-02-13,"Nets","","• Rodions Kurucs","sprained left elbow (DTD)","Rodions Kurucs","2018-19"
2019-02-21,"Nets","• Rodions Kurucs","","returned to lineup","Rodions Kurucs","2018-19"
2015-11-13,"Jazz","","• Rodney Hood","placed on IL with sore right foot","Rodney Hood","2015-16"
2015-11-15,"Jazz","• Rodney Hood","","activated from IL","Rodney Hood","2015-16"
2016-01-07,"Jazz","","• Rodney Hood","right ankle injury (DTD)","Rodney Hood","2015-16"
2016-01-10,"Jazz","• Rodney Hood","","returned to lineup","Rodney Hood","2015-16"
2016-03-09,"Jazz","","• Rodney Hood","sore lower back (DTD)","Rodney Hood","2015-16"
2016-03-11,"Jazz","• Rodney Hood","","returned to lineup","Rodney Hood","2015-16"
2019-11-10,"Blazers","","• Rodney Hood","back spasms (DTD)","Rodney Hood","2019-20"
2019-11-13,"Blazers","• Rodney Hood","","returned to lineup","Rodney Hood","2019-20"
2019-12-07,"Blazers","","• Rodney Hood","torn left Achilles tendon (out for season)","Rodney Hood","2019-20"
2019-12-07,"Blazers","","• Rodney Hood","placed on IL with torn left Achilles tendon (out for season)","Rodney Hood","2019-20"
2016-12-07,"Heat","","• Rodney McGruder","sore ankle (DTD)","Rodney McGruder","2016-17"
2016-12-19,"Heat","","• Rodney McGruder","sprained left ankle (DTD)","Rodney McGruder","2016-17"
2016-12-27,"Heat","• Rodney McGruder","","returned to lineup","Rodney McGruder","2016-17"
2016-10-28,"Knicks","","• Ron Baker","sore ankle (DTD)","Ron Baker","2016-17"
2016-10-29,"Knicks","","• Ron Baker","placed on IL with sore ankle","Ron Baker","2016-17"
2016-11-02,"Knicks","• Ron Baker","","activated from IL","Ron Baker","2016-17"
2016-11-09,"Knicks","","• Ron Baker","placed on IL","Ron Baker","2016-17"
2016-11-11,"Knicks","• Ron Baker","","activated from IL","Ron Baker","2016-17"
2016-11-12,"Knicks","","• Ron Baker","placed on IL","Ron Baker","2016-17"
2016-11-14,"Knicks","• Ron Baker","","activated from IL","Ron Baker","2016-17"
2016-12-30,"Knicks","","• Ron Baker","placed on IL","Ron Baker","2016-17"
2016-12-31,"Knicks","• Ron Baker","","activated from IL","Ron Baker","2016-17"
2016-11-25,"Nets","","• Rondae Hollis-Jefferson","sore right ankle (DTD)","Rondae Hollis-Jefferson","2016-17"
2016-11-29,"Nets","• Rondae Hollis-Jefferson","","returned to lineup","Rondae Hollis-Jefferson","2016-17"
2017-01-04,"Nets","","• Rondae Hollis-Jefferson","right hip tendinitis (DTD)","Rondae Hollis-Jefferson","2016-17"
2017-01-06,"Nets","• Rondae Hollis-Jefferson","","returned to lineup","Rondae Hollis-Jefferson","2016-17"
2017-11-07,"Nets","","• Rondae Hollis-Jefferson","bruised right hip (DTD)","Rondae Hollis-Jefferson","2017-18"
2017-11-10,"Nets","• Rondae Hollis-Jefferson","","returned to lineup","Rondae Hollis-Jefferson","2017-18"
2017-11-27,"Nets","","• Rondae Hollis-Jefferson","placed on IL with sprained right ankle","Rondae Hollis-Jefferson","2017-18"
2017-12-02,"Nets","• Rondae Hollis-Jefferson","","activated from IL","Rondae Hollis-Jefferson","2017-18"
2018-01-27,"Nets","","• Rondae Hollis-Jefferson","placed on IL with strained right groin","Rondae Hollis-Jefferson","2017-18"
2018-02-26,"Nets","• Rondae Hollis-Jefferson","","activated from IL","Rondae Hollis-Jefferson","2017-18"
2014-04-09,"Pacers","","• Roy Hibbert","placed on IL","Roy Hibbert","2013-14"
2014-04-11,"Pacers","• Roy Hibbert","","activated from IL","Roy Hibbert","2013-14"
2014-11-24,"Pacers","","• Roy Hibbert","sprained left ankle (DTD)","Roy Hibbert","2014-15"
2014-12-02,"Pacers","• Roy Hibbert","","returned to lineup","Roy Hibbert","2014-15"
2015-03-04,"Pacers","","• Roy Hibbert","placed on IL with elbow injury","Roy Hibbert","2014-15"
2015-03-06,"Pacers","• Roy Hibbert","","activated from IL","Roy Hibbert","2014-15"
2015-03-12,"Pacers","","• Roy Hibbert","placed on IL with elbow injury","Roy Hibbert","2014-15"
2015-03-14,"Pacers","• Roy Hibbert","","activated from IL","Roy Hibbert","2014-15"
2016-02-08,"Lakers","","• Roy Hibbert","placed on IL with ankle injury","Roy Hibbert","2015-16"
2016-02-10,"Lakers","• Roy Hibbert","","activated from IL","Roy Hibbert","2015-16"
2021-11-27,"Jazz","","• Royce O'Neale","placed on IL with ankle, foot injuries","Royce O'Neale","2021-22"
2021-12-02,"Jazz","• Royce O'Neale","","activated from IL","Royce O'Neale","2021-22"
2022-01-07,"Jazz","","• Royce O'Neale","patellar tendinitis in right knee (DTD)","Royce O'Neale","2021-22"
2022-01-08,"Jazz","• Royce O'Neale","","returned to lineup","Royce O'Neale","2021-22"
2022-01-24,"Jazz","","• Royce O'Neale","right knee tendinitis (DTD)","Royce O'Neale","2021-22"
2022-01-25,"Jazz","• Royce O'Neale","","returned to lineup","Royce O'Neale","2021-22"
2022-04-06,"Jazz","","• Royce O'Neale","placed on IL with right thumb injury","Royce O'Neale","2021-22"
2022-04-07,"Jazz","• Royce O'Neale","","activated from IL","Royce O'Neale","2021-22"
2014-11-25,"Kings","","• Rudy Gay","placed on IL with right Achilles injury","Rudy Gay","2014-15"
2014-11-28,"Kings","• Rudy Gay","","activated from IL","Rudy Gay","2014-15"
2015-01-16,"Kings","","• Rudy Gay","placed on IL with sore/strained left knee","Rudy Gay","2014-15"
2015-01-17,"Kings","• Rudy Gay","","activated from IL","Rudy Gay","2014-15"
2015-02-08,"Kings","","• Rudy Gay","placed on IL with sore left foot","Rudy Gay","2014-15"
2015-02-10,"Kings","• Rudy Gay","","returned to lineup","Rudy Gay","2014-15"
2015-03-14,"Kings","","• Rudy Gay","strained patellar tendon in left knee (DTD)","Rudy Gay","2014-15"
2015-03-18,"Kings","• Rudy Gay","","returned to lineup","Rudy Gay","2014-15"
2015-04-01,"Kings","","• Rudy Gay","concussion (DTD)","Rudy Gay","2014-15"
2015-04-03,"Kings","","• Rudy Gay","placed on IL with concussion","Rudy Gay","2014-15"
2015-04-07,"Kings","• Rudy Gay","","activated from IL","Rudy Gay","2014-15"
2015-04-08,"Kings","","• Rudy Gay","concussion (out for season)","Rudy Gay","2014-15"
2015-11-13,"Kings","","• Rudy Gay","gastroenteritis (DTD)","Rudy Gay","2015-16"
2015-11-15,"Kings","• Rudy Gay","","returned to lineup","Rudy Gay","2015-16"
2015-11-21,"Kings","","• Rudy Gay","placed on IL with shoulder injury","Rudy Gay","2015-16"
2015-11-23,"Kings","• Rudy Gay","","activated from IL","Rudy Gay","2015-16"
2016-01-21,"Kings","","• Rudy Gay","bruised left heel (DTD)","Rudy Gay","2015-16"
2016-01-25,"Kings","• Rudy Gay","","returned to lineup","Rudy Gay","2015-16"
2016-01-26,"Kings","","• Rudy Gay","left eye injury (DTD)","Rudy Gay","2015-16"
2016-01-30,"Kings","• Rudy Gay","","returned to lineup","Rudy Gay","2015-16"
2016-02-07,"Kings","","• Rudy Gay","sprained left ankle (DTD)","Rudy Gay","2015-16"
2016-02-08,"Kings","• Rudy Gay","","returned to lineup","Rudy Gay","2015-16"
2016-02-29,"Kings","","• Rudy Gay","strained right shoulder (DTD)","Rudy Gay","2015-16"
2016-03-03,"Kings","• Rudy Gay","","returned to lineup","Rudy Gay","2015-16"
2016-03-28,"Kings","","• Rudy Gay","rest (DTD)","Rudy Gay","2015-16"
2016-03-30,"Kings","• Rudy Gay","","returned to lineup","Rudy Gay","2015-16"
2016-04-05,"Kings","","• Rudy Gay","rest (DTD)","Rudy Gay","2015-16"
2016-04-07,"Kings","• Rudy Gay","","returned to lineup","Rudy Gay","2015-16"
2016-04-13,"Kings","","• Rudy Gay","rest (out for season)","Rudy Gay","2015-16"
2018-11-04,"Spurs","","• Rudy Gay","right heel injury (DTD)","Rudy Gay","2018-19"
2018-11-12,"Spurs","• Rudy Gay","","returned to lineup","Rudy Gay","2018-19"
2018-12-31,"Spurs","","• Rudy Gay","sore left wrist (DTD)","Rudy Gay","2018-19"
2019-01-03,"Spurs","• Rudy Gay","","returned to lineup","Rudy Gay","2018-19"
2019-01-07,"Spurs","","• Rudy Gay","placed on IL with sprained left wrist","Rudy Gay","2018-19"
2019-01-10,"Spurs","• Rudy Gay","","activated from IL","Rudy Gay","2018-19"
2019-01-10,"Spurs","","• Rudy Gay","sprained left wrist (DTD)","Rudy Gay","2018-19"
2019-01-12,"Spurs","","• Rudy Gay","placed on IL with sprained left wrist","Rudy Gay","2018-19"
2019-01-14,"Spurs","• Rudy Gay","","activated from IL","Rudy Gay","2018-19"
2019-01-16,"Spurs","• Rudy Gay","","returned to lineup","Rudy Gay","2018-19"
2019-02-09,"Spurs","","• Rudy Gay","sprained left ankle (DTD)","Rudy Gay","2018-19"
2019-02-12,"Spurs","• Rudy Gay","","returned to lineup","Rudy Gay","2018-19"
2019-03-10,"Spurs","","• Rudy Gay","placed on IL with illness","Rudy Gay","2018-19"
2019-03-15,"Spurs","• Rudy Gay","","activated from IL","Rudy Gay","2018-19"
2015-11-12,"Jazz","","• Rudy Gobert","placed on IL with sprained left ankle","Rudy Gobert","2015-16"
2015-11-13,"Jazz","• Rudy Gobert","","activated from IL","Rudy Gobert","2015-16"
2015-11-13,"Jazz","","• Rudy Gobert","sprained left ankle (DTD)","Rudy Gobert","2015-16"
2015-11-15,"Jazz","• Rudy Gobert","","returned to lineup","Rudy Gobert","2015-16"
2015-12-02,"Jazz","","• Rudy Gobert","sprained MCL in left knee (out indefinitely)","Rudy Gobert","2015-16"
2015-12-16,"Jazz","","• Rudy Gobert","placed on IL with sprained MCL in left knee","Rudy Gobert","2015-16"
2016-01-07,"Jazz","• Rudy Gobert","","activated from IL","Rudy Gobert","2015-16"
2016-01-09,"Jazz","• Rudy Gobert","","activated from IL (P)","Rudy Gobert","2015-16"
2016-04-13,"Jazz","","• Rudy Gobert","placed on IL with sprained right ankle (out for season)","Rudy Gobert","2015-16"
2017-03-11,"Jazz","","• Rudy Gobert","sore right leg (DTD)","Rudy Gobert","2016-17"
2017-03-13,"Jazz","• Rudy Gobert","","returned to lineup","Rudy Gobert","2016-17"
2017-04-17,"Jazz","","• Rudy Gobert","hyperextended left knee (DTD)","Rudy Gobert","2016-17"
2017-04-18,"Jazz","","• Rudy Gobert","placed on IL with hyperextended left knee","Rudy Gobert","2016-17"
2017-04-23,"Jazz","• Rudy Gobert","","activated from IL","Rudy Gobert","2016-17"
2017-11-11,"Jazz","","• Rudy Gobert","bruised tibia in right leg (DTD)","Rudy Gobert","2017-18"
2017-11-13,"Jazz","","• Rudy Gobert","placed on IL with bruised tibia in right leg","Rudy Gobert","2017-18"
2017-12-04,"Jazz","• Rudy Gobert","","activated from IL","Rudy Gobert","2017-18"
2017-12-16,"Jazz","","• Rudy Gobert","sprained left knee (DTD)","Rudy Gobert","2017-18"
2017-12-20,"Jazz","","• Rudy Gobert","placed on IL with sprained left knee","Rudy Gobert","2017-18"
2018-01-19,"Jazz","• Rudy Gobert","","activated from IL","Rudy Gobert","2017-18"
2019-04-10,"Jazz","","• Rudy Gobert","placed on IL with sore left ankle (out for season)","Rudy Gobert","2018-19"
2019-04-14,"Jazz","• Rudy Gobert","","activated from IL","Rudy Gobert","2018-19"
2019-11-23,"Jazz","","• Rudy Gobert","sprained left ankle (DTD)","Rudy Gobert","2019-20"
2019-11-25,"Jazz","","• Rudy Gobert","placed on IL with sprained left ankle","Rudy Gobert","2019-20"
2019-11-27,"Jazz","• Rudy Gobert","","activated from IL","Rudy Gobert","2019-20"
2020-03-11,"Jazz","","• Rudy Gobert","COVID-19 coronavirus (out indefinitely)","Rudy Gobert","2019-20"
2021-04-17,"Jazz","","• Rudy Gobert","placed on IL with bruised right knee","Rudy Gobert","2020-21"
2021-04-19,"Jazz","• Rudy Gobert","","activated from IL","Rudy Gobert","2020-21"
2022-01-05,"Jazz","","• Rudy Gobert","placed on IL with illness / shoulder injury","Rudy Gobert","2021-22"
2022-01-06,"Jazz","","• Rudy Gobert","placed on IL with NBA health and safety protocols","Rudy Gobert","2021-22"
2022-01-14,"Jazz","• Rudy Gobert","","activated from IL","Rudy Gobert","2021-22"
2022-01-24,"Jazz","","• Rudy Gobert","placed on IL with strained left calf","Rudy Gobert","2021-22"
2022-02-14,"Jazz","• Rudy Gobert","","activated from IL","Rudy Gobert","2021-22"
2022-03-12,"Jazz","","• Rudy Gobert","strained left foot (DTD)","Rudy Gobert","2021-22"
2022-03-14,"Jazz","• Rudy Gobert","","returned to lineup","Rudy Gobert","2021-22"
2022-03-27,"Jazz","","• Rudy Gobert","right leg injury (DTD)","Rudy Gobert","2021-22"
2022-03-29,"Jazz","• Rudy Gobert","","returned to lineup","Rudy Gobert","2021-22"
2022-11-05,"Timberwolves","","• Rudy Gobert","placed on IL with NBA health and safety protocols","Rudy Gobert","2022-23"
2022-11-09,"Timberwolves","• Rudy Gobert","","activated from IL","Rudy Gobert","2022-23"
2022-12-16,"Timberwolves","","• Rudy Gobert","placed on IL","Rudy Gobert","2022-23"
2022-12-18,"Timberwolves","","• Rudy Gobert","placed on IL with sprained left ankle","Rudy Gobert","2022-23"
2022-12-21,"Timberwolves","• Rudy Gobert","","activated from IL","Rudy Gobert","2022-23"
2023-01-18,"Timberwolves","","• Rudy Gobert","placed on IL with right groin injury","Rudy Gobert","2022-23"
2023-01-23,"Timberwolves","• Rudy Gobert","","activated from IL","Rudy Gobert","2022-23"
2023-02-01,"Timberwolves","","• Rudy Gobert","right groin injury (DTD)","Rudy Gobert","2022-23"
2023-02-03,"Timberwolves","• Rudy Gobert","","returned to lineup","Rudy Gobert","2022-23"
2023-02-08,"Timberwolves","","• Rudy Gobert","right groin injury (DTD)","Rudy Gobert","2022-23"
2023-02-10,"Timberwolves","• Rudy Gobert","","returned to lineup","Rudy Gobert","2022-23"
2023-02-26,"Timberwolves","","• Rudy Gobert","placed on IL with illness","Rudy Gobert","2022-23"
2023-02-28,"Timberwolves","• Rudy Gobert","","activated from IL","Rudy Gobert","2022-23"
2019-12-17,"Wizards","","• Rui Hachimura","groin injury (DTD)","Rui Hachimura","2019-20"
2019-12-18,"Wizards","","• Rui Hachimura","placed on IL with groin injury","Rui Hachimura","2019-20"
2020-02-02,"Wizards","• Rui Hachimura","","activated from IL","Rui Hachimura","2019-20"
2020-12-21,"Wizards","","• Rui Hachimura","placed on IL with eye injury","Rui Hachimura","2020-21"
2020-12-30,"Wizards","• Rui Hachimura","","activated from IL","Rui Hachimura","2020-21"
2021-01-12,"Wizards","","• Rui Hachimura","NBA health and safety protocols (DTD)","Rui Hachimura","2020-21"
2021-01-24,"Wizards","","• Rui Hachimura","placed on IL with NBA health and safety protocols","Rui Hachimura","2020-21"
2021-01-28,"Wizards","• Rui Hachimura","","activated from IL","Rui Hachimura","2020-21"
2021-04-03,"Wizards","","• Rui Hachimura","placed on IL with right shoulder injury","Rui Hachimura","2020-21"
2021-04-07,"Wizards","• Rui Hachimura","","activated from IL","Rui Hachimura","2020-21"
2021-04-18,"Wizards","","• Rui Hachimura","placed on IL with sore left knee","Rui Hachimura","2020-21"
2021-04-26,"Wizards","• Rui Hachimura","","activated from IL","Rui Hachimura","2020-21"
2013-10-01,"Thunder","","• Russell Westbrook","arthroscopic surgery on right knee (out indefinitely)","Russell Westbrook","2013-14"
2013-10-30,"Thunder","","• Russell Westbrook","placed on IL recovering from arthroscopic surgery on right knee","Russell Westbrook","2013-14"
2013-11-03,"Thunder","• Russell Westbrook","","activated from IL","Russell Westbrook","2013-14"
2013-11-24,"Thunder","","• Russell Westbrook","placed on IL with knee injury","Russell Westbrook","2013-14"
2013-11-27,"Thunder","• Russell Westbrook","","activated from IL","Russell Westbrook","2013-14"
2013-12-27,"Thunder","","• Russell Westbrook","arthroscopic surgery on right knee (out indefinitely)","Russell Westbrook","2013-14"
2013-12-27,"Thunder","","• Russell Westbrook","placed on IL recovering from arthroscopic surgery on right knee","Russell Westbrook","2013-14"
2014-02-20,"Thunder","• Russell Westbrook","","activated from IL","Russell Westbrook","2013-14"
2014-03-16,"Thunder","","• Russell Westbrook","rest (DNP)","Russell Westbrook","2013-14"
2014-03-20,"Thunder","","• Russell Westbrook","rest / knee injury (DNP)","Russell Westbrook","2013-14"
2014-03-24,"Thunder","","• Russell Westbrook","rest / knee injury (DNP)","Russell Westbrook","2013-14"
2014-04-04,"Thunder","","• Russell Westbrook","rest / knee injury (DNP)","Russell Westbrook","2013-14"
2014-04-08,"Thunder","","• Russell Westbrook","knee injury (DNP)","Russell Westbrook","2013-14"
2014-04-14,"Thunder","","• Russell Westbrook","placed on IL for rest","Russell Westbrook","2013-14"
2014-04-16,"Thunder","• Russell Westbrook","","activated from IL","Russell Westbrook","2013-14"
2014-10-30,"Thunder","","• Russell Westbrook","fractured right hand (DTD)","Russell Westbrook","2014-15"
2014-11-01,"Thunder","","• Russell Westbrook","surgery on right hand to repair fracture (out indefinitely)","Russell Westbrook","2014-15"
2014-11-28,"Thunder","• Russell Westbrook","","returned to lineup","Russell Westbrook","2014-15"
2015-02-28,"Thunder","","• Russell Westbrook","surgery on right cheek to repair fracture (DTD)","Russell Westbrook","2014-15"
2015-03-04,"Thunder","• Russell Westbrook","","returned to lineup","Russell Westbrook","2014-15"
2016-04-06,"Thunder","","• Russell Westbrook","rest (DTD)","Russell Westbrook","2015-16"
2016-04-12,"Thunder","","• Russell Westbrook","rest (DTD)","Russell Westbrook","2015-16"
2017-04-11,"Thunder","","• Russell Westbrook","rest (DTD)","Russell Westbrook","2016-17"
2018-02-08,"Thunder","","• Russell Westbrook","placed on IL with sprained left ankle","Russell Westbrook","2017-18"
2018-02-13,"Thunder","• Russell Westbrook","","activated from IL","Russell Westbrook","2017-18"
2018-10-16,"Thunder","","• Russell Westbrook","right knee injury (DTD)","Russell Westbrook","2018-19"
2018-10-21,"Thunder","• Russell Westbrook","","returned to lineup","Russell Westbrook","2018-19"
2018-11-06,"Thunder","","• Russell Westbrook","sprained left ankle (DTD)","Russell Westbrook","2018-19"
2018-11-17,"Thunder","• Russell Westbrook","","returned to lineup","Russell Westbrook","2018-19"
2018-11-17,"Thunder","","• Russell Westbrook","personal reasons (DTD)","Russell Westbrook","2018-19"
2018-11-19,"Thunder","• Russell Westbrook","","returned to lineup","Russell Westbrook","2018-19"
2019-12-14,"Rockets","","• Russell Westbrook","placed on IL","Russell Westbrook","2019-20"
2019-12-16,"Rockets","• Russell Westbrook","","activated from IL","Russell Westbrook","2019-20"
2019-12-29,"Rockets","","• Russell Westbrook","placed on IL","Russell Westbrook","2019-20"
2019-12-31,"Rockets","• Russell Westbrook","","activated from IL","Russell Westbrook","2019-20"
2020-01-08,"Rockets","","• Russell Westbrook","placed on IL","Russell Westbrook","2019-20"
2020-01-09,"Rockets","• Russell Westbrook","","activated from IL","Russell Westbrook","2019-20"
2020-01-14,"Rockets","","• Russell Westbrook","placed on IL","Russell Westbrook","2019-20"
2020-01-15,"Rockets","• Russell Westbrook","","activated from IL","Russell Westbrook","2019-20"
2020-01-27,"Rockets","","• Russell Westbrook","placed on IL","Russell Westbrook","2019-20"
2020-01-29,"Rockets","• Russell Westbrook","","activated from IL","Russell Westbrook","2019-20"
2020-02-04,"Rockets","","• Russell Westbrook","placed on IL with sprained left thumb","Russell Westbrook","2019-20"
2020-02-06,"Rockets","• Russell Westbrook","","activated from IL","Russell Westbrook","2019-20"
2020-02-07,"Rockets","","• Russell Westbrook","placed on IL","Russell Westbrook","2019-20"
2020-02-09,"Rockets","• Russell Westbrook","","activated from IL","Russell Westbrook","2019-20"
2020-02-24,"Rockets","","• Russell Westbrook","left thumb injury (DTD)","Russell Westbrook","2019-20"
2020-02-26,"Rockets","• Russell Westbrook","","returned to lineup","Russell Westbrook","2019-20"
2021-01-09,"Wizards","","• Russell Westbrook","left quadriceps injury (DTD)","Russell Westbrook","2020-21"
2021-01-11,"Wizards","","• Russell Westbrook","placed on IL with left quadriceps injury","Russell Westbrook","2020-21"
2021-01-24,"Wizards","• Russell Westbrook","","activated from IL","Russell Westbrook","2020-21"
2022-02-09,"Lakers","","• Russell Westbrook","tightness in lower back (DTD)","Russell Westbrook","2021-22"
2022-02-12,"Lakers","• Russell Westbrook","","returned to lineup","Russell Westbrook","2021-22"
2022-04-07,"Lakers","","• Russell Westbrook","placed on IL with sore right shoulder (out for season)","Russell Westbrook","2021-22"
2022-10-26,"Lakers","","• Russell Westbrook","placed on IL with hamstring injury","Russell Westbrook","2022-23"
2022-10-28,"Lakers","• Russell Westbrook","","activated from IL","Russell Westbrook","2022-23"
2022-12-19,"Lakers","","• Russell Westbrook","sore left foot (DTD)","Russell Westbrook","2022-23"
2017-01-17,"Rockets","","• Ryan Anderson","flu (DTD)","Ryan Anderson","2016-17"
2017-01-20,"Rockets","• Ryan Anderson","","returned to lineup","Ryan Anderson","2016-17"
2017-01-21,"Rockets","","• Ryan Anderson","illness (DTD)","Ryan Anderson","2016-17"
2017-01-23,"Rockets","• Ryan Anderson","","returned to lineup","Ryan Anderson","2016-17"
2017-03-08,"Rockets","","• Ryan Anderson","back injury (DTD)","Ryan Anderson","2016-17"
2017-03-10,"Rockets","• Ryan Anderson","","returned to lineup","Ryan Anderson","2016-17"
2017-03-25,"Rockets","","• Ryan Anderson","sprained right ankle (DTD)","Ryan Anderson","2016-17"
2017-03-26,"Rockets","","• Ryan Anderson","placed on IL with sprained right ankle","Ryan Anderson","2016-17"
2017-04-07,"Rockets","• Ryan Anderson","","activated from IL","Ryan Anderson","2016-17"
2017-11-22,"Rockets","","• Ryan Anderson","placed on IL with illness","Ryan Anderson","2017-18"
2017-11-25,"Rockets","• Ryan Anderson","","activated from IL","Ryan Anderson","2017-18"
2018-02-07,"Rockets","","• Ryan Anderson","sprained right ankle (DTD)","Ryan Anderson","2017-18"
2018-02-09,"Rockets","• Ryan Anderson","","returned to lineup","Ryan Anderson","2017-18"
2018-02-26,"Rockets","","• Ryan Anderson","sore left groin/hip (DTD)","Ryan Anderson","2017-18"
2018-03-17,"Rockets","• Ryan Anderson","","returned to lineup","Ryan Anderson","2017-18"
2018-03-25,"Rockets","","• Ryan Anderson","placed on IL for rest","Ryan Anderson","2017-18"
2018-03-27,"Rockets","• Ryan Anderson","","activated from IL","Ryan Anderson","2017-18"
2018-04-04,"Rockets","","• Ryan Anderson","sprained left ankle (DTD)","Ryan Anderson","2017-18"
2018-04-05,"Rockets","","• Ryan Anderson","placed on IL with sprained left ankle","Ryan Anderson","2017-18"
2018-04-21,"Rockets","• Ryan Anderson","","activated from IL","Ryan Anderson","2017-18"
2022-10-24,"Raptors","","• Scottie Barnes","placed on IL with sprained right ankle","Scottie Barnes","2022-23"
2022-10-26,"Raptors","• Scottie Barnes","","activated from IL","Scottie Barnes","2022-23"
2022-11-23,"Raptors","","• Scottie Barnes","placed on IL with left knee injury","Scottie Barnes","2022-23"
2022-11-28,"Raptors","• Scottie Barnes","","activated from IL","Scottie Barnes","2022-23"
2023-03-22,"Raptors","","• Scottie Barnes","sore left wrist (DTD)","Scottie Barnes","2022-23"
2023-03-24,"Raptors","","• Scottie Barnes","placed on IL with sore left wrist","Scottie Barnes","2022-23"
2023-03-26,"Raptors","• Scottie Barnes","","activated from IL","Scottie Barnes","2022-23"
2019-10-22,"Pistons","","• Sekou Doumbouya","concussion (DTD)","Sekou Doumbouya","2019-20"
2019-10-23,"Pistons","","• Sekou Doumbouya","placed on IL","Sekou Doumbouya","2019-20"
2019-11-23,"Pistons","• Sekou Doumbouya","","activated from IL","Sekou Doumbouya","2019-20"
2019-11-25,"Pistons","","• Sekou Doumbouya","placed on IL","Sekou Doumbouya","2019-20"
2019-12-01,"Pistons","• Sekou Doumbouya","","activated from IL","Sekou Doumbouya","2019-20"
2019-12-06,"Pistons","","• Sekou Doumbouya","placed on IL","Sekou Doumbouya","2019-20"
2019-12-20,"Pistons","• Sekou Doumbouya","","activated from IL","Sekou Doumbouya","2019-20"
2019-12-26,"Pistons","","• Sekou Doumbouya","placed on IL with illness","Sekou Doumbouya","2019-20"
2019-12-30,"Pistons","• Sekou Doumbouya","","activated from IL","Sekou Doumbouya","2019-20"
2014-01-07,"Thunder","","• Serge Ibaka","flu (DNP)","Serge Ibaka","2013-14"
2015-03-13,"Thunder","","• Serge Ibaka","placed on IL with right knee injury (out for season)","Serge Ibaka","2014-15"
2015-03-17,"Thunder","","• Serge Ibaka","arthroscopic surgery on right knee (out indefinitely)","Serge Ibaka","2014-15"
2016-03-18,"Thunder","","• Serge Ibaka","placed on IL for rest","Serge Ibaka","2015-16"
2016-03-19,"Thunder","• Serge Ibaka","","activated from IL","Serge Ibaka","2015-16"
2016-03-29,"Thunder","","• Serge Ibaka","placed on IL","Serge Ibaka","2015-16"
2016-03-31,"Thunder","• Serge Ibaka","","activated from IL","Serge Ibaka","2015-16"
2016-04-06,"Thunder","","• Serge Ibaka","rest (DTD)","Serge Ibaka","2015-16"
2016-04-12,"Thunder","","• Serge Ibaka","placed on IL for rest","Serge Ibaka","2015-16"
2017-01-10,"Magic","","• Serge Ibaka","sore right shoulder (DTD)","Serge Ibaka","2016-17"
2017-01-13,"Magic","• Serge Ibaka","","returned to lineup","Serge Ibaka","2016-17"
2017-02-15,"Raptors","","• Serge Ibaka","placed on IL","Serge Ibaka","2016-17"
2017-04-12,"Raptors","","• Serge Ibaka","placed on IL","Serge Ibaka","2016-17"
2017-10-30,"Raptors","","• Serge Ibaka","swollen left / right knee (DTD)","Serge Ibaka","2017-18"
2017-11-01,"Raptors","• Serge Ibaka","","returned to lineup","Serge Ibaka","2017-18"
2017-11-17,"Raptors","","• Serge Ibaka","placed on IL with swelling in left knee","Serge Ibaka","2017-18"
2017-11-19,"Raptors","• Serge Ibaka","","activated from IL","Serge Ibaka","2017-18"
2017-12-17,"Raptors","","• Serge Ibaka","placed on IL with sore left knee (DTD)","Serge Ibaka","2017-18"
2017-12-20,"Raptors","• Serge Ibaka","","activated from IL","Serge Ibaka","2017-18"
2018-04-09,"Raptors","","• Serge Ibaka","placed on IL for rest","Serge Ibaka","2017-18"
2018-04-11,"Raptors","• Serge Ibaka","","activated from IL","Serge Ibaka","2017-18"
2018-11-14,"Raptors","","• Serge Ibaka","sore right knee (DTD)","Serge Ibaka","2018-19"
2018-11-16,"Raptors","• Serge Ibaka","","returned to lineup","Serge Ibaka","2018-19"
2018-12-19,"Raptors","","• Serge Ibaka","right knee injury (DTD)","Serge Ibaka","2018-19"
2018-12-26,"Raptors","• Serge Ibaka","","returned to lineup","Serge Ibaka","2018-19"
2021-01-17,"Clippers","","• Serge Ibaka","placed on IL with illness","Serge Ibaka","2020-21"
2021-01-19,"Clippers","• Serge Ibaka","","activated from IL","Serge Ibaka","2020-21"
2021-03-15,"Clippers","","• Serge Ibaka","placed on IL with tightness in lower back","Serge Ibaka","2020-21"
2021-01-07,"76ers","","• Seth Curry","placed on IL with sore left ankle","Seth Curry","2020-21"
2021-01-08,"76ers","","• Seth Curry","placed on IL with COVID-19","Seth Curry","2020-21"
2021-01-19,"76ers","• Seth Curry","","activated from IL","Seth Curry","2020-21"
2021-01-20,"76ers","","• Seth Curry","placed on IL with conditioning","Seth Curry","2020-21"
2021-01-22,"76ers","• Seth Curry","","activated from IL","Seth Curry","2020-21"
2021-02-23,"76ers","","• Seth Curry","placed on IL with sore left ankle","Seth Curry","2020-21"
2021-02-25,"76ers","• Seth Curry","","activated from IL","Seth Curry","2020-21"
2021-03-19,"76ers","","• Seth Curry","placed on IL with sprained left ankle","Seth Curry","2020-21"
2021-03-25,"76ers","• Seth Curry","","activated from IL","Seth Curry","2020-21"
2021-04-16,"76ers","","• Seth Curry","left hip flexor injury (DTD)","Seth Curry","2020-21"
2021-04-19,"76ers","• Seth Curry","","returned to lineup","Seth Curry","2020-21"
2021-04-21,"76ers","","• Seth Curry","left hip flexor injury (DTD)","Seth Curry","2020-21"
2021-04-22,"76ers","• Seth Curry","","returned to lineup","Seth Curry","2020-21"
2021-11-09,"76ers","","• Seth Curry","bruised left foot (DTD)","Seth Curry","2021-22"
2021-11-11,"76ers","• Seth Curry","","returned to lineup","Seth Curry","2021-22"
2021-11-22,"76ers","","• Seth Curry","back injury (DTD)","Seth Curry","2021-22"
2021-11-24,"76ers","• Seth Curry","","returned to lineup","Seth Curry","2021-22"
2021-12-13,"76ers","","• Seth Curry","sore right shoulder (DTD)","Seth Curry","2021-22"
2021-12-15,"76ers","• Seth Curry","","returned to lineup","Seth Curry","2021-22"
2022-01-10,"76ers","","• Seth Curry","placed on IL with sore left ankle","Seth Curry","2021-22"
2022-01-12,"76ers","• Seth Curry","","activated from IL","Seth Curry","2021-22"
2022-01-21,"76ers","","• Seth Curry","placed on IL with sore left ankle","Seth Curry","2021-22"
2022-01-29,"76ers","• Seth Curry","","activated from IL","Seth Curry","2021-22"
2022-02-02,"76ers","","• Seth Curry","back spasms (DTD)","Seth Curry","2021-22"
2022-02-04,"76ers","• Seth Curry","","returned to lineup","Seth Curry","2021-22"
2022-03-13,"Nets","","• Seth Curry","sore left ankle (DTD)","Seth Curry","2021-22"
2022-03-18,"Nets","• Seth Curry","","returned to lineup","Seth Curry","2021-22"
2022-03-23,"Nets","","• Seth Curry","sprained left ankle (DTD)","Seth Curry","2021-22"
2022-03-26,"Nets","• Seth Curry","","returned to lineup","Seth Curry","2021-22"
2022-04-02,"Nets","","• Seth Curry","sore left ankle (DTD)","Seth Curry","2021-22"
2022-04-06,"Nets","• Seth Curry","","returned to lineup","Seth Curry","2021-22"
2022-04-10,"Nets","","• Seth Curry","sore left ankle (DTD)","Seth Curry","2021-22"
2022-04-11,"Nets","• Seth Curry","","returned to lineup","Seth Curry","2021-22"
2020-03-08,"Thunder","","• Shai Gilgeous-Alexander","placed on IL with bruised right hip","Shai Gilgeous-Alexander","2019-20"
2020-03-11,"Thunder","• Shai Gilgeous-Alexander","","activated from IL","Shai Gilgeous-Alexander","2019-20"
2021-02-02,"Thunder","","• Shai Gilgeous-Alexander","sprained left knee (DTD)","Shai Gilgeous-Alexander","2020-21"
2021-02-06,"Thunder","• Shai Gilgeous-Alexander","","returned to lineup","Shai Gilgeous-Alexander","2020-21"
2021-02-09,"Thunder","","• Shai Gilgeous-Alexander","sprained left knee (DTD)","Shai Gilgeous-Alexander","2020-21"
2021-02-17,"Thunder","• Shai Gilgeous-Alexander","","returned to lineup","Shai Gilgeous-Alexander","2020-21"
2021-03-12,"Thunder","","• Shai Gilgeous-Alexander","placed on IL with bruised left quadricep","Shai Gilgeous-Alexander","2020-21"
2021-03-14,"Thunder","• Shai Gilgeous-Alexander","","activated from IL","Shai Gilgeous-Alexander","2020-21"
2021-03-20,"Thunder","","• Shai Gilgeous-Alexander","sore right shoulder (DTD)","Shai Gilgeous-Alexander","2020-21"
2021-03-22,"Thunder","• Shai Gilgeous-Alexander","","returned to lineup","Shai Gilgeous-Alexander","2020-21"
2021-03-24,"Thunder","","• Shai Gilgeous-Alexander","placed on IL with plantar fasciitis in right foot (out for season)","Shai Gilgeous-Alexander","2020-21"
2021-11-22,"Thunder","","• Shai Gilgeous-Alexander","placed on IL with sprained right ankle","Shai Gilgeous-Alexander","2021-22"
2021-11-26,"Thunder","• Shai Gilgeous-Alexander","","activated from IL","Shai Gilgeous-Alexander","2021-22"
2021-12-02,"Thunder","","• Shai Gilgeous-Alexander","placed on IL with concussion","Shai Gilgeous-Alexander","2021-22"
2021-12-06,"Thunder","• Shai Gilgeous-Alexander","","activated from IL","Shai Gilgeous-Alexander","2021-22"
2021-12-29,"Thunder","","• Shai Gilgeous-Alexander","placed on IL with sore right ankle","Shai Gilgeous-Alexander","2021-22"
2021-12-31,"Thunder","• Shai Gilgeous-Alexander","","activated from IL","Shai Gilgeous-Alexander","2021-22"
2022-01-01,"Thunder","","• Shai Gilgeous-Alexander","placed on IL with NBA health and safety protocols","Shai Gilgeous-Alexander","2021-22"
2022-01-05,"Thunder","• Shai Gilgeous-Alexander","","activated from IL","Shai Gilgeous-Alexander","2021-22"
2022-01-29,"Thunder","","• Shai Gilgeous-Alexander","placed on IL with sprained right ankle","Shai Gilgeous-Alexander","2021-22"
2022-02-23,"Thunder","• Shai Gilgeous-Alexander","","activated from IL","Shai Gilgeous-Alexander","2021-22"
2022-03-20,"Thunder","","• Shai Gilgeous-Alexander","placed on IL with sore right ankle","Shai Gilgeous-Alexander","2021-22"
2022-03-21,"Thunder","• Shai Gilgeous-Alexander","","activated from IL","Shai Gilgeous-Alexander","2021-22"
2022-03-23,"Thunder","","• Shai Gilgeous-Alexander","placed on IL with sore right ankle (out for season)","Shai Gilgeous-Alexander","2021-22"
2022-10-23,"Thunder","","• Shai Gilgeous-Alexander","bruised left hip (DTD)","Shai Gilgeous-Alexander","2022-23"
2022-10-25,"Thunder","• Shai Gilgeous-Alexander","","returned to lineup","Shai Gilgeous-Alexander","2022-23"
2022-11-30,"Thunder","","• Shai Gilgeous-Alexander","placed on IL with bruised left hip","Shai Gilgeous-Alexander","2022-23"
2022-12-03,"Thunder","• Shai Gilgeous-Alexander","","activated from IL","Shai Gilgeous-Alexander","2022-23"
2023-02-24,"Thunder","","• Shai Gilgeous-Alexander","placed on IL with sore right ankle","Shai Gilgeous-Alexander","2022-23"
2023-02-28,"Thunder","• Shai Gilgeous-Alexander","","activated from IL","Shai Gilgeous-Alexander","2022-23"
2023-02-28,"Thunder","","• Shai Gilgeous-Alexander","placed on IL with NBA health and safety protocols","Shai Gilgeous-Alexander","2022-23"
2023-03-04,"Thunder","• Shai Gilgeous-Alexander","","activated from IL","Shai Gilgeous-Alexander","2022-23"
2023-03-12,"Thunder","","• Shai Gilgeous-Alexander","placed on IL with strained abdominal","Shai Gilgeous-Alexander","2022-23"
2023-03-14,"Thunder","• Shai Gilgeous-Alexander","","activated from IL","Shai Gilgeous-Alexander","2022-23"
2023-03-28,"Thunder","","• Shai Gilgeous-Alexander","placed on IL with sprained left ankle","Shai Gilgeous-Alexander","2022-23"
2023-03-31,"Thunder","• Shai Gilgeous-Alexander","","activated from IL","Shai Gilgeous-Alexander","2022-23"
2013-11-27,"Heat","","• Shane Battier","placed on IL","Shane Battier","2013-14"
2013-11-29,"Heat","• Shane Battier","","activated from IL","Shane Battier","2013-14"
2014-01-04,"Heat","","• Shane Battier","placed on IL with sore quadriceps","Shane Battier","2013-14"
2014-01-15,"Heat","• Shane Battier","","activated from IL","Shane Battier","2013-14"
2014-02-23,"Nets","","• Shaun Livingston","bruised tailbone (DNP)","Shaun Livingston","2013-14"
2014-04-09,"Nets","","• Shaun Livingston","sprained right big toe (DNP)","Shaun Livingston","2013-14"
2014-04-11,"Nets","","• Shaun Livingston","sprained right big toe (DNP)","Shaun Livingston","2013-14"
2014-04-13,"Nets","","• Shaun Livingston","placed on IL with sprained right big toe","Shaun Livingston","2013-14"
2014-04-15,"Nets","","• Shaun Livingston","sprained right big toe (DNP)","Shaun Livingston","2013-14"
2014-04-16,"Nets","","• Shaun Livingston","sprained right big toe (DNP)","Shaun Livingston","2013-14"
2014-01-08,"Mavericks","","• Shawn Marion","placed on IL with bruised right shoulder","Shawn Marion","2013-14"
2014-01-13,"Mavericks","• Shawn Marion","","activated from IL","Shawn Marion","2013-14"
2014-01-13,"Mavericks","","• Shawn Marion","bruised right shoulder (DNP)","Shawn Marion","2013-14"
2014-01-31,"Mavericks","","• Shawn Marion","placed on IL with bruised right shoulder","Shawn Marion","2013-14"
2014-02-05,"Mavericks","• Shawn Marion","","activated from IL","Shawn Marion","2013-14"
2017-03-05,"Jazz","","• Shelvin Mack","placed on IL with sprained left ankle","Shelvin Mack","2016-17"
2017-03-27,"Jazz","• Shelvin Mack","","activated from IL","Shelvin Mack","2016-17"
2016-10-26,"Kings","","• Skal Labissiere","placed on IL","Skal Labissiere","2016-17"
2016-10-31,"Kings","• Skal Labissiere","","activated from IL","Skal Labissiere","2016-17"
2016-12-14,"Kings","• Skal Labissiere","","activated from IL","Skal Labissiere","2016-17"
2017-01-03,"Kings","","• Skal Labissiere","placed on IL","Skal Labissiere","2016-17"
2017-01-18,"Kings","• Skal Labissiere","","activated from IL","Skal Labissiere","2016-17"
2016-12-16,"Pelicans","","• Solomon Hill","personal reasons (DTD)","Solomon Hill","2016-17"
2016-12-18,"Pelicans","","• Solomon Hill","placed on IL for personal reasons","Solomon Hill","2016-17"
2016-12-20,"Pelicans","• Solomon Hill","","activated from IL","Solomon Hill","2016-17"
2017-11-11,"Nets","","• Spencer Dinwiddie","placed on IL with tightness in right hamstring","Spencer Dinwiddie","2017-18"
2017-11-14,"Nets","• Spencer Dinwiddie","","activated from IL","Spencer Dinwiddie","2017-18"
2018-04-11,"Nets","","• Spencer Dinwiddie","placed on IL with sore right knee (out for season)","Spencer Dinwiddie","2017-18"
2017-11-08,"Pistons","","• Stanley Johnson","placed on IL with left hip flexor injury","Stanley Johnson","2017-18"
2017-11-15,"Pistons","• Stanley Johnson","","activated from IL","Stanley Johnson","2017-18"
2017-12-30,"Pistons","","• Stanley Johnson","strained right hip flexor (DTD)","Stanley Johnson","2017-18"
2018-01-03,"Pistons","","• Stanley Johnson","placed on IL with strained right hip flexor","Stanley Johnson","2017-18"
2018-01-08,"Pistons","• Stanley Johnson","","activated from IL","Stanley Johnson","2017-18"
2018-01-13,"Pistons","","• Stanley Johnson","placed on IL with hip injury","Stanley Johnson","2017-18"
2018-01-19,"Pistons","• Stanley Johnson","","activated from IL","Stanley Johnson","2017-18"
2018-03-07,"Pistons","","• Stanley Johnson","placed on IL with back spasms","Stanley Johnson","2017-18"
2018-03-13,"Pistons","• Stanley Johnson","","activated from IL","Stanley Johnson","2017-18"
2013-11-08,"Warriors","","• Stephen Curry","bruised/sprained left ankle (DNP)","Stephen Curry","2013-14"
2013-11-20,"Warriors","","• Stephen Curry","placed on IL with concussion","Stephen Curry","2013-14"
2013-11-23,"Warriors","• Stephen Curry","","activated from IL","Stephen Curry","2013-14"
2014-04-16,"Warriors","","• Stephen Curry","rest (DNP)","Stephen Curry","2013-14"
2015-02-22,"Warriors","","• Stephen Curry","sprained right ankle / sore right foot (DTD)","Stephen Curry","2014-15"
2015-02-24,"Warriors","• Stephen Curry","","returned to lineup","Stephen Curry","2014-15"
2015-03-13,"Warriors","","• Stephen Curry","rest (DTD)","Stephen Curry","2014-15"
2015-03-14,"Warriors","• Stephen Curry","","returned to lineup","Stephen Curry","2014-15"
2015-12-30,"Warriors","","• Stephen Curry","bruised lower left leg (DTD)","Stephen Curry","2015-16"
2016-01-02,"Warriors","• Stephen Curry","","returned to lineup","Stephen Curry","2015-16"
2016-03-01,"Warriors","","• Stephen Curry","left ankle injury (DTD)","Stephen Curry","2015-16"
2016-03-03,"Warriors","• Stephen Curry","","returned to lineup","Stephen Curry","2015-16"
2016-04-16,"Warriors","","• Stephen Curry","sprained right ankle (DTD)","Stephen Curry","2015-16"
2016-04-18,"Warriors","","• Stephen Curry","placed on IL with sprained right ankle","Stephen Curry","2015-16"
2016-04-24,"Warriors","• Stephen Curry","","activated from IL","Stephen Curry","2015-16"
2016-04-25,"Warriors","","• Stephen Curry","sprained MCL in right knee (DTD)","Stephen Curry","2015-16"
2016-04-27,"Warriors","","• Stephen Curry","placed on IL with sprained MCL in right knee","Stephen Curry","2015-16"
2017-01-29,"Warriors","","• Stephen Curry","placed on IL with stomach flu","Stephen Curry","2016-17"
2017-02-01,"Warriors","• Stephen Curry","","activated from IL","Stephen Curry","2016-17"
2017-03-11,"Warriors","","• Stephen Curry","rest (DTD)","Stephen Curry","2016-17"
2017-03-14,"Warriors","• Stephen Curry","","returned to lineup","Stephen Curry","2016-17"
2017-04-08,"Warriors","","• Stephen Curry","bruised left knee (DTD)","Stephen Curry","2016-17"
2017-04-10,"Warriors","• Stephen Curry","","returned to lineup","Stephen Curry","2016-17"
2017-11-13,"Warriors","","• Stephen Curry","placed on IL with bruised right thigh","Stephen Curry","2017-18"
2017-11-16,"Warriors","• Stephen Curry","","activated from IL","Stephen Curry","2017-18"
2017-11-27,"Warriors","","• Stephen Curry","placed on IL with bruised right hand","Stephen Curry","2017-18"
2017-11-29,"Warriors","• Stephen Curry","","activated from IL","Stephen Curry","2017-18"
2017-12-05,"Warriors","","• Stephen Curry","sprained right ankle (DTD)","Stephen Curry","2017-18"
2017-12-06,"Warriors","","• Stephen Curry","placed on IL with sprained right ankle","Stephen Curry","2017-18"
2017-12-30,"Warriors","• Stephen Curry","","activated from IL","Stephen Curry","2017-18"
2018-01-10,"Warriors","","• Stephen Curry","sprained right ankle (DTD)","Stephen Curry","2017-18"
2018-01-13,"Warriors","• Stephen Curry","","activated from IL","Stephen Curry","2017-18"
2018-03-09,"Warriors","","• Stephen Curry","placed on IL with sprained right ankle","Stephen Curry","2017-18"
2018-03-23,"Warriors","• Stephen Curry","","activated from IL","Stephen Curry","2017-18"
2018-03-24,"Warriors","","• Stephen Curry","sprained MCL in left knee (out indefinitely)","Stephen Curry","2017-18"
2018-03-25,"Warriors","","• Stephen Curry","placed on IL with sprained MCL in left knee","Stephen Curry","2017-18"
2018-11-09,"Warriors","","• Stephen Curry","strained left groin (out indefinitely)","Stephen Curry","2018-19"
2018-11-10,"Warriors","","• Stephen Curry","placed on IL with strained left groin","Stephen Curry","2018-19"
2018-12-01,"Warriors","• Stephen Curry","","activated from IL","Stephen Curry","2018-19"
2019-03-23,"Warriors","","• Stephen Curry","placed on IL","Stephen Curry","2018-19"
2019-03-24,"Warriors","• Stephen Curry","","activated from IL","Stephen Curry","2018-19"
2019-04-10,"Warriors","","• Stephen Curry","placed on IL with sprained right ankle","Stephen Curry","2018-19"
2019-04-12,"Warriors","• Stephen Curry","","activated from IL","Stephen Curry","2018-19"
2021-02-20,"Warriors","","• Stephen Curry","illness (DTD)","Stephen Curry","2020-21"
2021-02-23,"Warriors","• Stephen Curry","","returned to lineup","Stephen Curry","2020-21"
2021-03-19,"Warriors","","• Stephen Curry","bruised tailbone (DTD)","Stephen Curry","2020-21"
2021-03-23,"Warriors","","• Stephen Curry","placed on IL with bruised tailbone","Stephen Curry","2020-21"
2021-03-29,"Warriors","• Stephen Curry","","activated from IL","Stephen Curry","2020-21"
2021-04-02,"Warriors","","• Stephen Curry","bruised tailbone (DTD)","Stephen Curry","2020-21"
2021-04-04,"Warriors","• Stephen Curry","","returned to lineup","Stephen Curry","2020-21"
2021-11-19,"Warriors","","• Stephen Curry","placed on IL with bruised left hip","Stephen Curry","2021-22"
2021-11-20,"Warriors","• Stephen Curry","","activated from IL","Stephen Curry","2021-22"
2021-12-18,"Warriors","","• Stephen Curry","placed on IL","Stephen Curry","2021-22"
2021-12-20,"Warriors","• Stephen Curry","","activated from IL","Stephen Curry","2021-22"
2022-01-06,"Warriors","","• Stephen Curry","placed on IL with bruised left quadricep","Stephen Curry","2021-22"
2022-01-08,"Warriors","• Stephen Curry","","activated from IL","Stephen Curry","2021-22"
2022-01-15,"Warriors","","• Stephen Curry","placed on IL with right hand injury","Stephen Curry","2021-22"
2022-01-18,"Warriors","• Stephen Curry","","activated from IL","Stephen Curry","2021-22"
2022-02-01,"Warriors","","• Stephen Curry","placed on IL with toe injury","Stephen Curry","2021-22"
2022-02-02,"Warriors","• Stephen Curry","","activated from IL","Stephen Curry","2021-22"
2022-03-07,"Warriors","","• Stephen Curry","placed on IL with sore left hand","Stephen Curry","2021-22"
2022-03-08,"Warriors","• Stephen Curry","","activated from IL","Stephen Curry","2021-22"
2022-03-17,"Warriors","","• Stephen Curry","placed on IL with sprained left foot","Stephen Curry","2021-22"
2022-04-16,"Warriors","• Stephen Curry","","activated from IL","Stephen Curry","2021-22"
2022-11-21,"Warriors","","• Stephen Curry","placed on IL with sore right elbow","Stephen Curry","2022-23"
2022-11-23,"Warriors","• Stephen Curry","","activated from IL","Stephen Curry","2022-23"
2022-12-07,"Warriors","","• Stephen Curry","placed on IL with sore left ankle","Stephen Curry","2022-23"
2022-12-10,"Warriors","• Stephen Curry","","activated from IL","Stephen Curry","2022-23"
2022-12-15,"Warriors","","• Stephen Curry","placed on IL with left shoulder injury","Stephen Curry","2022-23"
2023-01-10,"Warriors","• Stephen Curry","","activated from IL","Stephen Curry","2022-23"
2023-02-05,"Warriors","","• Stephen Curry","placed on IL with left leg injury","Stephen Curry","2022-23"
2023-03-05,"Warriors","• Stephen Curry","","activated from IL","Stephen Curry","2022-23"
2015-01-25,"Thunder","","• Steven Adams","migraine headache (DTD)","Steven Adams","2014-15"
2015-01-26,"Thunder","• Steven Adams","","returned to lineup","Steven Adams","2014-15"
2015-02-09,"Thunder","","• Steven Adams","placed on IL with fractured right finger","Steven Adams","2014-15"
2015-02-09,"Thunder","","• Steven Adams","surgery on right finger to repair fracture (out indefinitely)","Steven Adams","2014-15"
2015-03-08,"Thunder","• Steven Adams","","activated from IL","Steven Adams","2014-15"
2016-01-22,"Thunder","","• Steven Adams","sprained right elbow (DTD)","Steven Adams","2015-16"
2016-01-26,"Thunder","• Steven Adams","","returned to lineup","Steven Adams","2015-16"
2017-01-16,"Thunder","","• Steven Adams","concussion (DTD)","Steven Adams","2016-17"
2017-01-23,"Thunder","• Steven Adams","","returned to lineup","Steven Adams","2016-17"
2017-11-10,"Thunder","","• Steven Adams","placed on IL with bruised right calf","Steven Adams","2017-18"
2017-11-17,"Thunder","• Steven Adams","","activated from IL","Steven Adams","2017-18"
2017-12-16,"Thunder","","• Steven Adams","placed on IL with concussion","Steven Adams","2017-18"
2017-12-20,"Thunder","• Steven Adams","","activated from IL","Steven Adams","2017-18"
2018-03-13,"Thunder","","• Steven Adams","placed on IL with bruised left hip","Steven Adams","2017-18"
2018-03-16,"Thunder","• Steven Adams","","activated from IL","Steven Adams","2017-18"
2018-10-28,"Thunder","","• Steven Adams","placed on IL with calf injury","Steven Adams","2018-19"
2018-10-30,"Thunder","• Steven Adams","","activated from IL","Steven Adams","2018-19"
2019-01-29,"Thunder","","• Steven Adams","sprained right ankle (DTD)","Steven Adams","2018-19"
2019-02-01,"Thunder","• Steven Adams","","returned to lineup","Steven Adams","2018-19"
2019-10-30,"Thunder","","• Steven Adams","placed on IL with bruised left knee","Steven Adams","2019-20"
2019-11-05,"Thunder","• Steven Adams","","activated from IL","Steven Adams","2019-20"
2019-11-10,"Thunder","","• Steven Adams","placed on IL with bruised left knee","Steven Adams","2019-20"
2019-11-12,"Thunder","• Steven Adams","","activated from IL","Steven Adams","2019-20"
2020-01-17,"Thunder","","• Steven Adams","placed on IL with bruised right knee","Steven Adams","2019-20"
2020-01-18,"Thunder","• Steven Adams","","activated from IL","Steven Adams","2019-20"
2020-01-22,"Thunder","","• Steven Adams","placed on IL with sprained left ankle","Steven Adams","2019-20"
2020-01-25,"Thunder","• Steven Adams","","activated from IL","Steven Adams","2019-20"
2021-02-01,"Pelicans","","• Steven Adams","placed on IL with left calf injury","Steven Adams","2020-21"
2021-02-03,"Pelicans","• Steven Adams","","activated from IL","Steven Adams","2020-21"
2021-02-19,"Pelicans","","• Steven Adams","right ankle injury (DTD)","Steven Adams","2020-21"
2021-02-24,"Pelicans","• Steven Adams","","returned to lineup","Steven Adams","2020-21"
2021-04-02,"Pelicans","","• Steven Adams","sore right ankle (DTD)","Steven Adams","2020-21"
2021-04-03,"Pelicans","• Steven Adams","","returned to lineup","Steven Adams","2020-21"
2021-04-26,"Pelicans","","• Steven Adams","placed on IL with toe injury","Steven Adams","2020-21"
2021-04-28,"Pelicans","• Steven Adams","","activated from IL","Steven Adams","2020-21"
2021-04-29,"Pelicans","","• Steven Adams","placed on IL with toe injury","Steven Adams","2020-21"
2022-01-07,"Grizzlies","","• Steven Adams","placed on IL with NBA health and safety protocols","Steven Adams","2021-22"
2022-01-14,"Grizzlies","• Steven Adams","","activated from IL","Steven Adams","2021-22"
2022-04-01,"Grizzlies","","• Steven Adams","placed on IL with left calf injury","Steven Adams","2021-22"
2022-04-04,"Grizzlies","• Steven Adams","","activated from IL","Steven Adams","2021-22"
2022-04-10,"Grizzlies","","• Steven Adams","placed on IL with sore left ankle","Steven Adams","2021-22"
2022-04-15,"Grizzlies","• Steven Adams","","activated from IL","Steven Adams","2021-22"
2022-04-28,"Grizzlies","","• Steven Adams","placed on IL with NBA health and safety protocols","Steven Adams","2021-22"
2020-02-03,"Pistons","","• Sviatoslav Mykhailiuk / Svi Mykhailiuk","strained right hip (DTD)","Svi Mykhailiuk","2019-20"
2020-02-12,"Pistons","• Sviatoslav Mykhailiuk / Svi Mykhailiuk","","returned to lineup","Svi Mykhailiuk","2019-20"
2017-01-16,"76ers","","• T.J. McConnell","sprained right wrist (DTD)","T.J. McConnell","2016-17"
2017-01-18,"76ers","• T.J. McConnell","","returned to lineup","T.J. McConnell","2016-17"
2016-11-18,"Suns","","• T.J. Warren","illness (DTD)","T.J. Warren","2016-17"
2016-11-19,"Suns","","• T.J. Warren","placed on IL with illness","T.J. Warren","2016-17"
2016-11-23,"Suns","","• T.J. Warren","head injury (DTD)","T.J. Warren","2016-17"
2016-12-17,"Suns","• T.J. Warren","","activated from IL","T.J. Warren","2016-17"
2017-03-23,"Suns","","• T.J. Warren","left foot injury (DTD)","T.J. Warren","2016-17"
2017-03-26,"Suns","• T.J. Warren","","returned to lineup","T.J. Warren","2016-17"
2017-04-02,"Suns","","• T.J. Warren","placed on IL with illness","T.J. Warren","2016-17"
2017-04-05,"Suns","• T.J. Warren","","activated from IL","T.J. Warren","2016-17"
2018-01-05,"Suns","","• T.J. Warren","placed on IL with illness","T.J. Warren","2017-18"
2018-01-07,"Suns","• T.J. Warren","","activated from IL","T.J. Warren","2017-18"
2018-01-14,"Suns","","• T.J. Warren","placed on IL with sore lower back","T.J. Warren","2017-18"
2018-01-19,"Suns","• T.J. Warren","","activated from IL","T.J. Warren","2017-18"
2018-02-28,"Suns","","• T.J. Warren","placed on IL with tailbone injury / concussion","T.J. Warren","2017-18"
2018-03-02,"Suns","• T.J. Warren","","activated from IL","T.J. Warren","2017-18"
2018-03-08,"Suns","","• T.J. Warren","placed on IL with back spasms","T.J. Warren","2017-18"
2018-03-13,"Suns","• T.J. Warren","","activated from IL","T.J. Warren","2017-18"
2018-03-20,"Suns","","• T.J. Warren","placed on IL with inflammation in left knee (out for season)","T.J. Warren","2017-18"
2018-11-04,"Suns","","• T.J. Warren","placed on IL with lower back spasms","T.J. Warren","2018-19"
2018-11-06,"Suns","• T.J. Warren","","activated from IL","T.J. Warren","2018-19"
2018-11-30,"Suns","","• T.J. Warren","placed on IL with sore right ankle","T.J. Warren","2018-19"
2018-12-10,"Suns","• T.J. Warren","","activated from IL","T.J. Warren","2018-19"
2019-01-23,"Suns","","• T.J. Warren","placed on IL with sore right ankle (out for season)","T.J. Warren","2018-19"
2020-02-02,"Pacers","","• T.J. Warren","concussion (DTD)","T.J. Warren","2019-20"
2020-02-03,"Pacers","","• T.J. Warren","placed on IL with concussion","T.J. Warren","2019-20"
2020-02-08,"Pacers","• T.J. Warren","","activated from IL","T.J. Warren","2019-20"
2020-03-06,"Pacers","","• T.J. Warren","placed on IL with left leg injury","T.J. Warren","2019-20"
2020-03-08,"Pacers","• T.J. Warren","","activated from IL","T.J. Warren","2019-20"
2016-03-02,"Bulls","","• Taj Gibson","strained right hamstring (DTD)","Taj Gibson","2015-16"
2016-03-05,"Bulls","• Taj Gibson","","returned to lineup","Taj Gibson","2015-16"
2016-03-31,"Bulls","","• Taj Gibson","bruised (P Y) / fractured (CBC) ribs (out for season)","Taj Gibson","2015-16"
2017-01-17,"Bulls","","• Taj Gibson","placed on IL with sore left ankle","Taj Gibson","2016-17"
2017-01-20,"Bulls","• Taj Gibson","","activated from IL","Taj Gibson","2016-17"
2017-01-29,"Bulls","","• Taj Gibson","placed on IL with sore left ankle","Taj Gibson","2016-17"
2017-02-01,"Bulls","• Taj Gibson","","activated from IL","Taj Gibson","2016-17"
2017-03-31,"Thunder","","• Taj Gibson","placed on IL with illness","Taj Gibson","2016-17"
2017-04-02,"Thunder","• Taj Gibson","","activated from IL","Taj Gibson","2016-17"
2017-04-11,"Thunder","","• Taj Gibson","rest (DTD)","Taj Gibson","2016-17"
2018-12-14,"Timberwolves","","• Taj Gibson","personal reasons (DTD)","Taj Gibson","2018-19"
2018-12-15,"Timberwolves","","• Taj Gibson","placed on IL for personal reasons","Taj Gibson","2018-19"
2018-12-17,"Timberwolves","• Taj Gibson","","activated from IL","Taj Gibson","2018-19"
2019-03-21,"Timberwolves","","• Taj Gibson","strained left calf (DTD)","Taj Gibson","2018-19"
2019-04-03,"Timberwolves","","• Taj Gibson","placed on IL with strained left calf","Taj Gibson","2018-19"
2019-04-10,"Timberwolves","• Taj Gibson","","activated from IL","Taj Gibson","2018-19"
2019-04-10,"Timberwolves","","• Taj Gibson","strained left calf (out for season)","Taj Gibson","2018-19"
2017-01-01,"Hawks","","• Taurean Prince","placed on IL","Taurean Prince","2016-17"
2017-01-07,"Hawks","• Taurean Prince","","activated from IL","Taurean Prince","2016-17"
2018-11-06,"Hawks","","• Taurean Prince","placed on IL with sprained right ankle","Taurean Prince","2018-19"
2018-11-07,"Hawks","• Taurean Prince","","activated from IL","Taurean Prince","2018-19"
2018-11-15,"Hawks","","• Taurean Prince","right Achilles injury (DTD)","Taurean Prince","2018-19"
2018-11-17,"Hawks","","• Taurean Prince","placed on IL with right Achilles injury","Taurean Prince","2018-19"
2018-11-19,"Hawks","• Taurean Prince","","activated from IL","Taurean Prince","2018-19"
2018-12-04,"Hawks","","• Taurean Prince","left ankle injury (out indefinitely)","Taurean Prince","2018-19"
2018-12-05,"Hawks","","• Taurean Prince","placed on IL with left ankle injury","Taurean Prince","2018-19"
2019-01-13,"Hawks","• Taurean Prince","","activated from IL","Taurean Prince","2018-19"
2019-02-24,"Hawks","","• Taurean Prince","personal reasons (DTD)","Taurean Prince","2018-19"
2019-02-27,"Hawks","","• Taurean Prince","placed on IL for personal reasons","Taurean Prince","2018-19"
2019-02-27,"Hawks","• Taurean Prince","","activated from IL","Taurean Prince","2018-19"
2019-03-02,"Hawks","","• Taurean Prince","personal reasons (DTD)","Taurean Prince","2018-19"
2019-03-03,"Hawks","","• Taurean Prince","placed on IL for personal reasons","Taurean Prince","2018-19"
2019-03-06,"Hawks","• Taurean Prince","","returned to lineup","Taurean Prince","2018-19"
2019-03-29,"Hawks","","• Taurean Prince","placed on IL with foot injury","Taurean Prince","2018-19"
2019-04-03,"Hawks","• Taurean Prince","","activated from IL","Taurean Prince","2018-19"
2016-02-10,"Timberwolves","","• Tayshaun Prince","personal reasons (DTD)","Tayshaun Prince","2015-16"
2016-02-20,"Timberwolves","• Tayshaun Prince","","returned to lineup","Tayshaun Prince","2015-16"
2018-11-17,"Thunder","","• Terrance Ferguson","placed on IL for personal reasons","Terrance Ferguson","2018-19"
2018-11-21,"Thunder","• Terrance Ferguson","","activated from IL","Terrance Ferguson","2018-19"
2018-11-23,"Thunder","","• Terrance Ferguson","placed on IL with sprained left ankle","Terrance Ferguson","2018-19"
2018-12-03,"Thunder","• Terrance Ferguson","","activated from IL","Terrance Ferguson","2018-19"
2018-12-30,"Thunder","","• Terrance Ferguson","illness (DTD)","Terrance Ferguson","2018-19"
2018-12-31,"Thunder","• Terrance Ferguson","","returned to lineup","Terrance Ferguson","2018-19"
2019-01-29,"Thunder","","• Terrance Ferguson","placed on IL with back spasms","Terrance Ferguson","2018-19"
2019-02-01,"Thunder","• Terrance Ferguson","","activated from IL","Terrance Ferguson","2018-19"
2019-11-12,"Thunder","","• Terrance Ferguson","placed on IL for personal reasons","Terrance Ferguson","2019-20"
2019-11-14,"Thunder","• Terrance Ferguson","","activated from IL","Terrance Ferguson","2019-20"
2019-12-05,"Thunder","","• Terrance Ferguson","right hip injury (DTD)","Terrance Ferguson","2019-20"
2019-12-06,"Thunder","","• Terrance Ferguson","placed on IL with right hip injury","Terrance Ferguson","2019-20"
2019-12-16,"Thunder","• Terrance Ferguson","","activated from IL","Terrance Ferguson","2019-20"
2020-01-18,"Thunder","","• Terrance Ferguson","placed on IL with illness","Terrance Ferguson","2019-20"
2020-01-20,"Thunder","","• Terrance Ferguson","personal reasons (DTD)","Terrance Ferguson","2019-20"
2020-02-05,"Thunder","• Terrance Ferguson","","activated from IL","Terrance Ferguson","2019-20"
2020-02-05,"Thunder","• Terrance Ferguson","","activated from IL","Terrance Ferguson","2019-20"
2013-10-30,"Rockets","","• Terrence Jones","strained right shoulder (DNP)","Terrence Jones","2013-14"
2014-01-20,"Rockets","","• Terrence Jones","bruised left thigh (DNP)","Terrence Jones","2013-14"
2014-01-22,"Rockets","","• Terrence Jones","bruised left thigh (DNP)","Terrence Jones","2013-14"
2014-04-01,"Rockets","","• Terrence Jones","flu (DNP)","Terrence Jones","2013-14"
2015-11-01,"Rockets","","• Terrence Jones","placed on IL with facial (eyelid) injury","Terrence Jones","2015-16"
2015-11-11,"Rockets","• Terrence Jones","","activated from IL","Terrence Jones","2015-16"
2015-12-29,"Rockets","","• Terrence Jones","illness (DTD)","Terrence Jones","2015-16"
2015-12-31,"Rockets","• Terrence Jones","","returned to lineup","Terrence Jones","2015-16"
2016-02-04,"Rockets","","• Terrence Jones","placed on IL with injuries suffered in car accident (P) / concussion (CBC Y)","Terrence Jones","2015-16"
2016-02-23,"Rockets","• Terrence Jones","","activated from IL","Terrence Jones","2015-16"
2016-03-05,"Rockets","","• Terrence Jones","placed on IL with illness","Terrence Jones","2015-16"
2016-03-14,"Rockets","• Terrence Jones","","activated from IL","Terrence Jones","2015-16"
2016-04-13,"Rockets","","• Terrence Jones","placed on IL","Terrence Jones","2015-16"
2016-04-18,"Rockets","• Terrence Jones","","activated from IL","Terrence Jones","2015-16"
2016-04-27,"Rockets","","• Terrence Jones","placed on IL (out for season)","Terrence Jones","2015-16"
2014-03-02,"Raptors","","• Terrence Ross","placed on IL with sprained left ankle","Terrence Ross","2013-14"
2014-03-07,"Raptors","• Terrence Ross","","activated from IL","Terrence Ross","2013-14"
2016-11-09,"Raptors","","• Terrence Ross","sprained/strained right index finger (DTD)","Terrence Ross","2016-17"
2016-11-11,"Raptors","• Terrence Ross","","returned to lineup","Terrence Ross","2016-17"
2020-02-12,"Hornets","","• Terry Rozier","placed on IL with sore left knee","Terry Rozier","2019-20"
2020-02-20,"Hornets","• Terry Rozier","","activated from IL","Terry Rozier","2019-20"
2020-03-11,"Hornets","","• Terry Rozier","placed on IL with illness","Terry Rozier","2019-20"
2021-02-01,"Hornets","","• Terry Rozier","sprained right ankle (DTD)","Terry Rozier","2020-21"
2021-02-05,"Hornets","• Terry Rozier","","returned to lineup","Terry Rozier","2020-21"
2021-04-13,"Hornets","","• Terry Rozier","placed on IL with left knee tendinitis","Terry Rozier","2020-21"
2021-04-14,"Hornets","• Terry Rozier","","activated from IL","Terry Rozier","2020-21"
2021-10-20,"Hornets","","• Terry Rozier","placed on IL with sprained left ankle","Terry Rozier","2021-22"
2021-10-22,"Hornets","• Terry Rozier","","activated from IL","Terry Rozier","2021-22"
2021-10-24,"Hornets","","• Terry Rozier","placed on IL with sprained right ankle","Terry Rozier","2021-22"
2021-10-31,"Hornets","• Terry Rozier","","activated from IL","Terry Rozier","2021-22"
2021-12-04,"Hornets","","• Terry Rozier","placed on IL with NBA health and safety protocols","Terry Rozier","2021-22"
2021-12-12,"Hornets","• Terry Rozier","","activated from IL","Terry Rozier","2021-22"
2022-10-23,"Hornets","","• Terry Rozier","placed on IL with sprained right ankle","Terry Rozier","2022-23"
2022-11-05,"Hornets","• Terry Rozier","","activated from IL","Terry Rozier","2022-23"
2022-11-28,"Hornets","","• Terry Rozier","illness (DTD)","Terry Rozier","2022-23"
2023-02-15,"Hornets","","• Terry Rozier","sprained right hand (DTD)","Terry Rozier","2022-23"
2023-02-23,"Hornets","• Terry Rozier","","returned to lineup","Terry Rozier","2022-23"
2023-03-24,"Hornets","","• Terry Rozier","right foot injury (DTD)","Terry Rozier","2022-23"
2023-03-26,"Hornets","","• Terry Rozier","placed on IL with right foot injury (out for season)","Terry Rozier","2022-23"
2013-11-16,"Thunder","","• Thabo Sefolosha","placed on IL with flu","Thabo Sefolosha","2013-14"
2013-11-18,"Thunder","• Thabo Sefolosha","","activated from IL","Thabo Sefolosha","2013-14"
2013-12-10,"Thunder","","• Thabo Sefolosha","placed on IL with sprained right knee","Thabo Sefolosha","2013-14"
2013-12-15,"Thunder","• Thabo Sefolosha","","activated from IL","Thabo Sefolosha","2013-14"
2014-03-02,"Thunder","","• Thabo Sefolosha","placed on IL with strained left calf (CBC)","Thabo Sefolosha","2013-14"
2014-04-04,"Thunder","","• Thabo Sefolosha","placed on IL with strained left calf (P)","Thabo Sefolosha","2013-14"
2014-04-08,"Thunder","• Thabo Sefolosha","","activated from IL","Thabo Sefolosha","2013-14"
2013-11-20,"76ers","","• Thaddeus Young","personal reasons (DNP)","Thaddeus Young","2013-14"
2013-11-22,"76ers","","• Thaddeus Young","personal reasons (DNP)","Thaddeus Young","2013-14"
2013-11-23,"76ers","","• Thaddeus Young","personal reasons (DNP)","Thaddeus Young","2013-14"
2014-11-14,"Timberwolves","","• Thaddeus Young","placed on IL for personal reasons","Thaddeus Young","2014-15"
2014-11-26,"Timberwolves","• Thaddeus Young","","activated from IL","Thaddeus Young","2014-15"
2015-03-27,"Nets","","• Thaddeus Young","strained left knee (DTD)","Thaddeus Young","2014-15"
2015-03-31,"Nets","• Thaddeus Young","","returned to lineup","Thaddeus Young","2014-15"
2016-04-01,"Nets","","• Thaddeus Young","placed on IL","Thaddeus Young","2015-16"
2017-02-04,"Pacers","","• Thaddeus Young","placed on IL with sprained left wrist","Thaddeus Young","2016-17"
2017-02-24,"Pacers","• Thaddeus Young","","activated from IL","Thaddeus Young","2016-17"
2017-03-01,"Pacers","","• Thaddeus Young","placed on IL","Thaddeus Young","2016-17"
2017-03-05,"Pacers","• Thaddeus Young","","activated from IL","Thaddeus Young","2016-17"
2018-04-10,"Pacers","","• Thaddeus Young","placed on IL for rest","Thaddeus Young","2017-18"
2018-04-20,"Pacers","","• Thaddeus Young","placed on IL with sinus infection","Thaddeus Young","2017-18"
2018-04-22,"Pacers","• Thaddeus Young","","activated from IL","Thaddeus Young","2017-18"
2019-04-10,"Pacers","","• Thaddeus Young","right hand injury (DTD)","Thaddeus Young","2018-19"
2019-04-14,"Pacers","• Thaddeus Young","","returned to lineup","Thaddeus Young","2018-19"
2020-12-22,"Thunder","","• Theo Maledon","personal reasons (DTD)","Theo Maledon","2020-21"
2021-02-05,"Thunder","","• Theo Maledon","NBA health and safety protocols (DTD)","Theo Maledon","2020-21"
2021-02-06,"Thunder","• Theo Maledon","","returned to lineup","Theo Maledon","2020-21"
2021-02-07,"Thunder","","• Theo Maledon","NBA health and safety protocols (DTD)","Theo Maledon","2020-21"
2021-02-16,"Thunder","• Theo Maledon","","returned to lineup","Theo Maledon","2020-21"
2021-03-14,"Thunder","","• Theo Maledon","sprained right ankle (DTD)","Theo Maledon","2020-21"
2021-03-15,"Thunder","• Theo Maledon","","returned to lineup","Theo Maledon","2020-21"
2019-12-03,"Wizards","","• Thomas Bryant","placed on IL with right foot injury","Thomas Bryant","2019-20"
2020-01-03,"Wizards","• Thomas Bryant","","activated from IL","Thomas Bryant","2019-20"
2020-01-04,"Wizards","","• Thomas Bryant","placed on IL","Thomas Bryant","2019-20"
2020-02-05,"Wizards","","• Thomas Bryant","sore right foot (DTD)","Thomas Bryant","2019-20"
2020-02-07,"Wizards","","• Thomas Bryant","placed on IL with sore right foot","Thomas Bryant","2019-20"
2020-02-21,"Wizards","• Thomas Bryant","","activated from IL","Thomas Bryant","2019-20"
2013-12-10,"Spurs","","• Tiago Splitter","placed on IL with left calf injury","Tiago Splitter","2013-14"
2013-12-16,"Spurs","• Tiago Splitter","","activated from IL","Tiago Splitter","2013-14"
2014-01-07,"Spurs","","• Tiago Splitter","sprained/separated right shoulder (DNP)","Tiago Splitter","2013-14"
2014-01-08,"Spurs","","• Tiago Splitter","sprained right shoulder (DNP)","Tiago Splitter","2013-14"
2014-01-12,"Spurs","","• Tiago Splitter","placed on IL with sprained right shoulder","Tiago Splitter","2013-14"
2014-02-01,"Spurs","• Tiago Splitter","","activated from IL","Tiago Splitter","2013-14"
2014-02-08,"Spurs","","• Tiago Splitter","bruised right calf (DNP)","Tiago Splitter","2013-14"
2014-02-10,"Spurs","","• Tiago Splitter","bruised right calf/shin (DNP)","Tiago Splitter","2013-14"
2014-02-12,"Spurs","","• Tiago Splitter","bruised right calf/shin (DNP)","Tiago Splitter","2013-14"
2014-02-18,"Spurs","","• Tiago Splitter","bruised right calf/shin (DNP)","Tiago Splitter","2013-14"
2013-11-01,"Spurs","","• Tim Duncan","placed on IL with bruised chest","Tim Duncan","2013-14"
2013-11-01,"Spurs","• Tim Duncan","","activated from IL","Tim Duncan","2013-14"
2013-11-11,"Spurs","","• Tim Duncan","rest (DNP)","Tim Duncan","2013-14"
2013-12-19,"Spurs","","• Tim Duncan","placed on IL for rest","Tim Duncan","2013-14"
2013-12-21,"Spurs","• Tim Duncan","","activated from IL","Tim Duncan","2013-14"
2014-02-06,"Spurs","","• Tim Duncan","rest (DNP)","Tim Duncan","2013-14"
2014-02-19,"Spurs","","• Tim Duncan","rest (DNP)","Tim Duncan","2013-14"
2014-03-22,"Spurs","","• Tim Duncan","placed on IL for rest","Tim Duncan","2013-14"
2014-03-24,"Spurs","• Tim Duncan","","activated from IL","Tim Duncan","2013-14"
2014-04-11,"Spurs","","• Tim Duncan","placed on IL for rest","Tim Duncan","2013-14"
2014-04-14,"Spurs","• Tim Duncan","","activated from IL","Tim Duncan","2013-14"
2014-04-16,"Spurs","","• Tim Duncan","placed on IL","Tim Duncan","2013-14"
2014-11-06,"Spurs","","• Tim Duncan","rest (DTD)","Tim Duncan","2014-15"
2014-11-08,"Spurs","• Tim Duncan","","returned to lineup","Tim Duncan","2014-15"
2014-12-01,"Spurs","","• Tim Duncan","rest (DTD)","Tim Duncan","2014-15"
2014-12-03,"Spurs","• Tim Duncan","","returned to lineup","Tim Duncan","2014-15"
2014-12-10,"Spurs","","• Tim Duncan","rest (DTD)","Tim Duncan","2014-15"
2014-12-12,"Spurs","• Tim Duncan","","returned to lineup","Tim Duncan","2014-15"
2014-12-15,"Spurs","","• Tim Duncan","rest (DTD)","Tim Duncan","2014-15"
2014-12-17,"Spurs","• Tim Duncan","","returned to lineup","Tim Duncan","2014-15"
2014-12-20,"Spurs","","• Tim Duncan","rest (DTD)","Tim Duncan","2014-15"
2014-12-22,"Spurs","• Tim Duncan","","returned to lineup","Tim Duncan","2014-15"
2015-11-27,"Spurs","","• Tim Duncan","placed on IL for rest","Tim Duncan","2015-16"
2015-11-28,"Spurs","• Tim Duncan","","activated from IL","Tim Duncan","2015-16"
2015-12-07,"Spurs","","• Tim Duncan","placed on IL","Tim Duncan","2015-16"
2015-12-09,"Spurs","• Tim Duncan","","activated from IL","Tim Duncan","2015-16"
2015-12-16,"Spurs","","• Tim Duncan","placed on IL for rest","Tim Duncan","2015-16"
2015-12-18,"Spurs","• Tim Duncan","","activated from IL","Tim Duncan","2015-16"
2015-12-26,"Spurs","","• Tim Duncan","placed on IL with right knee injury","Tim Duncan","2015-16"
2015-12-28,"Spurs","","• Tim Duncan","right knee injury (DTD)","Tim Duncan","2015-16"
2016-01-02,"Spurs","• Tim Duncan","","returned to lineup","Tim Duncan","2015-16"
2016-01-02,"Spurs","• Tim Duncan","","activated from IL (P)","Tim Duncan","2015-16"
2016-01-21,"Spurs","","• Tim Duncan","placed on IL","Tim Duncan","2015-16"
2016-01-22,"Spurs","• Tim Duncan","","activated from IL","Tim Duncan","2015-16"
2016-01-24,"Spurs","","• Tim Duncan","sore right knee (DTD)","Tim Duncan","2015-16"
2016-01-25,"Spurs","","• Tim Duncan","placed on IL with sore right knee","Tim Duncan","2015-16"
2016-02-10,"Spurs","• Tim Duncan","","activated from IL","Tim Duncan","2015-16"
2016-03-05,"Spurs","","• Tim Duncan","placed on IL for rest","Tim Duncan","2015-16"
2016-03-07,"Spurs","• Tim Duncan","","activated from IL","Tim Duncan","2015-16"
2016-03-08,"Spurs","","• Tim Duncan","placed on IL for rest","Tim Duncan","2015-16"
2016-03-10,"Spurs","• Tim Duncan","","activated from IL","Tim Duncan","2015-16"
2016-03-26,"Spurs","","• Tim Duncan","placed on IL for rest","Tim Duncan","2015-16"
2016-03-30,"Spurs","• Tim Duncan","","activated from IL","Tim Duncan","2015-16"
2016-04-10,"Spurs","","• Tim Duncan","placed on IL","Tim Duncan","2015-16"
2016-04-12,"Spurs","• Tim Duncan","","activated from IL","Tim Duncan","2015-16"
2016-04-13,"Spurs","","• Tim Duncan","placed on IL for rest","Tim Duncan","2015-16"
2016-04-17,"Spurs","• Tim Duncan","","activated from IL","Tim Duncan","2015-16"
2015-01-02,"Knicks","","• Tim Hardaway Jr.","placed on IL with concussion","Tim Hardaway Jr.","2014-15"
2015-01-04,"Knicks","• Tim Hardaway Jr.","","activated from IL","Tim Hardaway Jr.","2014-15"
2015-03-09,"Knicks","","• Tim Hardaway Jr.","lower back spasms (DTD)","Tim Hardaway Jr.","2014-15"
2015-03-12,"Knicks","• Tim Hardaway Jr.","","returned to lineup","Tim Hardaway Jr.","2014-15"
2015-03-17,"Knicks","","• Tim Hardaway Jr.","sprained right wrist (DTD)","Tim Hardaway Jr.","2014-15"
2015-04-03,"Knicks","• Tim Hardaway Jr.","","returned to lineup","Tim Hardaway Jr.","2014-15"
2016-12-21,"Hawks","","• Tim Hardaway Jr.","sore groin (DTD)","Tim Hardaway Jr.","2016-17"
2016-12-26,"Hawks","","• Tim Hardaway Jr.","placed on IL","Tim Hardaway Jr.","2016-17"
2016-12-28,"Hawks","• Tim Hardaway Jr.","","activated from IL","Tim Hardaway Jr.","2016-17"
2017-04-12,"Hawks","","• Tim Hardaway Jr.","rest (DTD)","Tim Hardaway Jr.","2016-17"
2017-12-03,"Knicks","","• Tim Hardaway Jr.","placed on IL with sore left leg","Tim Hardaway Jr.","2017-18"
2018-01-12,"Knicks","• Tim Hardaway Jr.","","activated from IL","Tim Hardaway Jr.","2017-18"
2018-01-14,"Knicks","• Tim Hardaway Jr.","","activated from IL","Tim Hardaway Jr.","2017-18"
2018-01-15,"Knicks","","• Tim Hardaway Jr.","placed on IL","Tim Hardaway Jr.","2017-18"
2018-01-17,"Knicks","• Tim Hardaway Jr.","","activated from IL","Tim Hardaway Jr.","2017-18"
2018-01-25,"Knicks","","• Tim Hardaway Jr.","placed on IL","Tim Hardaway Jr.","2017-18"
2018-04-07,"Knicks","","• Tim Hardaway Jr.","sprained left ankle (out for season)","Tim Hardaway Jr.","2017-18"
2019-12-31,"Mavericks","","• Tim Hardaway Jr.","placed on IL with strained left hamstring","Tim Hardaway Jr.","2019-20"
2020-01-06,"Mavericks","• Tim Hardaway Jr.","","activated from IL","Tim Hardaway Jr.","2019-20"
2020-03-06,"Mavericks","","• Tim Hardaway Jr.","placed on IL with illness","Tim Hardaway Jr.","2019-20"
2020-03-08,"Mavericks","• Tim Hardaway Jr.","","activated from IL","Tim Hardaway Jr.","2019-20"
2022-10-25,"Mavericks","","• Tim Hardaway Jr.","placed on IL with foot injury","Tim Hardaway Jr.","2022-23"
2022-10-27,"Mavericks","• Tim Hardaway Jr.","","activated from IL","Tim Hardaway Jr.","2022-23"
2022-12-19,"Mavericks","","• Tim Hardaway Jr.","placed on IL with illness","Tim Hardaway Jr.","2022-23"
2022-12-21,"Mavericks","• Tim Hardaway Jr.","","activated from IL","Tim Hardaway Jr.","2022-23"
2023-01-15,"Mavericks","","• Tim Hardaway Jr.","sprained left ankle (DTD)","Tim Hardaway Jr.","2022-23"
2023-02-13,"Mavericks","","• Tim Hardaway Jr.","placed on IL with tightness in right hamstring","Tim Hardaway Jr.","2022-23"
2023-02-22,"Mavericks","• Tim Hardaway Jr.","","activated from IL","Tim Hardaway Jr.","2022-23"
2023-03-15,"Mavericks","","• Tim Hardaway Jr.","placed on IL with left calf injury","Tim Hardaway Jr.","2022-23"
2023-03-17,"Mavericks","• Tim Hardaway Jr.","","activated from IL","Tim Hardaway Jr.","2022-23"
2023-03-22,"Mavericks","","• Tim Hardaway Jr.","placed on IL with illness","Tim Hardaway Jr.","2022-23"
2023-03-26,"Mavericks","• Tim Hardaway Jr.","","activated from IL","Tim Hardaway Jr.","2022-23"
2016-11-21,"76ers","","• Timothe Luwawu-Cabarrot","placed on IL","Timothe Luwawu-Cabarrot","2016-17"
2016-11-25,"76ers","• Timothe Luwawu-Cabarrot","","activated from IL","Timothe Luwawu-Cabarrot","2016-17"
2014-11-22,"Magic","","• Tobias Harris","strained right calf (DTD)","Tobias Harris","2014-15"
2014-11-26,"Magic","• Tobias Harris","","returned to lineup","Tobias Harris","2014-15"
2015-01-10,"Magic","","• Tobias Harris","sprained left ankle (DTD)","Tobias Harris","2014-15"
2015-01-14,"Magic","","• Tobias Harris","placed on IL with sprained left ankle","Tobias Harris","2014-15"
2015-01-21,"Magic","• Tobias Harris","","activated from IL","Tobias Harris","2014-15"
2015-02-09,"Magic","","• Tobias Harris","sore right knee (DTD)","Tobias Harris","2014-15"
2015-02-11,"Magic","","• Tobias Harris","placed on IL","Tobias Harris","2014-15"
2015-02-22,"Magic","• Tobias Harris","","activated from IL","Tobias Harris","2014-15"
2015-03-18,"Magic","","• Tobias Harris","sprained left ankle (DTD)","Tobias Harris","2014-15"
2015-03-25,"Magic","• Tobias Harris","","returned to lineup","Tobias Harris","2014-15"
2016-02-05,"Magic","","• Tobias Harris","sore left ankle (DTD)","Tobias Harris","2015-16"
2016-02-07,"Magic","","• Tobias Harris","placed on IL with sore left ankle","Tobias Harris","2015-16"
2016-02-19,"Pistons","• Tobias Harris","","activated from IL","Tobias Harris","2015-16"
2016-04-13,"Pistons","","• Tobias Harris","rest (DTD)","Tobias Harris","2015-16"
2021-01-09,"76ers","","• Tobias Harris","placed on IL with NBA health and safety protocols","Tobias Harris","2020-21"
2021-01-14,"76ers","• Tobias Harris","","activated from IL","Tobias Harris","2020-21"
2021-02-26,"76ers","","• Tobias Harris","placed on IL with bruised right knee","Tobias Harris","2020-21"
2021-03-03,"76ers","• Tobias Harris","","activated from IL","Tobias Harris","2020-21"
2021-04-10,"76ers","","• Tobias Harris","sore right knee (DTD)","Tobias Harris","2020-21"
2021-04-11,"76ers","• Tobias Harris","","returned to lineup","Tobias Harris","2020-21"
2021-04-16,"76ers","","• Tobias Harris","placed on IL with sore right knee","Tobias Harris","2020-21"
2021-04-22,"76ers","• Tobias Harris","","activated from IL","Tobias Harris","2020-21"
2021-11-01,"76ers","","• Tobias Harris","NBA health and safety protocols (DTD)","Tobias Harris","2021-22"
2021-11-03,"76ers","","• Tobias Harris","placed on IL with NBA health and safety protocols","Tobias Harris","2021-22"
2021-11-11,"76ers","• Tobias Harris","","activated from IL","Tobias Harris","2021-22"
2021-11-22,"76ers","","• Tobias Harris","sore left hip (DTD)","Tobias Harris","2021-22"
2021-11-24,"76ers","","• Tobias Harris","placed on IL with sore left hip","Tobias Harris","2021-22"
2021-11-27,"76ers","• Tobias Harris","","activated from IL","Tobias Harris","2021-22"
2021-12-03,"76ers","","• Tobias Harris","illness (DTD)","Tobias Harris","2021-22"
2021-12-06,"76ers","• Tobias Harris","","returned to lineup","Tobias Harris","2021-22"
2022-11-18,"76ers","","• Tobias Harris","left hip injury (DTD)","Tobias Harris","2022-23"
2022-11-22,"76ers","• Tobias Harris","","returned to lineup","Tobias Harris","2022-23"
2023-01-14,"76ers","","• Tobias Harris","placed on IL with sore left knee","Tobias Harris","2022-23"
2023-01-15,"76ers","• Tobias Harris","","activated from IL","Tobias Harris","2022-23"
2023-03-06,"76ers","","• Tobias Harris","left calf injury (DTD)","Tobias Harris","2022-23"
2023-03-07,"76ers","• Tobias Harris","","returned to lineup","Tobias Harris","2022-23"
2023-03-31,"76ers","","• Tobias Harris","placed on IL with illness","Tobias Harris","2022-23"
2023-04-01,"76ers","• Tobias Harris","","activated from IL","Tobias Harris","2022-23"
2023-04-07,"76ers","","• Tobias Harris","placed on IL with left hip injury","Tobias Harris","2022-23"
2023-04-15,"76ers","• Tobias Harris","","activated from IL","Tobias Harris","2022-23"
2019-02-11,"Wizards","","• Tomas Satoransky","placed on IL for personal reasons","Tomas Satoransky","2018-19"
2019-02-22,"Wizards","• Tomas Satoransky","","activated from IL","Tomas Satoransky","2018-19"
2013-12-05,"Grizzlies","","• Tony Allen","hip injury (DNP)","Tony Allen","2013-14"
2013-12-07,"Grizzlies","","• Tony Allen","hip injury (DNP)","Tony Allen","2013-14"
2013-12-09,"Grizzlies","","• Tony Allen","hip injury (DNP)","Tony Allen","2013-14"
2013-12-11,"Grizzlies","","• Tony Allen","hip injury (DNP)","Tony Allen","2013-14"
2014-01-05,"Grizzlies","","• Tony Allen","hand injury (DNP)","Tony Allen","2013-14"
2014-01-07,"Grizzlies","","• Tony Allen","hand injury (DNP)","Tony Allen","2013-14"
2014-01-10,"Grizzlies","","• Tony Allen","hand injury (DNP)","Tony Allen","2013-14"
2014-01-12,"Grizzlies","","• Tony Allen","hand injury (DNP)","Tony Allen","2013-14"
2014-01-14,"Grizzlies","","• Tony Allen","hand injury (DNP)","Tony Allen","2013-14"
2014-01-15,"Grizzlies","","• Tony Allen","hand injury (DNP)","Tony Allen","2013-14"
2014-01-17,"Grizzlies","","• Tony Allen","hand injury (DNP)","Tony Allen","2013-14"
2014-01-20,"Grizzlies","","• Tony Allen","hand injury (DNP)","Tony Allen","2013-14"
2014-01-24,"Grizzlies","","• Tony Allen","hand injury / sprained left wrist (DNP)","Tony Allen","2013-14"
2014-01-25,"Grizzlies","","• Tony Allen","hand injury (DNP)","Tony Allen","2013-14"
2014-01-28,"Grizzlies","","• Tony Allen","hand injury (DNP)","Tony Allen","2013-14"
2014-01-29,"Grizzlies","","• Tony Allen","hand injury (DNP)","Tony Allen","2013-14"
2014-01-31,"Grizzlies","","• Tony Allen","hand injury (DNP)","Tony Allen","2013-14"
2014-02-01,"Grizzlies","","• Tony Allen","hand injury (DNP)","Tony Allen","2013-14"
2014-02-03,"Grizzlies","","• Tony Allen","hand injury (DNP)","Tony Allen","2013-14"
2014-02-05,"Grizzlies","","• Tony Allen","hand injury (DNP)","Tony Allen","2013-14"
2014-02-08,"Grizzlies","","• Tony Allen","hand injury (DNP)","Tony Allen","2013-14"
2014-02-09,"Grizzlies","","• Tony Allen","hand injury (DNP)","Tony Allen","2013-14"
2014-02-11,"Grizzlies","","• Tony Allen","hand injury (DNP)","Tony Allen","2013-14"
2014-02-12,"Grizzlies","","• Tony Allen","hand injury (DNP)","Tony Allen","2013-14"
2014-02-18,"Grizzlies","","• Tony Allen","hand injury (DNP)","Tony Allen","2013-14"
2014-03-24,"Grizzlies","","• Tony Allen","stomach virus (DNP)","Tony Allen","2013-14"
2014-11-19,"Grizzlies","","• Tony Allen","flu / stomach virus (DTD)","Tony Allen","2014-15"
2014-11-23,"Grizzlies","• Tony Allen","","returned to lineup","Tony Allen","2014-15"
2014-12-17,"Grizzlies","","• Tony Allen","right eye injury (DTD)","Tony Allen","2014-15"
2014-12-26,"Grizzlies","• Tony Allen","","returned to lineup","Tony Allen","2014-15"
2015-01-26,"Grizzlies","","• Tony Allen","placed on IL with ankle injury","Tony Allen","2014-15"
2015-01-29,"Grizzlies","• Tony Allen","","activated from IL","Tony Allen","2014-15"
2015-03-12,"Grizzlies","","• Tony Allen","placed on IL for rest","Tony Allen","2014-15"
2015-03-14,"Grizzlies","• Tony Allen","","activated from IL","Tony Allen","2014-15"
2015-03-29,"Grizzlies","","• Tony Allen","strained left hamstring (DTD)","Tony Allen","2014-15"
2015-03-30,"Grizzlies","","• Tony Allen","placed on IL with strained left hamstring","Tony Allen","2014-15"
2015-04-19,"Grizzlies","• Tony Allen","","activated from IL","Tony Allen","2014-15"
2015-12-13,"Grizzlies","","• Tony Allen","sore right knee (DTD)","Tony Allen","2015-16"
2015-12-22,"Grizzlies","• Tony Allen","","returned to lineup","Tony Allen","2015-16"
2016-01-21,"Grizzlies","","• Tony Allen","sore left knee (DTD)","Tony Allen","2015-16"
2016-01-25,"Grizzlies","• Tony Allen","","returned to lineup","Tony Allen","2015-16"
2016-02-21,"Grizzlies","","• Tony Allen","sore left knee (DTD)","Tony Allen","2015-16"
2016-03-07,"Grizzlies","• Tony Allen","","returned to lineup","Tony Allen","2015-16"
2016-04-09,"Grizzlies","","• Tony Allen","sore left hamstring (DTD)","Tony Allen","2015-16"
2016-04-17,"Grizzlies","• Tony Allen","","returned to lineup","Tony Allen","2015-16"
2013-11-29,"Spurs","","• (William) Tony Parker","placed on IL with sprained ankle","Tony Parker","2013-14"
2013-11-30,"Spurs","• (William) Tony Parker","","activated from IL","Tony Parker","2013-14"
2013-12-18,"Spurs","","• (William) Tony Parker","placed on IL with bruised right shin","Tony Parker","2013-14"
2013-12-21,"Spurs","• (William) Tony Parker","","activated from IL","Tony Parker","2013-14"
2014-01-19,"Spurs","","• (William) Tony Parker","bruised right shin (DNP)","Tony Parker","2013-14"
2014-02-06,"Spurs","","• (William) Tony Parker","placed on IL with sore lower back","Tony Parker","2013-14"
2014-02-08,"Spurs","• (William) Tony Parker","","activated from IL","Tony Parker","2013-14"
2014-02-12,"Spurs","","• (William) Tony Parker","rest (DNP)","Tony Parker","2013-14"
2014-02-18,"Spurs","","• (William) Tony Parker","placed on IL with sore back","Tony Parker","2013-14"
2014-03-02,"Spurs","• (William) Tony Parker","","activated from IL","Tony Parker","2013-14"
2014-03-24,"Spurs","","• (William) Tony Parker","left Achilles injury (DNP)","Tony Parker","2013-14"
2014-04-08,"Spurs","","• (William) Tony Parker","placed on IL with back spasms","Tony Parker","2013-14"
2014-04-11,"Spurs","• (William) Tony Parker","","activated from IL","Tony Parker","2013-14"
2014-12-01,"Spurs","","• (William) Tony Parker","bruised ribs (DTD)","Tony Parker","2014-15"
2014-12-03,"Spurs","• (William) Tony Parker","","returned to lineup","Tony Parker","2014-15"
2014-12-06,"Spurs","","• (William) Tony Parker","strained left hamstring (DTD)","Tony Parker","2014-15"
2014-12-12,"Spurs","• (William) Tony Parker","","returned to lineup","Tony Parker","2014-15"
2014-12-14,"Spurs","","• (William) Tony Parker","placed on IL with strained left hamstring","Tony Parker","2014-15"
2014-12-22,"Spurs","• (William) Tony Parker","","activated from IL","Tony Parker","2014-15"
2014-12-26,"Spurs","","• (William) Tony Parker","strained hamstring (DTD)","Tony Parker","2014-15"
2014-12-28,"Spurs","","• (William) Tony Parker","placed on IL with strained hamstring","Tony Parker","2014-15"
2015-01-06,"Spurs","• (William) Tony Parker","","activated from IL","Tony Parker","2014-15"
2015-12-11,"Spurs","","• (William) Tony Parker","placed on IL for rest","Tony Parker","2015-16"
2015-12-12,"Spurs","• (William) Tony Parker","","activated from IL","Tony Parker","2015-16"
2016-01-04,"Spurs","","• (William) Tony Parker","placed on IL with sore right hip","Tony Parker","2015-16"
2016-01-08,"Spurs","• (William) Tony Parker","","activated from IL","Tony Parker","2015-16"
2016-01-20,"Spurs","","• (William) Tony Parker","right hip injury (DTD)","Tony Parker","2015-16"
2016-01-21,"Spurs","","• (William) Tony Parker","placed on IL with right hip injury","Tony Parker","2015-16"
2016-01-22,"Spurs","• (William) Tony Parker","","activated from IL","Tony Parker","2015-16"
2016-02-10,"Spurs","","• (William) Tony Parker","left ankle injury (DTD)","Tony Parker","2015-16"
2016-02-18,"Spurs","• (William) Tony Parker","","returned to lineup","Tony Parker","2015-16"
2016-03-08,"Spurs","","• (William) Tony Parker","bruised left toe (DTD)","Tony Parker","2015-16"
2016-03-10,"Spurs","• (William) Tony Parker","","returned to lineup","Tony Parker","2015-16"
2016-03-26,"Spurs","","• (William) Tony Parker","rest (DTD)","Tony Parker","2015-16"
2016-03-30,"Spurs","• (William) Tony Parker","","returned to lineup","Tony Parker","2015-16"
2016-04-08,"Spurs","","• (William) Tony Parker","rest (DTD)","Tony Parker","2015-16"
2016-04-10,"Spurs","• (William) Tony Parker","","returned to lineup","Tony Parker","2015-16"
2016-04-13,"Spurs","","• (William) Tony Parker","rest (DTD)","Tony Parker","2015-16"
2016-04-17,"Spurs","• (William) Tony Parker","","returned to lineup","Tony Parker","2015-16"
2016-10-26,"Bucks","","• Tony Snell","placed on IL with sprained left ankle","Tony Snell","2016-17"
2016-10-29,"Bucks","• Tony Snell","","activated from IL","Tony Snell","2016-17"
2017-04-12,"Bucks","","• Tony Snell","rest (DTD)","Tony Snell","2016-17"
2017-04-15,"Bucks","• Tony Snell","","returned to lineup","Tony Snell","2016-17"
2017-12-08,"Bucks","","• Tony Snell","patella tendinitis in left knee (DTD)","Tony Snell","2017-18"
2017-12-19,"Bucks","• Tony Snell","","returned to lineup","Tony Snell","2017-18"
2018-02-28,"Bucks","","• Tony Snell","bruised right thigh (DTD)","Tony Snell","2017-18"
2018-03-04,"Bucks","• Tony Snell","","returned to lineup","Tony Snell","2017-18"
2019-11-19,"Pistons","","• Tony Snell","strained left hip (DTD)","Tony Snell","2019-20"
2019-11-23,"Pistons","","• Tony Snell","placed on IL with strained left hip","Tony Snell","2019-20"
2019-11-25,"Pistons","• Tony Snell","","activated from IL","Tony Snell","2019-20"
2019-11-27,"Pistons","• Tony Snell","","returned to lineup","Tony Snell","2019-20"
2020-01-24,"Pistons","","• Tony Snell","placed on IL with illness","Tony Snell","2019-20"
2020-01-29,"Pistons","• Tony Snell","","activated from IL","Tony Snell","2019-20"
2013-11-23,"76ers","","• Tony Wroten Jr.","strained lower back (DNP)","Tony Wroten","2013-14"
2013-11-27,"76ers","","• Tony Wroten Jr.","strained lower back (DNP)","Tony Wroten","2013-14"
2014-01-06,"76ers","","• Tony Wroten Jr.","flu (DNP)","Tony Wroten","2013-14"
2014-01-07,"76ers","","• Tony Wroten Jr.","flu (DNP)","Tony Wroten","2013-14"
2014-01-20,"76ers","","• Tony Wroten Jr.","sprained right ankle (DNP)","Tony Wroten","2013-14"
2014-01-22,"76ers","","• Tony Wroten Jr.","sprained right ankle (DNP)","Tony Wroten","2013-14"
2014-01-24,"76ers","","• Tony Wroten Jr.","sprained right ankle (DNP)","Tony Wroten","2013-14"
2014-03-22,"76ers","","• Tony Wroten Jr.","sprained right ankle (DNP)","Tony Wroten","2013-14"
2014-03-24,"76ers","","• Tony Wroten Jr.","sprained right ankle (DNP)","Tony Wroten","2013-14"
2014-03-27,"76ers","","• Tony Wroten Jr.","sprained right ankle (DNP)","Tony Wroten","2013-14"
2019-10-31,"Hawks","","• Trae Young","placed on IL with sprained right ankle","Trae Young","2019-20"
2019-11-05,"Hawks","• Trae Young","","activated from IL","Trae Young","2019-20"
2019-12-28,"Hawks","","• Trae Young","placed on IL with sprained right ankle","Trae Young","2019-20"
2020-01-02,"Hawks","• Trae Young","","activated from IL","Trae Young","2019-20"
2020-01-12,"Hawks","","• Trae Young","left hamstring injury (DTD)","Trae Young","2019-20"
2020-01-14,"Hawks","• Trae Young","","returned to lineup","Trae Young","2019-20"
2020-01-22,"Hawks","","• Trae Young","placed on IL with bruised right thigh","Trae Young","2019-20"
2020-01-24,"Hawks","• Trae Young","","activated from IL","Trae Young","2019-20"
2020-02-07,"Hawks","","• Trae Young","right ankle injury (DTD)","Trae Young","2019-20"
2020-02-09,"Hawks","• Trae Young","","returned to lineup","Trae Young","2019-20"
2020-03-06,"Hawks","","• Trae Young","placed on IL with flu","Trae Young","2019-20"
2020-03-07,"Hawks","• Trae Young","","activated from IL","Trae Young","2019-20"
2021-01-24,"Hawks","","• Trae Young","back spasms (DTD)","Trae Young","2020-21"
2021-01-26,"Hawks","• Trae Young","","returned to lineup","Trae Young","2020-21"
2021-02-04,"Hawks","","• Trae Young","placed on IL with bruised right calf","Trae Young","2020-21"
2021-02-06,"Hawks","• Trae Young","","activated from IL","Trae Young","2020-21"
2021-04-02,"Hawks","","• Trae Young","placed on IL with sore left knee","Trae Young","2020-21"
2021-04-04,"Hawks","• Trae Young","","activated from IL","Trae Young","2020-21"
2021-04-11,"Hawks","","• Trae Young","bruised left calf (DTD)","Trae Young","2020-21"
2021-04-15,"Hawks","• Trae Young","","returned to lineup","Trae Young","2020-21"
2021-04-22,"Hawks","","• Trae Young","placed on IL with sprained left ankle","Trae Young","2020-21"
2021-04-30,"Hawks","• Trae Young","","activated from IL","Trae Young","2020-21"
2021-12-19,"Hawks","","• Trae Young","placed on IL with NBA health and safety protocols","Trae Young","2021-22"
2021-12-27,"Hawks","• Trae Young","","activated from IL","Trae Young","2021-22"
2022-01-05,"Hawks","","• Trae Young","placed on IL with bruised lower back","Trae Young","2021-22"
2022-01-07,"Hawks","• Trae Young","","activated from IL","Trae Young","2021-22"
2022-01-31,"Hawks","","• Trae Young","placed on IL with right shoulder injury","Trae Young","2021-22"
2022-02-03,"Hawks","• Trae Young","","activated from IL","Trae Young","2021-22"
2022-03-18,"Hawks","","• Trae Young","placed on IL with bruised left quadricep","Trae Young","2021-22"
2022-03-20,"Hawks","• Trae Young","","activated from IL","Trae Young","2021-22"
2022-11-07,"Hawks","","• Trae Young","right shin injury (DTD)","Trae Young","2022-23"
2022-11-09,"Hawks","• Trae Young","","returned to lineup","Trae Young","2022-23"
2022-12-12,"Hawks","","• Trae Young","tightness in lower back (DTD)","Trae Young","2022-23"
2022-12-28,"Hawks","","• Trae Young","placed on IL with left calf injury","Trae Young","2022-23"
2022-12-30,"Hawks","• Trae Young","","activated from IL","Trae Young","2022-23"
2023-01-11,"Hawks","","• Trae Young","placed on IL with illness","Trae Young","2022-23"
2023-01-13,"Hawks","• Trae Young","","activated from IL","Trae Young","2022-23"
2023-01-30,"Hawks","","• Trae Young","placed on IL with sore right ankle","Trae Young","2022-23"
2023-02-01,"Hawks","• Trae Young","","activated from IL","Trae Young","2022-23"
2023-02-04,"Hawks","","• Trae Young","placed on IL with illness","Trae Young","2022-23"
2023-02-06,"Hawks","• Trae Young","","activated from IL","Trae Young","2022-23"
2023-04-04,"Hawks","","• Trae Young","placed on IL with illness","Trae Young","2022-23"
2023-04-05,"Hawks","• Trae Young","","activated from IL","Trae Young","2022-23"
2023-04-08,"Hawks","","• Trae Young","placed on IL with right groin injury","Trae Young","2022-23"
2023-04-11,"Hawks","• Trae Young","","activated from IL","Trae Young","2022-23"
2022-11-14,"Spurs","","• Tre Jones","placed on IL with stomach illness","Tre Jones","2022-23"
2022-11-15,"Spurs","• Tre Jones","","activated from IL","Tre Jones","2022-23"
2023-02-03,"Spurs","","• Tre Jones","placed on IL with sore left foot","Tre Jones","2022-23"
2023-03-02,"Spurs","• Tre Jones","","activated from IL","Tre Jones","2022-23"
2023-03-05,"Spurs","","• Tre Jones","placed on IL with left foot injury","Tre Jones","2022-23"
2023-03-10,"Spurs","• Tre Jones","","activated from IL","Tre Jones","2022-23"
2023-03-12,"Spurs","","• Tre Jones","placed on IL with illness","Tre Jones","2022-23"
2023-03-15,"Spurs","• Tre Jones","","activated from IL","Tre Jones","2022-23"
2013-11-16,"Wizards","","• Trevor Ariza","strained right hamstring (DNP)","Trevor Ariza","2013-14"
2013-11-19,"Wizards","","• Trevor Ariza","strained right hamstring (DNP)","Trevor Ariza","2013-14"
2013-11-20,"Wizards","","• Trevor Ariza","strained right hamstring (DNP)","Trevor Ariza","2013-14"
2013-11-22,"Wizards","","• Trevor Ariza","strained right hamstring (DNP)","Trevor Ariza","2013-14"
2013-11-23,"Wizards","","• Trevor Ariza","strained right hamstring (DNP)","Trevor Ariza","2013-14"
2015-12-09,"Rockets","","• Trevor Ariza","bruised lower back (DTD)","Trevor Ariza","2015-16"
2015-12-12,"Rockets","• Trevor Ariza","","returned to lineup","Trevor Ariza","2015-16"
2017-04-02,"Rockets","","• Trevor Ariza","personal reasons (DTD)","Trevor Ariza","2016-17"
2017-04-05,"Rockets","• Trevor Ariza","","returned to lineup","Trevor Ariza","2016-17"
2017-04-09,"Rockets","","• Trevor Ariza","placed on IL for rest","Trevor Ariza","2016-17"
2017-04-10,"Rockets","• Trevor Ariza","","activated from IL","Trevor Ariza","2016-17"
2018-11-14,"Suns","","• Trevor Ariza","placed on IL for personal reasons","Trevor Ariza","2018-19"
2018-11-19,"Suns","• Trevor Ariza","","activated from IL","Trevor Ariza","2018-19"
2018-12-15,"Suns","","• Trevor Ariza","placed on IL","Trevor Ariza","2018-19"
2018-12-18,"Wizards","• Trevor Ariza","","activated from IL","Trevor Ariza","2018-19"
2019-03-21,"Wizards","","• Trevor Ariza","strained left groin (DTD)","Trevor Ariza","2018-19"
2019-03-23,"Wizards","","• Trevor Ariza","placed on IL with strained left groin","Trevor Ariza","2018-19"
2019-03-26,"Wizards","• Trevor Ariza","","activated from IL","Trevor Ariza","2018-19"
2019-03-27,"Wizards","","• Trevor Ariza","strained left groin (out for season)","Trevor Ariza","2018-19"
2019-03-29,"Wizards","","• Trevor Ariza","placed on IL with strained left groin (out for season)","Trevor Ariza","2018-19"
2013-10-12,"Jazz","","• Trey Burke","fractured right index finger (out indefinitely)","Trey Burke","2013-14"
2013-10-15,"Jazz","","• Trey Burke","surgery to repair fractured right index finger (out indefinitely)","Trey Burke","2013-14"
2013-10-30,"Jazz","","• Trey Burke","placed on IL recovering from surgery to repair fractured right index finger","Trey Burke","2013-14"
2013-11-20,"Jazz","• Trey Burke","","activated from IL","Trey Burke","2013-14"
2014-12-03,"Jazz","","• Trey Burke","placed on IL","Trey Burke","2014-15"
2014-12-05,"Jazz","• Trey Burke","","activated from IL","Trey Burke","2014-15"
2015-01-05,"Jazz","","• Trey Burke","strep throat (DTD)","Trey Burke","2014-15"
2015-01-07,"Jazz","• Trey Burke","","returned to lineup","Trey Burke","2014-15"
2015-04-04,"Jazz","","• Trey Burke","tightness in back (DTD)","Trey Burke","2014-15"
2015-04-08,"Jazz","• Trey Burke","","returned to lineup","Trey Burke","2014-15"
2015-04-10,"Jazz","","• Trey Burke","back injury (DTD)","Trey Burke","2014-15"
2015-04-10,"Jazz","","• Trey Burke","placed on IL with back injury","Trey Burke","2014-15"
2015-04-15,"Jazz","• Trey Burke","","activated from IL","Trey Burke","2014-15"
2022-11-21,"Pelicans","","• Trey Murphy III","placed on IL with bruised right foot","Trey Murphy III","2022-23"
2022-11-25,"Pelicans","• Trey Murphy III","","activated from IL","Trey Murphy III","2022-23"
2022-12-26,"Pelicans","","• Trey Murphy III","placed on IL with illness","Trey Murphy III","2022-23"
2022-12-28,"Pelicans","• Trey Murphy III","","activated from IL","Trey Murphy III","2022-23"
2017-04-05,"Cavaliers","","• Tristan Thompson","placed on IL with sprained right thumb","Tristan Thompson","2016-17"
2017-04-12,"Cavaliers","• Tristan Thompson","","activated from IL","Tristan Thompson","2016-17"
2017-11-02,"Cavaliers","","• Tristan Thompson","strained left calf (out indefinitely)","Tristan Thompson","2017-18"
2017-11-03,"Cavaliers","","• Tristan Thompson","placed on IL with strained left calf","Tristan Thompson","2017-18"
2017-12-12,"Cavaliers","• Tristan Thompson","","activated from IL","Tristan Thompson","2017-18"
2017-12-14,"Cavaliers","","• Tristan Thompson","strained left calf (DTD)","Tristan Thompson","2017-18"
2017-12-16,"Cavaliers","• Tristan Thompson","","returned to lineup","Tristan Thompson","2017-18"
2018-03-04,"Cavaliers","","• Tristan Thompson","sprained right ankle (DTD)","Tristan Thompson","2017-18"
2018-03-05,"Cavaliers","","• Tristan Thompson","placed on IL with sprained right ankle","Tristan Thompson","2017-18"
2018-03-23,"Cavaliers","• Tristan Thompson","","activated from IL","Tristan Thompson","2017-18"
2018-12-11,"Cavaliers","","• Tristan Thompson","sprained left foot (DTD)","Tristan Thompson","2018-19"
2018-12-12,"Cavaliers","","• Tristan Thompson","placed on IL with sprained left foot (DTD)","Tristan Thompson","2018-19"
2019-01-02,"Cavaliers","• Tristan Thompson","","activated from IL","Tristan Thompson","2018-19"
2019-01-17,"Cavaliers","","• Tristan Thompson","sore left foot (DTD)","Tristan Thompson","2018-19"
2019-01-19,"Cavaliers","","• Tristan Thompson","placed on IL with sore left foot","Tristan Thompson","2018-19"
2019-03-20,"Cavaliers","• Tristan Thompson","","activated from IL","Tristan Thompson","2018-19"
2020-12-30,"Celtics","","• Tristan Thompson","placed on IL with right hamstring injury","Tristan Thompson","2020-21"
2020-12-31,"Celtics","• Tristan Thompson","","activated from IL","Tristan Thompson","2020-21"
2021-01-08,"Celtics","","• Tristan Thompson","placed on IL with NBA health and safety protocols","Tristan Thompson","2020-21"
2021-01-14,"Celtics","• Tristan Thompson","","activated from IL","Tristan Thompson","2020-21"
2021-03-16,"Celtics","","• Tristan Thompson","placed on IL with NBA health and safety protocols","Tristan Thompson","2020-21"
2021-04-07,"Celtics","• Tristan Thompson","","activated from IL","Tristan Thompson","2020-21"
2013-12-07,"Nuggets","","• Ty Lawson","strained left hamstring (DNP)","Ty Lawson","2013-14"
2013-12-09,"Nuggets","","• Ty Lawson","strained left hamstring (DNP)","Ty Lawson","2013-14"
2014-01-29,"Nuggets","","• Ty Lawson","strained left rotator cuff (DNP)","Ty Lawson","2013-14"
2014-01-31,"Nuggets","","• Ty Lawson","strained left rotator cuff (DNP)","Ty Lawson","2013-14"
2014-02-09,"Nuggets","","• Ty Lawson","fractured left rib (out indefinitely)","Ty Lawson","2013-14"
2014-02-10,"Nuggets","","• Ty Lawson","fractured left rib (DNP)","Ty Lawson","2013-14"
2014-02-12,"Nuggets","","• Ty Lawson","fractured left rib (DNP)","Ty Lawson","2013-14"
2014-02-18,"Nuggets","","• Ty Lawson","fractured left rib (DNP)","Ty Lawson","2013-14"
2014-02-20,"Nuggets","","• Ty Lawson","fractured left rib (DNP)","Ty Lawson","2013-14"
2014-02-21,"Nuggets","","• Ty Lawson","fractured left rib (DNP)","Ty Lawson","2013-14"
2014-02-23,"Nuggets","","• Ty Lawson","fractured left rib (DNP)","Ty Lawson","2013-14"
2014-02-25,"Nuggets","","• Ty Lawson","fractured left rib (DNP)","Ty Lawson","2013-14"
2014-02-27,"Nuggets","","• Ty Lawson","fractured left rib (DNP)","Ty Lawson","2013-14"
2014-03-01,"Nuggets","","• Ty Lawson","fractured left rib (DNP)","Ty Lawson","2013-14"
2014-03-19,"Nuggets","","• Ty Lawson","sinus infection (DNP)","Ty Lawson","2013-14"
2014-04-06,"Nuggets","","• Ty Lawson","sprained left ankle (DNP)","Ty Lawson","2013-14"
2014-04-09,"Nuggets","","• Ty Lawson","sprained left ankle (DNP)","Ty Lawson","2013-14"
2014-04-10,"Nuggets","","• Ty Lawson","sprained left ankle (DNP)","Ty Lawson","2013-14"
2014-04-12,"Nuggets","","• Ty Lawson","sprained left ankle (DNP)","Ty Lawson","2013-14"
2014-04-15,"Nuggets","","• Ty Lawson","sprained left ankle (DNP)","Ty Lawson","2013-14"
2014-04-16,"Nuggets","","• Ty Lawson","sprained left ankle (DNP)","Ty Lawson","2013-14"
2014-11-07,"Nuggets","","• Ty Lawson","placed on IL with sore left ankle","Ty Lawson","2014-15"
2014-11-09,"Nuggets","• Ty Lawson","","activated from IL","Ty Lawson","2014-15"
2015-01-23,"Nuggets","","• Ty Lawson","personal reasons (DTD)","Ty Lawson","2014-15"
2015-01-24,"Nuggets","• Ty Lawson","","returned to lineup","Ty Lawson","2014-15"
2015-02-20,"Nuggets","","• Ty Lawson","unspecified (DTD)","Ty Lawson","2014-15"
2015-02-22,"Nuggets","• Ty Lawson","","returned to lineup","Ty Lawson","2014-15"
2015-03-13,"Nuggets","","• Ty Lawson","illness (DTD)","Ty Lawson","2014-15"
2015-03-15,"Nuggets","• Ty Lawson","","returned to lineup","Ty Lawson","2014-15"
2015-03-16,"Nuggets","","• Ty Lawson","rest (DTD)","Ty Lawson","2014-15"
2015-03-19,"Nuggets","• Ty Lawson","","returned to lineup","Ty Lawson","2014-15"
2015-04-04,"Nuggets","","• Ty Lawson","bruised right forearm (P) / hip flexor injury (DTD)","Ty Lawson","2014-15"
2015-04-08,"Nuggets","• Ty Lawson","","returned to lineup","Ty Lawson","2014-15"
2017-01-01,"Kings","","• Ty Lawson","sinus fracture (DTD)","Ty Lawson","2016-17"
2017-01-04,"Kings","• Ty Lawson","","returned to lineup","Ty Lawson","2016-17"
2017-01-18,"Kings","","• Ty Lawson","sprained left ankle (DTD)","Ty Lawson","2016-17"
2017-01-20,"Kings","• Ty Lawson","","returned to lineup","Ty Lawson","2016-17"
2017-02-09,"Kings","","• Ty Lawson","adductor muscle injury / strained left hamstring (DTD)","Ty Lawson","2016-17"
2017-02-15,"Kings","","• Ty Lawson","strained left adductor muscle (DTD)","Ty Lawson","2016-17"
2017-02-23,"Kings","• Ty Lawson","","returned to lineup","Ty Lawson","2016-17"
2017-03-22,"Kings","","• Ty Lawson","rest (DTD)","Ty Lawson","2016-17"
2017-03-24,"Kings","• Ty Lawson","","returned to lineup","Ty Lawson","2016-17"
2017-03-26,"Kings","","• Ty Lawson","stiffness in right knee (DTD)","Ty Lawson","2016-17"
2017-03-27,"Kings","• Ty Lawson","","returned to lineup","Ty Lawson","2016-17"
2017-04-04,"Kings","","• Ty Lawson","rest (DTD)","Ty Lawson","2016-17"
2017-04-09,"Kings","• Ty Lawson","","returned to lineup","Ty Lawson","2016-17"
2017-04-12,"Kings","","• Ty Lawson","rest (out for season)","Ty Lawson","2016-17"
2017-02-24,"Lakers","","• Tyler Ennis","placed on IL","Tyler Ennis","2016-17"
2017-02-26,"Lakers","• Tyler Ennis","","activated from IL","Tyler Ennis","2016-17"
2017-11-08,"Heat","","• Tyler Johnson","placed on IL with illness","Tyler Johnson","2017-18"
2017-11-10,"Heat","• Tyler Johnson","","activated from IL","Tyler Johnson","2017-18"
2017-11-15,"Heat","• Tyler Johnson","","activated from IL","Tyler Johnson","2017-18"
2017-12-13,"Heat","","• Tyler Johnson","migraine headache (DTD)","Tyler Johnson","2017-18"
2017-12-15,"Heat","• Tyler Johnson","","returned to lineup","Tyler Johnson","2017-18"
2018-01-09,"Heat","","• Tyler Johnson","strained left shoulder (DTD)","Tyler Johnson","2017-18"
2018-01-10,"Heat","• Tyler Johnson","","returned to lineup","Tyler Johnson","2017-18"
2018-01-17,"Heat","","• Tyler Johnson","placed on IL with sprained left ankle","Tyler Johnson","2017-18"
2018-01-27,"Heat","• Tyler Johnson","","activated from IL","Tyler Johnson","2017-18"
2018-03-01,"Heat","","• Tyler Johnson","placed on IL with bruised left quadricep","Tyler Johnson","2017-18"
2018-03-05,"Heat","• Tyler Johnson","","activated from IL","Tyler Johnson","2017-18"
2014-12-18,"Pelicans","","• Tyreke Evans","bruised right knee (DTD)","Tyreke Evans","2014-15"
2014-12-20,"Pelicans","• Tyreke Evans","","returned to lineup","Tyreke Evans","2014-15"
2015-03-10,"Pelicans","","• Tyreke Evans","ankle injury (DTD)","Tyreke Evans","2014-15"
2015-03-15,"Pelicans","• Tyreke Evans","","returned to lineup","Tyreke Evans","2014-15"
2015-03-22,"Pelicans","","• Tyreke Evans","sprained left ankle (DTD)","Tyreke Evans","2014-15"
2015-03-25,"Pelicans","• Tyreke Evans","","returned to lineup","Tyreke Evans","2014-15"
2021-11-08,"Kings","","• Tyrese Haliburton","placed on IL with tightness in lower back","Tyrese Haliburton","2021-22"
2021-11-12,"Kings","• Tyrese Haliburton","","activated from IL","Tyrese Haliburton","2021-22"
2022-01-16,"Kings","","• Tyrese Haliburton","placed on IL with NBA health and safety protocols","Tyrese Haliburton","2021-22"
2022-01-21,"Kings","• Tyrese Haliburton","","activated from IL","Tyrese Haliburton","2021-22"
2022-12-04,"Pacers","","• Tyrese Haliburton","placed on IL with left groin injury","Tyrese Haliburton","2022-23"
2022-12-07,"Pacers","• Tyrese Haliburton","","activated from IL","Tyrese Haliburton","2022-23"
2023-01-13,"Pacers","","• Tyrese Haliburton","placed on IL with bone bruise in left knee","Tyrese Haliburton","2022-23"
2023-02-02,"Pacers","• Tyrese Haliburton","","activated from IL","Tyrese Haliburton","2022-23"
2023-03-02,"Pacers","","• Tyrese Haliburton","placed on IL with sore calf","Tyrese Haliburton","2022-23"
2023-03-05,"Pacers","• Tyrese Haliburton","","activated from IL","Tyrese Haliburton","2022-23"
2023-03-11,"Pacers","","• Tyrese Haliburton","placed on IL with bruised left knee","Tyrese Haliburton","2022-23"
2023-03-16,"Pacers","• Tyrese Haliburton","","activated from IL","Tyrese Haliburton","2022-23"
2023-03-16,"Pacers","","• Tyrese Haliburton","placed on IL with sprained right ankle","Tyrese Haliburton","2022-23"
2023-03-24,"Pacers","• Tyrese Haliburton","","activated from IL","Tyrese Haliburton","2022-23"
2023-03-28,"Pacers","","• Tyrese Haliburton","placed on IL with right ankle injury","Tyrese Haliburton","2022-23"
2021-12-06,"76ers","","• Tyrese Maxey","placed on IL with illness","Tyrese Maxey","2021-22"
2021-12-08,"76ers","• Tyrese Maxey","","activated from IL","Tyrese Maxey","2021-22"
2021-12-16,"76ers","","• Tyrese Maxey","bruised left quadricep (DTD)","Tyrese Maxey","2021-22"
2021-12-22,"76ers","• Tyrese Maxey","","returned to lineup","Tyrese Maxey","2021-22"
2022-01-03,"76ers","","• Tyrese Maxey","placed on IL with NBA health and safety protocols","Tyrese Maxey","2021-22"
2022-01-11,"76ers","• Tyrese Maxey","","activated from IL","Tyrese Maxey","2021-22"
2022-11-19,"76ers","","• Tyrese Maxey","placed on IL with left foot injury","Tyrese Maxey","2022-23"
2022-12-30,"76ers","• Tyrese Maxey","","activated from IL","Tyrese Maxey","2022-23"
2023-04-06,"76ers","","• Tyrese Maxey","placed on IL with stiff neck","Tyrese Maxey","2022-23"
2023-04-15,"76ers","• Tyrese Maxey","","activated from IL","Tyrese Maxey","2022-23"
2013-11-06,"Knicks","","• Tyson Chandler","fractured right fibula (out indefinitely)","Tyson Chandler","2013-14"
2013-11-08,"Knicks","","• Tyson Chandler","placed on IL with fractured right fibula","Tyson Chandler","2013-14"
2013-12-18,"Knicks","• Tyson Chandler","","activated from IL","Tyson Chandler","2013-14"
2014-01-07,"Knicks","","• Tyson Chandler","upper respiratory infection (DNP)","Tyson Chandler","2013-14"
2014-01-09,"Knicks","","• Tyson Chandler","upper respiratory infection (DNP)","Tyson Chandler","2013-14"
2014-01-11,"Knicks","","• Tyson Chandler","upper respiratory infection (DNP)","Tyson Chandler","2013-14"
2014-01-13,"Knicks","","• Tyson Chandler","upper respiratory infection (DNP)","Tyson Chandler","2013-14"
2014-03-10,"Knicks","","• Tyson Chandler","personal reasons (DNP)","Tyson Chandler","2013-14"
2014-03-12,"Knicks","","• Tyson Chandler","personal reasons (DNP)","Tyson Chandler","2013-14"
2014-12-28,"Mavericks","","• Tyson Chandler","placed on IL with back spasms","Tyson Chandler","2014-15"
2014-12-30,"Mavericks","• Tyson Chandler","","activated from IL","Tyson Chandler","2014-15"
2015-01-14,"Mavericks","","• Tyson Chandler","rest / sprained left ankle (DTD)","Tyson Chandler","2014-15"
2015-01-16,"Mavericks","• Tyson Chandler","","returned to lineup","Tyson Chandler","2014-15"
2015-02-11,"Mavericks","","• Tyson Chandler","placed on IL with sprained left ankle","Tyson Chandler","2014-15"
2015-02-19,"Mavericks","• Tyson Chandler","","activated from IL","Tyson Chandler","2014-15"
2015-02-25,"Mavericks","","• Tyson Chandler","strained left hip (DTD)","Tyson Chandler","2014-15"
2015-02-28,"Mavericks","","• Tyson Chandler","placed on IL with strained left hip","Tyson Chandler","2014-15"
2015-03-05,"Mavericks","• Tyson Chandler","","activated from IL","Tyson Chandler","2014-15"
2015-11-25,"Suns","","• Tyson Chandler","placed on IL with illness","Tyson Chandler","2015-16"
2015-11-27,"Suns","• Tyson Chandler","","activated from IL","Tyson Chandler","2015-16"
2015-11-29,"Suns","","• Tyson Chandler","placed on IL with strained right hamstring","Tyson Chandler","2015-16"
2015-12-13,"Suns","• Tyson Chandler","","activated from IL","Tyson Chandler","2015-16"
2016-02-21,"Suns","","• Tyson Chandler","bruised right shoulder (DTD)","Tyson Chandler","2015-16"
2016-02-25,"Suns","• Tyson Chandler","","returned to lineup","Tyson Chandler","2015-16"
2016-03-23,"Suns","","• Tyson Chandler","back spasms / sore back (DTD)","Tyson Chandler","2015-16"
2016-03-28,"Suns","• Tyson Chandler","","returned to lineup","Tyson Chandler","2015-16"
2016-04-11,"Suns","","• Tyson Chandler","concussion (out for season)","Tyson Chandler","2015-16"
2017-11-08,"Suns","","• Tyson Chandler","back spasms (DTD)","Tyson Chandler","2017-18"
2017-11-10,"Suns","","• Tyson Chandler","placed on IL with back spasms","Tyson Chandler","2017-18"
2017-11-11,"Suns","• Tyson Chandler","","activated from IL","Tyson Chandler","2017-18"
2017-11-16,"Suns","","• Tyson Chandler","placed on IL with illness","Tyson Chandler","2017-18"
2017-11-22,"Suns","• Tyson Chandler","","activated from IL","Tyson Chandler","2017-18"
2017-12-07,"Suns","","• Tyson Chandler","personal reasons (DTD)","Tyson Chandler","2017-18"
2017-12-09,"Suns","• Tyson Chandler","","returned to lineup","Tyson Chandler","2017-18"
2017-12-13,"Suns","","• Tyson Chandler","placed on IL for personal reasons","Tyson Chandler","2017-18"
2017-12-16,"Suns","• Tyson Chandler","","activated from IL","Tyson Chandler","2017-18"
2018-01-26,"Suns","","• Tyson Chandler","illness (DTD)","Tyson Chandler","2017-18"
2018-01-28,"Suns","• Tyson Chandler","","returned to lineup","Tyson Chandler","2017-18"
2018-02-07,"Suns","","• Tyson Chandler","placed on IL for rest / sore neck","Tyson Chandler","2017-18"
2018-02-12,"Suns","• Tyson Chandler","","activated from IL","Tyson Chandler","2017-18"
2018-02-14,"Suns","","• Tyson Chandler","neck spasms (DTD)","Tyson Chandler","2017-18"
2018-02-23,"Suns","","• Tyson Chandler","placed on IL with neck spasms","Tyson Chandler","2017-18"
2018-02-28,"Suns","• Tyson Chandler","","activated from IL","Tyson Chandler","2017-18"
2018-03-02,"Suns","","• Tyson Chandler","placed on IL with neck spasms","Tyson Chandler","2017-18"
2018-03-04,"Suns","• Tyson Chandler","","activated from IL","Tyson Chandler","2017-18"
2018-03-15,"Suns","","• Tyson Chandler","placed on IL","Tyson Chandler","2017-18"
2018-03-17,"Suns","","• Tyson Chandler","neck injury (out for season)","Tyson Chandler","2017-18"
2021-12-20,"Grizzlies","","• Tyus Jones","placed on IL with finger injury","Tyus Jones","2021-22"
2021-12-23,"Grizzlies","• Tyus Jones","","activated from IL","Tyus Jones","2021-22"
2022-01-19,"Grizzlies","","• Tyus Jones","placed on IL with NBA health and safety protocols","Tyus Jones","2021-22"
2022-01-31,"Grizzlies","• Tyus Jones","","activated from IL","Tyus Jones","2021-22"
2022-04-01,"Grizzlies","","• Tyus Jones","placed on IL with sore left hand","Tyus Jones","2021-22"
2022-04-04,"Grizzlies","• Tyus Jones","","activated from IL","Tyus Jones","2021-22"
2022-04-10,"Grizzlies","","• Tyus Jones","sore left hand (DTD)","Tyus Jones","2021-22"
2022-04-15,"Grizzlies","• Tyus Jones","","returned to lineup","Tyus Jones","2021-22"
2014-03-05,"Magic","","• Victor Oladipo","sore left ankle (DNP)","Victor Oladipo","2013-14"
2014-03-08,"Magic","","• Victor Oladipo","placed on IL with sore left ankle","Victor Oladipo","2013-14"
2014-03-10,"Magic","• Victor Oladipo","","activated from IL","Victor Oladipo","2013-14"
2014-10-25,"Magic","","• Victor Oladipo","surgery to repair facial fracture (out indefinitely)","Victor Oladipo","2014-15"
2014-10-28,"Magic","","• Victor Oladipo","placed on IL recovering from surgery to repair facial fracture","Victor Oladipo","2014-15"
2014-11-14,"Magic","• Victor Oladipo","","activated from IL","Victor Oladipo","2014-15"
2015-01-31,"Magic","","• Victor Oladipo","placed on IL with strained/sore right Achilles","Victor Oladipo","2014-15"
2015-02-02,"Magic","• Victor Oladipo","","activated from IL","Victor Oladipo","2014-15"
2015-11-12,"Magic","","• Victor Oladipo","concussion (DTD)","Victor Oladipo","2015-16"
2015-11-13,"Magic","","• Victor Oladipo","placed on IL with concussion","Victor Oladipo","2015-16"
2015-11-18,"Magic","• Victor Oladipo","","activated from IL","Victor Oladipo","2015-16"
2016-01-18,"Magic","","• Victor Oladipo","placed on IL with sprained knee","Victor Oladipo","2015-16"
2016-01-18,"Magic","• Victor Oladipo","","activated from IL","Victor Oladipo","2015-16"
2016-01-22,"Magic","• Victor Oladipo","","activated from IL (CBC P)","Victor Oladipo","2015-16"
2016-03-04,"Magic","","• Victor Oladipo","placed on IL with bruised/sore lower back","Victor Oladipo","2015-16"
2016-03-07,"Magic","• Victor Oladipo","","activated from IL","Victor Oladipo","2015-16"
2016-03-25,"Magic","","• Victor Oladipo","sore right wrist (DTD)","Victor Oladipo","2015-16"
2016-03-29,"Magic","• Victor Oladipo","","returned to lineup","Victor Oladipo","2015-16"
2016-04-10,"Magic","","• Victor Oladipo","concussion (DTD)","Victor Oladipo","2015-16"
2016-04-13,"Magic","","• Victor Oladipo","placed on IL with concussion (out for season)","Victor Oladipo","2015-16"
2016-12-13,"Thunder","","• Victor Oladipo","sprained right wrist (DTD)","Victor Oladipo","2016-17"
2016-12-19,"Thunder","","• Victor Oladipo","placed on IL with sprained right wrist","Victor Oladipo","2016-17"
2016-12-31,"Thunder","• Victor Oladipo","","activated from IL","Victor Oladipo","2016-17"
2017-02-24,"Thunder","","• Victor Oladipo","placed on IL with back spasms","Victor Oladipo","2016-17"
2017-02-28,"Thunder","• Victor Oladipo","","activated from IL","Victor Oladipo","2016-17"
2017-03-02,"Thunder","","• Victor Oladipo","placed on IL with back injury","Victor Oladipo","2016-17"
2017-03-07,"Thunder","• Victor Oladipo","","activated from IL","Victor Oladipo","2016-17"
2017-11-25,"Pacers","","• Victor Oladipo","placed on IL with bruised right knee","Victor Oladipo","2017-18"
2017-11-27,"Pacers","• Victor Oladipo","","activated from IL","Victor Oladipo","2017-18"
2017-12-27,"Pacers","","• Victor Oladipo","placed on IL with sore right knee","Victor Oladipo","2017-18"
2018-01-06,"Pacers","• Victor Oladipo","","activated from IL","Victor Oladipo","2017-18"
2018-02-05,"Pacers","","• Victor Oladipo","placed on IL with illness","Victor Oladipo","2017-18"
2018-02-07,"Pacers","• Victor Oladipo","","activated from IL","Victor Oladipo","2017-18"
2018-04-10,"Pacers","","• Victor Oladipo","placed on IL with sore right foot","Victor Oladipo","2017-18"
2018-04-15,"Pacers","• Victor Oladipo","","activated from IL","Victor Oladipo","2017-18"
2018-11-19,"Pacers","","• Victor Oladipo","placed on IL with sore right knee","Victor Oladipo","2018-19"
2018-12-12,"Pacers","• Victor Oladipo","","activated from IL","Victor Oladipo","2018-19"
2019-01-24,"Pacers","","• Victor Oladipo","surgery on right knee to repair ruptured quadriceps tendon (out for season)","Victor Oladipo","2018-19"
2019-01-26,"Pacers","","• Victor Oladipo","placed on IL recovering from surgery on right knee to repair ruptured quadriceps tendon (out for season)","Victor Oladipo","2018-19"
2020-12-27,"Pacers","","• Victor Oladipo","placed on IL with right knee injury","Victor Oladipo","2020-21"
2020-12-29,"Pacers","• Victor Oladipo","","activated from IL","Victor Oladipo","2020-21"
2021-01-12,"Pacers","","• Victor Oladipo","right knee injury (DTD)","Victor Oladipo","2020-21"
2021-01-14,"Pacers","","• Victor Oladipo","placed on IL with NBA health and safety protocols","Victor Oladipo","2020-21"
2021-01-16,"Rockets","• Victor Oladipo","","activated from IL","Victor Oladipo","2020-21"
2021-01-23,"Rockets","","• Victor Oladipo","placed on IL with right quadricep injury","Victor Oladipo","2020-21"
2021-01-26,"Rockets","• Victor Oladipo","","activated from IL","Victor Oladipo","2020-21"
2021-02-04,"Rockets","","• Victor Oladipo","placed on IL with right quadricep injury","Victor Oladipo","2020-21"
2021-02-11,"Rockets","• Victor Oladipo","","activated from IL","Victor Oladipo","2020-21"
2021-02-12,"Rockets","","• Victor Oladipo","placed on IL with right ankle/foot injury","Victor Oladipo","2020-21"
2021-02-17,"Rockets","• Victor Oladipo","","activated from IL","Victor Oladipo","2020-21"
2021-02-27,"Rockets","","• Victor Oladipo","right quadricep injury (DTD)","Victor Oladipo","2020-21"
2021-03-01,"Rockets","• Victor Oladipo","","returned to lineup","Victor Oladipo","2020-21"
2021-03-12,"Rockets","","• Victor Oladipo","right quadricep injury (DTD)","Victor Oladipo","2020-21"
2021-03-13,"Rockets","• Victor Oladipo","","returned to lineup","Victor Oladipo","2020-21"
2021-03-17,"Rockets","","• Victor Oladipo","right quadricep injury (DTD)","Victor Oladipo","2020-21"
2021-03-19,"Rockets","• Victor Oladipo","","returned to lineup","Victor Oladipo","2020-21"
2021-03-22,"Rockets","","• Victor Oladipo","placed on IL with right quadricep injury","Victor Oladipo","2020-21"
2021-03-24,"Rockets","","• Victor Oladipo","placed on IL for personal reasons","Victor Oladipo","2020-21"
2021-03-26,"Heat","","• Victor Oladipo","NBA health and safety protocols (DTD)","Victor Oladipo","2020-21"
2021-03-28,"Heat","","• Victor Oladipo","head cold (DTD)","Victor Oladipo","2020-21"
2021-04-01,"Heat","• Victor Oladipo","","returned to lineup","Victor Oladipo","2020-21"
2021-04-01,"Heat","• Victor Oladipo","","activated from IL","Victor Oladipo","2020-21"
2021-04-01,"Heat","• Victor Oladipo","","activated from IL","Victor Oladipo","2020-21"
2021-04-09,"Heat","","• Victor Oladipo","placed on IL with right knee injury (out for season)","Victor Oladipo","2020-21"
2016-03-12,"Grizzlies","","• Vince Carter","strained left calf (DTD)","Vince Carter","2015-16"
2016-03-19,"Grizzlies","• Vince Carter","","returned to lineup","Vince Carter","2015-16"
2016-11-29,"Grizzlies","","• Vince Carter","sore right hip (DTD)","Vince Carter","2016-17"
2016-12-13,"Grizzlies","• Vince Carter","","returned to lineup","Vince Carter","2016-17"
2017-02-08,"Grizzlies","","• Vince Carter","rest (DTD)","Vince Carter","2016-17"
2022-10-28,"Jazz","","• Walker Kessler","placed on IL with illness","Walker Kessler","2022-23"
2022-11-02,"Jazz","• Walker Kessler","","activated from IL","Walker Kessler","2022-23"
2023-03-07,"Jazz","","• Walker Kessler","placed on IL with illness","Walker Kessler","2022-23"
2023-03-09,"Jazz","• Walker Kessler","","activated from IL","Walker Kessler","2022-23"
2023-04-03,"Jazz","","• Walker Kessler","placed on IL with concussion","Walker Kessler","2022-23"
2014-10-28,"Lakers","","• Wayne Ellington","concussion (DTD)","Wayne Ellington","2014-15"
2014-10-29,"Lakers","• Wayne Ellington","","returned to lineup","Wayne Ellington","2014-15"
2014-11-11,"Lakers","","• Wayne Ellington","death of father (DTD)","Wayne Ellington","2014-15"
2014-11-21,"Lakers","• Wayne Ellington","","returned to lineup","Wayne Ellington","2014-15"
2015-04-02,"Lakers","","• Wayne Ellington","separated right shoulder (DTD)","Wayne Ellington","2014-15"
2015-11-22,"Nets","","• Wayne Ellington","migraine headache (DTD)","Wayne Ellington","2015-16"
2015-11-25,"Nets","• Wayne Ellington","","returned to lineup","Wayne Ellington","2015-16"
2016-03-13,"Nets","","• Wayne Ellington","upper respiratory infection (DTD)","Wayne Ellington","2015-16"
2016-03-15,"Nets","• Wayne Ellington","","returned to lineup","Wayne Ellington","2015-16"
2018-10-17,"Heat","","• Wayne Ellington","sore left ankle (DTD)","Wayne Ellington","2018-19"
2018-10-27,"Heat","• Wayne Ellington","","returned to lineup","Wayne Ellington","2018-19"
2018-12-06,"Heat","","• Wayne Ellington","personal reasons (DTD)","Wayne Ellington","2018-19"
2018-12-10,"Heat","• Wayne Ellington","","returned to lineup","Wayne Ellington","2018-19"
2021-02-05,"Pistons","","• Wayne Ellington","placed on IL with strained right calf","Wayne Ellington","2020-21"
2021-02-09,"Pistons","• Wayne Ellington","","activated from IL","Wayne Ellington","2020-21"
2021-03-15,"Pistons","","• Wayne Ellington","placed on IL with strained right groin","Wayne Ellington","2020-21"
2021-03-24,"Pistons","• Wayne Ellington","","activated from IL","Wayne Ellington","2020-21"
2021-03-31,"Pistons","","• Wayne Ellington","right calf injury (DTD)","Wayne Ellington","2020-21"
2021-04-01,"Pistons","• Wayne Ellington","","returned to lineup","Wayne Ellington","2020-21"
2021-04-28,"Pistons","","• Wayne Ellington","placed on IL with calf injury","Wayne Ellington","2020-21"
2019-01-16,"Bulls","","• Wendell Carter Jr.","sprained left thumb (out for season)","Wendell Carter Jr.","2018-19"
2019-01-17,"Bulls","","• Wendell Carter Jr.","placed on IL with sprained left thumb (out for season)","Wendell Carter Jr.","2018-19"
2020-01-07,"Bulls","","• Wendell Carter Jr.","sprained right ankle (DTD)","Wendell Carter Jr.","2019-20"
2020-01-08,"Bulls","","• Wendell Carter Jr.","placed on IL with high right ankle sprain","Wendell Carter Jr.","2019-20"
2020-02-29,"Bulls","• Wendell Carter Jr.","","activated from IL","Wendell Carter Jr.","2019-20"
2021-01-22,"Bulls","","• Wendell Carter Jr.","placed on IL with bruised right quadriceps","Wendell Carter Jr.","2020-21"
2021-02-15,"Bulls","• Wendell Carter Jr.","","activated from IL","Wendell Carter Jr.","2020-21"
2021-03-26,"Magic","","• Wendell Carter Jr.","placed on IL with NBA health and safety protocols","Wendell Carter Jr.","2020-21"
2021-03-28,"Magic","• Wendell Carter Jr.","","activated from IL","Wendell Carter Jr.","2020-21"
2021-04-22,"Magic","","• Wendell Carter Jr.","sore right ankle (DTD)","Wendell Carter Jr.","2020-21"
2021-04-25,"Magic","• Wendell Carter Jr.","","returned to lineup","Wendell Carter Jr.","2020-21"
2021-12-18,"Magic","","• Wendell Carter Jr.","right leg injury (DTD)","Wendell Carter Jr.","2021-22"
2021-12-23,"Magic","• Wendell Carter Jr.","","returned to lineup","Wendell Carter Jr.","2021-22"
2022-01-08,"Magic","","• Wendell Carter Jr.","left hamstring injury (DTD)","Wendell Carter Jr.","2021-22"
2022-01-09,"Magic","","• Wendell Carter Jr.","placed on IL with left hamstring injury","Wendell Carter Jr.","2021-22"
2022-01-21,"Magic","• Wendell Carter Jr.","","activated from IL","Wendell Carter Jr.","2021-22"
2022-03-04,"Magic","","• Wendell Carter Jr.","placed on IL with illness","Wendell Carter Jr.","2021-22"
2022-03-07,"Magic","• Wendell Carter Jr.","","activated from IL","Wendell Carter Jr.","2021-22"
2022-03-17,"Magic","","• Wendell Carter Jr.","placed on IL with sprained left ankle","Wendell Carter Jr.","2021-22"
2022-03-19,"Magic","• Wendell Carter Jr.","","activated from IL","Wendell Carter Jr.","2021-22"
2022-03-23,"Magic","","• Wendell Carter Jr.","placed on IL with sprained left ankle","Wendell Carter Jr.","2021-22"
2022-03-27,"Magic","• Wendell Carter Jr.","","activated from IL","Wendell Carter Jr.","2021-22"
2022-03-29,"Magic","","• Wendell Carter Jr.","placed on IL with sprained left wrist (out for season)","Wendell Carter Jr.","2021-22"
2022-11-16,"Magic","","• Wendell Carter Jr.","right foot injury (DTD)","Wendell Carter Jr.","2022-23"
2023-03-05,"Magic","","• Wendell Carter Jr.","placed on IL with left hip injury","Wendell Carter Jr.","2022-23"
2023-03-11,"Magic","• Wendell Carter Jr.","","activated from IL","Wendell Carter Jr.","2022-23"
2023-04-06,"Magic","","• Wendell Carter Jr.","placed on IL with sore left hip","Wendell Carter Jr.","2022-23"
2023-04-09,"Magic","• Wendell Carter Jr.","","activated from IL","Wendell Carter Jr.","2022-23"
2013-12-31,"Lakers","","• Wesley Johnson / Wes Johnson","illness (DNP)","Wesley Johnson","2013-14"
2014-03-21,"Lakers","","• Wesley Johnson / Wes Johnson","upper respiratory infection (DNP)","Wesley Johnson","2013-14"
2015-01-05,"Lakers","","• Wesley Johnson / Wes Johnson","strained right hip flexor (DTD)","Wesley Johnson","2014-15"
2015-01-11,"Lakers","• Wesley Johnson / Wes Johnson","","returned to lineup","Wesley Johnson","2014-15"
2015-04-13,"Lakers","","• Wesley Johnson / Wes Johnson","sprained left ankle (out for season)","Wesley Johnson","2014-15"
2017-12-18,"Clippers","","• Wesley Johnson / Wes Johnson","sore left foot (DTD)","Wesley Johnson","2017-18"
2017-12-29,"Clippers","• Wesley Johnson / Wes Johnson","","returned to lineup","Wesley Johnson","2017-18"
2015-10-29,"Mavericks","","• Wesley Matthews / Wes Matthews Jr.","rest (DTD)","Wesley Matthews","2015-16"
2015-11-01,"Mavericks","• Wesley Matthews / Wes Matthews Jr.","","returned to lineup","Wesley Matthews","2015-16"
2015-11-14,"Mavericks","","• Wesley Matthews / Wes Matthews Jr.","Achilles injury (DTD)","Wesley Matthews","2015-16"
2016-01-06,"Mavericks","","• Wesley Matthews / Wes Matthews Jr.","rest (DTD)","Wesley Matthews","2015-16"
2016-01-13,"Mavericks","","• Wesley Matthews / Wes Matthews Jr.","placed on IL for rest","Wesley Matthews","2015-16"
2016-01-15,"Mavericks","• Wesley Matthews / Wes Matthews Jr.","","activated from IL","Wesley Matthews","2015-16"
2016-11-02,"Mavericks","","• Wesley Matthews / Wes Matthews Jr.","sore foot (DTD)","Wesley Matthews","2016-17"
2016-11-09,"Mavericks","","• Wesley Matthews / Wes Matthews Jr.","rest (DTD)","Wesley Matthews","2016-17"
2016-11-14,"Mavericks","• Wesley Matthews / Wes Matthews Jr.","","returned to lineup","Wesley Matthews","2016-17"
2017-01-23,"Mavericks","","• Wesley Matthews / Wes Matthews Jr.","strained right hip (DTD)","Wesley Matthews","2016-17"
2017-01-29,"Mavericks","• Wesley Matthews / Wes Matthews Jr.","","returned to lineup","Wesley Matthews","2016-17"
2017-02-28,"Mavericks","","• Wesley Matthews / Wes Matthews Jr.","right hip injury (DTD)","Wesley Matthews","2016-17"
2017-03-01,"Mavericks","","• Wesley Matthews / Wes Matthews Jr.","placed on IL with right hip injury","Wesley Matthews","2016-17"
2017-03-05,"Mavericks","• Wesley Matthews / Wes Matthews Jr.","","activated from IL","Wesley Matthews","2016-17"
2017-03-15,"Mavericks","","• Wesley Matthews / Wes Matthews Jr.","placed on IL with strained right calf","Wesley Matthews","2016-17"
2017-03-17,"Mavericks","• Wesley Matthews / Wes Matthews Jr.","","activated from IL","Wesley Matthews","2016-17"
2017-04-04,"Mavericks","","• Wesley Matthews / Wes Matthews Jr.","rest (DTD)","Wesley Matthews","2016-17"
2017-04-05,"Mavericks","• Wesley Matthews / Wes Matthews Jr.","","returned to lineup","Wesley Matthews","2016-17"
2017-04-11,"Mavericks","","• Wesley Matthews / Wes Matthews Jr.","rest (out for season)","Wesley Matthews","2016-17"
2018-02-11,"Mavericks","","• Wesley Matthews / Wes Matthews Jr.","placed on IL with tightness in lower back / rest","Wesley Matthews","2017-18"
2018-02-13,"Mavericks","• Wesley Matthews / Wes Matthews Jr.","","activated from IL","Wesley Matthews","2017-18"
2018-03-04,"Mavericks","","• Wesley Matthews / Wes Matthews Jr.","placed on IL with left hip injury","Wesley Matthews","2017-18"
2018-03-10,"Mavericks","• Wesley Matthews / Wes Matthews Jr.","","activated from IL","Wesley Matthews","2017-18"
2018-03-11,"Mavericks","","• Wesley Matthews / Wes Matthews Jr.","fractured right fibula (out for season)","Wesley Matthews","2017-18"
2018-03-13,"Mavericks","","• Wesley Matthews / Wes Matthews Jr.","placed on IL with fractured right fibula (out for season)","Wesley Matthews","2017-18"
2019-12-21,"Bucks","","• Wesley Matthews / Wes Matthews Jr.","placed on IL with bruised right thigh","Wesley Matthews","2019-20"
2019-12-22,"Bucks","• Wesley Matthews / Wes Matthews Jr.","","activated from IL","Wesley Matthews","2019-20"
2019-12-30,"Bucks","","• Wesley Matthews / Wes Matthews Jr.","placed on IL with bruised right thigh","Wesley Matthews","2019-20"
2020-01-04,"Bucks","• Wesley Matthews / Wes Matthews Jr.","","activated from IL","Wesley Matthews","2019-20"
2021-12-11,"Bucks","","• Wesley Matthews / Wes Matthews Jr.","placed on IL with NBA health and safety protocols","Wesley Matthews","2021-22"
2021-12-21,"Bucks","• Wesley Matthews / Wes Matthews Jr.","","activated from IL","Wesley Matthews","2021-22"
2022-01-24,"Bucks","","• Wesley Matthews / Wes Matthews Jr.","placed on IL with bruised left knee","Wesley Matthews","2021-22"
2022-01-28,"Bucks","• Wesley Matthews / Wes Matthews Jr.","","activated from IL","Wesley Matthews","2021-22"
2022-02-15,"Bucks","","• Wesley Matthews / Wes Matthews Jr.","toe injury (DTD)","Wesley Matthews","2021-22"
2022-02-17,"Bucks","• Wesley Matthews / Wes Matthews Jr.","","returned to lineup","Wesley Matthews","2021-22"
2022-03-05,"Bucks","","• Wesley Matthews / Wes Matthews Jr.","placed on IL with left hamstring injury","Wesley Matthews","2021-22"
2022-03-07,"Bucks","• Wesley Matthews / Wes Matthews Jr.","","activated from IL","Wesley Matthews","2021-22"
2018-10-21,"Nuggets","","• Will Barton","placed on IL with adductor muscle in right hip injury","Will Barton","2018-19"
2019-01-12,"Nuggets","• Will Barton","","returned to lineup","Will Barton","2018-19"
2019-01-17,"Nuggets","","• Will Barton","placed on IL for personal reasons","Will Barton","2018-19"
2019-01-19,"Nuggets","• Will Barton","","activated from IL","Will Barton","2018-19"
2019-10-31,"Nuggets","","• Will Barton","placed on IL with toe injury","Will Barton","2019-20"
2019-11-05,"Nuggets","• Will Barton","","activated from IL","Will Barton","2019-20"
2020-01-07,"Nuggets","","• Will Barton","personal reasons (DTD)","Will Barton","2019-20"
2020-01-11,"Nuggets","","• Will Barton","placed on IL for personal reasons","Will Barton","2019-20"
2020-01-11,"Nuggets","• Will Barton","","activated from IL","Will Barton","2019-20"
2020-02-05,"Nuggets","","• Will Barton","right knee inflammation (DTD)","Will Barton","2019-20"
2020-02-21,"Nuggets","• Will Barton","","returned to lineup","Will Barton","2019-20"
2021-02-13,"Nuggets","","• Will Barton","placed on IL for personal reasons","Will Barton","2020-21"
2021-02-19,"Nuggets","• Will Barton","","activated from IL","Will Barton","2020-21"
2021-04-24,"Nuggets","","• Will Barton","placed on IL with strained right hamstring","Will Barton","2020-21"
2021-11-14,"Nuggets","","• Will Barton","placed on IL with tightness in lower back","Will Barton","2021-22"
2021-11-18,"Nuggets","• Will Barton","","activated from IL","Will Barton","2021-22"
2021-12-11,"Nuggets","","• Will Barton","placed on IL with illness","Will Barton","2021-22"
2021-12-15,"Nuggets","• Will Barton","","activated from IL","Will Barton","2021-22"
2022-01-10,"Nuggets","","• Will Barton","placed on IL with NBA health and safety protocols","Will Barton","2021-22"
2022-01-13,"Nuggets","• Will Barton","","activated from IL","Will Barton","2021-22"
2022-01-25,"Nuggets","","• Will Barton","placed on IL with right hamstring injury","Will Barton","2021-22"
2022-01-26,"Nuggets","• Will Barton","","activated from IL","Will Barton","2021-22"
2022-01-28,"Nuggets","","• Will Barton","placed on IL with illness","Will Barton","2021-22"
2022-01-30,"Nuggets","• Will Barton","","activated from IL","Will Barton","2021-22"
2022-03-07,"Nuggets","","• Will Barton","placed on IL with sprained left ankle","Will Barton","2021-22"
2022-03-12,"Nuggets","• Will Barton","","activated from IL","Will Barton","2021-22"
2022-04-10,"Nuggets","","• Will Barton","placed on IL with sore right knee","Will Barton","2021-22"
2022-04-15,"Nuggets","• Will Barton","","activated from IL","Will Barton","2021-22"
2015-12-03,"Kings","","• Willie Cauley-Stein","dislocated right index finger (out indefinitely)","Willie Cauley-Stein","2015-16"
2015-12-05,"Kings","","• Willie Cauley-Stein","placed on IL with dislocated right index finger","Willie Cauley-Stein","2015-16"
2016-01-02,"Kings","• Willie Cauley-Stein","","activated from IL","Willie Cauley-Stein","2015-16"
2016-01-04,"Kings","• Willie Cauley-Stein","","activated from IL (P)","Willie Cauley-Stein","2015-16"
2016-01-05,"Kings","","• Willie Cauley-Stein","lacerated right middle finger (DTD)","Willie Cauley-Stein","2015-16"
2016-01-09,"Kings","• Willie Cauley-Stein","","returned to lineup","Willie Cauley-Stein","2015-16"
2016-03-18,"Kings","","• Willie Cauley-Stein","illness (DTD)","Willie Cauley-Stein","2015-16"
2016-03-21,"Kings","• Willie Cauley-Stein","","returned to lineup","Willie Cauley-Stein","2015-16"
2017-12-02,"Kings","","• Willie Cauley-Stein","sore back (DTD)","Willie Cauley-Stein","2017-18"
2017-12-05,"Kings","","• Willie Cauley-Stein","strained lower back (DTD)","Willie Cauley-Stein","2017-18"
2017-12-08,"Kings","","• Willie Cauley-Stein","placed on IL with strained lower back","Willie Cauley-Stein","2017-18"
2017-12-12,"Kings","• Willie Cauley-Stein","","activated from IL","Willie Cauley-Stein","2017-18"
2018-01-26,"Kings","","• Willie Cauley-Stein","bruised right knee (DTD)","Willie Cauley-Stein","2017-18"
2018-01-28,"Kings","","• Willie Cauley-Stein","placed on IL with bruised right knee","Willie Cauley-Stein","2017-18"
2018-02-02,"Kings","• Willie Cauley-Stein","","activated from IL","Willie Cauley-Stein","2017-18"
2018-03-03,"Kings","","• Willie Cauley-Stein","placed on IL with strained lower back","Willie Cauley-Stein","2017-18"
2018-03-11,"Kings","• Willie Cauley-Stein","","activated from IL","Willie Cauley-Stein","2017-18"
2019-04-05,"Kings","","• Willie Cauley-Stein","placed on IL for personal reasons","Willie Cauley-Stein","2018-19"
2019-04-07,"Kings","• Willie Cauley-Stein","","activated from IL","Willie Cauley-Stein","2018-19"
2016-11-02,"Knicks","","• Guillermo Hernangomez / Willy Hernangomez","placed on IL","Willy Hernangomez","2016-17"
2016-11-04,"Knicks","• Guillermo Hernangomez / Willy Hernangomez","","activated from IL","Willy Hernangomez","2016-17"
2017-03-01,"Knicks","","• Guillermo Hernangomez / Willy Hernangomez","placed on IL with ankle injury","Willy Hernangomez","2016-17"
2017-03-05,"Knicks","• Guillermo Hernangomez / Willy Hernangomez","","activated from IL","Willy Hernangomez","2016-17"
2013-10-30,"Nuggets","","• Wilson Chandler","placed on IL with strained left hamstring","Wilson Chandler","2013-14"
2013-11-13,"Nuggets","• Wilson Chandler","","activated from IL","Wilson Chandler","2013-14"
2014-01-09,"Nuggets","","• Wilson Chandler","strained left hip (DNP)","Wilson Chandler","2013-14"
2014-01-11,"Nuggets","","• Wilson Chandler","strained left hip (DNP)","Wilson Chandler","2013-14"
2014-02-27,"Nuggets","","• Wilson Chandler","sprained right knee (DNP)","Wilson Chandler","2013-14"
2014-03-19,"Nuggets","","• Wilson Chandler","strained left hip (DNP)","Wilson Chandler","2013-14"
2014-03-23,"Nuggets","","• Wilson Chandler","strained left hip/groin (DNP)","Wilson Chandler","2013-14"
2014-03-24,"Nuggets","","• Wilson Chandler","strained left groin (DNP)","Wilson Chandler","2013-14"
2014-03-26,"Nuggets","","• Wilson Chandler","strained left groin (DNP)","Wilson Chandler","2013-14"
2014-03-28,"Nuggets","","• Wilson Chandler","strained left groin (DNP)","Wilson Chandler","2013-14"
2014-03-31,"Nuggets","","• Wilson Chandler","strained left groin (DNP)","Wilson Chandler","2013-14"
2014-04-02,"Nuggets","","• Wilson Chandler","strained left groin (DNP)","Wilson Chandler","2013-14"
2014-04-04,"Nuggets","","• Wilson Chandler","strained left groin (DNP)","Wilson Chandler","2013-14"
2014-04-06,"Nuggets","","• Wilson Chandler","strained left groin (DNP)","Wilson Chandler","2013-14"
2014-04-09,"Nuggets","","• Wilson Chandler","strained left groin (DNP)","Wilson Chandler","2013-14"
2014-04-10,"Nuggets","","• Wilson Chandler","strained left groin (DNP)","Wilson Chandler","2013-14"
2015-01-09,"Nuggets","","• Wilson Chandler","strained right knee (DTD)","Wilson Chandler","2014-15"
2015-01-14,"Nuggets","• Wilson Chandler","","returned to lineup","Wilson Chandler","2014-15"
2015-02-23,"Nuggets","","• Wilson Chandler","sore left groin (DTD)","Wilson Chandler","2014-15"
2015-02-27,"Nuggets","• Wilson Chandler","","returned to lineup","Wilson Chandler","2014-15"
2015-03-15,"Nuggets","","• Wilson Chandler","knee injury (DTD)","Wilson Chandler","2014-15"
2015-03-16,"Nuggets","• Wilson Chandler","","returned to lineup","Wilson Chandler","2014-15"
2016-11-07,"Nuggets","","• Wilson Chandler","sore left hamstring (DTD)","Wilson Chandler","2016-17"
2016-11-08,"Nuggets","","• Wilson Chandler","placed on IL with sore left hamstring","Wilson Chandler","2016-17"
2016-11-12,"Nuggets","• Wilson Chandler","","activated from IL","Wilson Chandler","2016-17"
2016-12-10,"Nuggets","","• Wilson Chandler","right hip injury (DTD)","Wilson Chandler","2016-17"
2016-12-12,"Nuggets","• Wilson Chandler","","returned to lineup","Wilson Chandler","2016-17"
2017-01-19,"Nuggets","","• Wilson Chandler","placed on IL for personal reasons","Wilson Chandler","2016-17"
2017-01-21,"Nuggets","• Wilson Chandler","","activated from IL","Wilson Chandler","2016-17"
2017-02-13,"Nuggets","","• Wilson Chandler","illness (DTD)","Wilson Chandler","2016-17"
2017-02-23,"Nuggets","• Wilson Chandler","","returned to lineup","Wilson Chandler","2016-17"
2017-03-13,"Nuggets","","• Wilson Chandler","placed on IL with right groin injury","Wilson Chandler","2016-17"
2017-03-22,"Nuggets","• Wilson Chandler","","activated from IL","Wilson Chandler","2016-17"
2017-04-12,"Nuggets","","• Wilson Chandler","DNP","Wilson Chandler","2016-17"
2017-11-20,"Nuggets","","• Wilson Chandler","placed on IL with sore lower back","Wilson Chandler","2017-18"
2017-11-22,"Nuggets","• Wilson Chandler","","activated from IL","Wilson Chandler","2017-18"
2017-11-28,"Nuggets","","• Wilson Chandler","placed on IL with sore lower back","Wilson Chandler","2017-18"
2017-12-04,"Nuggets","• Wilson Chandler","","activated from IL","Wilson Chandler","2017-18"
2018-01-29,"Nuggets","","• Wilson Chandler","placed on IL with illness","Wilson Chandler","2017-18"
2018-02-01,"Nuggets","• Wilson Chandler","","activated from IL","Wilson Chandler","2017-18"
2018-03-09,"Nuggets","","• Wilson Chandler","placed on IL with sore right hip","Wilson Chandler","2017-18"
2018-03-11,"Nuggets","• Wilson Chandler","","activated from IL","Wilson Chandler","2017-18"
2018-04-01,"Nuggets","","• Wilson Chandler","placed on IL with fractured nose","Wilson Chandler","2017-18"
2018-04-03,"Nuggets","• Wilson Chandler","","activated from IL","Wilson Chandler","2017-18"
2016-12-05,"Nets","","• Yogi Ferrell","placed on IL","Yogi Ferrell","2016-17"
2016-12-07,"Nets","• Yogi Ferrell","","activated from IL","Yogi Ferrell","2016-17"
2015-01-31,"Timberwolves","","• Zach LaVine","sprained left ankle (DTD)","Zach LaVine","2014-15"
2015-02-04,"Timberwolves","• Zach LaVine","","returned to lineup","Zach LaVine","2014-15"
2018-11-17,"Bulls","","• Zach LaVine","placed on IL with illness","Zach LaVine","2018-19"
2018-11-21,"Bulls","• Zach LaVine","","activated from IL","Zach LaVine","2018-19"
2018-12-15,"Bulls","","• Zach LaVine","placed on IL with left ankle injury","Zach LaVine","2018-19"
2018-12-26,"Bulls","• Zach LaVine","","activated from IL","Zach LaVine","2018-19"
2019-01-30,"Bulls","","• Zach LaVine","sprained right ankle (DTD)","Zach LaVine","2018-19"
2019-02-02,"Bulls","• Zach LaVine","","returned to lineup","Zach LaVine","2018-19"
2019-03-10,"Bulls","","• Zach LaVine","right knee injury (DTD)","Zach LaVine","2018-19"
2019-03-12,"Bulls","","• Zach LaVine","placed on IL with right knee injury","Zach LaVine","2018-19"
2019-03-15,"Bulls","• Zach LaVine","","activated from IL","Zach LaVine","2018-19"
2019-03-20,"Bulls","","• Zach LaVine","bruised right thigh (out for season)","Zach LaVine","2018-19"
2019-03-27,"Bulls","","• Zach LaVine","placed on IL with bruised right thigh (out for season)","Zach LaVine","2018-19"
2020-03-02,"Bulls","","• Zach LaVine","placed on IL with strained left quadriceps (out for season)","Zach LaVine","2019-20"
2021-03-31,"Bulls","","• Zach LaVine","placed on IL with sprained right ankle","Zach LaVine","2020-21"
2021-04-02,"Bulls","• Zach LaVine","","activated from IL","Zach LaVine","2020-21"
2021-04-15,"Bulls","","• Zach LaVine","placed on IL with NBA health and safety protocols","Zach LaVine","2020-21"
2021-12-12,"Bulls","","• Zach LaVine","placed on IL with NBA health and safety protocols","Zach LaVine","2021-22"
2021-12-23,"Bulls","• Zach LaVine","","activated from IL","Zach LaVine","2021-22"
2022-01-15,"Bulls","","• Zach LaVine","placed on IL with left knee injury","Zach LaVine","2021-22"
2022-01-24,"Bulls","• Zach LaVine","","activated from IL","Zach LaVine","2021-22"
2022-02-04,"Bulls","","• Zach LaVine","placed on IL with back spasms","Zach LaVine","2021-22"
2022-02-07,"Bulls","• Zach LaVine","","activated from IL","Zach LaVine","2021-22"
2022-02-12,"Bulls","","• Zach LaVine","placed on IL with left knee injury","Zach LaVine","2021-22"
2022-02-23,"Bulls","• Zach LaVine","","activated from IL","Zach LaVine","2021-22"
2022-03-12,"Bulls","","• Zach LaVine","placed on IL with sore left knee","Zach LaVine","2021-22"
2022-03-14,"Bulls","• Zach LaVine","","activated from IL","Zach LaVine","2021-22"
2022-04-04,"Bulls","","• Zach LaVine","placed on IL with sore left knee","Zach LaVine","2021-22"
2022-04-06,"Bulls","• Zach LaVine","","activated from IL","Zach LaVine","2021-22"
2022-04-09,"Bulls","","• Zach LaVine","placed on IL with sore left knee","Zach LaVine","2021-22"
2022-04-17,"Bulls","• Zach LaVine","","activated from IL","Zach LaVine","2021-22"
2022-04-27,"Bulls","","• Zach LaVine","placed on IL with NBA health and safety protocols (out for season)","Zach LaVine","2021-22"
2022-10-19,"Bulls","","• Zach LaVine","placed on IL with left knee injury","Zach LaVine","2022-23"
2022-10-22,"Bulls","• Zach LaVine","","activated from IL","Zach LaVine","2022-23"
2022-10-28,"Bulls","","• Zach LaVine","placed on IL","Zach LaVine","2022-23"
2022-10-29,"Bulls","• Zach LaVine","","activated from IL","Zach LaVine","2022-23"
2013-11-30,"Grizzlies","","• Zach Randolph","ingrown toenail (DNP)","Zach Randolph","2013-14"
2013-12-03,"Grizzlies","","• Zach Randolph","ingrown toenail (DNP)","Zach Randolph","2013-14"
2014-03-05,"Grizzlies","","• Zach Randolph","flu (DNP)","Zach Randolph","2013-14"
2014-12-21,"Grizzlies","","• Zach Randolph","placed on IL with sore right knee","Zach Randolph","2014-15"
2015-01-09,"Grizzlies","• Zach Randolph","","activated from IL","Zach Randolph","2014-15"
2015-03-03,"Grizzlies","","• Zach Randolph","illness (DTD)","Zach Randolph","2014-15"
2015-03-04,"Grizzlies","• Zach Randolph","","returned to lineup","Zach Randolph","2014-15"
2015-03-12,"Grizzlies","","• Zach Randolph","rest (DTD)","Zach Randolph","2014-15"
2015-03-14,"Grizzlies","• Zach Randolph","","returned to lineup","Zach Randolph","2014-15"
2015-11-20,"Grizzlies","","• Zach Randolph","sore right knee (DTD)","Zach Randolph","2015-16"
2015-11-29,"Grizzlies","• Zach Randolph","","returned to lineup","Zach Randolph","2015-16"
2016-03-07,"Grizzlies","","• Zach Randolph","sore right knee (DTD)","Zach Randolph","2015-16"
2016-03-19,"Grizzlies","• Zach Randolph","","returned to lineup","Zach Randolph","2015-16"
2016-03-25,"Grizzlies","","• Zach Randolph","sprained right ankle (DTD)","Zach Randolph","2015-16"
2016-03-30,"Grizzlies","• Zach Randolph","","returned to lineup","Zach Randolph","2015-16"
2017-10-18,"Kings","","• Zach Randolph","placed on IL recovering from oral surgery","Zach Randolph","2017-18"
2017-10-20,"Kings","• Zach Randolph","","activated from IL","Zach Randolph","2017-18"
2017-10-29,"Kings","","• Zach Randolph","placed on IL for rest / sore left foot","Zach Randolph","2017-18"
2017-10-31,"Kings","• Zach Randolph","","activated from IL","Zach Randolph","2017-18"
2018-01-06,"Kings","","• Zach Randolph","placed on IL reecovering from oral surgery","Zach Randolph","2017-18"
2018-01-08,"Kings","• Zach Randolph","","activated from IL","Zach Randolph","2017-18"
2018-01-23,"Kings","","• Zach Randolph","sore left knee (DTD)","Zach Randolph","2017-18"
2018-01-25,"Kings","• Zach Randolph","","returned to lineup","Zach Randolph","2017-18"
2018-03-22,"Kings","","• Zach Randolph","placed on IL with gastroentritis","Zach Randolph","2017-18"
2018-03-27,"Kings","• Zach Randolph","","activated from IL","Zach Randolph","2017-18"
2018-04-01,"Kings","","• Zach Randolph","personal reasons (DTD)","Zach Randolph","2017-18"
2014-11-28,"Bucks","","• Zaur Pachulia / Zaza Pachulia","personal reasons (DTD)","Zaza Pachulia","2014-15"
2014-12-02,"Bucks","• Zaur Pachulia / Zaza Pachulia","","returned to lineup","Zaza Pachulia","2014-15"
2015-01-29,"Bucks","","• Zaur Pachulia / Zaza Pachulia","calf injury (DTD)","Zaza Pachulia","2014-15"
2015-02-09,"Bucks","• Zaur Pachulia / Zaza Pachulia","","returned to lineup","Zaza Pachulia","2014-15"
2016-01-06,"Mavericks","","• Zaur Pachulia / Zaza Pachulia","rest (DTD)","Zaza Pachulia","2015-16"
2016-01-08,"Mavericks","• Zaur Pachulia / Zaza Pachulia","","returned to lineup","Zaza Pachulia","2015-16"
2016-01-13,"Mavericks","","• Zaur Pachulia / Zaza Pachulia","sore right Achilles (DTD)","Zaza Pachulia","2015-16"
2016-01-15,"Mavericks","• Zaur Pachulia / Zaza Pachulia","","returned to lineup","Zaza Pachulia","2015-16"
2016-01-24,"Mavericks","","• Zaur Pachulia / Zaza Pachulia","placed on IL with sore right Achilles","Zaza Pachulia","2015-16"
2016-01-29,"Mavericks","• Zaur Pachulia / Zaza Pachulia","","activated from IL","Zaza Pachulia","2015-16"
2016-12-10,"Warriors","","• Zaur Pachulia / Zaza Pachulia","bruised right wrist (DTD)","Zaza Pachulia","2016-17"
2016-12-11,"Warriors","","• Zaur Pachulia / Zaza Pachulia","placed on IL with bruised right wrist","Zaza Pachulia","2016-17"
2016-12-17,"Warriors","• Zaur Pachulia / Zaza Pachulia","","activated from IL","Zaza Pachulia","2016-17"
2017-02-01,"Warriors","","• Zaur Pachulia / Zaza Pachulia","strained right rotator cuff (DTD)","Zaza Pachulia","2016-17"
2017-02-02,"Warriors","","• Zaur Pachulia / Zaza Pachulia","placed on IL with strained right rotator cuff","Zaza Pachulia","2016-17"
2017-02-23,"Warriors","• Zaur Pachulia / Zaza Pachulia","","activated from IL","Zaza Pachulia","2016-17"
2021-01-13,"Pelicans","","• Zion Williamson","placed on IL with NBA health and safety protocols","Zion Williamson","2020-21"
2021-01-14,"Pelicans","• Zion Williamson","","activated from IL","Zion Williamson","2020-21"
2021-03-04,"Pelicans","","• Zion Williamson","toe injury (DTD)","Zion Williamson","2020-21"
2021-03-11,"Pelicans","• Zion Williamson","","returned to lineup","Zion Williamson","2020-21"
2021-04-01,"Pelicans","","• Zion Williamson","placed on IL with sprained right thumb","Zion Williamson","2020-21"
2021-04-06,"Pelicans","• Zion Williamson","","activated from IL","Zion Williamson","2020-21"
